date,p_pdh_sweep,p_pdl_sweep,up_excursion_p50,up_excursion_q,down_excursion_p50,down_excursion_q,y_pdh_sweep,clim_pdh_sweep,core3_pdh_sweep,y_pdl_sweep,clim_pdl_sweep,core3_pdl_sweep,y_up_excursion_atr,ref_up_excursion,y_down_excursion_atr,ref_down_excursion,year,y_pdh_reject,y_pdl_reject,d1_atr_pct,next_weekday
2017-01-03,0.3437277828924415,0.2256267320042933,0.33285768407160415,0.9300959692144309,0.5604085764651372,0.7219934976303618,1.0,0.42736077481840196,0.4714005508561237,0.0,0.4854721549636804,0.19044249556234877,0.6684065090574116,0.3709511982498698,0.17695220550609195,0.3938742859996046,2017,1.0,0.0,0.012048935621862412,2.0
2017-01-04,0.45242584256077467,0.5022959181512433,0.39532127405164114,1.0124714424461028,0.5142452121998207,0.8024376563815935,1.0,0.42736077481840196,0.5827540661824931,0.0,0.4854721549636804,0.3794269791675843,1.5614044001829248,0.3709511982498698,0.009958843554704567,0.3938742859996046,2017,0.0,0.0,0.012087997130474913,3.0
2017-01-05,0.4918579053914839,0.1633686814391569,0.39590649202470624,0.9947481048727863,0.4133520926336722,0.6770628211094545,0.0,0.42736077481840196,0.5032311531158852,0.0,0.4854721549636804,0.09122207890795532,0.20333004823903028,0.3709511982498698,0.6564655843145382,0.3938742859996046,2017,0.0,0.0,0.011671679452903996,4.0
2017-01-06,0.25379022050820976,0.7693756023111944,0.30935414653734894,0.6989217570212751,0.5309223242108093,0.6230219362033881,1.0,0.42736077481840196,0.1356572791007866,0.0,0.4854721549636804,0.8119262357734776,1.0503251188459675,0.3709511982498698,0.05966887055351966,0.3938742859996046,2017,1.0,0.0,0.011150851196061452,0.0
2017-01-09,0.3802141544164297,0.48175418286374555,0.43545983029402285,0.7759342506483974,0.4944169678169023,0.7240347362267348,1.0,0.42736077481840196,0.5126498001024575,0.0,0.4854721549636804,0.27723663213292776,0.7741194486983266,0.3709511982498698,0.022970903522201765,0.3938742859996046,2017,0.0,0.0,0.011064327287206535,1.0
2017-01-10,0.702046527222026,0.3800434505765264,0.4334019444144969,0.9038035263961592,0.5077080877499593,1.0877865054914144,1.0,0.42736077481840196,0.7195725613662641,1.0,0.4854721549636804,0.278028757445087,0.8149355943257823,0.3709511982498698,0.7883037121582801,0.3938742859996046,2017,0.0,1.0,0.01106781329027879,2.0
2017-01-11,0.4772173710617688,0.17473322498242916,0.39015532742316134,1.0274785577613939,0.6104915187185154,0.855809497509871,1.0,0.42736077481840196,0.36313418036474393,0.0,0.4854721549636804,0.15767004433001297,1.1245421245421183,0.3709511982498698,0.07912087912087383,0.3938742859996046,2017,1.0,0.0,0.01145653232168935,3.0
2017-01-12,0.15285903486724128,0.7603173770961305,0.3348131401974563,0.7661442629468881,0.4023767130850985,0.6653132615038574,0.0,0.42736077481840196,0.20898736186469488,1.0,0.4854721549636804,0.579429675917949,0.3896676011213423,0.3709511982498698,0.5214257108530281,0.3938742859996046,2017,0.0,1.0,0.011937829581148062,4.0
2017-01-13,0.6082361952283543,0.3706578344336238,0.5345616119946633,0.8156057353152963,0.5998209368114942,0.8632530806456747,1.0,0.42736077481840196,0.6674057583970909,0.0,0.4854721549636804,0.26158304615500516,0.7622923024754166,0.3709511982498698,0.0,0.3938742859996046,2017,0.0,0.0,0.012316135013907324,0.0
2017-01-16,0.4495014635116377,0.6462116517827436,0.3073451779951844,0.660225514444011,0.6932790553597994,1.269955831655281,1.0,0.42736077481840196,0.5148348466234928,0.0,0.4854721549636804,0.559095461969175,1.0727662616154352,0.3709511982498698,0.01801286633310903,0.3938742859996046,2017,0.0,0.0,0.012463755032126014,1.0
2017-01-17,0.7347864574583909,0.18667971244104536,0.4667245826462504,0.9087623121125731,0.4420681190287007,0.6989979765934974,0.0,0.42736077481840196,0.767355097836335,1.0,0.4854721549636804,0.11002629519792556,0.057435204401750685,0.3709511982498698,0.9811284328394213,0.3938742859996046,2017,0.0,1.0,0.012163263293350744,2.0
2017-01-18,0.16461875280134755,0.9013582504645952,0.4273328370983412,0.9482950035801885,0.4303702772891551,0.9287193468009401,0.0,0.42736077481840196,0.099432783727382,1.0,0.4854721549636804,0.8168222744696991,0.16435293021522282,0.3709511982498698,0.5276250815242653,0.3938742859996046,2017,0.0,1.0,0.012736835359818868,3.0
2017-01-19,0.7868287462288676,0.32328965631389295,0.4745414021101144,1.0208059627557504,0.4463651218984908,1.0573033621985257,1.0,0.42736077481840196,0.7911477233422027,0.0,0.4854721549636804,0.22549883308267132,0.6980703196788666,0.3709511982498698,0.41098805435991254,0.3938742859996046,2017,0.0,0.0,0.012261858308732918,4.0
2017-01-20,0.507928592243945,0.3377321626583882,0.4778167732111697,0.8398928477985549,0.5431058812570375,1.0177928746557945,1.0,0.42736077481840196,0.5188669589144423,0.0,0.4854721549636804,0.27031313813604413,0.6975612084188307,0.3709511982498698,0.028730969312274576,0.3938742859996046,2017,0.0,0.0,0.012379896744582869,0.0
2017-01-23,0.7116456049131034,0.3707631617541067,0.5054511014841828,0.8539621540167597,0.45734914406964683,1.0700840580756632,1.0,0.42736077481840196,0.8350868827277395,1.0,0.4854721549636804,0.17605184067606142,0.1469525177006568,0.3709511982498698,0.7909095410209335,0.3938742859996046,2017,1.0,1.0,0.011845720010041035,1.0
2017-01-24,0.17495528117429618,0.8408077531702961,0.19225587321563786,0.6100138256263845,0.5009905426396555,0.8304138793655198,0.0,0.42736077481840196,0.15368471128176758,1.0,0.4854721549636804,0.7734207893065346,0.05085910652921024,0.3709511982498698,1.0817869415807564,0.3938742859996046,2017,0.0,0.0,0.012035734965671273,2.0
2017-01-25,0.34684998237456954,0.552910884985981,0.307742605400757,0.7503925537795983,0.5894359977252377,0.7333132829597376,0.0,0.42736077481840196,0.21952418547823285,1.0,0.4854721549636804,0.512534896489051,0.17739411378666206,0.3709511982498698,1.1074763996163415,0.3938742859996046,2017,0.0,0.0,0.011791759281196159,3.0
2017-01-26,0.18131475513425602,0.7015061433131641,0.3290024669740144,0.819964935295608,0.6373486268731415,0.9053585812566876,0.0,0.42736077481840196,0.10541286120495996,1.0,0.4854721549636804,0.6687479962626645,0.21161277698967318,0.3709511982498698,0.5519737807562458,0.3938742859996046,2017,0.0,1.0,0.012286505218594366,4.0
2017-01-27,0.7570743322583625,0.23639661343520132,0.4682703683826514,0.773348842880808,0.43317581253298587,0.9434525682656946,1.0,0.42736077481840196,0.8493386865961252,0.0,0.4854721549636804,0.14093713580639824,0.5779081911771996,0.3709511982498698,0.19634953001441868,0.3938742859996046,2017,0.0,0.0,0.012059299100845399,0.0
2017-01-30,0.4918459361005012,0.5004970523293257,0.35743888259998347,0.8469968089169465,0.6372367577003837,1.1141104730191576,1.0,0.42736077481840196,0.6518089265090306,0.0,0.4854721549636804,0.35400180921371804,1.3848746159183327,0.3709511982498698,0.11239964317574443,0.3938742859996046,2017,0.0,0.0,0.012058748299775027,1.0
2017-01-31,0.5251767409625759,0.1514188458738365,0.2721462413194399,0.8797027284347148,0.538233263671193,0.9103156162750813,0.0,0.42736077481840196,0.5451822590310841,0.0,0.4854721549636804,0.10210861360641409,0.18063176627613173,0.3709511982498698,0.8588659844777378,0.3938742859996046,2017,0.0,0.0,0.011937119017130553,2.0
2017-02-01,0.7145113282396625,0.22161901981753818,0.5365977591788442,0.9578149757170927,0.44343700988164436,0.8316757792444203,1.0,0.42736077481840196,0.6171354406007682,0.0,0.4854721549636804,0.20731796997763113,1.0913978494623733,0.3709511982498698,0.08572281959378875,0.3938742859996046,2017,0.0,0.0,0.01186312757114154,3.0
2017-02-02,0.33032941180268227,0.5238353441414647,0.30860340629080135,0.57519719304983,0.6110666463346817,0.6995104160038386,0.0,0.42736077481840196,0.32043502591576667,1.0,0.4854721549636804,0.43153146084860555,0.3821848903647944,0.3709511982498698,0.6194266738291868,0.3938742859996046,2017,0.0,1.0,0.012031776063364088,4.0
2017-02-03,0.6867514490514848,0.2205089294059762,0.4880293087104578,0.8194278858164503,0.6029793516582522,0.8959301797335647,1.0,0.42736077481840196,0.7823727141480779,0.0,0.4854721549636804,0.12555431013307675,1.048419636852719,0.3709511982498698,0.06254203093477231,0.3938742859996046,2017,0.0,0.0,0.012188924227023827,0.0
2017-02-06,0.8171895802459089,0.12896819721502753,0.4360557440732903,0.8506968113030352,0.45204974279208093,0.6380821193197954,1.0,0.42736077481840196,0.8288681792431459,0.0,0.4854721549636804,0.07577049223756176,0.032925365970723,0.3709511982498698,0.5106791456683565,0.3938742859996046,2017,1.0,0.0,0.012048757130365972,1.0
2017-02-07,0.6004537864224959,0.5103777324041731,0.5476568006957094,0.9798187693585128,0.4910455873994862,0.9728437411994392,1.0,0.42736077481840196,0.7654433546023056,0.0,0.4854721549636804,0.34602973154115607,0.774953996120746,0.3709511982498698,0.2485701496991054,0.3938742859996046,2017,0.0,0.0,0.011643784846807236,2.0
2017-02-08,0.6230504925611545,0.364176915073891,0.5043587011003302,0.9860659204053007,0.44244380620473617,0.7225107033201758,0.0,0.42736077481840196,0.7007878965972335,1.0,0.4854721549636804,0.183168562542869,0.20881263404173547,0.3709511982498698,1.087054006628962,0.3938742859996046,2017,0.0,0.0,0.011804929806814813,3.0
2017-02-09,0.12112202907923439,0.8091176768676885,0.41005798799120174,0.820199444863411,0.5721030092491418,0.939704241803463,0.0,0.42736077481840196,0.07608380513313322,1.0,0.4854721549636804,0.7236937884665936,0.5720748905039232,0.3709511982498698,0.47032776628002243,0.3938742859996046,2017,0.0,1.0,0.012080451843901281,4.0
2017-02-10,0.5979437762466839,0.30767403392432713,0.46386194825568816,0.8625365061674111,0.6287057291434082,0.9692134176188933,0.0,0.42736077481840196,0.6599704245936986,1.0,0.4854721549636804,0.19988926152168213,0.0,0.3709511982498698,0.929509817770865,0.3938742859996046,2017,0.0,1.0,0.01229985300641838,0.0
2017-02-13,0.4614346726773869,0.547284839900076,0.3041629530876824,0.5616452967404588,0.4727559365729033,0.6436339937146462,1.0,0.42736077481840196,0.35524615471688203,0.0,0.4854721549636804,0.5484632130832313,0.6002629848783765,0.3709511982498698,0.2287968441814607,0.3938742859996046,2017,1.0,0.0,0.012413793103448279,1.0
2017-02-14,0.47114403308688746,0.4688502095129301,0.5638080156587204,0.7806900268072806,0.40852104102740905,0.7490178721291612,0.0,0.42736077481840196,0.5103227648964151,1.0,0.4854721549636804,0.4460839478951249,0.3254412397761598,0.3709511982498698,0.7908356052996561,0.3938742859996046,2017,0.0,1.0,0.012157225777714728,2.0
2017-02-15,0.8048960447706892,0.09573748208067191,0.5341463226940871,0.9116296442744125,0.4374056953861211,0.8304110345296583,1.0,0.42736077481840196,0.7961693653988895,0.0,0.4854721549636804,0.0799130795024126,0.6111004047022506,0.3709511982498698,0.08296396222779072,0.3938742859996046,2017,0.0,0.0,0.012022344090655295,3.0
2017-02-16,0.6361691896319134,0.473215264173971,0.38741740295192056,0.804211195778197,0.5010281752583422,0.9967803898234928,1.0,0.42736077481840196,0.7433372212448677,0.0,0.4854721549636804,0.30617665483914386,0.2993710691823945,0.3709511982498698,0.3264634736332802,0.3938742859996046,2017,1.0,0.0,0.011914176428951867,4.0
2017-02-17,0.20150131633417834,0.8735255767325324,0.31371111337454427,0.5322190818962551,0.418371617803542,0.7853726535839184,0.0,0.42736077481840196,0.16916322674245513,1.0,0.4854721549636804,0.887484962029664,0.2768284347231679,0.3709511982498698,0.14217361585782115,0.3938742859996046,2017,0.0,1.0,0.011848456380187266,0.0
2017-02-20,0.737384475209122,0.5896354222452649,0.3767762427944874,0.8064182721130295,0.5491024740685341,1.1132307244764967,0.0,0.42736077481840196,0.8545596016749258,1.0,0.4854721549636804,0.29577084193324743,0.08206157258278382,0.3709511982498698,0.8597982785023934,0.3938742859996046,2017,0.0,1.0,0.010929652446633038,1.0
2017-02-21,0.6005944845041004,0.31879664079979003,0.31297609073588795,0.9208864222511706,0.41328245397214936,0.6971460835133261,1.0,0.42736077481840196,0.6443120024077384,0.0,0.4854721549636804,0.2319914059615367,0.34496766262225964,0.3709511982498698,0.34197445079909267,0.3938742859996046,2017,1.0,0.0,0.010815188550432927,2.0
2017-02-22,0.6148548622014239,0.503090234260502,0.5231999005376307,1.0968830504636542,0.5150840961377634,1.101775258046898,1.0,0.42736077481840196,0.6786722956008763,0.0,0.4854721549636804,0.35537957510967166,1.079384546772209,0.3709511982498698,0.11941130560822158,0.3938742859996046,2017,0.0,0.0,0.010356920568458569,3.0
2017-02-23,0.7367783645529582,0.2259375098615663,0.44489941160987556,0.9799072954734739,0.49626900908356797,0.9834966348148958,1.0,0.42736077481840196,0.7363437222168984,0.0,0.4854721549636804,0.1008225646438033,0.8457993225609496,0.3709511982498698,0.11583097340218841,0.3938742859996046,2017,0.0,0.0,0.01029835434482018,4.0
2017-02-24,0.6477818528423752,0.37690989753378407,0.41516558173781315,0.8266570178602121,0.48238453950263477,0.8543553407609115,1.0,0.42736077481840196,0.6927978889680679,0.0,0.4854721549636804,0.2005508520816985,0.5426850062521255,0.3709511982498698,0.4838012958963398,0.3938742859996046,2017,1.0,0.0,0.009998363346229574,0.0
2017-02-27,0.11840786556016662,0.906122448459178,0.3551839284546749,0.7770327095181366,0.569660332711597,1.113854907514464,0.0,0.42736077481840196,0.13482950706514274,1.0,0.4854721549636804,0.7743315313860077,0.4329737206085685,0.3709511982498698,0.3973443983402569,0.3938742859996046,2017,0.0,0.0,0.01030639207283071,1.0
2017-02-28,0.15477174529329488,0.9086859225294805,0.5750416038933003,1.0262452345696524,0.4273091425731518,0.7452425858935509,0.0,0.42736077481840196,0.12687422367487938,1.0,0.4854721549636804,0.8526766722620961,0.18294959551959697,0.3709511982498698,0.901284154551118,0.3938742859996046,2017,0.0,1.0,0.010115952611766508,2.0
2017-03-01,0.7272017478612238,0.1723436915502178,0.4694414330248088,0.8232625893706897,0.5243756844608454,0.926910798723093,0.0,0.42736077481840196,0.7331587958945613,1.0,0.4854721549636804,0.10999209440667766,0.029392896716618565,0.3709511982498698,1.5161835889660091,0.3938742859996046,2017,0.0,0.0,0.009802834229368167,3.0
2017-03-02,0.10924334246899821,0.7596893315893438,0.34447791434570857,0.6770828678782542,0.5076760036915325,0.7318524787903132,0.0,0.42736077481840196,0.04643870391066944,1.0,0.4854721549636804,0.6773859879284618,0.16886754701881723,0.3709511982498698,0.9027611044417719,0.3938742859996046,2017,0.0,1.0,0.010125279569543967,4.0
2017-03-03,0.7434860153319228,0.168746870439751,0.3881317262956957,0.7897367746488414,0.39876047792597596,0.7823063025496891,1.0,0.42736077481840196,0.7117152080269632,0.0,0.4854721549636804,0.13444425430059362,0.1727700608426194,0.3709511982498698,0.7891172081276463,0.3938742859996046,2017,1.0,0.0,0.010080017588826509,0.0
2017-03-06,0.1447866789802326,0.8306513214856277,0.35279343623650433,0.7658062248538118,0.4576657705064509,0.6100415371906871,0.0,0.42736077481840196,0.08743765108175992,1.0,0.4854721549636804,0.854880195150838,0.1475976494987838,0.3709511982498698,0.9001036985827895,0.3938742859996046,2017,0.0,0.0,0.010119465425451325,1.0
2017-03-07,0.13688790958359698,0.8300548750125497,0.2704396336952867,0.5658198167747157,0.5104659834905927,0.6364353942587652,0.0,0.42736077481840196,0.0937593936023209,1.0,0.4854721549636804,0.7968334635372012,0.23484402589759729,0.3709511982498698,0.7457327839905765,0.3938742859996046,2017,0.0,0.0,0.009983640697056768,2.0
2017-03-08,0.1866609860431288,0.7766098864432707,0.3036831881472425,0.4421079476164656,0.560759169490998,0.840385534672982,0.0,0.42736077481840196,0.12002526115805859,1.0,0.4854721549636804,0.8030461634503845,0.07101626727303612,0.3709511982498698,0.7289370882164329,0.3938742859996046,2017,0.0,0.0,0.01014140372495992,3.0
2017-03-09,0.23653460248933247,0.7988492826336917,0.3652365934521863,0.6421342259253313,0.48803302351339045,1.2093694897682554,0.0,0.42736077481840196,0.18272086947342345,1.0,0.4854721549636804,0.8042026644916873,0.44342418783053617,0.3709511982498698,0.480037194165171,0.3938742859996046,2017,0.0,1.0,0.010235949735758225,4.0
2017-03-10,0.7227886373117022,0.19453030178654068,0.47950205557518977,0.6346427360840823,0.47132326609004727,0.663357874799036,1.0,0.42736077481840196,0.7701577586911861,0.0,0.4854721549636804,0.16854386708650446,0.5180213209994855,0.3709511982498698,0.17135766258672722,0.3938742859996046,2017,1.0,0.0,0.010513550376564127,0.0
2017-03-13,0.26344836927316845,0.72177398691198,0.34453484118332744,0.5727947623336519,0.4862684165730713,0.949970890448826,0.0,0.42736077481840196,0.24863679649210105,1.0,0.4854721549636804,0.7979588611474856,0.29328254847644325,0.3709511982498698,0.5502077562326981,0.3938742859996046,2017,0.0,0.0,0.010281043673076152,1.0
2017-03-14,0.20889745197785237,0.8161574927489028,0.4752182314806108,0.8126486240873319,0.40949835344767616,0.8238416673045417,1.0,0.42736077481840196,0.1576358186612657,0.0,0.4854721549636804,0.8187229030579241,1.880142087773553,0.3709511982498698,0.0802108399220805,0.3938742859996046,2017,0.0,0.0,0.010403156589738751,2.0
2017-03-15,0.8860345761003376,0.01989295717217786,0.3415637856582978,0.7180304035568464,0.4486122291805752,0.6962548956143769,1.0,0.42736077481840196,0.542635803673969,0.0,0.4854721549636804,0.03980441844223381,1.0887702864611644,0.3709511982498698,0.11360418255092071,0.3938742859996046,2017,0.0,0.0,0.010756492734300254,3.0
2017-03-16,0.3869909390410648,0.4071425408586687,0.31610056782615276,0.5860178991683855,0.498377818445848,0.5702969221456528,0.0,0.42736077481840196,0.39183976370793927,0.0,0.4854721549636804,0.33874745694726427,0.40797775638969336,0.3709511982498698,0.13100203186824907,0.3938742859996046,2017,0.0,0.0,0.010895261708823547,4.0
2017-03-17,0.6072205200039956,0.6199454466894101,0.3860789962563967,0.6294652271862807,0.4759189601161264,0.7760686893237191,1.0,0.42736077481840196,0.7028442546681791,0.0,0.4854721549636804,0.4465941292136144,0.5150011030222856,0.3709511982498698,0.0,0.3938742859996046,2017,0.0,0.0,0.010540671575415352,0.0
2017-03-20,0.7434348018428971,0.5121507377921574,0.579766616301047,0.6703982264772785,0.456623806310327,0.8835354944996984,1.0,0.42736077481840196,0.8391732062779487,1.0,0.4854721549636804,0.2908419295555067,1.0693292717323801,0.3709511982498698,0.566254865459473,0.3938742859996046,2017,0.0,1.0,0.010261637902590007,1.0
2017-03-21,0.5149026502283404,0.10943918847805138,0.2388931697640415,0.6727903593816108,0.48643992421699517,0.67801799671151,1.0,0.42736077481840196,0.5442039781903683,0.0,0.4854721549636804,0.07869513458182321,0.525693200933316,0.3709511982498698,0.03418525150578231,0.3938742859996046,2017,0.0,0.0,0.010579437921794044,2.0
2017-03-22,0.6364899044833574,0.6099422571782155,0.4332552446232285,0.8276901425443453,0.4728443480741617,0.9690016124536377,1.0,0.42736077481840196,0.7415824652981583,1.0,0.4854721549636804,0.3737418810069496,0.3614890291205948,0.3709511982498698,0.4919817055520295,0.3938742859996046,2017,1.0,1.0,0.009880640625661434,3.0
2017-03-23,0.22631369210550817,0.7872369535421854,0.22822652857609865,0.5535926479756874,0.4678951521235581,0.680629274876465,0.0,0.42736077481840196,0.2062650473822398,1.0,0.4854721549636804,0.7484979165654936,0.5612527226702708,0.3709511982498698,0.3321363395537918,0.3938742859996046,2017,0.0,1.0,0.009746623366191235,4.0
2017-03-24,0.2982035667121966,0.7513011054847037,0.42202474154621694,0.893380959173178,0.4042435021550988,0.7355854273321951,1.0,0.42736077481840196,0.3018242911116578,0.0,0.4854721549636804,0.624091308754722,1.3590138674884473,0.3709511982498698,0.0,0.3938742859996046,2017,0.0,0.0,0.00968458799464637,0.0
2017-03-27,0.3428548936911977,0.5384057315194821,0.21481436114903438,0.4251165856224445,0.5955086615962927,1.2142058723902243,0.0,0.42736077481840196,0.41930002720397075,0.0,0.4854721549636804,0.2798258346279448,0.3334688897925897,0.3709511982498698,0.5376169174461242,0.3938742859996046,2017,0.0,0.0,0.009803608876272839,1.0
2017-03-28,0.3842371662659032,0.7726227882611143,0.41146604458189706,0.6463169550266356,0.53372864343803,0.8512093691280163,0.0,0.42736077481840196,0.32736562146865966,1.0,0.4854721549636804,0.6024555293277166,0.23996723996724414,0.3709511982498698,0.3619983619983478,0.3938742859996046,2017,0.0,1.0,0.009755746782041799,2.0
2017-03-29,0.7089406220603387,0.5375435220350179,0.4503978500859698,0.9560861615596834,0.5208854077305519,1.0498865250504796,1.0,0.42736077481840196,0.7864767683334094,1.0,0.4854721549636804,0.29547515573464334,0.17116742833402052,0.3709511982498698,0.8824262567511297,0.3938742859996046,2017,1.0,0.0,0.009606864897226142,3.0
2017-03-30,0.09059265729755182,0.9007373337643768,0.45131034948127946,0.7914158186851659,0.5004406519115945,0.9124583622421529,0.0,0.42736077481840196,0.08052372393860678,1.0,0.4854721549636804,0.834276099178272,0.6273701566364289,0.3709511982498698,0.27699917559770154,0.3938742859996046,2017,0.0,1.0,0.009759433582750042,4.0
2017-03-31,0.6232794307238946,0.42029963974029166,0.4076463960401232,0.8794869162091238,0.5027601057384943,0.8395008212708884,1.0,0.42736077481840196,0.754363077268034,0.0,0.4854721549636804,0.18777943156801236,0.41741253051260124,0.3709511982498698,0.3344182262001723,0.3938742859996046,2017,0.0,0.0,0.009844364521839453,0.0
2017-04-03,0.7298746238140003,0.3166751995837563,0.5612918080696194,0.8124728974725514,0.5067065013814325,1.3551230303434454,1.0,0.42736077481840196,0.8671571134773025,0.0,0.4854721549636804,0.133991483171898,0.6538686644035867,0.3709511982498698,0.00655507432987336,0.3938742859996046,2017,0.0,0.0,0.009738964293124264,1.0
2017-04-04,0.3735860786232814,0.7699651350132346,0.3450691109405485,0.6115432266880646,0.5152574631456249,1.1036644286518256,0.0,0.42736077481840196,0.3950087435828626,1.0,0.4854721549636804,0.6525117821844195,0.1259709994821423,0.3709511982498698,1.110176074572757,0.3938742859996046,2017,0.0,1.0,0.008786588508043213,2.0
2017-04-05,0.8028197890753378,0.1343793221840336,0.3829358235920647,0.8485391106538449,0.4236281812868554,1.1094169186230463,1.0,0.42736077481840196,0.621274428915669,0.0,0.4854721549636804,0.12124693073782325,0.31611421069905205,0.3709511982498698,0.5228749589760241,0.3938742859996046,2017,1.0,0.0,0.008668681677587666,3.0
2017-04-06,0.24420973307973654,0.8491741997810296,0.2414775698514969,0.5638834025036669,0.38998173857531765,0.9676477276143495,1.0,0.42736077481840196,0.19614676522838717,0.0,0.4854721549636804,0.7802865435507155,1.76225045372051,0.3709511982498698,0.08348457350270806,0.3938742859996046,2017,1.0,0.0,0.008806488991888784,4.0
2017-04-07,0.022125241027150154,0.8550113721512418,0.4078004824500076,0.8153217949571611,0.5423663101554268,0.9818341948124548,0.0,0.42736077481840196,0.05538238650086753,1.0,0.4854721549636804,0.5642044914557336,0.2784161952962118,0.3709511982498698,0.5543316463233172,0.3938742859996046,2017,0.0,1.0,0.009569277122163133,0.0
2017-04-10,0.5569178792340532,0.5123064775035995,0.43125362218429386,0.7220533450155563,0.6611109171524152,1.0084357692053783,1.0,0.42736077481840196,0.6516317629495488,0.0,0.4854721549636804,0.268359492305745,1.8538446861285929,0.3709511982498698,0.10684983781721434,0.3938742859996046,2017,0.0,0.0,0.008954769954163984,1.0
2017-04-11,0.755832488082257,0.06777277787210963,0.3727811480492731,0.9029025085817741,0.5941527002875855,1.1927440547952906,1.0,0.42736077481840196,0.6364438127739467,0.0,0.4854721549636804,0.03299475401554312,1.0059343728182373,0.3709511982498698,0.19792878752618612,0.3938742859996046,2017,0.0,0.0,0.009635177254075393,2.0
2017-04-12,0.8445979806284118,0.14233005905825982,0.5039146895105411,1.1037619766980549,0.4356013972203141,0.9781603599019406,1.0,0.42736077481840196,0.8031217099575945,0.0,0.4854721549636804,0.07385655841462031,0.1875887128825402,0.3709511982498698,0.3465621983761917,0.3938742859996046,2017,0.0,0.0,0.009782141440890046,3.0
2017-04-13,0.7077378185559097,0.5605253682161639,0.6804084520240729,0.9699664876832006,0.4404321100445811,0.9545839122460579,1.0,0.42736077481840196,0.8153124481398588,1.0,0.4854721549636804,0.2947061188681295,0.68286727515843,0.3709511982498698,0.4671821405732238,0.3938742859996046,2017,1.0,1.0,0.009546638724021598,4.0
2017-04-17,0.07916459468678634,0.8944973959583513,0.31304541236017963,0.7008486474029436,0.7007628078019185,1.2129023913171402,0.0,0.42736077481840196,0.13009308627825536,1.0,0.4854721549636804,0.6879387758749159,0.6680018850141498,0.3709511982498698,0.433788878416588,0.3938742859996046,2017,0.0,1.0,0.009442967281141865,1.0
2017-04-18,0.49815759237077495,0.42508874655205664,0.3998535914162498,0.7180236239862996,0.5978958060518885,1.0241871840935772,0.0,0.42736077481840196,0.6372190235182192,1.0,0.4854721549636804,0.187929615106484,0.1299228583028754,0.3709511982498698,1.2228989037758797,0.3938742859996046,2017,0.0,1.0,0.009554214250248253,2.0
2017-04-19,0.2085865489054869,0.7186186447116819,0.2703697730847647,0.5313573088048817,0.6425288907919496,1.018067208052153,0.0,0.42736077481840196,0.1413574375169705,0.0,0.4854721549636804,0.5599818560022795,0.29506933744221353,0.3709511982498698,0.2257318952234258,0.3938742859996046,2017,0.0,0.0,0.010144904881746976,3.0
2017-04-20,0.7168411536650163,0.6188710749687486,0.5443860835613736,0.9155620330355168,0.6125888580304281,1.147832636890398,1.0,0.42736077481840196,0.7815517036308444,0.0,0.4854721549636804,0.3521790573370744,0.540728100113781,0.3709511982498698,0.2373151308304726,0.3938742859996046,2017,0.0,0.0,0.009799855510662776,4.0
2017-04-21,0.41504277470263845,0.6460198476626307,0.38963881938663036,0.9007124054387131,0.5240658843604776,1.1620259716926231,0.0,0.42736077481840196,0.5629266198784834,1.0,0.4854721549636804,0.43554604281059023,0.0,0.3709511982498698,1.4793814432989736,0.3938742859996046,2017,0.0,0.0,0.009714615098715173,0.0
2017-04-24,0.7065671102396972,0.1936696626058319,0.4252777477779152,0.8723389900369112,0.4538719806495774,0.8145094641840439,1.0,0.42736077481840196,0.6726640834732005,1.0,0.4854721549636804,0.21571132264327425,0.215548664381693,0.3709511982498698,1.040422175072092,0.3938742859996046,2017,1.0,0.0,0.010296106177439644,1.0
2017-04-25,0.07120217757478092,0.8201022574850729,0.28839109315246114,0.5007220965406293,0.5514910997898299,0.9088652689918189,0.0,0.42736077481840196,0.07548417984239424,1.0,0.4854721549636804,0.7708220637069448,0.5075946733250124,0.3709511982498698,0.26144402829795493,0.3938742859996046,2017,0.0,1.0,0.010867942960259419,2.0
2017-04-26,0.7630363856323181,0.37213121572989616,0.4875684318793113,0.88069166733605,0.5139996947478503,1.001099180690041,0.0,0.42736077481840196,0.7926660991061755,0.0,0.4854721549636804,0.20196046590397682,0.0629097060689465,0.3709511982498698,0.5536054134066416,0.3938742859996046,2017,0.0,0.0,0.010650744977832525,3.0
2017-04-27,0.5202840308493496,0.7310538733449584,0.2994122166527486,0.8028207464087851,0.42558697452753175,1.016036759398153,0.0,0.42736077481840196,0.3960610483029586,0.0,0.4854721549636804,0.7018415168657596,0.3240603100446047,0.3709511982498698,0.08398810787852164,0.3938742859996046,2017,0.0,0.0,0.0106440449631222,4.0
2017-04-28,0.7959638554280674,0.5248129717667026,0.5118909923695779,0.9101354955052141,0.36138368614593147,1.1418414205429073,1.0,0.42736077481840196,0.8953251546063886,1.0,0.4854721549636804,0.22828718034817305,0.2662670739438609,0.3709511982498698,1.10379805198548,0.3938742859996046,2017,1.0,0.0,0.009775960298929959,0.0
2017-05-01,0.06306922479709973,0.797795214738499,0.2860979193998019,0.6976522993787059,0.5229416100674197,0.8487607270108347,0.0,0.42736077481840196,0.05979658173840436,1.0,0.4854721549636804,0.7532033481014849,0.12565096952909488,0.3709511982498698,0.32576177285318875,0.3938742859996046,2017,0.0,1.0,0.010264931921606641,1.0
2017-05-02,0.7502103194491027,0.5144114950422971,0.5038245730178188,1.046768533126838,0.4066286357109184,0.912866173883509,0.0,0.42736077481840196,0.8494685150277342,1.0,0.4854721549636804,0.27237550208131833,0.015337796713334663,0.3709511982498698,1.7774802191113688,0.3938742859996046,2017,0.0,0.0,0.009339111494098705,2.0
2017-05-03,0.04133586931247809,0.9110755642270716,0.4850675898944096,0.8847472386323408,0.4085946164823317,0.940802418096196,0.0,0.42736077481840196,0.02080797839463238,1.0,0.4854721549636804,0.7146590812884337,0.2996013133208323,0.3709511982498698,0.9759615384615443,0.3938742859996046,2017,0.0,0.0,0.009844892154101215,3.0
2017-05-04,0.10788589255870981,0.81645461363339,0.3320598245045628,0.4383430731116111,0.4861376806308915,0.7588634485193285,0.0,0.42736077481840196,0.07402561220832789,0.0,0.4854721549636804,0.7703434882453836,0.6313970342290204,0.3709511982498698,0.1100457130114723,0.3938742859996046,2017,0.0,0.0,0.010439448521495242,4.0
2017-05-05,0.25421318713465463,0.7928609487932868,0.36823632877322005,0.596101584178554,0.5831726331861457,1.0882257979591354,1.0,0.42736077481840196,0.1950941944604854,1.0,0.4854721549636804,0.823473517605113,0.7506723891273323,0.3709511982498698,0.5023175965665209,0.3938742859996046,2017,1.0,0.0,0.010172398136311909,0.0
2017-05-08,0.1248208015064248,0.5996488156672239,0.46453773095254186,0.6401043480695354,0.37317663849531296,0.567037816479919,0.0,0.42736077481840196,0.17143681384523135,1.0,0.4854721549636804,0.5628105357479749,0.22459470146302185,0.3709511982498698,0.9062870699881383,0.3938742859996046,2017,0.0,1.0,0.010317143020324264,1.0
2017-05-09,0.4192322766247318,0.4421718408717047,0.3222144846408276,0.7434536709724976,0.48412597147721415,0.8040774763490152,0.0,0.42736077481840196,0.2825569756199333,0.0,0.4854721549636804,0.44889036429520285,0.3719012995935261,0.3709511982498698,0.27171237190128855,0.3938742859996046,2017,0.0,0.0,0.010219544388641108,2.0
2017-05-10,0.34958663063839046,0.8074501245316782,0.3093769367824106,0.5603595198817594,0.5950309219979371,0.851072484461434,1.0,0.42736077481840196,0.24116164184672476,1.0,0.4854721549636804,0.831233858943302,0.7113788791633353,0.3709511982498698,0.14163919518019055,0.3938742859996046,2017,1.0,1.0,0.010312432594648865,3.0
2017-05-11,0.5208636093400327,0.4085385883013492,0.5124513111420455,0.7622124408573556,0.4201563689350907,0.7483954286104443,1.0,0.42736077481840196,0.7102763660597127,0.0,0.4854721549636804,0.2521226265251454,0.5500593589236088,0.3709511982498698,0.0743965176098181,0.3938742859996046,2017,0.0,0.0,0.010317233495284397,4.0
2017-05-12,0.49883855134713184,0.529488628199827,0.4544185562096853,0.6661291030131824,0.34547006935343777,0.692000508371095,1.0,0.42736077481840196,0.6030645668940342,0.0,0.4854721549636804,0.4852447304052404,0.7819395178260037,0.3709511982498698,0.09090362532316557,0.3938742859996046,2017,1.0,0.0,0.009675557887560419,0.0
2017-05-15,0.2294265097692004,0.6811091431689976,0.3373970491840034,0.5564090591109657,0.3371023541965275,0.6835096537870725,1.0,0.42736077481840196,0.2955453505120077,0.0,0.4854721549636804,0.6359489982452756,0.7768553773172775,0.3709511982498698,0.05854815554583239,0.3938742859996046,2017,1.0,0.0,0.00930326279089757,1.0
2017-05-16,0.5982347189662006,0.4340253532550005,0.41724222554851254,0.9125668636685138,0.3880986358351075,0.8498485882631527,1.0,0.42736077481840196,0.7507154763586967,0.0,0.4854721549636804,0.22064808951127293,2.1464732114816916,0.3709511982498698,0.08881351673889724,0.3938742859996046,2017,0.0,0.0,0.009195406282054864,2.0
2017-05-17,0.8105665887741413,0.023326282240993687,0.3654019320494704,0.7255125372516176,0.3632926675032467,0.8086359651503413,1.0,0.42736077481840196,0.5956358450230549,0.0,0.4854721549636804,0.021424468778705418,0.3128757799205935,0.3709511982498698,1.1998865570050943,0.3938742859996046,2017,1.0,0.0,0.009986484542190796,3.0
2017-05-18,0.04680270235041106,0.8796095941249943,0.5953684182826856,0.9190232729767269,0.4346665618954489,0.7356444654091469,0.0,0.42736077481840196,0.040123086378175944,0.0,0.4854721549636804,0.7812384361423079,0.687980617296949,0.3709511982498698,0.07005161698093654,0.3938742859996046,2017,0.0,0.0,0.010875766734107973,4.0
2017-05-19,0.7527406140898697,0.3693485057475201,0.3646088364254637,0.6930814061766235,0.4901720609866565,1.1100431786698302,1.0,0.42736077481840196,0.8450342776838556,0.0,0.4854721549636804,0.1522069064584084,0.5526315789473689,0.3709511982498698,0.26905437868530063,0.3938742859996046,2017,0.0,0.0,0.0104230093793427,0.0
2017-05-22,0.5715576187967977,0.43571395260570306,0.3515742901230848,0.6212922097679331,0.6104818112237922,1.087998751439673,1.0,0.42736077481840196,0.7631449159777477,1.0,0.4854721549636804,0.22258775808196252,0.2597692593970976,0.3709511982498698,0.7138072199479075,0.3938742859996046,2017,1.0,0.0,0.01066151380005397,1.0
2017-05-23,0.08253230831988898,0.8731695669759139,0.5174775081514138,0.9473163909399246,0.4447960824253612,0.5955363446514816,0.0,0.42736077481840196,0.07826804853243588,1.0,0.4854721549636804,0.8523866294753447,0.6124465663687233,0.3709511982498698,0.2456003997113255,0.3938742859996046,2017,0.0,1.0,0.010285490452246405,2.0
2017-05-24,0.8558448981057097,0.2284342328369026,0.3217032460438098,0.9454548992302985,0.4045980250627993,1.0295206013478317,1.0,0.42736077481840196,0.8554060043581634,0.0,0.4854721549636804,0.1095802606583664,0.08688720605818394,0.3709511982498698,0.3770426464726995,0.3938742859996046,2017,1.0,0.0,0.00996884982756155,3.0
2017-05-25,0.46523245339889807,0.7802128346146125,0.3664623175920836,1.0515495956350116,0.463371058343058,0.8865649344183827,1.0,0.42736077481840196,0.4181592787616738,1.0,0.4854721549636804,0.7712855174587976,1.1317243384704743,0.3709511982498698,0.19377726083164595,0.3938742859996046,2017,0.0,1.0,0.009783371852337372,4.0
2017-05-26,0.5828535922360998,0.21239938547655532,0.3724188894222462,0.6781742008520263,0.36055369821121935,0.832135642903609,0.0,0.42736077481840196,0.6555440253319841,0.0,0.4854721549636804,0.10274319674786703,0.1914363520481987,0.3709511982498698,0.144388435019408,0.3938742859996046,2017,0.0,0.0,0.009732570021045219,0.0
2017-05-29,0.7132732254990137,0.7681258467871023,0.5395851660369682,0.9662957080596278,0.44077559346728495,1.3013774427078877,1.0,0.42736077481840196,0.6116636265887723,1.0,0.4854721549636804,0.6860488498665183,0.3189066059225359,0.3709511982498698,0.6403989410823184,0.3938742859996046,2017,1.0,0.0,0.009159779303624428,1.0
2017-05-30,0.2553187713345885,0.666317141925757,0.24213085342500262,0.7301875958874593,0.48653108384258087,0.6458864736317105,1.0,0.42736077481840196,0.24761743242641668,0.0,0.4854721549636804,0.6489532164547148,0.9540264604603387,0.3709511982498698,0.27825771763426305,0.3938742859996046,2017,1.0,0.0,0.009363499266328835,2.0
2017-05-31,0.4262992617053057,0.4681627097664036,0.45761123522498265,1.0598127049304973,0.45708097864641367,0.8963861770643098,0.0,0.42736077481840196,0.47561298180183365,0.0,0.4854721549636804,0.24836232337553754,0.1305939308064837,0.3709511982498698,0.5975912150194855,0.3938742859996046,2017,0.0,0.0,0.00953702254358887,3.0
2017-06-01,0.6471613986383783,0.6308415124640514,0.32185151771687026,0.8533150650069156,0.5200699114199917,1.0398079441765273,1.0,0.42736077481840196,0.4838909977651286,1.0,0.4854721549636804,0.5440406512310562,1.1262477980035086,0.3709511982498698,0.5540810334703473,0.3938742859996046,2017,0.0,1.0,0.009611249507585717,4.0
2017-06-02,0.7205667774214153,0.05684894506511294,0.5230075792695653,0.9166884898686991,0.4374888262400882,0.7744140560558568,1.0,0.42736077481840196,0.6572471757157039,0.0,0.4854721549636804,0.04905501304511868,0.37489604701446533,0.3709511982498698,0.06209458335643059,0.3938742859996046,2017,1.0,0.0,0.010077572219714186,0.0
2017-06-05,0.42667183964954264,0.7978120075163899,0.4770849648963843,0.8411891485661083,0.5515301489948181,1.1378013345356344,1.0,0.42736077481840196,0.45884563044758386,0.0,0.4854721549636804,0.7648401488325735,1.322715937429163,0.3709511982498698,0.05157560643843862,0.3938742859996046,2017,0.0,0.0,0.009851369610612925,1.0
2017-06-06,0.6951895330461395,0.2187945973492551,0.5124600798164047,0.9008270202439973,0.4890255727185442,0.9319362813078087,0.0,0.42736077481840196,0.669116571995405,0.0,0.4854721549636804,0.07315373839759007,0.07817512177734122,0.3709511982498698,0.9464179636450162,0.3938742859996046,2017,0.0,0.0,0.00929320007596197,2.0
2017-06-07,0.3195208974346552,0.8279994833819595,0.3062658697325293,0.6572182374277129,0.5271258767173322,0.9777296872998721,0.0,0.42736077481840196,0.19884114187893578,1.0,0.4854721549636804,0.6172509028575044,0.1905822659488939,0.3709511982498698,1.334075861642218,0.3938742859996046,2017,0.0,0.0,0.008972291990059996,3.0
2017-06-08,0.21556477602867938,0.6342881068910889,0.24635463294776253,0.5191224021300513,0.7009680317099349,1.0457530494625675,0.0,0.42736077481840196,0.1210633906630751,1.0,0.4854721549636804,0.4749395479941708,0.3198958148345397,0.3709511982498698,1.0922867459894723,0.3938742859996046,2017,0.0,0.0,0.009444014597887207,4.0
2017-06-09,0.08619360443579692,0.8738636428906054,0.3684027617732334,0.6192047805022037,0.47984015591804935,1.0094827603806737,0.0,0.42736077481840196,0.05465835407320621,1.0,0.4854721549636804,0.7471412120926032,0.3108092683483712,0.3709511982498698,0.23170870905146812,0.3938742859996046,2017,0.0,1.0,0.009883297892142172,0.0
2017-06-12,0.39084113168423085,0.8128003646677957,0.2574402820870431,0.8020023918976678,0.5939933139605226,0.9202532184159934,0.0,0.42736077481840196,0.41057153861987267,1.0,0.4854721549636804,0.7335546948175813,0.2676848398745071,0.3709511982498698,0.531225951577567,0.3938742859996046,2017,0.0,1.0,0.009534457924893732,1.0
2017-06-13,0.6853302143945995,0.41001036114870004,0.30825990669936854,0.8547609874639733,0.5700712811537582,1.0961779833504313,1.0,0.42736077481840196,0.7030269764041485,1.0,0.4854721549636804,0.2696556050318032,1.2209156568972896,0.3709511982498698,0.7696531964424356,0.3938742859996046,2017,1.0,1.0,0.009450065207875434,2.0
2017-06-14,0.02212303039216524,0.8637744230191214,0.3854603979348163,0.8911142442521899,0.5456004869275912,1.1104258587309077,0.0,0.42736077481840196,0.037702577233979434,1.0,0.4854721549636804,0.5666547812429888,0.42936452325769997,0.3709511982498698,0.7229019565568884,0.3938742859996046,2017,0.0,0.0,0.0105103165727972,3.0
2017-06-15,0.15063179621433043,0.7518879190764233,0.27334983477234776,0.5304447415503568,0.5995856420718508,0.6725519601511062,0.0,0.42736077481840196,0.10177615416310053,0.0,0.4854721549636804,0.7405840327973909,0.2534142640364136,0.3709511982498698,0.15022761760242986,0.3938742859996046,2017,0.0,0.0,0.010513133440219475,4.0
2017-06-16,0.5026482485739854,0.7821405193288872,0.3527722881059028,0.8861894033073623,0.45678291174263835,0.7676259646131737,0.0,0.42736077481840196,0.4770022501969461,1.0,0.4854721549636804,0.7725177654776247,0.1681206246634376,0.3709511982498698,0.7840603123317103,0.3938742859996046,2017,0.0,0.0,0.010583488162679061,0.0
2017-06-19,0.10733210160801672,0.8906466290544705,0.48895727435674136,0.7060569398445078,0.4155159856422955,0.8329647713990722,0.0,0.42736077481840196,0.09282590459409508,1.0,0.4854721549636804,0.8544941316055761,0.3357905982906001,0.3709511982498698,0.17275641025640676,0.3938742859996046,2017,0.0,1.0,0.010753145237539929,1.0
2017-06-20,0.3811367338919251,0.7673437287593468,0.3647646038229983,0.8336253900758007,0.5484350164543995,0.8863911776182724,0.0,0.42736077481840196,0.3811622667081502,1.0,0.4854721549636804,0.7763788144955007,0.36827732263278495,0.3709511982498698,0.1724349328428948,0.3938742859996046,2017,0.0,1.0,0.010311298581140453,2.0
2017-06-21,0.7625908966170333,0.43697292178223496,0.5951458881260511,0.9504793857518322,0.414502881743615,0.9561661584725212,1.0,0.42736077481840196,0.8433545866258737,0.0,0.4854721549636804,0.26008399163265183,0.6513094902844289,0.3709511982498698,0.1127569698676484,0.3938742859996046,2017,0.0,0.0,0.010175099974440428,3.0
2017-06-22,0.5055478903903903,0.5943380053066865,0.4890228583273594,1.2043889813276634,0.3393892318737675,1.066996396454712,1.0,0.42736077481840196,0.5589996503626526,0.0,0.4854721549636804,0.42343417247417475,0.7092326139088788,0.3709511982498698,0.06882494004795649,0.3938742859996046,2017,0.0,0.0,0.009529294009570399,4.0
2017-06-23,0.6721045793506883,0.3674638439184434,0.4394555604890202,1.0136592750409241,0.3848134289258539,1.0762198244131846,0.0,0.42736077481840196,0.7707479136128164,1.0,0.4854721549636804,0.24015532857722055,0.1174606899788837,0.3709511982498698,1.7101619338183514,0.3938742859996046,2017,0.0,0.0,0.009688582888430068,0.0
2017-06-26,0.15861513680854059,0.35850258375364197,0.27025794834062405,0.5691011758372427,0.6162872345156859,1.1266615272481273,0.0,0.42736077481840196,0.07146934161945774,0.0,0.4854721549636804,0.3806481990615949,0.6913383132805004,0.3709511982498698,0.24907338769458034,0.3938742859996046,2017,0.0,0.0,0.010066482293392279,1.0
2017-06-27,0.46493401922424155,0.5494663092254525,0.3747066635645718,0.7385527013891526,0.5794532807140997,0.6473650362137252,1.0,0.42736077481840196,0.4307792880367104,0.0,0.4854721549636804,0.4559691274097046,0.62220442715781,0.3709511982498698,0.06886689927359037,0.3938742859996046,2017,1.0,0.0,0.010014641321980754,2.0
2017-06-28,0.32480031237950213,0.7304332193237937,0.3040716742735133,0.6743486518778552,0.4785443936319226,0.8080273051301389,0.0,0.42736077481840196,0.3827060112819948,1.0,0.4854721549636804,0.6633018519873075,0.3452309176413776,0.3709511982498698,0.7858434824550784,0.3938742859996046,2017,0.0,0.0,0.00948545441651816,3.0
2017-06-29,0.29777978859373205,0.5065543094521363,0.3178472419912246,0.7316209790821786,0.48437019696257116,0.7191263083131215,0.0,0.42736077481840196,0.23863666254618404,1.0,0.4854721549636804,0.5037116348464641,0.26063370731105784,0.3709511982498698,0.5195413635803221,0.3938742859996046,2017,0.0,1.0,0.00930619456842249,4.0
2017-06-30,0.3136983471679447,0.7103118551850831,0.3964427071264432,0.7090625021497007,0.5114194825140158,0.9075743343633044,0.0,0.42736077481840196,0.2512829971274115,1.0,0.4854721549636804,0.7528616806585734,0.11321213595183927,0.3709511982498698,1.9441843497294293,0.3938742859996046,2017,0.0,0.0,0.009464537476622058,0.0
2017-07-03,0.030170709473505763,0.8143771194279392,0.3134336826541536,0.49269815258031846,0.5662199605197441,0.9311082385732039,0.0,0.42736077481840196,0.014489270343351587,0.0,0.4854721549636804,0.6898119731358809,0.49586592178772154,0.3709511982498698,0.012513966480435562,0.3938742859996046,2017,0.0,0.0,0.010479406502618083,1.0
2017-07-04,0.5613381767885848,0.7051843405313867,0.398253757704843,0.7986080790978795,0.5351422997297244,0.8030445944649198,1.0,0.42736077481840196,0.6075667617383703,1.0,0.4854721549636804,0.5560244687618671,0.4857743691242081,0.3709511982498698,0.5004948045522007,0.3938742859996046,2017,0.0,1.0,0.009441972863087868,2.0
2017-07-05,0.6258232139748325,0.23041539170827594,0.37825427520820226,0.7344073093046298,0.5680061564007064,1.0720162546533147,1.0,0.42736077481840196,0.7061214818715598,0.0,0.4854721549636804,0.16990339127870072,0.2138149556400583,0.3709511982498698,0.37439797211658615,0.3938742859996046,2017,1.0,0.0,0.009189089092236778,3.0
2017-07-06,0.4757654410138831,0.631060996524172,0.4189404744458245,0.8092823184630376,0.4781722856814522,0.9075993731972671,0.0,0.42736077481840196,0.4529263415722113,1.0,0.4854721549636804,0.6794503598522121,0.29916410030795165,0.3709511982498698,1.5591728992520952,0.3938742859996046,2017,0.0,0.0,0.00927845993076871,4.0
2017-07-07,0.07302198838848545,0.5130411087350958,0.3235876662377421,0.6407562362125578,0.6242554449555211,0.7896337028377787,0.0,0.42736077481840196,0.04510239806413975,1.0,0.4854721549636804,0.5144452465502853,0.2372315035799649,0.3709511982498698,0.6615751789976018,0.3938742859996046,2017,0.0,1.0,0.009872610339379797,0.0
2017-07-10,0.7122834698488688,0.20124255414822526,0.4761123364610793,0.6484715934684016,0.47364657017328865,0.7794721033032331,1.0,0.42736077481840196,0.7727680469612465,0.0,0.4854721549636804,0.1693768306928537,0.2692935416180895,0.3709511982498698,0.48309629284216105,0.3938742859996046,2017,0.0,0.0,0.010094306095887655,1.0
2017-07-11,0.7671787108618259,0.2161782397170687,0.5584385459560054,0.860766395995314,0.4321381610068206,0.990278615074245,1.0,0.42736077481840196,0.8765791953919216,0.0,0.4854721549636804,0.12614760063777417,0.6844981305723338,0.3709511982498698,0.3003738855335079,0.3938742859996046,2017,0.0,0.0,0.010202572562386202,2.0
2017-07-12,0.4081747216378205,0.4423559353581578,0.4935453268504529,0.8086135232987616,0.3941728301358388,0.6723115104014259,0.0,0.42736077481840196,0.4858639818360293,0.0,0.4854721549636804,0.3801851231835113,0.3254152729746519,0.3709511982498698,0.29842961619139396,0.3938742859996046,2017,0.0,0.0,0.010325844525177383,3.0
2017-07-13,0.40049164184519076,0.7734730900038668,0.4565103915585575,0.872232566410272,0.3565476786822523,0.7855459338640269,1.0,0.42736077481840196,0.21070395232855,1.0,0.4854721549636804,0.857996351502472,1.240941821922508,0.3709511982498698,0.20402331695050552,0.3938742859996046,2017,0.0,1.0,0.010268128545843313,4.0
2017-07-14,0.5075419909106269,0.14209422462884344,0.2865532124919187,0.6619955353996425,0.5030798921241441,0.7727698225021925,1.0,0.42736077481840196,0.5264027519774321,0.0,0.4854721549636804,0.11130446818749248,0.6049534516072477,0.3709511982498698,0.0319690848410225,0.3938742859996046,2017,0.0,0.0,0.009929986011156161,0.0
2017-07-17,0.6588153608290542,0.4840190485468982,0.34828031934395975,0.7098765050448982,0.4099414482595704,0.849576728611058,1.0,0.42736077481840196,0.7732730558927198,0.0,0.4854721549636804,0.29933694368003155,0.8906343686293453,0.3709511982498698,0.09065835232041627,0.3938742859996046,2017,0.0,0.0,0.009655576474620361,1.0
2017-07-18,0.7044017253313126,0.30408510756772456,0.279689179289611,0.6927322213251402,0.46746282920459337,0.8694482030599655,0.0,0.42736077481840196,0.7506425038871367,0.0,0.4854721549636804,0.16610894244508506,0.1409561940650058,0.3709511982498698,0.5300282618935538,0.3938742859996046,2017,0.0,0.0,0.009766004597796292,2.0
2017-07-19,0.6590756529321404,0.5193938944376032,0.47175478756259465,0.9806145784951349,0.33845707286825155,0.9320423242906404,1.0,0.42736077481840196,0.6494312601747817,1.0,0.4854721549636804,0.39549844576184945,0.5461173897192927,0.3709511982498698,0.4942277311945521,0.3938742859996046,2017,0.0,1.0,0.009473004412446927,3.0
2017-07-20,0.5374795589305228,0.3358847151084116,0.4315611203796499,0.8695050682026866,0.5172964825952661,0.914624619481496,1.0,0.42736077481840196,0.6458830699222703,0.0,0.4854721549636804,0.20915773905594962,0.9396197174703469,0.3709511982498698,0.08678548012159214,0.3938742859996046,2017,0.0,0.0,0.009630618674112296,4.0
2017-07-21,0.7645550420546904,0.2136410015182554,0.3904655702901855,0.6521237446530649,0.3819042807870412,0.7168418940092269,1.0,0.42736077481840196,0.7980040180717375,0.0,0.4854721549636804,0.09239190292257742,0.3565105837075076,0.3709511982498698,0.2595253367543389,0.3938742859996046,2017,1.0,0.0,0.008875200674037041,0.0
2017-07-24,0.4568511968917269,0.7027700951060348,0.4259700669666988,0.7790652000061892,0.5955100150783357,1.1827766843719838,0.0,0.42736077481840196,0.5396974541380253,1.0,0.4854721549636804,0.579405091666021,0.23384103417380392,0.3709511982498698,0.5384615384615377,0.3938742859996046,2017,0.0,0.0,0.00889356858281161,1.0
2017-07-25,0.27000534364781237,0.8342457574403649,0.27741865941637156,0.5558749970233003,0.4892005571587441,0.9025694448747127,1.0,0.42736077481840196,0.1448634691631727,1.0,0.4854721549636804,0.8531927907732794,1.250504918887229,0.3709511982498698,0.5509153690794163,0.3938742859996046,2017,0.0,1.0,0.008773032855005171,2.0
2017-07-26,0.8300425703144968,0.05129644715328294,0.4970106830413976,0.9297544263978607,0.43855602912020275,0.8561150191569081,1.0,0.42736077481840196,0.5344896334969893,0.0,0.4854721549636804,0.0656988632218424,0.37728827801452597,0.3709511982498698,0.5276994178020508,0.3938742859996046,2017,1.0,0.0,0.009440066541108846,3.0
2017-07-27,0.32117451071113984,0.6619930361702204,0.3714228788193555,0.7450526385023816,0.5109712877148379,0.7938300367610098,1.0,0.42736077481840196,0.32175543611620266,0.0,0.4854721549636804,0.5460880517126749,1.0670677076667168,0.3709511982498698,0.1361832842698051,0.3938742859996046,2017,0.0,0.0,0.008866862018326134,4.0
2017-07-28,0.6757434335691733,0.24827766790388212,0.4016515972826646,0.7232128794104369,0.49256308458826914,0.8913248566648861,1.0,0.42736077481840196,0.7391966779977804,0.0,0.4854721549636804,0.10205104822902376,0.17089284590700782,0.3709511982498698,0.30126470773295044,0.3938742859996046,2017,1.0,0.0,0.008945245618557576,0.0
2017-07-31,0.6320379215163838,0.6550629673018447,0.6722321905840674,0.8744062835585833,0.4590747495794579,1.0756655092460108,1.0,0.42736077481840196,0.7597907032578712,1.0,0.4854721549636804,0.41605759578048024,0.4261301347778449,0.3709511982498698,0.6121106597020678,0.3938742859996046,2017,1.0,1.0,0.008726819649103847,1.0
2017-08-01,0.25426521356278253,0.6423456652652754,0.4800558443888538,0.9279165281746544,0.3903147039448574,0.9656721415767381,0.0,0.42736077481840196,0.4113814822662612,0.0,0.4854721549636804,0.3913011600839743,0.36918491641829165,0.3709511982498698,0.533367889076076,0.3938742859996046,2017,0.0,0.0,0.008689845593931855,2.0
2017-08-02,0.34978845890679294,0.799864114132828,0.44837775662689633,0.9253881169469433,0.47670911137616934,1.0408787555279673,0.0,0.42736077481840196,0.31120891809654716,1.0,0.4854721549636804,0.6119580001858159,0.38483666815827744,0.3709511982498698,0.861855142875417,0.3938742859996046,2017,0.0,1.0,0.008823237439450585,3.0
2017-08-03,0.6601332290074821,0.25052899104982146,0.3261223931803665,0.809347852076432,0.6226187961897555,1.0332841888396542,0.0,0.42736077481840196,0.6006852126594809,1.0,0.4854721549636804,0.1267198208243549,0.15994747209455087,0.3709511982498698,1.3099146421536425,0.3938742859996046,2017,0.0,1.0,0.008577150426210612,4.0
2017-08-04,0.1904973290934838,0.6985709821380858,0.34670998829834143,0.5832885759114417,0.6291916615690749,0.9758101778553292,0.0,0.42736077481840196,0.09726975786639593,0.0,0.4854721549636804,0.5827046990537469,0.09942686269624583,0.3709511982498698,0.2607774732120414,0.3938742859996046,2017,0.0,0.0,0.009109750588513056,0.0
2017-08-07,0.6275336701067663,0.8064343148317713,0.3951458967968968,0.906005820352837,0.4861841204546591,0.9243621224550869,1.0,0.42736077481840196,0.6422803341100731,1.0,0.4854721549636804,0.6369683503610172,0.6827928870292919,0.3709511982498698,0.5720449790794977,0.3938742859996046,2017,0.0,1.0,0.00868768082769244,1.0
2017-08-08,0.5312325742668124,0.30851410975521854,0.4728983396929281,0.8966054889237061,0.44144078278609994,0.8477723641557539,1.0,0.42736077481840196,0.5022896166247448,0.0,0.4854721549636804,0.2177637270134453,1.5790071279883833,0.3709511982498698,0.06535040686305513,0.3938742859996046,2017,0.0,0.0,0.008981971467098775,2.0
2017-08-09,0.7586316804552615,0.10203850469307434,0.48391703346194165,0.9683710299220843,0.45769452273698863,1.0986850309903153,1.0,0.42736077481840196,0.6625473285787803,0.0,0.4854721549636804,0.052174141688265674,0.8981324278438171,0.3709511982498698,0.21816638370118327,0.3938742859996046,2017,0.0,0.0,0.00922416763241143,3.0
2017-08-10,0.7576264540931176,0.2391717822679236,0.47862157267293315,0.9524613001561872,0.41056687920102963,0.8774077251929322,1.0,0.42736077481840196,0.7607350960362081,0.0,0.4854721549636804,0.10889911633080691,0.49405803221329997,0.3709511982498698,0.4273390842733863,0.3938742859996046,2017,0.0,0.0,0.009205895060460021,4.0
2017-08-11,0.5923807331478725,0.4341994488471834,0.5414175863593342,0.7299484534796513,0.5464615169893322,0.9330530151251758,0.0,0.42736077481840196,0.6481566605712078,1.0,0.4854721549636804,0.2716594726740875,0.10717230008243667,0.3709511982498698,0.8507831821929064,0.3938742859996046,2017,0.0,1.0,0.009411855990068265,0.0
2017-08-14,0.2559233354449237,0.8018060434581528,0.18110538723612388,0.5246024494638276,0.5456843208230221,1.119360532780292,0.0,0.42736077481840196,0.20163435433604826,1.0,0.4854721549636804,0.7004990910947074,0.023492651313502474,0.3709511982498698,1.1730123828260652,0.3938742859996046,2017,0.0,0.0,0.00963170783633786,1.0
2017-08-15,0.17780841016866292,0.7355218690896148,0.3178504240788407,0.4973960158095077,0.527173560933985,0.7762903745463268,1.0,0.42736077481840196,0.11979876383638471,0.0,0.4854721549636804,0.6394994502460141,1.0459961868446128,0.3709511982498698,0.2936129647283117,0.3938742859996046,2017,0.0,0.0,0.0094310573078332,2.0
2017-08-16,0.8024530712655784,0.12159401649020908,0.2881343431820158,0.8704995158401695,0.5425925419689391,1.0090482629536983,1.0,0.42736077481840196,0.752791942070651,0.0,0.4854721549636804,0.06959217312740576,0.5749436839369191,0.3709511982498698,0.10027147230404992,0.3938742859996046,2017,0.0,0.0,0.00963943298108079,3.0
2017-08-17,0.6361355379895658,0.5569598894236797,0.5268157707524083,1.0101989678383556,0.5742077175918168,1.2525606559548341,1.0,0.42736077481840196,0.7584857858499334,0.0,0.4854721549636804,0.2888381452300119,1.075513240107121,0.3709511982498698,0.3640583159773986,0.3938742859996046,2017,1.0,0.0,0.009321424688657176,4.0
2017-08-18,0.04376746466240888,0.8586694172884122,0.40233768099955075,0.6066606041790515,0.3716793538160371,0.8903402874492506,0.0,0.42736077481840196,0.05744241447586612,1.0,0.4854721549636804,0.7676445801574975,0.7312329832749981,0.3709511982498698,0.29249319330999574,0.3938742859996046,2017,0.0,1.0,0.01000988919430319,0.0
2017-08-21,0.6552463772562368,0.34286348058521426,0.4029393899144173,0.6743137486265076,0.521079691778847,0.8509861272121949,0.0,0.42736077481840196,0.7549463713571883,0.0,0.4854721549636804,0.1403015174998864,0.053185046523155706,0.3709511982498698,0.7607774046137848,0.3938742859996046,2017,0.0,0.0,0.010043562840974058,1.0
2017-08-22,0.38011503279661085,0.7709569444855124,0.35100507293068767,0.7456759071981334,0.47974421948362767,0.8620921783290645,0.0,0.42736077481840196,0.25039159805313616,0.0,0.4854721549636804,0.7222344191156288,0.5008779631255473,0.3709511982498698,0.1659350307286982,0.3938742859996046,2017,0.0,0.0,0.010131570315566394,2.0
2017-08-23,0.8386007635299594,0.413001764109506,0.3986982090154242,0.8836988142780785,0.46385234418431276,1.0409331253276548,0.0,0.42736077481840196,0.8632014811874215,0.0,0.4854721549636804,0.16727940147919176,0.044296287925867255,0.3709511982498698,0.4848861517599777,0.3938742859996046,2017,0.0,0.0,0.009796237810743692,3.0
2017-08-24,0.5501224405974222,0.8013935558505517,0.2716599444351803,0.8965913985890928,0.5393682511784252,1.2050104019367174,1.0,0.42736077481840196,0.33964137864894356,1.0,0.4854721549636804,0.7844914401703492,0.7088079193750397,0.3709511982498698,0.8473969825272731,0.3938742859996046,2017,1.0,1.0,0.009313244701353007,4.0
2017-08-25,0.40407300696736215,0.18883061838505188,0.2932435331297937,0.7570142765367457,0.4431857918451616,0.888513005527485,1.0,0.42736077481840196,0.528294143035279,0.0,0.4854721549636804,0.11493740503528019,1.6120746432491817,0.3709511982498698,0.0,0.3938742859996046,2017,0.0,0.0,0.010081247551617958,0.0
2017-08-28,0.7227122452147182,0.12497756372286879,0.445609709778424,0.7773671247529789,0.5081582159029181,0.9632900702562311,1.0,0.42736077481840196,0.67210252131861,0.0,0.4854721549636804,0.06404867184977703,1.19332875917031,0.3709511982498698,0.3554124663535092,0.3938742859996046,2017,1.0,0.0,0.010333336969207754,1.0
2017-08-29,0.046869722055252645,0.8522564671537212,0.3948252429914688,0.6503037036266825,0.6589482722218735,1.1084599311428727,0.0,0.42736077481840196,0.08141958985258502,0.0,0.4854721549636804,0.5698747223675743,0.30655336009593237,0.3709511982498698,0.3138522496220193,0.3938742859996046,2017,0.0,0.0,0.010463832377926476,2.0
2017-08-30,0.5174405202340133,0.7377575406375547,0.4512599601786689,0.7657230502221336,0.609178914567601,0.9675334096069489,1.0,0.42736077481840196,0.4735158301583217,1.0,0.4854721549636804,0.6275583817964232,1.1167984612096686,0.3709511982498698,0.7270784355631589,0.3938742859996046,2017,0.0,1.0,0.010216324503130477,3.0
2017-08-31,0.6224233703640237,0.06706900781115156,0.4102551988387835,0.8882530592149129,0.5488104531706112,0.8482075181170461,1.0,0.42736077481840196,0.546751861383292,0.0,0.4854721549636804,0.05260796776030805,0.5247386759581871,0.3709511982498698,0.3421602787456509,0.3938742859996046,2017,0.0,0.0,0.010861584807405537,4.0
2017-09-01,0.5380307602521772,0.4205587048935092,0.584919060217399,0.6558158321656129,0.5454894864996929,0.9123913018552449,1.0,0.42736077481840196,0.6586461992680462,0.0,0.4854721549636804,0.2852772100431763,1.0223081499107696,0.3709511982498698,0.0,0.3938742859996046,2017,0.0,0.0,0.010875460557316126,0.0
2017-09-04,0.421269437793312,0.8057065835640576,0.3418633812713254,0.6862479909979431,0.6355304737958666,1.060611627877806,1.0,0.42736077481840196,0.5069258557930089,1.0,0.4854721549636804,0.6822596472314609,0.6872272907576428,0.3709511982498698,0.5650535501784922,0.3938742859996046,2017,1.0,1.0,0.010796296454909073,1.0
2017-09-05,0.4750886970946328,0.2912114792966942,0.40996772473947224,0.9568752990672376,0.5860362980624029,0.8787093240538484,0.0,0.42736077481840196,0.5505185900250563,0.0,0.4854721549636804,0.17397615364264904,0.19179023863301345,0.3709511982498698,0.5506235883334968,0.3938742859996046,2017,0.0,0.0,0.010860129046019296,2.0
2017-09-06,0.4122241650419982,0.8217413831485156,0.2653899943744053,0.5008083062294177,0.6884970718192961,1.113018157403003,1.0,0.42736077481840196,0.24963917187226056,0.0,0.4854721549636804,0.7725225768200795,1.0725340837416892,0.3709511982498698,0.1012080927659994,0.3938742859996046,2017,0.0,0.0,0.011036668233822503,3.0
2017-09-07,0.8230531126368044,0.1625319904417512,0.45083475998041733,0.8532234721477819,0.48919726125070795,0.8382266314106253,1.0,0.42736077481840196,0.7937244913346047,0.0,0.4854721549636804,0.07929139941654323,0.5855125903643775,0.3709511982498698,0.4163796031245378,0.3938742859996046,2017,1.0,0.0,0.010915074145821687,4.0
2017-09-08,0.15853947652730455,0.7835041884958616,0.3252868666140827,0.5420860512035426,0.49224126699822557,0.7704108183372319,0.0,0.42736077481840196,0.19002867614694424,1.0,0.4854721549636804,0.6986891667392271,0.0,0.3709511982498698,1.337987481945125,0.3938742859996046,2017,0.0,0.0,0.011021011555878151,0.0
2017-09-11,0.1910764389933018,0.8636261644519587,0.5727197481332214,0.787717871901439,0.5068805781247486,0.6089275816971131,0.0,0.42736077481840196,0.09233297102412645,1.0,0.4854721549636804,0.8680940705227043,0.30453016268031025,0.3709511982498698,0.3013042075671743,0.3938742859996046,2017,0.0,1.0,0.011678535906963501,1.0
2017-09-12,0.815317504181343,0.40649573029107455,0.44522150204488503,0.9335916285769273,0.49596399258176344,1.001221172006039,1.0,0.42736077481840196,0.8972290984050441,1.0,0.4854721549636804,0.15067927070212855,0.18713826366560027,0.3709511982498698,0.6996784565916329,0.3938742859996046,2017,1.0,1.0,0.011677680985280856,2.0
2017-09-13,0.18789935688890905,0.8226407881892494,0.2799711540575267,0.5578832916358748,0.5961590491228695,0.9972374301888592,0.0,0.42736077481840196,0.15756547787542421,1.0,0.4854721549636804,0.8058743491139705,0.4863879003558686,0.3709511982498698,0.44902135231316964,0.3938742859996046,2017,0.0,1.0,0.012139028596916209,3.0
2017-09-14,0.7939047965295024,0.20335092288407383,0.3873019408784099,0.8575596417649471,0.5508456657831352,1.0530664259610119,1.0,0.42736077481840196,0.798455595462928,0.0,0.4854721549636804,0.12810096622755557,0.3120535310606785,0.3709511982498698,0.6101817524188505,0.3938742859996046,2017,1.0,0.0,0.01188550621681081,4.0
2017-09-15,0.11092823604172815,0.8679231498832589,0.3397649435383003,0.6777314808488365,0.3185056032529444,0.4761059511322092,0.0,0.42736077481840196,0.08887341880600898,1.0,0.4854721549636804,0.8615858969499555,0.0,0.3709511982498698,1.005820179727153,0.3938742859996046,2017,0.0,0.0,0.011622369584534255,0.0
2017-09-18,0.19674903631237936,0.8019121513599353,0.2986202429483213,0.7029750132285756,0.46217509791006217,0.8180448955182981,0.0,0.42736077481840196,0.12145163995543007,0.0,0.4854721549636804,0.7674947452188425,0.2883769833683765,0.3709511982498698,0.14653030013382096,0.3938742859996046,2017,0.0,0.0,0.011433467426857854,1.0
2017-09-19,0.8379508454408078,0.4908074507232773,0.4553897095824527,1.0790354198159873,0.3242958618953266,0.8381578091401174,1.0,0.42736077481840196,0.8945953616884783,1.0,0.4854721549636804,0.2298995967529773,0.34587917390465883,0.3709511982498698,1.0072379849449946,0.3938742859996046,2017,1.0,0.0,0.011293166773110038,2.0
2017-09-20,0.05650392213702664,0.8789448862692255,0.4140329380039635,0.933166339852509,0.5026500992506566,0.9507490639028263,0.0,0.42736077481840196,0.09241768924869927,1.0,0.4854721549636804,0.6118241565647651,0.05458493732110672,0.3709511982498698,0.8892508143322375,0.3938742859996046,2017,0.0,0.0,0.011125778068676536,3.0
2017-09-21,0.22520464370117366,0.7696009438285114,0.25014365942804895,0.5235030258083625,0.44191405151351365,0.7130972450436318,0.0,0.42736077481840196,0.16878892124170145,0.0,0.4854721549636804,0.745179925215767,0.5206043956043891,0.3709511982498698,0.01648351648351706,0.3938742859996046,2017,0.0,0.0,0.011278166368445955,4.0
2017-09-22,0.7481862396683467,0.5153832858029415,0.49105171850725854,0.7653267383900775,0.47694209292693085,0.7889001307998368,1.0,0.42736077481840196,0.8270936676957618,1.0,0.4854721549636804,0.2843450615803161,1.0805870106129085,0.3709511982498698,0.5502462804042038,0.3938742859996046,2017,0.0,1.0,0.010847030051996151,0.0
2017-09-25,0.6268237277751453,0.06347135477723007,0.2657294912319443,0.815634952427122,0.4683641413761404,0.912801952580845,1.0,0.42736077481840196,0.6270299783403812,0.0,0.4854721549636804,0.05473624382715997,0.21641975920329745,0.3709511982498698,1.2714660853193194,0.3938742859996046,2017,1.0,0.0,0.011001799927828487,1.0
2017-09-26,0.05434199768918583,0.831321737573506,0.424543056258122,0.6503974100237626,0.45550012942541734,0.7241485806203752,0.0,0.42736077481840196,0.039149860849703774,1.0,0.4854721549636804,0.7787830790501538,0.18053463855421686,0.3709511982498698,0.7919804216867432,0.3938742859996046,2017,0.0,0.0,0.011734662319186389,2.0
2017-09-27,0.1360708633186494,0.8261793566804009,0.3064790113458662,0.5557025600897246,0.5321783645031812,0.6765991899553643,0.0,0.42736077481840196,0.09495016582230204,1.0,0.4854721549636804,0.8354081243480336,0.4160792531910832,0.3709511982498698,0.322728138693093,0.3938742859996046,2017,0.0,1.0,0.01169459049995548,3.0
2017-09-28,0.7020490317464971,0.37410008269772865,0.5343719563390775,0.6946175186530865,0.5359093684777286,0.8354864363932378,1.0,0.42736077481840196,0.8141078837656522,1.0,0.4854721549636804,0.19146362159852706,0.21513403461147332,0.3709511982498698,0.7539871055310385,0.3938742859996046,2017,1.0,1.0,0.01144901749015164,4.0
2017-09-29,0.10607913708095743,0.8082777408789852,0.35178348727969994,0.6877417701010429,0.5186266913383407,0.7085834373250531,0.0,0.42736077481840196,0.1437399945414021,1.0,0.4854721549636804,0.7533013935192869,0.09206855320846068,0.3709511982498698,0.6375049820645564,0.3938742859996046,2017,0.0,0.0,0.011213244947280135,0.0
2017-10-02,0.20743422189033617,0.8232183970515564,0.35732972568416616,0.5243069695612103,0.4472071648880124,0.6712704130645514,0.0,0.42736077481840196,0.16968627946542064,1.0,0.4854721549636804,0.8495668714845679,0.27682243916943333,0.3709511982498698,0.16928490014370123,0.3938742859996046,2017,0.0,1.0,0.011343909514065383,1.0
2017-10-03,0.5832479842470237,0.6470462815965901,0.39825413181264097,0.9079477158516128,0.3776717400801702,0.6539998619393355,1.0,0.42736077481840196,0.6641012679618624,0.0,0.4854721549636804,0.5578535361623326,0.7546160571928193,0.3709511982498698,0.08136604433471327,0.3938742859996046,2017,1.0,0.0,0.010921904701985893,2.0
2017-10-04,0.3160200856517641,0.6498098562517051,0.4740674320976462,0.7888308250080089,0.41998257052736365,0.8054225902137193,0.0,0.42736077481840196,0.3447481727020545,1.0,0.4854721549636804,0.619839492454595,0.3224793215370011,0.3709511982498698,0.6134436184692775,0.3938742859996046,2017,0.0,0.0,0.01070627086383276,3.0
2017-10-05,0.1661325662031057,0.8265822059250376,0.48453082967838773,0.8557734209227812,0.3800411544189311,0.7557162316234716,0.0,0.42736077481840196,0.14099111869665706,1.0,0.4854721549636804,0.7882676681176742,0.6207589049783218,0.3709511982498698,0.5549096290032758,0.3938742859996046,2017,0.0,1.0,0.010659669134506089,4.0
2017-10-06,0.7681575006754429,0.09024359033920892,0.4619812000407355,0.808066365698857,0.35357527263119265,0.7403617154968747,1.0,0.42736077481840196,0.7942934146205386,0.0,0.4854721549636804,0.07401635128719322,0.6783002952340654,0.3709511982498698,0.088570223534377,0.3938742859996046,2017,0.0,0.0,0.010616921025735178,0.0
2017-10-09,0.7581773883265283,0.2606221897690141,0.506328026797558,0.877441277962086,0.3784832397937173,0.9348887281659366,1.0,0.42736077481840196,0.8232573015121428,0.0,0.4854721549636804,0.1882348599051205,0.7478431575140719,0.3709511982498698,0.12873895748307912,0.3938742859996046,2017,0.0,0.0,0.010770679180989918,1.0
2017-10-10,0.3822302593459348,0.5816021006088397,0.3747685822236092,0.5269506358859888,0.47427960314851825,0.9589059230054846,0.0,0.42736077481840196,0.4269778404188653,0.0,0.4854721549636804,0.4857318188485547,0.44414521167726795,0.3709511982498698,0.23376063772486705,0.3938742859996046,2017,0.0,0.0,0.010300218697953804,2.0
2017-10-11,0.82202853902808,0.38058586140521966,0.5765617424605286,0.9163065978571178,0.42891544854734737,1.188377742432606,1.0,0.42736077481840196,0.7909191985332833,0.0,0.4854721549636804,0.24692633622058446,0.45096414166528087,0.3709511982498698,0.15161058622023635,0.3938742859996046,2017,1.0,0.0,0.010010187726278668,3.0
2017-10-12,0.4827877423015959,0.6761821889507119,0.41396131763357397,0.8570791568153282,0.6181814978705952,0.9566088311882454,1.0,0.42736077481840196,0.5668230902415666,0.0,0.4854721549636804,0.5646224987350336,0.8038240495136968,0.3709511982498698,0.19341290893015076,0.3938742859996046,2017,0.0,0.0,0.009994907546000522,4.0
2017-10-13,0.7748197713642212,0.1768335381031612,0.30622089150779525,0.6719579323053225,0.3441506822701418,0.8037472729083621,1.0,0.42736077481840196,0.8283882025961858,1.0,0.4854721549636804,0.08544861318023209,0.21379673512374192,0.3709511982498698,1.0607922298285724,0.3938742859996046,2017,1.0,1.0,0.009367313114128709,0.0
2017-10-16,0.09545408578268366,0.8507990306515674,0.35007084899785124,0.8852818380358568,0.5911864923300889,0.826810546112183,0.0,0.42736077481840196,0.11755004406011103,1.0,0.4854721549636804,0.5887018164053995,0.10350260574476096,0.3709511982498698,1.1512543934068593,0.3938742859996046,2017,0.0,0.0,0.009103165531758987,1.0
2017-10-17,0.18508389062855948,0.7418014518597169,0.20076028274554825,0.4857834004637766,0.5747469387314222,0.723486901945798,0.0,0.42736077481840196,0.10607707175265668,1.0,0.4854721549636804,0.6582234726398646,0.32571947894576847,0.3709511982498698,0.6819751590427335,0.3938742859996046,2017,0.0,0.0,0.009175398258425426,2.0
2017-10-18,0.2513969571114729,0.6964734884551554,0.26406997430807083,0.4973370856949686,0.4977039836712158,0.5823197172742697,1.0,0.42736077481840196,0.22847704302736613,1.0,0.4854721549636804,0.6307557424166534,0.8340066324992402,0.3709511982498698,0.3638227313837968,0.3938742859996046,2017,0.0,1.0,0.009250397122867094,3.0
2017-10-19,0.6598025448123349,0.17129661948359415,0.327624989964492,0.7514689177609358,0.4220691541516147,0.8003275086239869,1.0,0.42736077481840196,0.7531691013905529,0.0,0.4854721549636804,0.0887085807049796,0.12668918918918973,0.3709511982498698,0.9847972972973084,0.3938742859996046,2017,1.0,0.0,0.009182351891921197,4.0
2017-10-20,0.1614689983799725,0.739913102479757,0.27830075737032994,0.6357108512910041,0.5559768112663477,1.0465177238556882,0.0,0.42736077481840196,0.120668228471223,1.0,0.4854721549636804,0.7319425958292604,0.22687878428113736,0.3709511982498698,0.658197791760645,0.3938742859996046,2017,0.0,1.0,0.009397953047054444,0.0
2017-10-23,0.7112839666396236,0.2716803633657675,0.5243214010619033,0.8884864530249643,0.5129053737313183,0.8208798628523679,1.0,0.42736077481840196,0.7803449388157144,0.0,0.4854721549636804,0.16897717923905758,0.14350243224461334,0.3709511982498698,0.660759786889053,0.3938742859996046,2017,1.0,0.0,0.00962322949964553,1.0
2017-10-24,0.30340884597000056,0.7347289455226222,0.41926073820143683,0.8458553695726045,0.4886076423523721,1.0587696214206932,0.0,0.42736077481840196,0.2612836476045865,1.0,0.4854721549636804,0.7128872898635278,0.28656646587519813,0.3709511982498698,0.4511374934206683,0.3938742859996046,2017,0.0,1.0,0.009568764829654807,2.0
2017-10-25,0.5956448118624224,0.46435788885804846,0.49795915000606267,1.0901657835151817,0.43422944791378276,1.136980707003542,1.0,0.42736077481840196,0.6897702338502341,1.0,0.4854721549636804,0.31566101266310287,0.43532858936794133,0.3709511982498698,0.9727919631645164,0.3938742859996046,2017,1.0,0.0,0.009352636276797294,3.0
2017-10-26,0.04028417677983275,0.8462892229151802,0.3545142918077145,0.49423762030446466,0.416627125846386,0.6126614762062295,0.0,0.42736077481840196,0.045927452703034985,1.0,0.4854721549636804,0.7627399010128644,0.5911037107516769,0.3709511982498698,0.2780685061845795,0.3938742859996046,2017,0.0,1.0,0.009481708692318095,4.0
2017-10-27,0.7959649395389927,0.196468947326919,0.37785856462915896,0.8005468776928678,0.4137791664791484,0.9402406779431108,1.0,0.42736077481840196,0.864473272438874,0.0,0.4854721549636804,0.1047735850772603,0.41364960466084283,0.3709511982498698,0.4086558468581008,0.3938742859996046,2017,0.0,0.0,0.009433073462562122,0.0
2017-10-30,0.5827378544659393,0.38024549077861614,0.4693404072188905,0.8187227361186736,0.42326284834045763,0.8077488716186325,0.0,0.42736077481840196,0.6991776727982484,1.0,0.4854721549636804,0.2619211407390671,0.1611134542387245,0.3709511982498698,0.7161535217207926,0.3938742859996046,2017,0.0,1.0,0.009290388307668209,1.0
2017-10-31,0.3841409017418913,0.6886225694658337,0.32243674651702425,0.5259421899182034,0.5015720538426918,0.9606301899062273,1.0,0.42736077481840196,0.24697374478885686,0.0,0.4854721549636804,0.6924795078468967,0.848966423706542,0.3709511982498698,0.2350340542478143,0.3938742859996046,2017,1.0,0.0,0.009409354713222136,2.0
2017-11-01,0.300902455013443,0.5073249971812376,0.4155437530110304,0.7376273215029062,0.42127240451552544,0.8436617082977834,1.0,0.42736077481840196,0.408913134568228,0.0,0.4854721549636804,0.4033084792041734,0.7862068965517267,0.3709511982498698,0.08924949290060093,0.3938742859996046,2017,1.0,0.0,0.009671824973319127,3.0
2017-11-02,0.2138353465381045,0.7670099201085018,0.31640229762734773,0.6101545427501744,0.4442481115549246,0.8345263861112956,0.0,0.42736077481840196,0.2339434768891126,1.0,0.4854721549636804,0.7192248149155205,0.3655030800821195,0.3709511982498698,0.850924024640665,0.3938742859996046,2017,0.0,0.0,0.009544153960725933,4.0
2017-11-03,0.19241079883888826,0.6449447524917746,0.27981859020990263,0.5178756157649081,0.5500918856039008,0.9365171906407318,1.0,0.42736077481840196,0.14015474216196874,0.0,0.4854721549636804,0.6173103084244045,1.0997053624042334,0.3709511982498698,0.2928697701826707,0.3938742859996046,2017,0.0,0.0,0.009548717590909785,0.0
2017-11-06,0.6628162447903152,0.12279127634417362,0.32904335411015545,0.8316683179997229,0.48850167351733265,0.7347446061823166,0.0,0.42736077481840196,0.7162424644276307,0.0,0.4854721549636804,0.06793770431413268,0.004074742418083386,0.3709511982498698,0.8027242563594993,0.3938742859996046,2017,0.0,0.0,0.009574602084687238,1.0
2017-11-07,0.44408697667952923,0.6853761157915779,0.3780164421840631,0.6693406357251476,0.4479718317187422,0.7685729593841792,1.0,0.42736077481840196,0.2777316632173037,0.0,0.4854721549636804,0.6873798190320825,1.0017077910605836,0.3709511982498698,0.0,0.3938742859996046,2017,1.0,0.0,0.00951376220804893,2.0
2017-11-08,0.30448745698849183,0.6697939795356455,0.29954894365515317,0.5985952174272678,0.45858008224830527,1.081700252132334,1.0,0.42736077481840196,0.4522410621846981,0.0,0.4854721549636804,0.415800852913101,0.6058294093103829,0.3709511982498698,0.11098527746318745,0.3938742859996046,2017,1.0,0.0,0.009353980445681469,3.0
2017-11-09,0.478170740751759,0.626964864607886,0.4357726425922034,0.9329879764915514,0.3681552724644564,0.9158523875072004,0.0,0.42736077481840196,0.6137656728645282,1.0,0.4854721549636804,0.4205826463265455,0.18529411764706555,0.3709511982498698,0.9848039215686274,0.3938742859996046,2017,0.0,0.0,0.00907361302152427,4.0
2017-11-10,0.1402688221035545,0.8021868602554411,0.22447984173439722,0.6546483356360668,0.5663301757735516,0.9861212718170951,0.0,0.42736077481840196,0.09543057307339983,0.0,0.4854721549636804,0.7520770835701384,0.3546543113303878,0.3709511982498698,0.13731271436308717,0.3938742859996046,2017,0.0,0.0,0.00930751714041534,0.0
2017-11-13,0.6931954155386052,0.6527920870268983,0.40459932655784536,0.8153643453701583,0.47517080100634246,0.872318672201016,1.0,0.42736077481840196,0.8031778797396601,1.0,0.4854721549636804,0.34690316800599497,0.4680772315094741,0.3709511982498698,0.7072975140336839,0.3938742859996046,2017,0.0,1.0,0.009060473954840172,1.0
2017-11-14,0.4625932947821355,0.25724576256668075,0.27737450926871177,0.7680568812139899,0.4849357727874179,0.7955385568197552,1.0,0.42736077481840196,0.5762330849113652,0.0,0.4854721549636804,0.19612178989746598,0.7969527922740072,0.3709511982498698,0.2754483834203267,0.3938742859996046,2017,1.0,0.0,0.00930381293928164,2.0
2017-11-15,0.12046928290071296,0.8026002501210897,0.25214709577271527,0.5459196459575419,0.5384475752006793,0.9588716490066346,0.0,0.42736077481840196,0.10644033086188419,1.0,0.4854721549636804,0.7763459411276039,0.31845567441286904,0.3709511982498698,0.2547645395303109,0.3938742859996046,2017,0.0,1.0,0.009091783076070073,3.0
2017-11-16,0.5690318394442193,0.6830692210902293,0.3310715133379771,1.0953819263584152,0.4855357810394083,0.8489533547451037,1.0,0.42736077481840196,0.5873755484939639,0.0,0.4854721549636804,0.549808664131731,1.6292799597180236,0.3709511982498698,0.018504531722057547,0.3938742859996046,2017,0.0,0.0,0.00887779288949586,4.0
2017-11-17,0.6376796837648478,0.14868784461967532,0.27501610035380014,0.7334937553235863,0.45166487373193004,0.8506303204166958,0.0,0.42736077481840196,0.6000318092860314,1.0,0.4854721549636804,0.07104276783224642,0.05843768634466679,0.3709511982498698,1.641264162194399,0.3938742859996046,2017,0.0,0.0,0.009257439625153753,0.0
2017-11-20,0.07063328422688672,0.7727638722209867,0.3930160618313426,0.6194762726601664,0.5504624461665351,0.806615194442839,0.0,0.42736077481840196,0.03099534450307424,0.0,0.4854721549636804,0.7093165562525526,0.6296296296296292,0.3709511982498698,0.03782505910165621,0.3938742859996046,2017,0.0,0.0,0.009940700470792846,1.0
2017-11-21,0.4881482298545396,0.7235530564680472,0.33980967465871864,0.9910627169612934,0.4561501320473329,0.8503772908063353,1.0,0.42736077481840196,0.5448493634578623,0.0,0.4854721549636804,0.5333836286189675,1.1649823872495098,0.3709511982498698,0.10024831090835651,0.3938742859996046,2017,0.0,0.0,0.009662523114281936,2.0
2017-11-22,0.6490439162532085,0.23401278465818703,0.19515799295935762,0.789020715630286,0.5402075568011576,1.0961490227829693,0.0,0.42736077481840196,0.680386656920596,0.0,0.4854721549636804,0.11781662279447648,0.12660787507724405,0.3709511982498698,0.38768746840420615,0.3938742859996046,2017,0.0,0.0,0.009844037011765523,3.0
2017-11-23,0.7306925111695789,0.6095331331394882,0.4573478297261768,1.1722705437866447,0.41386868717600256,1.1030391854603085,0.0,0.42736077481840196,0.7153533077549059,1.0,0.4854721549636804,0.431315589616436,0.16658812441093113,0.3709511982498698,0.4560556079170559,0.3938742859996046,2017,0.0,1.0,0.009392061008562203,4.0
2017-11-24,0.4996945777771194,0.7040532589890964,0.33637601102017706,0.8451618991804395,0.3688357688822035,0.8364646184301556,1.0,0.42736077481840196,0.3876159289497078,0.0,0.4854721549636804,0.6877196527421859,0.9503210122794846,0.3709511982498698,0.1387521037212614,0.3938742859996046,2017,0.0,0.0,0.008895786824942168,0.0
2017-11-27,0.42651025992030184,0.5025126402342492,0.2397925442059451,0.6429594300697831,0.4894767447958585,1.121134341437622,0.0,0.42736077481840196,0.5135064694755911,0.0,0.4854721549636804,0.2967207935076096,0.26967670695050167,0.3709511982498698,0.30832464265995163,0.3938742859996046,2017,0.0,0.0,0.008997358361013718,1.0
2017-11-28,0.6024022944503359,0.7300895900402905,0.38594443718152877,1.056916447273633,0.44395172620119844,1.1312712182008573,0.0,0.42736077481840196,0.5083084465227146,1.0,0.4854721549636804,0.6197652457235083,0.2745098039215603,0.3709511982498698,1.0305222412589714,0.3938742859996046,2017,0.0,0.0,0.008702773688122754,2.0
2017-11-29,0.16348574220165893,0.8078158827778623,0.24030055601250744,0.7545301528633763,0.4774503504924276,1.034450564961511,0.0,0.42736077481840196,0.06406054147195259,1.0,0.4854721549636804,0.7737138515460898,0.15822591483903614,0.3709511982498698,1.123831632964736,0.3938742859996046,2017,0.0,0.0,0.009110997317184519,3.0
2017-11-30,0.26765203792796255,0.624755061988762,0.29772114439365144,0.6374858535404593,0.47594499533367823,0.8798112914288579,1.0,0.42736077481840196,0.1278535733244827,0.0,0.4854721549636804,0.5985535819506889,1.2274600096946187,0.3709511982498698,0.26466311197284514,0.3938742859996046,2017,1.0,0.0,0.009248694849109115,4.0
2017-12-01,0.19053793635576446,0.500169321962004,0.2987980001706312,0.5971869452914723,0.48304348162859656,0.9762124834146331,0.0,0.42736077481840196,0.27672390880517617,1.0,0.4854721549636804,0.31622185496750443,0.0,0.3709511982498698,0.7364669947395341,0.3938742859996046,2017,0.0,1.0,0.009864434470336973,0.0
2017-12-04,0.8013653089579148,0.3746739785901858,0.5412232622168309,0.9578767824789706,0.3798951435250094,0.8762963738072643,0.0,0.42736077481840196,0.8024839487623927,1.0,0.4854721549636804,0.3198321698356319,0.08603896103895638,0.3709511982498698,1.2167207792207766,0.3938742859996046,2017,0.0,0.0,0.009656686000940613,1.0
2017-12-05,0.2153365261548185,0.6066222491627244,0.3810387450769543,0.7262301643580028,0.5287935324045152,1.142132422913803,0.0,0.42736077481840196,0.1228315883810748,0.0,0.4854721549636804,0.6017857335964699,0.28117888029130383,0.3709511982498698,0.254893035958128,0.3938742859996046,2017,0.0,0.0,0.009919866711668047,2.0
2017-12-06,0.4031238317604243,0.8300526336701856,0.4319972631581108,0.8030181347737851,0.3663153179883606,0.7942857041407421,0.0,0.42736077481840196,0.24149413822980112,1.0,0.4854721549636804,0.8698689589464191,0.09713928226127706,0.3709511982498698,1.5359153728032697,0.3938742859996046,2017,0.0,0.0,0.009943538481375185,3.0
2017-12-07,0.06529329229546296,0.8253928958907418,0.40839640505214214,0.7693269062607436,0.6030526148259735,0.9577044565321511,0.0,0.42736077481840196,0.03548339091309099,1.0,0.4854721549636804,0.6732792597189915,0.4247917135780301,0.3709511982498698,0.2403737896870034,0.3938742859996046,2017,0.0,1.0,0.010177073283635808,4.0
2017-12-08,0.4910730309141631,0.5723688383465565,0.3438184880553446,0.7600686959182781,0.6111971415187699,0.9978406223414849,0.0,0.42736077481840196,0.535873485678979,1.0,0.4854721549636804,0.513041953983946,0.2897658701424138,0.3709511982498698,0.6251508568670113,0.3938742859996046,2017,0.0,0.0,0.00948527012872541,0.0
2017-12-11,0.17372488373738637,0.8261376401310531,0.4306448162041997,0.6287050896539305,0.3673280951569385,0.754011076906724,0.0,0.42736077481840196,0.1365877039173065,1.0,0.4854721549636804,0.8142422583074261,0.3498334126606408,0.3709511982498698,0.4597810566396928,0.3938742859996046,2017,0.0,1.0,0.009667604208007661,1.0
2017-12-12,0.7871566838616731,0.2542282317719878,0.3849327107429324,0.68446967066763,0.40439657227642817,1.056746599539457,1.0,0.42736077481840196,0.7483340899514287,0.0,0.4854721549636804,0.2116531438227925,1.1016959605303687,0.3709511982498698,0.3462226333641866,0.3938742859996046,2017,0.0,0.0,0.009309431375453446,2.0
2017-12-13,0.8485531321522195,0.053895964646083254,0.39681832367170655,0.8829874408891555,0.3668598041014249,0.7892881747410669,1.0,0.42736077481840196,0.6985321208430118,0.0,0.4854721549636804,0.0757865984371883,0.2875043508527817,0.3709511982498698,0.40851606914954974,0.3938742859996046,2017,1.0,0.0,0.009808149902305443,3.0
2017-12-14,0.3569217558593219,0.7234204452944306,0.5292264008821761,0.8320056745006266,0.3555085381917622,0.8215950595584972,1.0,0.42736077481840196,0.28498879525908233,0.0,0.4854721549636804,0.765349727886198,0.7524798154555855,0.3709511982498698,0.0,0.3938742859996046,2017,1.0,0.0,0.009889583428388965,4.0
2017-12-15,0.30554886323221614,0.7126107524840181,0.4828125952117409,0.6259530827004417,0.5071874476038098,1.1562096742946475,1.0,0.42736077481840196,0.3157602533481498,0.0,0.4854721549636804,0.7152139755784747,0.7286184210526203,0.3709511982498698,0.1907894736842045,0.3938742859996046,2017,0.0,0.0,0.009689551858226597,0.0
2017-12-18,0.6724462411005147,0.34729138169311946,0.37771300509844713,0.7558667743692654,0.41151941108899787,0.8032485089451689,1.0,0.42736077481840196,0.7635823032901314,0.0,0.4854721549636804,0.18080565479437347,0.26607132634952757,0.3709511982498698,0.21397904860038303,0.3938742859996046,2017,1.0,0.0,0.00988924767218582,1.0
2017-12-19,0.48750422600335813,0.6991139061677049,0.6786259000446296,1.018527956526983,0.39458916630134294,1.069028872130564,1.0,0.42736077481840196,0.48868995946497507,0.0,0.4854721549636804,0.7017607369147526,0.5456955238267372,0.3709511982498698,0.006747394421344528,0.3938742859996046,2017,0.0,0.0,0.009400314419818442,2.0
2017-12-20,0.6130665116979626,0.6642801998976209,0.4083526980833305,0.9867068660628483,0.4903025285908124,0.971997954807552,1.0,0.42736077481840196,0.6976768942529962,0.0,0.4854721549636804,0.4397964670077448,0.3314503332275476,0.3709511982498698,0.22037448429068218,0.3938742859996046,2017,1.0,0.0,0.008895260076966184,3.0
2017-12-21,0.5606146251688253,0.6683577422108442,0.5151058018261732,1.0701062374588846,0.41443212181974154,0.8958802712305948,1.0,0.42736077481840196,0.6707287395485432,0.0,0.4854721549636804,0.4528192935761567,0.9204351098036636,0.3709511982498698,0.14271054251898532,0.3938742859996046,2017,0.0,0.0,0.00824486057008387,4.0
2017-12-22,0.7230534514354215,0.28769948613069446,0.38374971623835197,0.9552199175000207,0.44898969913300335,0.9567596354754359,1.0,0.42736077481840196,0.7913523194921281,0.0,0.4854721549636804,0.10913219132702366,0.8297627897546769,0.3709511982498698,0.0,0.3938742859996046,2017,0.0,0.0,0.00829041612880093,0.0
2017-12-26,0.7391897903226513,0.47907614981063223,0.43842974470605905,0.7929186508518173,0.4530819589911862,1.0260996948625216,1.0,0.42736077481840196,0.8519065124832971,0.0,0.4854721549636804,0.19712375516909797,0.615964176558395,0.3709511982498698,0.14030847963606458,0.3938742859996046,2017,0.0,0.0,0.007835211615872487,2.0
2017-12-27,0.7062778038309662,0.5406691140652541,0.4348149390355915,0.9905806325512329,0.5274774853580689,1.1035669425183006,1.0,0.42736077481840196,0.7587609530033548,0.0,0.4854721549636804,0.25582312510071403,0.8050296693981215,0.3709511982498698,0.005933879627030363,0.3938742859996046,2017,0.0,0.0,0.007857259417221816,3.0
2017-12-28,0.8147673468017376,0.36721666920672946,0.49157967693934734,0.969114748375601,0.49673724816624704,1.1726647091768994,1.0,0.42736077481840196,0.858792042270696,0.0,0.4854721549636804,0.10860438189982836,1.3842940038684666,0.3709511982498698,0.10723404255319229,0.3938742859996046,2017,0.0,0.0,0.007131105302011287,4.0
2017-12-29,0.39521497438794984,0.5103086353791583,0.5262607806937428,0.8208570775753713,0.5105500831189934,1.0090178466151705,1.0,0.42736077481840196,0.41583492299889235,0.0,0.4854721549636804,0.1852584155842248,1.6987665329172146,0.3709511982498698,0.0,0.3938742859996046,2017,0.0,0.0,0.0073807659148793425,0.0
2018-01-02,0.8080970821135537,0.22855693687988063,0.5327831432169701,1.164013162697923,0.4639728305220041,0.9376851690711951,1.0,0.45244690674053556,0.8234373545248261,1.0,0.4792243767313019,0.11643834701372881,0.4027698458023961,0.37489604701446533,0.9974300399771583,0.38768746840420615,2018,1.0,1.0,0.007595911395493855,2.0
2018-01-03,0.1963156121760849,0.6740140565606898,0.286286018154034,1.0476774455797497,0.6495044607017473,1.0652440373489551,1.0,0.45244690674053556,0.17784304584053953,1.0,0.4792243767313019,0.4547095809772849,1.2625891805777036,0.37489604701446533,0.6914178846020532,0.38768746840420615,2018,0.0,1.0,0.007854716311825213,3.0
2018-01-04,0.6226234367587986,0.07918005905100188,0.4947460178448646,1.12871247269785,0.5235639683160417,0.9479756685308289,0.0,0.45244690674053556,0.40596186452416694,0.0,0.4792243767313019,0.05555708113296248,0.07296108291031987,0.37489604701446533,0.847106598984778,0.38768746840420615,2018,0.0,0.0,0.00798031791642135,4.0
2018-01-05,0.5681435283054758,0.5768123852190453,0.4356761574084703,0.8767218187709261,0.5976705583408214,1.1572582883405265,0.0,0.45244690674053556,0.49081088615784224,0.0,0.4792243767313019,0.4362056204165876,0.2745651151857151,0.37489604701446533,0.4118476727785512,0.38768746840420615,2018,0.0,0.0,0.008062620825594159,0.0
2018-01-08,0.7796223036874512,0.538623718686203,0.40508086891638334,1.0669331680831113,0.5588860653816496,1.1145053854655493,0.0,0.45244690674053556,0.7703106240072749,1.0,0.4792243767313019,0.3179969468581051,0.017158030911675046,0.37489604701446533,1.0962075304691248,0.38768746840420615,2018,0.0,0.0,0.007946547604619335,1.0
2018-01-09,0.3573097821813984,0.6778302497400084,0.35638146222052774,1.043247139144775,0.5202525341693084,0.9261579535648077,1.0,0.45244690674053556,0.18851514644621306,1.0,0.4792243767313019,0.6168571135045607,1.4316346610572002,0.37489604701446533,0.4198955011196387,0.38768746840420615,2018,1.0,1.0,0.008020074949088806,2.0
2018-01-10,0.11442877109481517,0.502441316832516,0.37167711961190597,0.925015328026207,0.5436046638303874,0.9469715931077295,0.0,0.45244690674053556,0.14922373921284235,0.0,0.4792243767313019,0.2781310956026175,0.6509604028097251,0.37489604701446533,0.07223223721016352,0.38768746840420615,2018,0.0,0.0,0.00872922420763039,3.0
2018-01-11,0.7943668739739206,0.5684344492609394,0.5306188769225157,1.1096100791466492,0.5891215607726782,1.0882368282919646,1.0,0.45244690674053556,0.8142755011556253,0.0,0.4792243767313019,0.2581269569024852,1.472913976511113,0.37489604701446533,0.06456373362848197,0.38768746840420615,2018,0.0,0.0,0.008786412854970952,4.0
2018-01-12,0.7708765710765378,0.11142324960080319,0.43770299188588163,0.9564981312018112,0.4807115639157473,0.8210305670894986,1.0,0.45244690674053556,0.7052566932996376,0.0,0.4792243767313019,0.06990879725664162,0.5759697039247065,0.37489604701446533,0.130938719302281,0.38768746840420615,2018,0.0,0.0,0.009308108650858333,0.0
2018-01-15,0.6152101244203104,0.6726532758424373,0.4851081552423922,1.0801183723217678,0.5465837816396344,1.036675338097626,0.0,0.45244690674053556,0.6442676190119024,1.0,0.4792243767313019,0.44017801311787697,0.10338411443190933,0.37489604701446533,0.7448540527968266,0.38768746840420615,2018,0.0,1.0,0.009161634284691461,1.0
2018-01-16,0.6924677927419425,0.4602764477849374,0.4195926913496007,1.0988230552352272,0.600836842539948,0.9892804880734178,1.0,0.45244690674053556,0.5789365765958588,1.0,0.4792243767313019,0.40875578090731934,0.45798537119160204,0.37489604701446533,0.9917640960663646,0.38768746840420615,2018,1.0,0.0,0.009268195298804932,2.0
2018-01-17,0.033659292890558204,0.9294575384056765,0.5230645535818141,0.9738676236037559,0.37355588429555414,0.9572348122709127,0.0,0.45244690674053556,0.03841386095082341,1.0,0.4792243767313019,0.7941426284886342,0.5333405793163415,0.37489604701446533,0.14151404814956697,0.38768746840420615,2018,0.0,1.0,0.009912644183425653,3.0
2018-01-18,0.37971840695143233,0.8077469519243435,0.48630416136979276,0.9222786513886919,0.41037794622702967,0.9394380030204215,1.0,0.45244690674053556,0.36823155576803734,0.0,0.4792243767313019,0.7191851248434892,0.8626813948451466,0.37489604701446533,0.030322720381189598,0.38768746840420615,2018,1.0,0.0,0.009944237317705128,4.0
2018-01-19,0.2826034097190522,0.741049148986652,0.4043039859122593,0.6539508890447511,0.47382865228751503,0.7380801829345852,0.0,0.45244690674053556,0.4360078119967627,0.0,0.4792243767313019,0.5018599866158886,0.32951995183096733,0.37489604701446533,0.22913131534293157,0.38768746840420615,2018,0.0,0.0,0.009802501250195836,0.0
2018-01-22,0.7803514369610647,0.5503110965752711,0.41383276118364976,0.9769089888276444,0.7108967636643176,1.0643257323548991,1.0,0.45244690674053556,0.8108849117478394,0.0,0.4792243767313019,0.3387175305013951,0.6385257702274754,0.37489604701446533,0.20397350993377278,0.38768746840420615,2018,0.0,0.0,0.009299911847653887,1.0
2018-01-23,0.8337736673491842,0.27529492717611115,0.5499812731924644,1.1507410168453138,0.38692252471998717,1.0063621020771778,1.0,0.45244690674053556,0.8629996154378309,0.0,0.4792243767313019,0.1396194439494394,1.7177964606972884,0.37489604701446533,0.14321829619613227,0.38768746840420615,2018,0.0,0.0,0.00905926202886138,2.0
2018-01-24,0.706360510375012,0.07624778055920564,0.5070642787089609,1.2890009593252616,0.5403228686051904,0.935442807165234,1.0,0.45244690674053556,0.48896997450548507,0.0,0.4792243767313019,0.05178441549792569,0.6288032454361056,0.37489604701446533,1.2843813387424063,0.38768746840420615,2018,1.0,0.0,0.009074911275715313,3.0
2018-01-25,0.029984073504719155,0.8374198803669126,0.5029863759554696,0.8271669807205447,0.592725351828193,0.9838195192099205,0.0,0.45244690674053556,0.04725124591488802,0.0,0.4792243767313019,0.4906598039208388,0.6743911597468094,0.37489604701446533,0.2786181740156662,0.38768746840420615,2018,0.0,0.0,0.009877979767150555,4.0
2018-01-26,0.34972984222080716,0.7525015753984073,0.474988915961412,0.7634033554416616,0.5122619184182056,0.7697416561828668,0.0,0.45244690674053556,0.4172093373984629,1.0,0.4792243767313019,0.5002776112868714,0.1686043480527564,0.37489604701446533,0.9101715239038644,0.38768746840420615,2018,0.0,0.0,0.010148902779850142,0.0
2018-01-29,0.16968709195580364,0.7892102807437231,0.32632020153996616,0.5419862535656242,0.49477668667760727,0.7284402831486404,0.0,0.45244690674053556,0.12907173640234787,1.0,0.4792243767313019,0.7387588056025308,0.6184392796675308,0.37489604701446533,0.42019393566262264,0.38768746840420615,2018,0.0,1.0,0.010388108384676078,1.0
2018-01-30,0.1834778222006686,0.7288767167452234,0.3627501987927155,0.6781247261501603,0.5245635019668581,0.8254851700991487,0.0,0.45244690674053556,0.20695240456520764,1.0,0.4792243767313019,0.6270588222463409,0.6724246892774459,0.37489604701446533,0.4246892774383807,0.38768746840420615,2018,0.0,1.0,0.010134240796563727,2.0
2018-01-31,0.7143745898113132,0.2683686617481877,0.3226598263024577,0.8226271319291188,0.5155276786076829,1.0242153072113973,1.0,0.45244690674053556,0.7232568061945314,0.0,0.4792243767313019,0.16881991831764018,0.4368541613642215,0.37489604701446533,0.5451768897938296,0.38768746840420615,2018,0.0,0.0,0.010434216368839616,3.0
2018-02-01,0.8078378880810119,0.18714033029785762,0.5549922342483488,0.9566984063066932,0.31915951355442146,0.7109629631947743,0.0,0.45244690674053556,0.7321760927957429,1.0,0.4792243767313019,0.18642745516424955,0.10043146020690073,0.37489604701446533,1.5464989343452695,0.38768746840420615,2018,0.0,0.0,0.010188948669139108,4.0
2018-02-02,0.0880905081895148,0.6591740925499238,0.22329307849470512,0.6643752947592187,0.4914465673201354,0.9086637529695413,0.0,0.45244690674053556,0.062238603152626346,0.0,0.4792243767313019,0.59169580894914,0.5947623666343335,0.37489604701446533,0.2661493695441362,0.38768746840420615,2018,0.0,0.0,0.011051014742546756,0.0
2018-02-05,0.7890767420313077,0.3204924229002607,0.4128393792576166,0.6377260140531926,0.4798233053450835,0.9069139274986576,1.0,0.45244690674053556,0.7927250194888428,1.0,0.4792243767313019,0.20864358072322803,0.448623237071863,0.37489604701446533,1.2907991940899906,0.38768746840420615,2018,1.0,0.0,0.011117416040736522,1.0
2018-02-06,0.025670975434702505,0.7773913249921509,0.33775462599774,0.6911362773164159,0.5627307361268806,0.8224583879067117,0.0,0.45244690674053556,0.03776419461632628,1.0,0.4792243767313019,0.611581124611977,0.5182549218966608,0.37489604701446533,0.8359367778907495,0.38768746840420615,2018,0.0,0.0,0.01167182525597863,2.0
2018-02-07,0.15419766898646983,0.5919786475891856,0.28777836079029545,0.7525662519275934,0.5099066038426527,0.8864817289330679,0.0,0.45244690674053556,0.1655651341246597,1.0,0.4792243767313019,0.531468535987076,0.23594817019785747,0.37489604701446533,0.6900717912799833,0.38768746840420615,2018,0.0,1.0,0.012378163627575753,3.0
2018-02-08,0.6131171066584864,0.28744012866868435,0.4422210991834627,0.7029162331222463,0.4883526829450339,0.8053751669008513,1.0,0.45244690674053556,0.7037544651647119,0.0,0.4792243767313019,0.2525043772570828,0.23739051646027334,0.37489604701446533,0.4614919963757221,0.38768746840420615,2018,1.0,0.0,0.01255441129631599,4.0
2018-02-09,0.4222254474704435,0.5431204284425293,0.3937521583120653,0.7152573365125376,0.32780894908346936,0.8735389776839172,1.0,0.45244690674053556,0.4769001445282994,0.0,0.4792243767313019,0.6160864756432047,0.634018216479561,0.37489604701446533,0.11446727388265546,0.38768746840420615,2018,1.0,0.0,0.012812482359429108,0.0
2018-02-12,0.4639201518587419,0.49282681329295064,0.3899659903735042,0.7194804345714637,0.4721469947984558,0.7702986887775168,1.0,0.45244690674053556,0.7073601755714911,0.0,0.4792243767313019,0.35858109955954204,0.5048274704055146,0.37489604701446533,0.04936613214675015,0.38768746840420615,2018,0.0,0.0,0.012868076022229367,1.0
2018-02-13,0.7427410061825861,0.34810983212549007,0.46905990984050006,0.8113429503528728,0.4003757689257134,0.9019804271511889,1.0,0.45244690674053556,0.8548240567406938,1.0,0.4792243767313019,0.27818740218855614,1.6429968005687738,0.37489604701446533,0.7073409171702861,0.38768746840420615,2018,0.0,1.0,0.012093567150896626,2.0
2018-02-14,0.5364497186021383,0.015418075341229869,0.30569501116073233,0.6226396711927449,0.3410648840854763,0.6606878526313628,1.0,0.45244690674053556,0.33399331479745104,0.0,0.4792243767313019,0.031589217718217155,0.4002675137936744,0.37489604701446533,0.10182243771944524,0.38768746840420615,2018,1.0,0.0,0.01265613857635901,3.0
2018-02-15,0.6209580596924257,0.5285437761316097,0.6450183735830872,0.9576918329319432,0.32921162022202227,0.4946254435471402,1.0,0.45244690674053556,0.6794526221756836,1.0,0.4792243767313019,0.5537599393138153,0.5102709139624844,0.37489604701446533,0.4983626079190163,0.38768746840420615,2018,1.0,0.0,0.012412788978891994,4.0
2018-02-16,0.09200597104006794,0.8169895737005429,0.36314719028621795,0.5940713223553215,0.39040668916611354,0.606542486754688,0.0,0.45244690674053556,0.14010463453261224,0.0,0.4792243767313019,0.7592855877229756,0.2501580344725866,0.37489604701446533,0.07610940199755352,0.38768746840420615,2018,0.0,0.0,0.012582708413536247,0.0
2018-02-19,0.5585009906456154,0.8320349981731276,0.3709984216162945,0.81399708671783,0.46964120538273385,0.8142596361990362,0.0,0.45244690674053556,0.32365598397048384,1.0,0.4792243767313019,0.8915976093584407,0.12016114906287138,0.37489604701446533,1.0918724820459023,0.38768746840420615,2018,0.0,0.0,0.01211718585840149,1.0
2018-02-20,0.09485173445892028,0.7941821424467025,0.2575335200597127,0.5285339280133522,0.43061342762798893,0.6748372764814131,0.0,0.45244690674053556,0.058714906239509736,1.0,0.4792243767313019,0.8125111366352381,0.4153483386923945,0.37489604701446533,0.4171489817792096,0.38768746840420615,2018,0.0,0.0,0.01253401514076787,2.0
2018-02-21,0.20493604707249313,0.8262108850712471,0.43589607563223487,1.1329733498291097,0.5611879105741097,0.7525018365705213,0.0,0.45244690674053556,0.18862638729846676,1.0,0.4792243767313019,0.7881195738627047,0.46078683466187037,0.37489604701446533,0.20819405159852727,0.38768746840420615,2018,0.0,1.0,0.012585434681302757,3.0
2018-02-22,0.8469759468719629,0.24903197860185897,0.39420169287695955,0.7367496737390562,0.3976769741496044,0.8787916332610496,1.0,0.45244690674053556,0.9008663455123797,0.0,0.4792243767313019,0.15402353849060546,0.012620571531599364,0.37489604701446533,0.3842964031371081,0.38768746840420615,2018,1.0,0.0,0.01189895169516888,4.0
2018-02-23,0.5330067371181221,0.6732274661328759,0.41786071612224235,0.8874598930212689,0.37909799033848335,0.8718094025839319,1.0,0.45244690674053556,0.6501454692561534,0.0,0.4792243767313019,0.6517127764874678,0.7874878173295663,0.37489604701446533,0.144242818025713,0.38768746840420615,2018,0.0,0.0,0.011582590260023696,0.0
2018-02-26,0.3391413122776448,0.5520235226843765,0.32185586056653226,0.5256954177180877,0.609638423979999,0.7841205661957379,0.0,0.45244690674053556,0.4138213833351525,1.0,0.4792243767313019,0.46200272572822937,0.24579471335394115,0.37489604701446533,1.3553038105046344,0.38768746840420615,2018,0.0,0.0,0.010925907866803699,1.0
2018-02-27,0.08974501433683996,0.5878463604189729,0.3330549099869327,0.546250824077449,0.35402743977661116,0.6334963493133057,0.0,0.45244690674053556,0.05362579964957333,0.0,0.4792243767313019,0.5951552618479016,0.2789142026175557,0.37489604701446533,0.18662142510906432,0.38768746840420615,2018,0.0,0.0,0.011177900375269705,2.0
2018-02-28,0.5508055932647469,0.7579417526192668,0.38578096207922014,1.0259259920363044,0.41361705006814264,0.7331789003002361,0.0,0.45244690674053556,0.49784974218646344,1.0,0.4792243767313019,0.7301204346979574,0.22832618025751156,0.37489604701446533,1.0716485735925145,0.38768746840420615,2018,0.0,1.0,0.010734475525612628,3.0
2018-03-01,0.707426147818854,0.1548948235320035,0.37999520491464195,0.8470358701598222,0.40193179331822143,0.7822926647382309,1.0,0.45244690674053556,0.5399671665972035,0.0,0.4792243767313019,0.19034762981123482,0.5856396739395661,0.37489604701446533,0.10933762874017029,0.38768746840420615,2018,0.0,0.0,0.011113401502617394,4.0
2018-03-02,0.6327033139438892,0.3847730857380738,0.40015046450469843,0.750198275340653,0.3636345282525552,0.8820084415214422,1.0,0.45244690674053556,0.7459368822132524,0.0,0.4792243767313019,0.34296870991719297,0.37970556269143413,0.37489604701446533,0.3278332180614569,0.38768746840420615,2018,1.0,0.0,0.010935485927355357,0.0
2018-03-05,0.3515553021417619,0.7072283028131093,0.3151991627287843,0.7563445995591815,0.43901035894714013,0.884008739074487,1.0,0.45244690674053556,0.3288205437284421,0.0,0.4792243767313019,0.7310169153528977,1.2565692353114857,0.37489604701446533,0.04202342289145646,0.38768746840420615,2018,0.0,0.0,0.010995420468514639,1.0
2018-03-06,0.6272451652824914,0.15144785303354236,0.1959451188365173,0.6740677237103162,0.4213060600405834,0.7704140297492692,1.0,0.45244690674053556,0.6007321535755137,0.0,0.4792243767313019,0.10414221646686528,0.4520049921319516,0.37489604701446533,0.9397145802810867,0.38768746840420615,2018,1.0,0.0,0.009864638890732634,2.0
2018-03-07,0.10597335439438632,0.7264020069348502,0.28911228126355865,0.6558885691575175,0.5324668944828314,0.8618382517143841,0.0,0.45244690674053556,0.08468562813224242,1.0,0.4792243767313019,0.6708428807892998,0.2597536463433585,0.37489604701446533,0.45961964644641745,0.38768746840420615,2018,0.0,0.0,0.010457312735253169,3.0
2018-03-08,0.39366559010424673,0.7228199495762236,0.3666170415619921,1.005509044815078,0.4509276864082393,0.8564372479608866,0.0,0.45244690674053556,0.31217938316002497,1.0,0.4792243767313019,0.7198129381961514,0.2454827328129986,0.37489604701446533,0.6705869774403947,0.38768746840420615,2018,0.0,1.0,0.010108892431570721,4.0
2018-03-09,0.6861382797615984,0.271947291095561,0.41550193357844056,0.6733720317941158,0.4766106306988502,0.8380528868953152,0.0,0.45244690674053556,0.7707807449502779,0.0,0.4792243767313019,0.2102583022630963,0.07586313670846535,0.37489604701446533,0.5881199360066117,0.38768746840420615,2018,0.0,0.0,0.010460506284833287,0.0
2018-03-12,0.8264567341024095,0.3053808934208645,0.4938556202952464,0.8939047445392456,0.4286200616400478,0.8609246712349948,1.0,0.45244690674053556,0.8201191342441315,1.0,0.4792243767313019,0.25453984064666574,0.4096293465800621,0.37489604701446533,0.7115017195261688,0.38768746840420615,2018,0.0,1.0,0.00989167164337068,1.0
2018-03-13,0.6559514395199384,0.14060815207428304,0.3802507993261837,0.6009334038120147,0.3647526658899396,0.7469466909229115,1.0,0.45244690674053556,0.7159194486567757,0.0,0.4792243767313019,0.15014032653509293,0.28229795097559857,0.37489604701446533,0.3675199739116365,0.38768746840420615,2018,1.0,0.0,0.009909623629273782,2.0
2018-03-14,0.49503029643861163,0.5833810924114687,0.4262249156527046,0.9264242761776795,0.45831576378535255,0.854987941628256,0.0,0.45244690674053556,0.46286607878254926,1.0,0.4792243767313019,0.6473801525461578,0.23773293637666143,0.37489604701446533,0.7625978608446417,0.38768746840420615,2018,0.0,0.0,0.00977989045746252,3.0
2018-03-15,0.1779694095386026,0.8275040395078702,0.571041030590162,0.571041030590162,0.29961765129146256,0.5001394560661018,0.0,0.45244690674053556,0.11069800032472929,1.0,0.4792243767313019,0.8162029794259849,0.42584419037490084,0.37489604701446533,0.4742355756447825,0.38768746840420615,2018,0.0,0.0,0.01020733842768453,4.0
2018-03-16,0.2855292535305943,0.6324273399351084,0.4517829409599166,0.5951138554232487,0.3167049223263072,0.5497394257232173,0.0,0.45244690674053556,0.302171776979142,1.0,0.4792243767313019,0.6233438359307752,0.4415500538213042,0.37489604701446533,0.45059203444564033,0.38768746840420615,2018,0.0,1.0,0.010102712725176885,0.0
2018-03-19,0.6241966443921225,0.27629735021992546,0.40231775840437994,0.5743354196892914,0.35094983821696185,0.5709685921773819,0.0,0.45244690674053556,0.6982019458654188,1.0,0.4792243767313019,0.23780617851356345,0.1180587425424526,0.37489604701446533,0.7693896282698592,0.38768746840420615,2018,0.0,1.0,0.009456613607932466,1.0
2018-03-20,0.3749516145547003,0.6235477560464192,0.41722312894136215,0.6564191706668596,0.34107897090327155,0.6817160714765299,1.0,0.45244690674053556,0.2930112474031745,0.0,0.4792243767313019,0.6602569193184995,2.014004817657274,0.37489604701446533,0.08705394655760774,0.38768746840420615,2018,0.0,0.0,0.009727206644427057,2.0
2018-03-21,0.7491993489540587,0.026097647849014933,0.3968296547790325,0.8495302964699657,0.298384235047096,0.7916427369346465,0.0,0.45244690674053556,0.42612574443942347,0.0,0.4792243767313019,0.04023214597695581,0.22470707827296496,0.37489604701446533,0.5370499170723747,0.38768746840420615,2018,0.0,0.0,0.010024187623016349,3.0
2018-03-22,0.6386323405570844,0.49344262999667765,0.5545989304553302,0.7352150464834136,0.3554293540960269,0.8813397653406674,1.0,0.45244690674053556,0.4072484886356012,0.0,0.4792243767313019,0.6250403879625475,1.6029104916804733,0.37489604701446533,0.0,0.38768746840420615,2018,0.0,0.0,0.010047876726836047,4.0
2018-03-23,0.5860432062415869,0.13491377510535335,0.3352888444768589,0.7163961226886975,0.41010873583740765,0.7234266691382053,1.0,0.45244690674053556,0.6358722077950679,0.0,0.4792243767313019,0.07681699680091654,0.642467689822287,0.37489604701446533,0.23677302100160863,0.38768746840420615,2018,0.0,0.0,0.010505792824577465,0.0
2018-03-26,0.6836721178470011,0.33150270204205806,0.49244656082432453,0.7134799778303932,0.3496206275135715,0.7086732842316193,1.0,0.45244690674053556,0.7574611269805582,1.0,0.4792243767313019,0.21232812497792863,0.2519956174675255,0.37489604701446533,0.993374028277762,0.38768746840420615,2018,1.0,1.0,0.010116615275154839,1.0
2018-03-27,0.14066108505860364,0.6325054427588102,0.19572514043537578,0.5632346361850301,0.4781245365969482,0.8525156602022399,0.0,0.45244690674053556,0.13574476245551068,1.0,0.4792243767313019,0.6033343223777805,0.17573529411765432,0.37489604701446533,1.561764705882353,0.38768746840420615,2018,0.0,0.0,0.01011483310525377,2.0
2018-03-28,0.03510433031402502,0.8304780349881483,0.3380350943635387,0.5621608476853691,0.3875926696988861,0.535059390646362,0.0,0.45244690674053556,0.02463819313829194,1.0,0.4792243767313019,0.7333879991799682,0.24698618053514587,0.37489604701446533,0.24012545329804938,0.38768746840420615,2018,0.0,1.0,0.011003694860197113,3.0
2018-03-29,0.6379660120130978,0.6306854390026048,0.45409078029165867,0.8630560282967288,0.506179803713328,0.9178272761093527,1.0,0.45244690674053556,0.67615411970536,0.0,0.4792243767313019,0.5639481641752311,1.3928212346671982,0.37489604701446533,0.018298813593403716,0.38768746840420615,2018,0.0,0.0,0.010723935746955673,4.0
2018-04-02,0.6284213357188193,0.1357649356050478,0.24608096642240948,0.6205087398907625,0.4567952612402298,0.8020788215473256,0.0,0.45244690674053556,0.6663732961769747,0.0,0.4792243767313019,0.10533631515988398,0.0847554580989747,0.37489604701446533,0.8228620459528974,0.38768746840420615,2018,0.0,0.0,0.01117304748625074,1.0
2018-04-03,0.3457145737068337,0.6690543580553904,0.28543321280681205,0.6016802338001488,0.4945127905608121,0.7403162595611037,1.0,0.45244690674053556,0.2267910506682658,0.0,0.4792243767313019,0.7001755651406796,1.045757270854304,0.37489604701446533,0.07781131713860352,0.38768746840420615,2018,1.0,0.0,0.01118729758501029,2.0
2018-04-04,0.07938611521608717,0.7841911068130291,0.2874497386185182,0.4798139917093442,0.3602380028999882,0.6820633821088077,0.0,0.45244690674053556,0.1230953206659677,1.0,0.4792243767313019,0.7431043862375654,0.11423566291720329,0.37489604701446533,0.6699243960907169,0.38768746840420615,2018,0.0,0.0,0.011623358599795745,3.0
2018-04-05,0.44656665444488974,0.6056334609641774,0.3321806063833159,0.615749053546986,0.47420456869537386,0.7709297461590566,1.0,0.45244690674053556,0.30269399359702326,1.0,0.4792243767313019,0.7021500885972395,0.579797325436109,0.37489604701446533,0.4379251307204808,0.38768746840420615,2018,1.0,1.0,0.011638013669859741,4.0
2018-04-06,0.5756891825704686,0.2036694215133936,0.32170181141174437,0.4920838643430035,0.4494860355294014,0.7374189400665717,1.0,0.45244690674053556,0.7556559663193376,0.0,0.4792243767313019,0.17116093422962284,0.31283848359349214,0.37489604701446533,0.39184453647659107,0.38768746840420615,2018,0.0,0.0,0.011775076899992486,0.0
2018-04-09,0.7043171368778113,0.28115239357929944,0.4068650220131016,0.6820321595281821,0.3099131651922083,0.8919771919220908,1.0,0.45244690674053556,0.8273221624635899,0.0,0.4792243767313019,0.24485679035793928,0.4085864352591983,0.37489604701446533,0.3273806805206601,0.38768746840420615,2018,0.0,0.0,0.011705438872428617,1.0
2018-04-10,0.6334910982130044,0.3510143128737865,0.443621772271768,0.7332024170756727,0.4050537547304523,0.8173851243321563,1.0,0.45244690674053556,0.7508288544979601,0.0,0.4792243767313019,0.3158666130866606,1.6449569299485138,0.37489604701446533,0.02424684380838774,0.38768746840420615,2018,0.0,0.0,0.011701217639128264,2.0
2018-04-11,0.1910108924952805,0.3328277863180725,0.31381153918608024,0.7283548542068191,0.5542748565009861,0.9139999465409469,0.0,0.45244690674053556,0.2568010544260434,1.0,0.4792243767313019,0.18231668152464342,0.004479385684244949,0.37489604701446533,1.2382301855745454,0.38768746840420615,2018,0.0,0.0,0.011550080087171996,3.0
2018-04-12,0.09131815150982726,0.8011452123521805,0.42812070539778646,0.5501665451352592,0.3276234632543039,0.6558264111213626,0.0,0.45244690674053556,0.058752171895807566,1.0,0.4792243767313019,0.8092121986713883,0.7496382054992795,0.37489604701446533,0.10007455159408135,0.38768746840420615,2018,0.0,1.0,0.012202378722707446,4.0
2018-04-13,0.6085974988093299,0.33640220189870923,0.3796853894598198,0.5929016148798648,0.4997299711853566,0.7114351272644909,1.0,0.45244690674053556,0.8086094763490962,0.0,0.4792243767313019,0.18258070888202588,0.3498888737696881,0.37489604701446533,0.3086134167913941,0.38768746840420615,2018,1.0,0.0,0.01170957575294053,0.0
2018-04-16,0.43699016649519773,0.5964890132386345,0.4140425171092849,0.7519053750152077,0.4025494301061565,0.8622662514107793,0.0,0.45244690674053556,0.6122974926879677,1.0,0.4792243767313019,0.507751565301048,0.23717948717949,0.37489604701446533,0.5147435897435878,0.38768746840420615,2018,0.0,1.0,0.011593168948142869,1.0
2018-04-17,0.6950067346943574,0.3007038087077037,0.421598161176018,0.8976331933800409,0.49514800145164534,0.959952353711327,1.0,0.45244690674053556,0.7786315455362016,0.0,0.4792243767313019,0.2631697157414158,0.5637319316688516,0.37489604701446533,0.31603153745071894,0.38768746840420615,2018,1.0,0.0,0.011299099487011983,2.0
2018-04-18,0.4009983091633431,0.5323082297350165,0.2893639482614595,0.7974445894063849,0.48244269384054533,0.8569557642754433,0.0,0.45244690674053556,0.4828511695008262,1.0,0.4792243767313019,0.440011453663132,0.37684874778150534,0.37489604701446533,0.5701045158745806,0.38768746840420615,2018,0.0,1.0,0.010739355151597293,3.0
2018-04-19,0.3475612920066557,0.6360402501290036,0.33847535067830703,0.657384676682222,0.5249930600529134,0.6537642244108346,0.0,0.45244690674053556,0.2833117668677187,1.0,0.4792243767313019,0.6382592083787106,0.04946051752124576,0.37489604701446533,0.6984627136446137,0.38768746840420615,2018,0.0,0.0,0.011121092804261112,4.0
2018-04-20,0.20486522811815946,0.8282535752406943,0.2457780152911926,0.7906845163167746,0.36460878831502025,0.8520512822556489,0.0,0.45244690674053556,0.13577358416604934,1.0,0.4792243767313019,0.8600932470487918,0.0,0.37489604701446533,0.9449651046859401,0.38768746840420615,2018,0.0,0.0,0.01072875295094189,0.0
2018-04-23,0.20346283714537564,0.7561236762709915,0.3527348363313663,0.595524185180514,0.40388561922773986,0.6649038988871672,0.0,0.45244690674053556,0.15801330070850944,1.0,0.4792243767313019,0.7669902379959469,0.559888301585718,0.37489604701446533,0.1808118081180757,0.38768746840420615,2018,0.0,1.0,0.010814454504764407,1.0
2018-04-24,0.6126603073611155,0.4016975454775165,0.4432542605506648,0.6932951362249898,0.392408131420761,0.757953535189257,0.0,0.45244690674053556,0.7854022111662422,1.0,0.4792243767313019,0.2622073394033672,0.123148148148151,0.37489604701446533,0.8267489711934185,0.38768746840420615,2018,0.0,1.0,0.010438895410215277,2.0
2018-04-25,0.38527858310764823,0.564631671278255,0.4058574500808654,0.5520023886429459,0.36209303773096935,0.6770055557436445,0.0,0.45244690674053556,0.26199458871627473,1.0,0.4792243767313019,0.6401597743696475,0.234240687679082,0.37489604701446533,0.5744985673352427,0.38768746840420615,2018,0.0,0.0,0.010550420580877731,3.0
2018-04-26,0.22983904541199288,0.7243695656106659,0.4356291381753797,0.6571127393695729,0.39673342770001063,0.7246328857633217,0.0,0.45244690674053556,0.17603445442561763,0.0,0.4792243767313019,0.8021115119418173,0.6090461731755805,0.37489604701446533,0.107737409695322,0.38768746840420615,2018,0.0,0.0,0.010362171510158192,4.0
2018-04-27,0.7990815467108521,0.32864410041090353,0.48430165720904156,0.7569050073134047,0.34420743743335686,0.6763032967599295,1.0,0.45244690674053556,0.8286191378483845,1.0,0.4792243767313019,0.23755542182204797,0.1837250975018455,0.37489604701446533,0.9717508169073367,0.38768746840420615,2018,1.0,0.0,0.010241711737971077,0.0
2018-04-30,0.15903022606967468,0.573317092697936,0.42061768267844796,0.8421219405703938,0.5288354732853773,0.7243582175018178,0.0,0.45244690674053556,0.184161013096585,1.0,0.4792243767313019,0.6096648725975825,0.07870442003198755,0.37489604701446533,0.9718912785599962,0.38768746840420615,2018,0.0,0.0,0.010530975373953075,1.0
2018-05-01,0.11425570344960043,0.7734887477843381,0.4920411921454521,0.64433902040837,0.1776895809222362,0.6347927271133618,0.0,0.45244690674053556,0.09810998899455062,0.0,0.4792243767313019,0.760703169590829,0.7365591397849419,0.37489604701446533,0.02841781874039108,0.38768746840420615,2018,0.0,0.0,0.009986500582929348,2.0
2018-05-02,0.28903265822823176,0.7997668286747696,0.5317174792603148,0.8833547693190076,0.5891951853990005,0.810345492664922,1.0,0.45244690674053556,0.20293417224393825,0.0,0.4792243767313019,0.7888542714233007,1.084712417544277,0.37489604701446533,0.021872468464296708,0.38768746840420615,2018,1.0,0.0,0.00946234062893189,3.0
2018-05-03,0.3822903758759933,0.438751880559342,0.41656678152820126,0.6650924922732648,0.5563449043744102,0.681533922445964,0.0,0.45244690674053556,0.4876357598887162,0.0,0.4792243767313019,0.31348793873407926,0.2724745134383613,0.37489604701446533,0.33086190917515695,0.38768746840420615,2018,0.0,0.0,0.009399241266066454,4.0
2018-05-04,0.8450951790411202,0.28358726371902016,0.4949344560513199,0.9987048456057805,0.3042130501266943,0.9435656056315203,1.0,0.45244690674053556,0.8869103350309155,0.0,0.4792243767313019,0.21257523354809957,0.33904896588298866,0.37489604701446533,0.3819456720287467,0.38768746840420615,2018,1.0,0.0,0.009219972205893663,0.0
2018-05-07,0.45654715733161083,0.5805809483266529,0.5384563852944094,0.9921166897012723,0.23994500946070474,0.7527778259551237,0.0,0.45244690674053556,0.47521405822752916,1.0,0.4792243767313019,0.5846417990184448,0.3140595009596949,0.37489604701446533,0.6743042226487528,0.38768746840420615,2018,0.0,1.0,0.009063046666644887,1.0
2018-05-08,0.6161012532250102,0.308933873030434,0.5965716074588278,1.1953213814026182,0.3332586950738006,0.7315808366507105,0.0,0.45244690674053556,0.6041200193429298,1.0,0.4792243767313019,0.2840766398276379,0.2705027256208221,0.37489604701446533,0.8462749848576664,0.38768746840420615,2018,0.0,1.0,0.008973684439381128,2.0
2018-05-09,0.5698162337187808,0.24439862181636277,0.40022442792737106,0.8429630489340347,0.49435584777680086,0.7763268284541801,1.0,0.45244690674053556,0.47325990377387217,0.0,0.4792243767313019,0.3105687944337877,0.8720753570343399,0.37489604701446533,0.1599513825584835,0.38768746840420615,2018,0.0,0.0,0.00895496558419786,3.0
2018-05-10,0.7978478495769298,0.16214330919187162,0.3997379226293454,0.8395614737099273,0.31615911761295856,0.5928446841023798,1.0,0.45244690674053556,0.780299382596786,0.0,0.4792243767313019,0.14566210681286382,0.4009909964348329,0.37489604701446533,0.32908332829777337,0.38768746840420615,2018,1.0,0.0,0.008947765680893073,4.0
2018-05-11,0.21067497978968,0.8195260444183972,0.5216267088779498,1.0818822031174204,0.13249901555986823,0.6434581679516904,0.0,0.45244690674053556,0.1862206549300537,1.0,0.4792243767313019,0.8271666121324001,0.36442894507411416,0.37489604701446533,0.452484742807331,0.38768746840420615,2018,0.0,0.0,0.008702249535298304,0.0
2018-05-14,0.16484104669828847,0.8819827172364267,0.6329861367297304,0.9107985355226507,0.24347533587317277,0.8442090021414539,0.0,0.45244690674053556,0.12742724189977578,1.0,0.4792243767313019,0.8543807551354446,0.14057989205471844,0.37489604701446533,2.158779967365407,0.38768746840420615,2018,0.0,0.0,0.008667206259274206,1.0
2018-05-15,0.009251043939883616,0.8021431386696157,0.35370180239142496,0.621528511067608,0.5148603553477997,0.660850491719028,0.0,0.45244690674053556,0.008583696384930142,1.0,0.4792243767313019,0.6224188294179507,0.5191504178273084,0.37489604701446533,0.3322887650882028,0.38768746840420615,2018,0.0,1.0,0.00953879230652555,2.0
2018-05-16,0.32430286373636025,0.6336745532289674,0.3527172443761877,0.7440838075915772,0.49338759162421314,0.6598813984191605,0.0,0.45244690674053556,0.4018800813183055,1.0,0.4792243767313019,0.5657864876538223,0.30528832138067946,0.37489604701446533,0.4620138767418709,0.38768746840420615,2018,0.0,1.0,0.0094925569409514,3.0
2018-05-17,0.5493703201080692,0.4588456186110292,0.44162959388404543,0.7501129155284845,0.3502729666629352,0.7277814027709179,0.0,0.45244690674053556,0.6256484073215466,0.0,0.4792243767313019,0.4177445388828305,0.2806053877169282,0.37489604701446533,0.3828668263893017,0.38768746840420615,2018,0.0,0.0,0.009470864625244158,4.0
2018-05-18,0.7572017354114511,0.35320709259455135,0.5483632259376986,0.8809494158342301,0.2501257536752875,0.6849116312146313,0.0,0.45244690674053556,0.8341956572770217,1.0,0.4792243767313019,0.24347628701597,0.01027020418145044,0.37489604701446533,0.9337327301626034,0.38768746840420615,2018,0.0,1.0,0.00903747918528983,0.0
2018-05-21,0.8638376784221838,0.09379442091092342,0.5211294171709345,0.7929105042927348,0.20207951244559053,0.6786454555123735,1.0,0.45244690674053556,0.8037476327396325,0.0,0.4792243767313019,0.14790778735014234,0.321004623266283,0.37489604701446533,0.4058478070723585,0.38768746840420615,2018,1.0,0.0,0.008845742758328695,1.0
2018-05-22,0.40496388956485624,0.580496233143723,0.5663502092990141,1.036463922110008,0.17191842332081614,0.7475212419062568,1.0,0.45244690674053556,0.4318516355016967,1.0,0.4792243767313019,0.6229420393729004,0.6460450729120604,0.37489604701446533,0.2951833848873313,0.38768746840420615,2018,1.0,1.0,0.008763641151549395,2.0
2018-05-23,0.5330050750691724,0.36693289509306243,0.5726594888099429,0.9612631770857901,0.19070862056061286,0.6378838288410352,1.0,0.45244690674053556,0.4626361663289689,0.0,0.4792243767313019,0.4333945876629293,1.1990990990990968,0.37489604701446533,0.04864864864864548,0.38768746840420615,2018,0.0,0.0,0.008583425482721002,3.0
2018-05-24,0.7629249071509022,0.13662695237031924,0.3465690364208083,0.8136381703148344,0.19984166458437677,0.4484520664667142,1.0,0.45244690674053556,0.7417033169869636,0.0,0.4792243767313019,0.11212841299969754,0.27081144552253633,0.37489604701446533,0.41357147271491096,0.38768746840420615,2018,1.0,0.0,0.008859650563686422,4.0
2018-05-25,0.3093818015517408,0.7350740544314903,0.48704522499065017,0.9884609646469208,0.2130807019251453,0.6096939922239911,0.0,0.45244690674053556,0.25997927894646217,1.0,0.4792243767313019,0.7948831324243626,0.0,0.37489604701446533,0.5078891787799662,0.38768746840420615,2018,0.0,0.0,0.00883662616317621,0.0
2018-05-28,0.6940975762999447,0.6272318898251167,0.5705593118017677,0.9982033490905245,0.2297115023944652,0.6710312894066914,1.0,0.45244690674053556,0.6305546044632716,1.0,0.4792243767313019,0.6490824677605381,0.7801354401805973,0.37489604701446533,0.4577878103837423,0.38768746840420615,2018,1.0,1.0,0.008533803880472791,1.0
2018-05-29,0.19324311713674341,0.44911038487715077,0.557921683823597,0.9072333567160017,0.2730347381089385,0.5801208178841968,0.0,0.45244690674053556,0.26610050803415924,0.0,0.4792243767313019,0.4316080009487527,0.5155858345652053,0.37489604701446533,0.24294620476894824,0.38768746840420615,2018,0.0,0.0,0.008558776610374604,2.0
2018-05-30,0.6776518647777668,0.45412253748360243,0.469591785763708,1.063322894508305,0.3816742581532872,0.9004157511034692,1.0,0.45244690674053556,0.6588115007367604,0.0,0.4792243767313019,0.38191239536267924,0.48390282441240334,0.37489604701446533,0.35854894989794045,0.38768746840420615,2018,1.0,0.0,0.008338548700550091,3.0
2018-05-31,0.20463473008202132,0.8130731713026861,0.5556560873364008,0.8812969473927669,0.2988045187873092,0.6486834470662752,0.0,0.45244690674053556,0.15735374480736583,1.0,0.4792243767313019,0.8171248073504117,0.22414698162730148,0.37489604701446533,0.808398950131229,0.38768746840420615,2018,0.0,0.0,0.008386334896508009,4.0
2018-06-01,0.2494645818330541,0.6492963124750929,0.45855842724908674,0.7939108936937227,0.18971646832734065,0.5836358398441764,0.0,0.45244690674053556,0.22042348590995325,0.0,0.4792243767313019,0.6381429545983084,0.47189991573216206,0.37489604701446533,0.23867245737992826,0.38768746840420615,2018,0.0,0.0,0.00852404269591153,0.0
2018-06-04,0.34040951264814023,0.7539882249018367,0.5454203839223389,0.9912877410715947,0.300847729497251,0.6042361308382249,1.0,0.45244690674053556,0.24825999791128922,1.0,0.4792243767313019,0.744433363380655,0.8939895534466331,0.37489604701446533,0.20701831825204048,0.38768746840420615,2018,1.0,1.0,0.007516555998425137,1.0
2018-06-05,0.4117315999754009,0.4203085961162899,0.6269876756264662,0.8365038835082566,0.18524720507760636,0.6266750751036523,1.0,0.45244690674053556,0.5232651111985821,0.0,0.4792243767313019,0.2895192296739583,0.5635375348905552,0.37489604701446533,0.26017335096224176,0.38768746840420615,2018,1.0,0.0,0.007501975509196456,2.0
2018-06-06,0.3396718597869962,0.6838769598566217,0.5122349370291671,0.982877784719052,0.28691930248312386,0.7778062730339699,1.0,0.45244690674053556,0.3394707580649779,0.0,0.4792243767313019,0.6419486234263586,0.7012987012987001,0.37489604701446533,0.16311688311687622,0.38768746840420615,2018,1.0,0.0,0.007424921507972642,3.0
2018-06-07,0.3051015049180208,0.6741453504586673,0.6345842927483536,1.0280631434962364,0.24966004260919236,0.6857492084160339,0.0,0.45244690674053556,0.2805338324694929,1.0,0.4792243767313019,0.6798215201000651,0.36721991701244366,0.37489604701446533,0.49170124481327804,0.38768746840420615,2018,0.0,1.0,0.007433052409188006,4.0
2018-06-08,0.6899675737989526,0.310729527292892,0.5361667824396649,0.955889304843481,0.32331028935522094,0.782897339592811,1.0,0.45244690674053556,0.7075321665712397,0.0,0.4792243767313019,0.27073189253783797,0.39285984418728087,0.37489604701446533,0.46063081461310496,0.38768746840420615,2018,1.0,0.0,0.007273461465673194,0.0
2018-06-11,0.6200049870947191,0.3334011559733593,0.4998576031419195,1.0210749517372195,0.2353331500981972,0.8103626466181777,0.0,0.45244690674053556,0.7191437666221822,1.0,0.4792243767313019,0.27312052079062576,0.03394968172172709,0.37489604701446533,0.7331009396786748,0.38768746840420615,2018,0.0,1.0,0.007250270593988146,1.0
2018-06-12,0.45980470406212376,0.6407252584595831,0.49246699185258835,1.0265327074043156,0.2147316853624436,0.7772455662330803,1.0,0.45244690674053556,0.3219735971110162,1.0,0.4792243767313019,0.6835803033550507,0.6033919402520589,0.37489604701446533,0.45091022249882007,0.38768746840420615,2018,1.0,1.0,0.007086732252295152,2.0
2018-06-13,0.6493872941926536,0.2820179015723153,0.5511372652216273,1.0613074601322239,0.2703178898013442,0.8713744059128365,1.0,0.45244690674053556,0.7003462893392732,0.0,0.4792243767313019,0.1711149089547414,1.1121653131784346,0.37489604701446533,0.21050092466027615,0.38768746840420615,2018,0.0,0.0,0.00683714542993697,3.0
2018-06-14,0.23973702673502253,0.5186118514309537,0.5770519046885658,0.9944047726733509,0.13978109796684923,0.49774994906710107,0.0,0.45244690674053556,0.23484357548394189,1.0,0.4792243767313019,0.43610412782417235,0.12229935262458876,0.37489604701446533,2.902425707823129,0.38768746840420615,2018,0.0,0.0,0.007034332767119175,4.0
2018-06-15,0.008710205819830154,0.5187679921874386,0.4769912452357739,0.7487482311386378,0.32798011398080584,0.767005915616453,0.0,0.45244690674053556,0.004722803142540633,0.0,0.4792243767313019,0.4251163331953108,0.2500166588925233,0.37489604701446533,0.2472179649496779,0.38768746840420615,2018,0.0,0.0,0.008376994329745542,0.0
2018-06-18,0.42480099258784765,0.8123713586478464,0.3577284359755437,0.9936382476608434,0.5732966681228795,0.8903513320673941,1.0,0.45244690674053556,0.3632832099993194,1.0,0.4792243767313019,0.7996269297618639,0.5711059354929765,0.37489604701446533,0.7716846637024682,0.38768746840420615,2018,1.0,0.0,0.007918314336234102,1.0
2018-06-19,0.08715690517324143,0.6270750719346049,0.3541246714021867,0.6922417088634858,0.34742337313021826,0.7446056823817524,0.0,0.45244690674053556,0.14272606554633616,1.0,0.4792243767313019,0.562638062964279,0.1935308137555307,0.37489604701446533,0.6492339121552567,0.38768746840420615,2018,0.0,0.0,0.008231474557820976,2.0
2018-06-20,0.12426291645192154,0.8781574322498358,0.5342244936781154,0.8950722256932622,0.22910544281852582,0.6584826894732388,0.0,0.45244690674053556,0.11328423859669368,1.0,0.4792243767313019,0.8610151494734499,0.21780962128966003,0.37489604701446533,0.6228590924599107,0.38768746840420615,2018,0.0,0.0,0.008257166070738346,3.0
2018-06-21,0.4915483052526887,0.4150650306301434,0.5359431247620444,0.914259411934847,0.2240276513552707,0.7255249655980027,1.0,0.45244690674053556,0.6097210381272791,0.0,0.4792243767313019,0.3712956801921572,0.39927832905418587,0.37489604701446533,0.04760252584831131,0.38768746840420615,2018,1.0,0.0,0.008125071181058659,4.0
2018-06-22,0.6162347276339735,0.5741857255846383,0.4800764301766292,0.8604166268455717,0.31514151283721037,0.7664676946068343,1.0,0.45244690674053556,0.7361525739319813,1.0,0.4792243767313019,0.5298908496923692,0.33886996024986754,0.37489604701446533,0.46209540034070384,0.38768746840420615,2018,1.0,0.0,0.007929503516719017,0.0
2018-06-25,0.20859498077050476,0.7089355958169722,0.48233534064350697,0.9214653472386136,0.2492089304740299,1.0432360600043915,0.0,0.45244690674053556,0.16602928521619587,1.0,0.4792243767313019,0.8179249659349875,0.23189873417721263,0.37489604701446533,1.0734177215189833,0.38768746840420615,2018,0.0,0.0,0.007804781663702787,1.0
2018-06-26,0.19206838498914813,0.5162308794531036,0.38450307217509416,0.8352850548300492,0.37149537829966284,0.7576386853235969,0.0,0.45244690674053556,0.1442723767388997,1.0,0.4792243767313019,0.5821949291898085,0.13400405226017312,0.37489604701446533,0.784461678194673,0.38768746840420615,2018,0.0,0.0,0.008122777487086253,2.0
2018-06-27,0.1994856149822133,0.7422330871102228,0.46156199763144534,0.8004298412359555,0.3102829840695263,0.6329641381849724,0.0,0.45244690674053556,0.13947593230362534,1.0,0.4792243767313019,0.8023600439169848,0.22621359223302573,0.37489604701446533,0.580582524271849,0.38768746840420615,2018,0.0,0.0,0.008228020002875777,3.0
2018-06-28,0.29877997075437734,0.707135054470036,0.512693379974556,0.8904944875637465,0.36125748919619216,0.7671829281206701,1.0,0.45244690674053556,0.26111780240229887,0.0,0.4792243767313019,0.7299499965724929,0.7270332108437942,0.37489604701446533,0.1892810094987223,0.38768746840420615,2018,1.0,0.0,0.008255186750491061,4.0
2018-06-29,0.45567670337814287,0.40074188026551366,0.5115948733862472,0.8436156209689074,0.26083635102531666,0.7356735210671996,0.0,0.45244690674053556,0.6726141000942651,1.0,0.4792243767313019,0.2853672264322879,0.1519126433623998,0.37489604701446533,1.2431838472632464,0.38768746840420615,2018,0.0,0.0,0.008303963501568272,0.0
2018-07-02,0.09198912730717705,0.6775988466439147,0.34482285126897555,0.7077802578855923,0.3407639497086964,0.8764323697331998,1.0,0.45244690674053556,0.06613413811198626,1.0,0.4792243767313019,0.7167714903430292,1.376283602590096,0.37489604701446533,0.3534567335993317,0.38768746840420615,2018,1.0,1.0,0.008794970029567752,1.0
2018-07-03,0.41975685055202194,0.07278476573550012,0.3284533845328122,0.7775846758372675,0.22642552321024062,0.6556655545882736,1.0,0.45244690674053556,0.48677615243153255,0.0,0.4792243767313019,0.08976120074859185,0.7289327575570677,0.37489604701446533,0.057001850709426004,0.38768746840420615,2018,0.0,0.0,0.00924399938411356,2.0
2018-07-04,0.6468301786044807,0.3418790236547303,0.4624701783950136,0.9185202327967195,0.49429262943858504,0.7669141614750214,0.0,0.45244690674053556,0.6393535483984972,1.0,0.4792243767313019,0.3871312297338736,0.20457823769208,0.37489604701446533,0.5373471307619846,0.38768746840420615,2018,0.0,1.0,0.009058382682440205,3.0
2018-07-05,0.695488330072807,0.27799912213876093,0.46468715167378855,1.02285862761813,0.32888143173720796,1.0369141260171293,0.0,0.45244690674053556,0.6988077685466579,0.0,0.4792243767313019,0.2973444052015733,0.12382310984308217,0.37489604701446533,0.47232524964336825,0.38768746840420615,2018,0.0,0.0,0.007964153357100823,4.0
2018-07-06,0.5663319667069049,0.6137774398242463,0.524120703974853,0.8130427224098532,0.2926609027829578,0.7966328957532874,1.0,0.45244690674053556,0.41784420362580454,0.0,0.4792243767313019,0.7244247681387895,1.1093439363816942,0.37489604701446533,0.0,0.38768746840420615,2018,1.0,0.0,0.008018108491543535,0.0
2018-07-09,0.14287164761058505,0.6728239552633708,0.5332053415618737,0.7645088876007811,0.21928316107061713,0.685307087972975,0.0,0.45244690674053556,0.19362987039068336,1.0,0.4792243767313019,0.6076288610391258,0.297377357127381,0.37489604701446533,1.02059099776027,0.38768746840420615,2018,0.0,1.0,0.007863096563666022,1.0
2018-07-10,0.5147750986381178,0.22779156404174894,0.5162148594806435,0.8776015021146747,0.2863710954895399,0.6977225283916724,0.0,0.45244690674053556,0.3825293963543476,1.0,0.4792243767313019,0.28458041261377365,0.15021037868162435,0.37489604701446533,1.3587657784011147,0.38768746840420615,2018,0.0,0.0,0.008114296639565897,2.0
2018-07-11,0.0496209635232779,0.8191757051691494,0.511556578361915,0.7801776092029583,0.18745080044350682,0.626003621800183,0.0,0.45244690674053556,0.03211573595622904,1.0,0.4792243767313019,0.7841251470631028,0.619427498826834,0.37489604701446533,0.06288127639606508,0.38768746840420615,2018,0.0,1.0,0.008579733951750561,3.0
2018-07-12,0.6948360366553922,0.4169595167229658,0.5658508805558375,0.833860072624306,0.317296921280602,0.9063974218356077,0.0,0.45244690674053556,0.8185646270305403,1.0,0.4792243767313019,0.2787801068720885,0.10418861959956766,0.37489604701446533,0.9782665964172936,0.38768746840420615,2018,0.0,1.0,0.008698282341295296,4.0
2018-07-13,0.3323493059992216,0.4110208677834797,0.43511034631489737,0.7328816523810868,0.2901152692864296,0.6851677771508836,0.0,0.45244690674053556,0.29572990689960565,0.0,0.4792243767313019,0.5219991561137534,0.3627829218106972,0.37489604701446533,0.2862654320987712,0.38768746840420615,2018,0.0,0.0,0.008948422288199956,0.0
2018-07-16,0.5505183152691322,0.5669080969730395,0.46608376308565364,0.8114763719867295,0.26791986334363344,0.8379424407832353,0.0,0.45244690674053556,0.41051402115725416,1.0,0.4792243767313019,0.6825895776023122,0.3970902295782164,0.37489604701446533,1.3753336892685544,0.38768746840420615,2018,0.0,0.0,0.008626744751065686,1.0
2018-07-17,0.03399444389576311,0.6523538253575002,0.4745072281053932,0.7568935363921094,0.3666851645300056,0.7552504406868079,0.0,0.45244690674053556,0.027045893266446536,1.0,0.4792243767313019,0.6896336276089425,0.1396311629657436,0.37489604701446533,0.5699410362564301,0.38768746840420615,2018,0.0,1.0,0.00927707267680383,2.0
2018-07-18,0.7116495533950329,0.3038670784468477,0.38982168011076757,0.8330112833774492,0.4269487151073486,0.8809599531197508,0.0,0.45244690674053556,0.7765445105430346,1.0,0.4792243767313019,0.30053872392216485,0.14862742634588097,0.37489604701446533,1.398329040768882,0.38768746840420615,2018,0.0,1.0,0.009264971551491325,3.0
2018-07-19,0.6209393696119748,0.08957527703245936,0.5145766565923028,0.9222221795300591,0.3357518890392598,0.833178276409259,1.0,0.45244690674053556,0.3044883662785667,0.0,0.4792243767313019,0.23615176230144042,0.7956256722839734,0.37489604701446533,0.5931636189793368,0.38768746840420615,2018,0.0,0.0,0.00977634864419908,4.0
2018-07-20,0.7194508734907935,0.04955952908270984,0.3119768574386503,0.6047129783113107,0.4051580630617638,0.895304808009717,1.0,0.45244690674053556,0.7318217114171301,0.0,0.4792243767313019,0.07279203648618003,0.29498908103641125,0.37489604701446533,0.7668063507053045,0.38768746840420615,2018,1.0,0.0,0.009827555204955821,0.0
2018-07-23,0.18018215006608582,0.5733846523645245,0.36347835248523563,0.7314179513748894,0.33351712821138524,0.7236519783582935,0.0,0.45244690674053556,0.12187150334922205,1.0,0.4792243767313019,0.7287282128883997,0.4284227920925403,0.37489604701446533,0.5466674827100908,0.38768746840420615,2018,0.0,1.0,0.00953178233070423,1.0
2018-07-24,0.46027611741532254,0.350920075425216,0.43719991689142457,0.8239191068729561,0.3644037815662104,0.634497235984846,1.0,0.45244690674053556,0.47516462726225805,0.0,0.4792243767313019,0.4183120396224787,0.8281523510593317,0.37489604701446533,0.0904207158809629,0.38768746840420615,2018,0.0,0.0,0.009666292081073849,2.0
2018-07-25,0.7119816312620535,0.20084122340894206,0.5279294135417908,0.752043938636047,0.3073226082282742,0.7603589872523133,1.0,0.45244690674053556,0.7370059090057143,1.0,0.4792243767313019,0.23231202107644877,0.3139984532095892,0.37489604701446533,0.756261526563146,0.38768746840420615,2018,1.0,0.0,0.009750859704567903,3.0
2018-07-26,0.09258323881731906,0.8034243218777815,0.6607916461248793,0.8095316578833138,0.12455102163815471,0.688496874720924,0.0,0.45244690674053556,0.07585849732607708,1.0,0.4792243767313019,0.8442732529989091,0.39046693718924214,0.37489604701446533,0.3920672115219652,0.38768746840420615,2018,0.0,1.0,0.010224366915521707,4.0
2018-07-27,0.4232731921303565,0.49161011282967176,0.5669094757605273,0.9580600990346146,0.3344519920954656,0.7666831871618542,0.0,0.45244690674053556,0.5279970570229221,0.0,0.4792243767313019,0.4962730582545311,0.1992050233308396,0.37489604701446533,0.2887263091191835,0.38768746840420615,2018,0.0,0.0,0.010142730935709126,0.0
2018-07-30,0.6018697267388292,0.6394622269974717,0.5245494332210288,0.8180201343371067,0.28944610023858514,0.7597611942900415,1.0,0.45244690674053556,0.5552603857697362,1.0,0.4792243767313019,0.6699446366866302,0.5957625592701462,0.37489604701446533,0.6360962727327442,0.38768746840420615,2018,1.0,1.0,0.009743343228139592,1.0
2018-07-31,0.37471024915767936,0.19871315122353433,0.6027281140000398,0.864057429216954,0.1315274956844791,0.7106975015234739,0.0,0.45244690674053556,0.4751244226712114,0.0,0.4792243767313019,0.24289650254464912,0.10295358649789267,0.37489604701446533,0.6632911392404984,0.38768746840420615,2018,0.0,0.0,0.009685408135742826,2.0
2018-08-01,0.32009188646295395,0.7781510194245974,0.5802772712253331,0.9303714502428864,0.37395028501916344,1.0365992445447645,0.0,0.45244690674053556,0.12254512348274849,1.0,0.4792243767313019,0.8803331604061735,0.44409993441058493,0.37489604701446533,0.7304275237016287,0.38768746840420615,2018,0.0,0.0,0.009853493110603994,3.0
2018-08-02,0.07951700344836485,0.8432170821802903,0.5684526746392109,0.875030166302238,0.32480340205713637,0.6784384641481526,0.0,0.45244690674053556,0.0695004722028314,1.0,0.4792243767313019,0.8014078026695683,1.0143495648082954,0.37489604701446533,0.26593742648788715,0.38768746840420615,2018,0.0,1.0,0.01005781290480566,4.0
2018-08-03,0.3546386270583749,0.31467534579665324,0.4341738775219573,0.7680709436101502,0.38571605221763133,0.6962871685760924,0.0,0.45244690674053556,0.4303031510650381,0.0,0.4792243767313019,0.28754100378188574,0.35631797286691075,0.37489604701446533,0.5580221997981762,0.38768746840420615,2018,0.0,0.0,0.010501985239052918,0.0
2018-08-06,0.1951914964266315,0.7745237537421719,0.46522800252485774,0.7862234895208815,0.4626583369793268,0.8339542374766477,0.0,0.45244690674053556,0.12103898006299667,0.0,0.4792243767313019,0.8078882746962247,0.7251256868934807,0.37489604701446533,0.010639541681290372,0.38768746840420615,2018,0.0,0.0,0.010121833598617742,1.0
2018-08-07,0.491326715647054,0.6455705987206819,0.5074515252404995,0.8305874726479617,0.2888441583422466,0.9918571400284574,0.0,0.45244690674053556,0.4937612474470542,1.0,0.4792243767313019,0.5727335099914918,0.4046054544397305,0.37489604701446533,0.35983020294238,0.38768746840420615,2018,0.0,1.0,0.01014525585253303,2.0
2018-08-08,0.7943222764934645,0.20550422891044656,0.5930783637269534,0.9659373396562142,0.29578912250393746,0.8674790654086865,1.0,0.45244690674053556,0.7459239418344199,0.0,0.4792243767313019,0.27893112012918486,0.3205715332478476,0.37489604701446533,0.239360078158389,0.38768746840420615,2018,1.0,0.0,0.009640243557866184,3.0
2018-08-09,0.41141811880055634,0.6654598719087066,0.5990218356494088,1.0660215581225345,0.21600312739638378,0.888605820088986,0.0,0.45244690674053556,0.3099042670536194,1.0,0.4792243767313019,0.8023808442957121,0.4663023679417028,0.37489604701446533,0.5692167577413486,0.38768746840420615,2018,0.0,1.0,0.00906022823853649,4.0
2018-08-10,0.4189820180209665,0.3910967443291418,0.5343237509028441,0.8645994577434186,0.23001921615189538,0.6754675165262323,0.0,0.45244690674053556,0.3634495319657644,1.0,0.4792243767313019,0.46266799537065134,0.25472937467156986,0.37489604701446533,1.7867840252233398,0.38768746840420615,2018,0.0,0.0,0.008979814292910393,0.0
2018-08-13,0.022602219710928545,0.6886977673657374,0.3517376756035465,0.7237395470548699,0.5966750535840759,0.8881410504910643,0.0,0.45244690674053556,0.014907206773467397,0.0,0.4792243767313019,0.6551861623509356,0.4653501778486322,0.37489604701446533,0.11247393597448342,0.38768746840420615,2018,0.0,0.0,0.00976134803102845,1.0
2018-08-14,0.48247724734940123,0.7178797862527131,0.4078688651486701,0.8652419885509379,0.6240540533780212,1.041241831828442,0.0,0.45244690674053556,0.3795122855112701,1.0,0.4792243767313019,0.755876057015082,0.0889755852001001,0.37489604701446533,1.8121067203624452,0.38768746840420615,2018,0.0,0.0,0.00951040447345678,2.0
2018-08-15,0.021382679641699872,0.8122113097651623,0.4525731583813295,0.8564766692105374,0.4528100416719892,0.7629148127891991,0.0,0.45244690674053556,0.016631574527879663,1.0,0.4792243767313019,0.6989491070719684,0.6296450939457375,0.37489604701446533,1.1974947807933152,0.38768746840420615,2018,0.0,1.0,0.010197130327415146,3.0
2018-08-16,0.2471031980994329,0.14570958218388289,0.4495861775875967,0.7138039918250604,0.462987090180896,0.7845778632090696,1.0,0.45244690674053556,0.238672540378461,0.0,0.4792243767313019,0.17712968271731308,0.8746592489568871,0.37489604701446533,0.1510987482614787,0.38768746840420615,2018,0.0,0.0,0.01093906136463496,4.0
2018-08-17,0.8478960445156847,0.07886550492483563,0.35195331150436243,0.7540331646574897,0.37964289237377474,0.8381916458201866,1.0,0.45244690674053556,0.8663200273552387,0.0,0.4792243767313019,0.09883143188408183,0.4427676994702263,0.37489604701446533,0.16332209557445135,0.38768746840420615,2018,0.0,0.0,0.011265725716021958,0.0
2018-08-20,0.8076735473541696,0.2395010957991339,0.4964514727444738,0.9082460216508476,0.35304786357894924,0.8929015038184588,1.0,0.45244690674053556,0.8886668346550105,0.0,0.4792243767313019,0.20398554164553873,0.5303383250138786,0.37489604701446533,0.19256794231836,0.38768746840420615,2018,0.0,0.0,0.010821692361433705,1.0
2018-08-21,0.8208538120665222,0.1807590240207057,0.4643611213194917,0.8898474760704096,0.37730000015830123,0.9417327409076187,1.0,0.45244690674053556,0.8520360992880293,0.0,0.4792243767313019,0.20874360768954445,0.44513377278014815,0.37489604701446533,0.25048468398604257,0.38768746840420615,2018,1.0,0.0,0.01078429732713344,2.0
2018-08-22,0.40209859222332733,0.579682775924716,0.574845470274662,0.9815798155543823,0.35966573977752986,0.7801749255603855,0.0,0.45244690674053556,0.3496129967163285,1.0,0.4792243767313019,0.7075867982467143,0.11252351365217544,0.37489604701446533,0.904178304736926,0.38768746840420615,2018,0.0,0.0,0.010485339173198467,3.0
2018-08-23,0.1890221236297405,0.738024766824685,0.5099558268925093,0.8212500628777393,0.3514718838999913,0.768240619657742,1.0,0.45244690674053556,0.09428317629438983,1.0,0.4792243767313019,0.809800917723959,1.9124087591241012,0.37489604701446533,0.14274128142741216,0.38768746840420615,2018,0.0,1.0,0.010406292726566846,4.0
2018-08-24,0.6662638376566967,0.02425770292714474,0.3120943628958636,0.7718042732632137,0.39708623879846605,0.6370235647757314,1.0,0.45244690674053556,0.5357200567903104,0.0,0.4792243767313019,0.036223790319196,0.48843325640062213,0.37489604701446533,0.21190488969995744,0.38768746840420615,2018,0.0,0.0,0.01103681228000129,0.0
2018-08-27,0.8137395867135541,0.22223144092501482,0.3893360267470002,0.793604397953226,0.41668577120079303,0.881994867711181,1.0,0.45244690674053556,0.8443124451962029,1.0,0.4792243767313019,0.22954559532494828,0.24453493356193662,0.37489604701446533,0.8566223746249515,0.38768746840420615,2018,1.0,0.0,0.011009611584395425,1.0
2018-08-28,0.08437817750539293,0.8184445887879022,0.5030492948515463,0.8924050145684318,0.39126669398099917,0.8289762783360378,0.0,0.45244690674053556,0.08903471771717272,0.0,0.4792243767313019,0.8021576209839838,0.4777783566925407,0.37489604701446533,0.021153545563500614,0.38768746840420615,2018,0.0,0.0,0.011418219892796165,2.0
2018-08-29,0.827864961704194,0.4333445981394189,0.46409666464843347,0.8216609656586038,0.31958252074389276,0.7373301739771744,1.0,0.45244690674053556,0.8858497920575554,1.0,0.4792243767313019,0.27870755301465955,0.11580480699198223,0.37489604701446533,0.7261471230881292,0.38768746840420615,2018,1.0,0.0,0.01138323273860849,3.0
2018-08-30,0.3040828837026548,0.5616722583090048,0.4033595755740992,0.7279284137710865,0.3569058405035201,0.7931650743754179,1.0,0.45244690674053556,0.2572719929806292,0.0,0.4792243767313019,0.7122636740228079,0.6774076191466089,0.37489604701446533,0.09240683956135189,0.38768746840420615,2018,1.0,0.0,0.011458514472471237,4.0
2018-08-31,0.26090280512809966,0.6504899860553747,0.3626894403834613,0.934280687938127,0.5066392298934731,0.8922272596612096,0.0,0.45244690674053556,0.2983164362101468,1.0,0.4792243767313019,0.690743711875984,0.22224680568616412,0.37489604701446533,0.4127440677028536,0.38768746840420615,2018,0.0,1.0,0.010753513226720164,0.0
2018-09-03,0.7321328234191015,0.39449009242233724,0.43331319438291516,0.9264180625709321,0.4198544120191036,0.7690527239053669,0.0,0.45244690674053556,0.7393682106073876,1.0,0.4792243767313019,0.39780282042571413,0.05530560737406548,0.37489604701446533,0.8948754526500652,0.38768746840420615,2018,0.0,0.0,0.010838422702053416,1.0
2018-09-04,0.17730614346837884,0.7444597632453978,0.4211622955979606,0.980364269818454,0.3742897435596331,0.7050210067722574,0.0,0.45244690674053556,0.1107735717759831,0.0,0.4792243767313019,0.7985350521712367,0.5930078012135148,0.37489604701446533,0.02265241259751291,0.38768746840420615,2018,0.0,0.0,0.010378607773190409,2.0
2018-09-05,0.7853795045981105,0.4385212417236393,0.6048195720486007,0.9791622178384282,0.30233588860431354,0.8710394005988622,1.0,0.45244690674053556,0.7932658224620664,0.0,0.4792243767313019,0.30985950009364466,0.9337448041315144,0.37489604701446533,0.052903388336054395,0.38768746840420615,2018,0.0,0.0,0.00948042177666855,3.0
2018-09-06,0.3746112807619163,0.5054832709272903,0.5722004870659076,1.0574532585813834,0.29605979594818105,0.7050190963802361,0.0,0.45244690674053556,0.3242997560705547,1.0,0.4792243767313019,0.5413710384362178,0.3321428571428592,0.37489604701446533,0.5651785714285845,0.38768746840420615,2018,0.0,0.0,0.009335745067475776,4.0
2018-09-07,0.29017254914065166,0.6585994984392104,0.4728786444052637,1.041074308265509,0.5087071902861456,1.100926739928463,0.0,0.45244690674053556,0.21562801901251955,1.0,0.4792243767313019,0.7299441098670514,0.24779541446209566,0.37489604701446533,0.3738977072310203,0.38768746840420615,2018,0.0,1.0,0.009484618858834774,0.0
2018-09-10,0.6236029783164746,0.5447226674013761,0.4574072454544747,1.0400979246238775,0.4475295373989864,0.8897317725847776,1.0,0.45244690674053556,0.6546515226017701,1.0,0.4792243767313019,0.4896535967106963,0.34261980830670224,0.37489604701446533,0.7040255591054408,0.38768746840420615,2018,1.0,1.0,0.009350775367488472,1.0
2018-09-11,0.7774497194977522,0.12567650129450691,0.4547268955921286,1.0053020659258511,0.26658619788287535,0.763476841072548,1.0,0.45244690674053556,0.7797172363094337,0.0,0.4792243767313019,0.14276718209207226,0.8862651510393692,0.37489604701446533,0.5029203039628226,0.38768746840420615,2018,0.0,0.0,0.009491501580228032,2.0
2018-09-12,0.7282966845819959,0.07266070286894274,0.34492204172330926,0.8789627426924205,0.36537493640862856,0.6019643724740228,1.0,0.45244690674053556,0.626946473876555,0.0,0.4792243767313019,0.11214033574336295,0.5866042270010429,0.37489604701446533,0.49430032657588363,0.38768746840420615,2018,1.0,0.0,0.009614131452172832,3.0
2018-09-13,0.10918901787839443,0.753897926790449,0.5581053471881109,0.8583431826985792,0.2213061046358979,0.7279040459042592,0.0,0.45244690674053556,0.08345426115661483,1.0,0.4792243767313019,0.763918262247376,0.6996253679422021,0.37489604701446533,0.7689322986352722,0.38768746840420615,2018,0.0,0.0,0.008890284562854693,4.0
2018-09-14,0.04667441342863974,0.798617172568179,0.4782197287591286,0.8600840717245197,0.41622305887822997,0.7966982815503586,0.0,0.45244690674053556,0.04246635365549822,1.0,0.4792243767313019,0.7579183319716131,1.0322125256673509,0.37489604701446533,0.0476129363449667,0.38768746840420615,2018,0.0,1.0,0.009328898754151441,0.0
2018-09-17,0.5108654977384349,0.33052971295936195,0.3766669816901065,0.8853276588793373,0.4730412446114979,0.745639362931795,0.0,0.45244690674053556,0.6239832971722523,0.0,0.4792243767313019,0.21889460630267207,0.22391957174566277,0.37489604701446533,0.48074161117639275,0.38768746840420615,2018,0.0,0.0,0.009110113546342755,1.0
2018-09-18,0.4546782736329125,0.6598783800056961,0.4446914290489003,0.9126575106872431,0.2727751588868615,0.8224900250237022,1.0,0.45244690674053556,0.3260702671912455,0.0,0.4792243767313019,0.7345218615324438,0.7452125933138429,0.37489604701446533,0.04543979227523533,0.38768746840420615,2018,0.0,0.0,0.00918571786340381,2.0
2018-09-19,0.6023403841765365,0.39677910200407124,0.5356722922454878,0.9628243602810831,0.1748950228651085,0.8274622942793287,1.0,0.45244690674053556,0.7319449714467009,0.0,0.4792243767313019,0.29342831016928456,0.4453998280309499,0.37489604701446533,0.21390303591506893,0.38768746840420615,2018,0.0,0.0,0.008973009159959204,3.0
2018-09-20,0.7778998832934988,0.29431328703067405,0.5850593249988176,0.9515137973637193,0.16050307579336184,0.6895204343822757,1.0,0.45244690674053556,0.8227008846853429,1.0,0.4792243767313019,0.2698433974914249,0.38096527448723905,0.37489604701446533,1.4423610641034366,0.38768746840420615,2018,1.0,0.0,0.008742816899741365,4.0
2018-09-21,0.11885923301117983,0.29270077411728856,0.4280742962905018,0.8256753805520856,0.3987951497155229,0.8239647589175819,0.0,0.45244690674053556,0.09741877488176393,0.0,0.4792243767313019,0.36802970710828486,0.40473641116079206,0.37489604701446533,0.45764313157398046,0.38768746840420615,2018,0.0,0.0,0.009454613448810968,0.0
2018-09-24,0.41006804856841866,0.5945635039875199,0.5551526007640989,1.0254210859155586,0.3287002889206488,0.6976979755811586,0.0,0.45244690674053556,0.3911178567862341,0.0,0.4792243767313019,0.5595692122557676,0.432065565373282,0.37489604701446533,0.12997823024715494,0.38768746840420615,2018,0.0,0.0,0.009308840358573324,1.0
2018-09-25,0.7012222621652049,0.5712667564511571,0.5528911362818362,1.0496402958805966,0.2351651049800245,0.6907559485579801,0.0,0.45244690674053556,0.715048307465152,1.0,0.4792243767313019,0.4734951736327558,0.15099457504521463,0.37489604701446533,0.9330922242314595,0.38768746840420615,2018,0.0,0.0,0.009211216696787728,2.0
2018-09-26,0.23120695552106565,0.6991592982892121,0.5075137120822383,1.0117510798453446,0.38391358884412646,1.0372607621264645,0.0,0.45244690674053556,0.1892114681655533,1.0,0.4792243767313019,0.6385083015981059,0.39848368028784975,0.37489604701446533,1.1046003598046759,0.38768746840420615,2018,0.0,0.0,0.009310761934274292,3.0
2018-09-27,0.04071486117390025,0.7897742232587389,0.5827384626739668,0.871511083971979,0.31431170916849627,0.7418709271455473,0.0,0.45244690674053556,0.036578072128428445,1.0,0.4792243767313019,0.7644517306557542,0.9781885397412341,0.37489604701446533,0.15526802218114236,0.38768746840420615,2018,0.0,1.0,0.009805011369705097,4.0
2018-09-28,0.6611388429092124,0.18041666665416023,0.2977783612352394,0.7727663810277567,0.47019388133500123,0.792008643374301,0.0,0.45244690674053556,0.765620331210354,0.0,0.4792243767313019,0.1319104568073254,0.0332561315992523,0.37489604701446533,0.6169012411663466,0.38768746840420615,2018,0.0,0.0,0.010091500103078441,0.0
2018-10-01,0.6472961469512922,0.4798905959313993,0.4993770803554983,0.9108348878426943,0.2035576405702915,0.9022964626614977,1.0,0.45244690674053556,0.5627178768349472,0.0,0.4792243767313019,0.5515638041359539,1.667132697100495,0.37489604701446533,0.01702024193058562,0.38768746840420615,2018,0.0,0.0,0.009886596513158276,1.0
2018-10-02,0.40875478080651995,0.107754534432045,0.24790962396296992,0.6288963963382744,0.46747886872125716,0.7310295797890181,1.0,0.45244690674053556,0.45296018745920524,0.0,0.4792243767313019,0.09814284220109304,0.46112759643916534,0.37489604701446533,0.5167952522255215,0.38768746840420615,2018,1.0,0.0,0.010007661651947188,2.0
2018-10-03,0.13344829890241736,0.7824914210399775,0.43068297532294625,0.7112178629029021,0.3567233568856273,0.6971275071517821,0.0,0.45244690674053556,0.10088494153547309,1.0,0.4792243767313019,0.8239472145808086,0.8129247645165144,0.37489604701446533,0.08513175152020833,0.38768746840420615,2018,0.0,1.0,0.010009965805947258,3.0
2018-10-04,0.40833644194111257,0.5207230266483599,0.49574588381979245,0.6835516797932625,0.4123625873825688,0.7894460173138698,0.0,0.45244690674053556,0.3396121973221184,0.0,0.4792243767313019,0.5786324607623955,0.5202063628546825,0.37489604701446533,0.21582115219260464,0.38768746840420615,2018,0.0,0.0,0.00969441341713485,4.0
2018-10-05,0.714962823538315,0.4092978369637833,0.4432523865933535,0.976486371081682,0.4468116350245718,0.8170846025211752,0.0,0.45244690674053556,0.6802811268965443,1.0,0.4792243767313019,0.37815506611420213,0.11947791164657763,0.37489604701446533,1.701681726907642,0.38768746840420615,2018,0.0,0.0,0.00946497022596903,0.0
2018-10-08,0.07897643377583162,0.535267672415698,0.38044465238841746,0.8776103681302371,0.524138901787874,0.916267904366909,0.0,0.45244690674053556,0.04040925194802593,1.0,0.4792243767313019,0.5878373057781616,0.34354333449356245,0.37489604701446533,0.3549135630583508,0.38768746840420615,2018,0.0,1.0,0.01036828524513253,1.0
2018-10-09,0.691190498895006,0.3840247654408787,0.4744172592085421,1.0138656999183298,0.4440041938241912,1.0110055431677296,1.0,0.45244690674053556,0.75057616116014,0.0,0.4792243767313019,0.3387545877232317,0.43719526352450394,0.37489604701446533,0.3348038077548089,0.38768746840420615,2018,0.0,0.0,0.010346413887784529,2.0
2018-10-10,0.8719946752081047,0.1675735596053933,0.39635883442667724,0.8518605601768343,0.22039841496036588,0.8372063476584244,1.0,0.45244690674053556,0.8775396335049803,0.0,0.4792243767313019,0.16036781966199648,2.562578724378794,0.37489604701446533,0.24928432382914564,0.38768746840420615,2018,0.0,0.0,0.010445784905105199,3.0
2018-10-11,0.7630380782947489,0.0028377320952907644,0.4784868043051275,0.9018454102730217,0.3040777970315386,0.6555017397826013,0.0,0.45244690674053556,0.33137714889384234,0.0,0.4792243767313019,0.011423948546559225,0.016902887139092236,0.37489604701446533,0.5938057742782266,0.38768746840420615,2018,0.0,0.0,0.011118036782317594,4.0
2018-10-12,0.5089512731515631,0.610688448549385,0.3145670499517885,0.6051523703711915,0.3904452508791469,0.9217647880073803,1.0,0.45244690674053556,0.32648321821437404,0.0,0.4792243767313019,0.779318775338019,1.1338940908850408,0.37489604701446533,0.08591228905465348,0.38768746840420615,2018,0.0,0.0,0.01108632235316473,0.0
2018-10-15,0.4185569053427344,0.3659936579710704,0.3405708407848899,0.4835517445595046,0.556061493031499,0.676185129517143,0.0,0.45244690674053556,0.49391120261847843,0.0,0.4792243767313019,0.27808185462657253,0.4124880791045448,0.37489604701446533,0.21924408974552856,0.38768746840420615,2018,0.0,0.0,0.011602796831375948,1.0
2018-10-16,0.3559884948804692,0.8266726534165373,0.47087158385065725,0.7276302336991198,0.5074490230542811,0.8370358410371319,0.0,0.45244690674053556,0.24096742008149583,1.0,0.4792243767313019,0.8309969782239168,0.3552973551444746,0.37489604701446533,0.2796718136880243,0.38768746840420615,2018,0.0,0.0,0.011447122031466023,2.0
2018-10-17,0.30239446831626604,0.785301377098794,0.37399356900705455,0.773823390580244,0.4433826162241342,0.7841143389798823,1.0,0.45244690674053556,0.25089825296824914,1.0,0.4792243767313019,0.8148548879239458,0.6122492304426286,0.37489604701446533,0.23999575416620877,0.38768746840420615,2018,1.0,1.0,0.011014822834507582,3.0
2018-10-18,0.4765371048814581,0.5071340827720965,0.3552606466494297,0.8420276463638894,0.46773761952762855,0.7973009332819022,1.0,0.45244690674053556,0.5942325756251013,0.0,0.4792243767313019,0.3853523014193637,0.39882195448460084,0.37489604701446533,0.18066934404284438,0.38768746840420615,2018,1.0,0.0,0.010885480663189517,4.0
2018-10-19,0.44707841776380847,0.6614240163280383,0.41066128523741674,0.8451140990111041,0.3515855392247565,0.7714625266445195,0.0,0.45244690674053556,0.5255825464004596,1.0,0.4792243767313019,0.648897587464585,0.2535090538947733,0.37489604701446533,0.46126647380264296,0.38768746840420615,2018,0.0,0.0,0.010873934364918183,0.0
2018-10-22,0.360486624396277,0.7220828209306006,0.4256658713035418,0.8235300815724489,0.33712208987674536,0.8842455327820427,1.0,0.45244690674053556,0.22921834676888314,0.0,0.4792243767313019,0.786752864041179,1.4285714285714315,0.37489604701446533,0.008730158730168852,0.38768746840420615,2018,0.0,0.0,0.010313413166790788,1.0
2018-10-23,0.22158104875170215,0.4017532711807093,0.40445416581907884,0.7383004680497062,0.39152960268484305,0.5969363542120144,0.0,0.45244690674053556,0.2933515178933075,0.0,0.4792243767313019,0.30286996650382403,0.2903578855204265,0.37489604701446533,0.3493488015760059,0.38768746840420615,2018,0.0,0.0,0.010611130015085747,2.0
2018-10-24,0.9205349077369276,0.216902026931474,0.4630262041365781,0.8085226755796527,0.3783726535924584,0.7880021645199613,1.0,0.45244690674053556,0.9033978854197163,0.0,0.4792243767313019,0.17164080882237953,0.4161259912382954,0.37489604701446533,0.4464038152276384,0.38768746840420615,2018,1.0,0.0,0.010440126024878446,3.0
2018-10-25,0.39828989380973434,0.6237082401371534,0.42212949264342636,0.8141433512667446,0.4761299175659789,0.80043169774132,1.0,0.45244690674053556,0.32777501193217584,0.0,0.4792243767313019,0.6393290994879364,0.8864829396325398,0.37489604701446533,0.1377952755905476,0.38768746840420615,2018,1.0,0.0,0.010604862185501593,4.0
2018-10-26,0.16529983406369816,0.696371432329496,0.2860713259325637,0.5476149269621824,0.5004203404936128,0.7009238879192554,0.0,0.45244690674053556,0.2121990862951228,1.0,0.4792243767313019,0.6219118665495984,0.1587193072409101,0.37489604701446533,0.7281946106078822,0.38768746840420615,2018,0.0,0.0,0.010165445477352592,0.0
2018-10-29,0.5004403310857685,0.5354461984969071,0.40089674419079746,0.7470858549141216,0.40123649593055644,0.8419600795223952,0.0,0.45244690674053556,0.37509007275573614,1.0,0.4792243767313019,0.5743931498877397,0.12030328559393218,0.37489604701446533,0.7226060095478842,0.38768746840420615,2018,0.0,0.0,0.010348134371730789,1.0
2018-10-30,0.354874634876795,0.6799087968126644,0.367008784788132,0.6366656333985833,0.44658974673873275,0.7574121491259617,0.0,0.45244690674053556,0.2522898037718233,1.0,0.4792243767313019,0.7196226932847526,0.04060913705583615,0.37489604701446533,0.8434205388520075,0.38768746840420615,2018,0.0,0.0,0.010472638646939992,2.0
2018-10-31,0.2605701400810144,0.7022888323009217,0.34088298798004574,1.014435998490176,0.447281815491885,0.8543713647293999,1.0,0.45244690674053556,0.14638783760566612,0.0,0.4792243767313019,0.7362258562065854,2.080509292006936,0.37489604701446533,0.0,0.38768746840420615,2018,0.0,0.0,0.009147840777804705,3.0
2018-11-01,0.4865936823986795,0.07768966992634246,0.18996851009831967,0.6325147914283301,0.5211725635923167,0.820433933892867,0.0,0.45244690674053556,0.45130398862874493,0.0,0.4792243767313019,0.051442523103723256,0.2942868886148729,0.37489604701446533,0.25729551993422795,0.38768746840420615,2018,0.0,0.0,0.009867860706203,4.0
2018-11-02,0.6674046514446508,0.5578435931279093,0.3686459759962304,0.7706368223316526,0.6275237405958441,0.9231573602405815,0.0,0.45244690674053556,0.5770529773535991,1.0,0.4792243767313019,0.5990517688195157,0.20056057303020502,0.37489604701446533,0.521457489878545,0.38768746840420615,2018,0.0,1.0,0.009302285158060614,0.0
2018-11-05,0.6289497382816763,0.5240451215982577,0.4497307900384163,0.8226294754382193,0.48215073921067914,0.7585672479114338,1.0,0.45244690674053556,0.5571111329754157,1.0,0.4792243767313019,0.5143291120624919,0.40990990990991627,0.37489604701446533,0.6805555555555552,0.38768746840420615,2018,1.0,0.0,0.009273107639755066,1.0
2018-11-06,0.18935314614450036,0.7017167678875006,0.3791854923831801,0.7145972431836762,0.3982661264789926,0.8269368769225198,1.0,0.45244690674053556,0.17594503502050501,1.0,0.4792243767313019,0.6670702831480732,0.8465634371748689,0.37489604701446533,0.3101781014749898,0.38768746840420615,2018,1.0,1.0,0.009515074220956554,2.0
2018-11-07,0.13416977833945987,0.6927803909691225,0.2996762374438874,0.5935796783131955,0.4284748893628364,0.7511333370240006,0.0,0.45244690674053556,0.1872493453069721,1.0,0.4792243767313019,0.6023974262744975,0.04570184983677607,0.37489604701446533,0.5509611896989478,0.38768746840420615,2018,0.0,1.0,0.009633763247734817,3.0
2018-11-08,0.5968564605220044,0.622702452370057,0.4376007895273787,0.8007226778019032,0.548880223240516,0.9043139795388737,0.0,0.45244690674053556,0.5108437566284196,1.0,0.4792243767313019,0.6452589974711282,0.03229331067137025,0.37489604701446533,1.3937113026587251,0.38768746840420615,2018,0.0,0.0,0.009621146197737494,4.0
2018-11-09,0.09450579362141526,0.6609720708720769,0.26865820597837964,0.6430914407719379,0.31975234376328676,0.7900197971516054,0.0,0.45244690674053556,0.06390832831844453,1.0,0.4792243767313019,0.7001333419115334,0.15628815628816242,0.37489604701446533,0.7765567765567746,0.38768746840420615,2018,0.0,0.0,0.010157341645514137,0.0
2018-11-12,0.08076625599287457,0.8635097588604969,0.4008005635149721,0.6838129342601535,0.3225941080692594,0.6824664808588777,0.0,0.45244690674053556,0.08328719591635404,1.0,0.4792243767313019,0.8536466506775101,0.4225232853513987,0.37489604701446533,0.3310753598645099,0.38768746840420615,2018,0.0,1.0,0.009840682598406808,1.0
2018-11-13,0.4961124467154353,0.4931545218838558,0.33671523933079034,0.8257063308392819,0.3870914753830797,1.0062232554347301,1.0,0.45244690674053556,0.651661347519538,0.0,0.4792243767313019,0.406275365596344,1.24480077159564,0.37489604701446533,0.3443245524142455,0.38768746840420615,2018,0.0,0.0,0.00986027170579309,2.0
2018-11-14,0.5074110814011612,0.11126470162268988,0.440536754050171,0.9382231370481768,0.4294414535350098,0.819965215179414,0.0,0.45244690674053556,0.44364630326161797,0.0,0.4792243767313019,0.13845273201874525,0.45158689015611003,0.37489604701446533,0.2620816773227361,0.38768746840420615,2018,0.0,0.0,0.010241668210300732,3.0
2018-11-15,0.6818428501390087,0.4243826392899378,0.542277806229578,0.9714634833085427,0.3783308111799338,0.9545053971625017,1.0,0.45244690674053556,0.6484693276106167,0.0,0.4792243767313019,0.4229698945092936,1.0217648450437626,0.37489604701446533,0.0,0.38768746840420615,2018,0.0,0.0,0.00995732742222528,4.0
2018-11-16,0.4854218449563755,0.3323496052188239,0.2725073996557225,0.5121663753468415,0.34330338042417513,0.6727714360363681,0.0,0.45244690674053556,0.6466720223829279,0.0,0.4792243767313019,0.2587249475167123,0.3214327657075825,0.37489604701446533,0.2696418085731048,0.38768746840420615,2018,0.0,0.0,0.009960520543939144,0.0
2018-11-19,0.7920345023001365,0.3955196084400376,0.5986542144809671,0.6809754811436283,0.23654205443319323,0.5902975397168966,1.0,0.45244690674053556,0.8308935129832884,0.0,0.4792243767313019,0.30087763267858775,0.4205792408706606,0.37489604701446533,0.3173232595790596,0.38768746840420615,2018,1.0,0.0,0.009734449221746022,1.0
2018-11-20,0.2740233681991378,0.7199927360409852,0.49774609859223207,0.7565210906653049,0.29008704511529637,0.8199634176120891,1.0,0.45244690674053556,0.2501262771412651,1.0,0.4792243767313019,0.7731041667610157,0.7185825621042451,0.37489604701446533,0.1662201656112855,0.38768746840420615,2018,1.0,1.0,0.009603330526709676,2.0
2018-11-21,0.43462511305173696,0.48533398582800097,0.4665050317233944,0.8727158725738695,0.23193689748414578,0.6500828137696312,0.0,0.45244690674053556,0.5529848562053095,0.0,0.4792243767313019,0.3547324313921184,0.3104745561349003,0.37489604701446533,0.08223879611907754,0.38768746840420615,2018,0.0,0.0,0.008829356985512625,3.0
2018-11-22,0.7854757392314349,0.698821828445615,0.5920573204923658,1.2207060361285067,0.2982056186058915,0.7553260592694321,0.0,0.45244690674053556,0.7021016233583627,1.0,0.4792243767313019,0.6094863699516064,0.1437101643743687,0.37489604701446533,0.6236833277423788,0.38768746840420615,2018,0.0,0.0,0.008676937335106157,4.0
2018-11-23,0.4222267100116922,0.6471199116219462,0.4713347353503387,1.0042898216632012,0.30115890517001437,0.8342782254609111,0.0,0.45244690674053556,0.3346351113700266,0.0,0.4792243767313019,0.6854522003681773,0.47280784208405874,0.37489604701446533,0.13065664025781012,0.38768746840420615,2018,0.0,0.0,0.008698465649996252,0.0
2018-11-26,0.3481852989292197,0.8302890837266057,0.4768690668337622,1.079672241216024,0.2856619763178122,0.801907794461366,0.0,0.45244690674053556,0.18900298244932034,1.0,0.4792243767313019,0.8721107307766061,0.33111748652999545,0.37489604701446533,0.9766986215100464,0.38768746840420615,2018,0.0,0.0,0.008354564172476627,1.0
2018-11-27,0.15439398126984868,0.6361985610290617,0.36015338963767946,0.8907239320215977,0.27849171941244516,0.7816942115904216,1.0,0.45244690674053556,0.0925898740153922,1.0,0.4792243767313019,0.6583095469036656,1.1826842252732048,0.37489604701446533,0.3373493975903451,0.38768746840420615,2018,1.0,1.0,0.008395543234460057,2.0
2018-11-28,0.3375336684257069,0.24804115511333602,0.5449393330011811,1.0154072213168446,0.22554175141832078,0.5838393359894649,1.0,0.45244690674053556,0.38127086856547926,0.0,0.4792243767313019,0.20626340571799565,0.7749487467760188,0.37489604701446533,0.026850076053167752,0.38768746840420615,2018,1.0,0.0,0.008848765175623488,3.0
2018-11-29,0.3742475515055811,0.6378055991712162,0.48228149492817685,0.9293952468526113,0.5019087271817898,0.7613676309796849,0.0,0.45244690674053556,0.44659119016359666,1.0,0.4792243767313019,0.5324585822394602,0.1526312111258596,0.37489604701446533,0.7152142008526275,0.38768746840420615,2018,0.0,1.0,0.00835073434405095,4.0
2018-11-30,0.6107188588076367,0.39157992615083514,0.5193335141705312,0.8686664914914668,0.2690320972387613,0.662224811417161,1.0,0.45244690674053556,0.5630610144523225,0.0,0.4792243767313019,0.3926405666299978,1.270462633451957,0.37489604701446533,0.08569395017792597,0.38768746840420615,2018,0.0,0.0,0.008211792952937369,0.0
2018-12-03,0.4328888132462685,0.3274650290497731,0.4472123502553604,0.8257518628700894,0.3976481826912858,0.5660954597555317,1.0,0.45244690674053556,0.5134591094762303,0.0,0.4792243767313019,0.18579860528296024,1.1145237931272114,0.37489604701446533,0.0,0.38768746840420615,2018,0.0,0.0,0.008430374661385857,1.0
2018-12-04,0.49945696166079917,0.39084343012335027,0.3945464629798579,0.7687571084717867,0.5357166195578446,0.7826644385343839,0.0,0.45244690674053556,0.5861258791135906,0.0,0.4792243767313019,0.2132231409852285,0.10758300710453245,0.37489604701446533,0.4963027403218882,0.38768746840420615,2018,0.0,0.0,0.007957789218389811,2.0
2018-12-05,0.713411284022449,0.6246201752092619,0.48311352615103026,0.9948502421927029,0.4052135496411921,0.7058490520309894,1.0,0.45244690674053556,0.6534753072269214,0.0,0.4792243767313019,0.4997642264531119,0.7827310426540226,0.37489604701446533,0.2135663507108945,0.38768746840420615,2018,1.0,0.0,0.00779930647162241,3.0
2018-12-06,0.22675560586365387,0.7436374980799244,0.5371822732577518,0.9437403520447798,0.28585099707929834,0.5295808204364763,1.0,0.45244690674053556,0.24462197127912622,0.0,0.4792243767313019,0.615860572853391,1.3290000755800695,0.37489604701446533,0.027511148061370023,0.38768746840420615,2018,0.0,0.0,0.007637434570084771,4.0
2018-12-07,0.764099420603281,0.164672766845857,0.5529505825302017,0.9318565227412711,0.24465285398654169,0.5296051853040188,1.0,0.45244690674053556,0.7258606944537807,0.0,0.4792243767313019,0.0917525574637125,0.2161809482383755,0.37489604701446533,0.6911700739451877,0.38768746840420615,2018,1.0,0.0,0.007892640859092848,0.0
2018-12-10,0.32815327629456514,0.7267839689268876,0.45072541337783134,0.9086011636260541,0.3612121956071353,0.7437584897628461,0.0,0.45244690674053556,0.23686469504659205,1.0,0.4792243767313019,0.6938187660046435,0.5515243681656941,0.37489604701446533,0.31023245709319425,0.38768746840420615,2018,0.0,1.0,0.007928788466882717,1.0
2018-12-11,0.2718716400085184,0.8300850595102973,0.3372131210687419,0.9132692200550709,0.3612306942876844,0.6198229321800425,0.0,0.45244690674053556,0.21666922295982444,0.0,0.4792243767313019,0.737792190423644,0.46868805520886214,0.37489604701446533,0.07194772777329578,0.38768746840420615,2018,0.0,0.0,0.007829591844946391,2.0
2018-12-12,0.7269246809057881,0.7079010581425935,0.3973699252399,1.0675347005957012,0.4278519140785147,0.8031812370723119,0.0,0.45244690674053556,0.7477242565535709,1.0,0.4792243767313019,0.45757083077171307,0.1499781372977725,0.37489604701446533,0.5264538696983021,0.38768746840420615,2018,0.0,0.0,0.007871305700587522,3.0
2018-12-13,0.4457825918245054,0.7661574970040536,0.53585487756019,1.0145258080347141,0.41264915619447706,0.819709474035439,0.0,0.45244690674053556,0.2899828355613482,1.0,0.4792243767313019,0.7723478246829439,0.13929834905661756,0.37489604701446533,0.9038915094339595,0.38768746840420615,2018,0.0,0.0,0.007805596465390296,4.0
2018-12-14,0.3986971675664227,0.5278340564268128,0.39152245137499275,0.8818952054938595,0.3651711873886086,0.7269518002558469,1.0,0.45244690674053556,0.4203117236494539,0.0,0.4792243767313019,0.4270343416195054,0.9753892516323452,0.37489604701446533,0.2893018583626188,0.38768746840420615,2018,0.0,0.0,0.008038922760124393,0.0
2018-12-17,0.5937831867587159,0.22237207322427666,0.3468450662412873,0.820068674475012,0.2710318424389682,0.6304276653638482,1.0,0.45244690674053556,0.6405232628380862,0.0,0.4792243767313019,0.13583765575636617,0.4888536180650651,0.37489604701446533,0.053531491234395774,0.38768746840420615,2018,0.0,0.0,0.007949252330981631,1.0
2018-12-18,0.731603246810095,0.5012855805286608,0.6067108001303343,1.0622319107431857,0.2765140347432015,0.7110165584793865,1.0,0.45244690674053556,0.8258159487538427,1.0,0.4792243767313019,0.32127138129811,0.9806973848069721,0.37489604701446533,0.8096201743462073,0.38768746840420615,2018,1.0,0.0,0.007347357055933256,2.0
2018-12-19,0.016202429587666725,0.9136507940574683,0.4713072085930409,0.9418466645159087,0.36022068906088484,0.8139280332854955,1.0,0.45244690674053556,0.029824305062382348,0.0,0.4792243767313019,0.6589070678057295,2.4455045871559546,0.37489604701446533,0.0,0.38768746840420615,2018,0.0,0.0,0.007831891115732658,3.0
2018-12-20,0.2484096497604125,0.12302523911853268,0.6012506265360934,1.1211359884173784,0.32896991596902336,0.5696587475757673,0.0,0.45244690674053556,0.24542992927574706,0.0,0.4792243767313019,0.04861165557068526,0.31022622039953623,0.37489604701446533,0.5093266305066806,0.38768746840420615,2018,0.0,0.0,0.00857471825034457,4.0
2018-12-21,0.29270153775844177,0.7918061052412431,0.4122306677411201,0.9934535156838008,0.4966603249824834,0.7610605868201873,1.0,0.45244690674053556,0.19171468384702406,0.0,0.4792243767313019,0.7772742443169106,1.2458680508127253,0.37489604701446533,0.0,0.38768746840420615,2018,0.0,0.0,0.008331265974613611,0.0
2018-12-24,0.8692594603078587,0.17292676266014884,0.4398289361370857,0.9776085505206281,0.40586825226953827,0.9364810620496516,1.0,0.45244690674053556,0.8602532464291883,0.0,0.4792243767313019,0.07874018951664848,1.0261680979106007,0.37489604701446533,0.3455270809385438,0.38768746840420615,2018,1.0,0.0,0.008329512800381194,1.0
2018-12-26,0.09365499703656024,0.8371335837777318,0.4608612472793401,0.8433313290526252,0.4368338290701968,0.7749686079361132,0.0,0.45244690674053556,0.09314953790193191,0.0,0.4792243767313019,0.670129624692224,1.1106565236847221,0.37489604701446533,0.02416416288435558,0.38768746840420615,2018,0.0,0.0,0.008821983505377901,3.0
2018-12-27,0.5732622871819203,0.47567747682904904,0.5912950753894535,0.9075641619364876,0.6052792996513442,1.0243085493471653,1.0,0.45244690674053556,0.6367715192349854,0.0,0.4792243767313019,0.20359916217645263,0.598620689655166,0.37489604701446533,0.09479623824450759,0.38768746840420615,2018,0.0,0.0,0.00893361233835484,4.0
2018-12-28,0.7798466531943965,0.46155321966173934,0.6146849251087168,1.0002255973594103,0.5642683408382299,1.0776224167136623,1.0,0.45244690674053556,0.8271775622541584,0.0,0.4792243767313019,0.2426016737362936,0.3061198085133801,0.37489604701446533,0.2925346099107272,0.38768746840420615,2018,1.0,0.0,0.008621805168844157,0.0
2018-12-31,0.6649616319442484,0.6855775142511893,0.6296893730251751,1.0866687146300544,0.4414598514902683,0.9847967038645877,1.0,0.45244690674053556,0.6696871237636407,0.0,0.4792243767313019,0.4915299686367891,0.6859770114942563,0.37489604701446533,0.23908045977010658,0.38768746840420615,2018,0.0,0.0,0.008487871124847803,1.0
2019-01-02,0.4957926510047022,0.6833297828645724,0.5578368739642452,1.1875467882805886,0.494531937044083,0.9336303272988454,1.0,0.4526472781506339,0.5567260577045772,0.0,0.482475764354959,0.38469285957477306,0.9566348091801569,0.3896676011213423,0.0,0.39184453647659107,2019,0.0,0.0,0.008553410854006436,3.0
2019-01-03,0.8631342667812045,0.2719276284379221,0.6422807921852615,0.9796286552157447,0.36520615125929917,0.8474025666105273,1.0,0.4526472781506339,0.8220538633234058,1.0,0.482475764354959,0.15509513823300772,0.41984156921916116,0.3896676011213423,1.5138941280020164,0.39184453647659107,2019,1.0,1.0,0.008781780538302274,4.0
2019-01-04,0.096035583912012,0.4073988818347891,0.4433503316331087,0.6546325294902091,0.4722771658055615,0.9567751437906443,0.0,0.4526472781506339,0.09980606624082675,0.0,0.482475764354959,0.36296058813149645,0.8188073394495456,0.3896676011213423,0.18222477064220052,0.39184453647659107,2019,0.0,0.0,0.009695557277727675,0.0
2019-01-07,0.4166289044025784,0.5932464295541356,0.33554250622961107,0.7059080702250137,0.5387992620812746,0.8070771300670182,0.0,0.4526472781506339,0.4453174751551864,1.0,0.482475764354959,0.4291469884719662,0.11722109074451394,0.3896676011213423,0.7437202987101244,0.39184453647659107,2019,0.0,1.0,0.00979724861155759,1.0
2019-01-08,0.4722493773978523,0.548885041524573,0.4254772261710489,0.7773741933283757,0.43985763890025237,0.7890839512216907,1.0,0.4526472781506339,0.47917444290318384,0.0,0.482475764354959,0.5069110123530709,0.7214351005484447,0.3896676011213423,0.3895109689213989,0.39184453647659107,2019,0.0,0.0,0.00973075862559705,2.0
2019-01-09,0.8049470841123971,0.1504167801536181,0.4630276947176641,0.7128579718998687,0.4140917009152162,0.8743692990430109,1.0,0.4526472781506339,0.800073930739313,0.0,0.482475764354959,0.12744310320213498,0.32338200043582516,0.3896676011213423,0.5148180431466546,0.39184453647659107,2019,1.0,0.0,0.010141963173778096,3.0
2019-01-10,0.16242360314898321,0.849573370598918,0.5331981987379976,0.6857880295178186,0.30062521707843176,0.6707786092153841,0.0,0.4526472781506339,0.110039243612588,0.0,0.482475764354959,0.8600746894864012,0.7073882775656856,0.3896676011213423,0.0,0.39184453647659107,2019,0.0,0.0,0.009892587779221796,4.0
2019-01-11,0.2336774717298496,0.8714906002899434,0.3627190969894322,0.8283050305096249,0.43406306480536994,0.8840578804384699,1.0,0.4526472781506339,0.21090149846725967,0.0,0.482475764354959,0.7998662164690765,0.7157727161400845,0.3896676011213423,0.03857457751653582,0.39184453647659107,2019,1.0,0.0,0.009061171227951826,0.0
2019-01-14,0.4500227810358557,0.7041238168398314,0.4448866089553182,0.9082759118671503,0.4999664357203537,0.9619545490961812,0.0,0.4526472781506339,0.5596258115964222,1.0,0.482475764354959,0.4899453774207304,0.2683897837937058,0.3896676011213423,0.41416059288294843,0.39184453647659107,2019,0.0,1.0,0.009030200592463457,1.0
2019-01-15,0.5037033623532201,0.7308705086292042,0.5220050258749092,1.0730426461792917,0.49441954874058613,0.8750919248550321,1.0,0.4526472781506339,0.35329415855602353,0.0,0.482475764354959,0.7155794195459371,0.5247787610619532,0.3896676011213423,0.1106194690265488,0.39184453647659107,2019,1.0,0.0,0.008766281622615444,2.0
2019-01-16,0.6947495255808427,0.5945850698897419,0.4972586623709688,0.9292870377305126,0.39748544036338945,1.0636474692662576,1.0,0.4526472781506339,0.7893802692347618,0.0,0.482475764354959,0.32391354930419886,0.20319438001191337,0.3896676011213423,0.4203061833123657,0.39184453647659107,2019,1.0,0.0,0.008334640597968613,3.0
2019-01-17,0.5538308003513811,0.7624154985410909,0.5147935550530562,1.091069127542857,0.45512099525393257,0.9226707600524907,0.0,0.4526472781506339,0.5088408522208572,1.0,0.482475764354959,0.6254057264209993,0.08114262057546436,0.3896676011213423,1.0625819361070874,0.39184453647659107,2019,0.0,0.0,0.008015224114360035,4.0
2019-01-18,0.14490472094795526,0.8459061332595957,0.4340822765884969,1.016027193147978,0.22511265380798912,0.6959521601024719,0.0,0.4526472781506339,0.08773254144534967,1.0,0.482475764354959,0.8036694843079989,0.19184523409685944,0.3896676011213423,0.44011553704575024,0.39184453647659107,2019,0.0,0.0,0.008298207025410235,0.0
2019-01-21,0.5570095738228199,0.7378099288248817,0.5086545992125483,1.0148077879708055,0.37085161659369,0.8279763206257851,1.0,0.4526472781506339,0.5646755636770653,0.0,0.482475764354959,0.5899410716288905,0.5055712176131119,0.3896676011213423,0.2518458853537443,0.39184453647659107,2019,0.0,0.0,0.00831342122561861,1.0
2019-01-22,0.7843313119606906,0.37278218860105833,0.5078950706149106,0.9233606721452928,0.46551386733876904,0.8955803921596576,1.0,0.4526472781506339,0.857179230969172,0.0,0.482475764354959,0.19219264209578435,0.17145189821743967,0.3896676011213423,0.5791264117567144,0.39184453647659107,2019,1.0,0.0,0.0081721931924708,2.0
2019-01-23,0.45262212897492965,0.6527059336179961,0.5696203183255705,0.8642564449342545,0.304565580686548,0.8091906123683954,0.0,0.4526472781506339,0.4961296491250096,1.0,0.482475764354959,0.5616534327447201,0.22694838933149916,0.3896676011213423,0.5489435400069113,0.39184453647659107,2019,0.0,1.0,0.008040358309781365,3.0
2019-01-24,0.5892574370373649,0.5402158597083042,0.5016950195268843,1.1692228164798686,0.46043192064907057,0.8317106684330703,1.0,0.4526472781506339,0.47745194931587426,0.0,0.482475764354959,0.5103780284584475,2.4986961190366492,0.3896676011213423,0.08697653014265368,0.39184453647659107,2019,0.0,0.0,0.007271692935782918,4.0
2019-01-25,0.7827347073693016,0.007691308944718392,0.4848406036179859,1.000911569204087,0.35912129158036116,0.7169994517921651,1.0,0.4526472781506339,0.4102130872281174,0.0,0.482475764354959,0.013012357743027737,0.16860342277623247,0.3896676011213423,0.49595041904361276,0.39184453647659107,2019,1.0,0.0,0.007785837113203102,0.0
2019-01-28,0.7072055166622695,0.39865697713159864,0.5235185928035933,0.8623775388982152,0.3559547553478951,0.6611024941765433,1.0,0.4526472781506339,0.7886112371288736,0.0,0.482475764354959,0.32682665536576005,0.9292035398230156,0.3896676011213423,0.01726389090379972,0.39184453647659107,2019,0.0,0.0,0.007558271499077304,1.0
2019-01-29,0.8412974264232459,0.22376336889407558,0.5179735355838249,0.9669004874078112,0.28986337074251006,0.6695527151921238,1.0,0.4526472781506339,0.8411001324051408,0.0,0.482475764354959,0.12010671315459705,1.248855878160387,0.3896676011213423,0.26258534023557617,0.39184453647659107,2019,0.0,0.0,0.007259851371577602,2.0
2019-01-30,0.8414973459201098,0.13988888065819377,0.541290713203465,1.2465206868004872,0.4477547768828665,0.6649622811045908,1.0,0.4526472781506339,0.5148381761104271,0.0,0.482475764354959,0.1225831908571192,0.6800790109005879,0.3896676011213423,0.23044846001902103,0.39184453647659107,2019,1.0,0.0,0.007398831039906816,3.0
2019-01-31,0.3506238042859632,0.6830140291301141,0.47125583343382604,0.9484299006285758,0.5667724346462975,0.672488496638113,0.0,0.4526472781506339,0.38591524776319563,1.0,0.482475764354959,0.5416355740741093,0.2593351881681035,0.3896676011213423,0.5032947722946337,0.39184453647659107,2019,0.0,0.0,0.007385265589464027,4.0
2019-02-01,0.3337073686196957,0.7761797907143192,0.4751488004118104,0.9487775733821318,0.5058963796908318,0.9203731536053056,0.0,0.4526472781506339,0.21926736616591097,1.0,0.482475764354959,0.7928298249890207,0.1604792190504313,0.3896676011213423,0.9090371246856929,0.39184453647659107,2019,0.0,0.0,0.007332041378697078,0.0
2019-02-04,0.26896556941657257,0.7146375003390165,0.5716497779507318,0.9188958324180769,0.38143576533667733,0.8342974534817726,0.0,0.4526472781506339,0.2242429802371588,0.0,0.482475764354959,0.6381542740719184,0.5148629987644382,0.3896676011213423,0.10683915982265661,0.39184453647659107,2019,0.0,0.0,0.007492400868223288,1.0
2019-02-05,0.7148657192358324,0.6177700779735056,0.44876757920293636,0.9327334653644705,0.466808699040992,1.0022710701437445,0.0,0.4526472781506339,0.7585808650628191,1.0,0.482475764354959,0.3861688977055178,0.09024318781132075,0.3896676011213423,0.9516554351010797,0.39184453647659107,2019,0.0,0.0,0.007416324605987396,2.0
2019-02-06,0.13250865022929853,0.8933696936080704,0.48259391995530065,1.1586287224405285,0.3927827587877495,0.8882252557183777,0.0,0.4526472781506339,0.09378184121053718,1.0,0.482475764354959,0.832648210605091,0.5851671906259056,0.3896676011213423,0.3320948842526366,0.39184453647659107,2019,0.0,1.0,0.007654487084830502,3.0
2019-02-07,0.6694914517289141,0.3635469977292989,0.3902074759078685,0.9872841539108244,0.4468468806658874,0.8551880037575607,1.0,0.4526472781506339,0.7207887290077987,0.0,0.482475764354959,0.238433271015034,0.5955277150557123,0.3896676011213423,0.20802680457425488,0.39184453647659107,2019,0.0,0.0,0.0074871950368224595,4.0
2019-02-08,0.6344781333340687,0.4344601908535739,0.34849823206110314,0.8764858847390404,0.43920180298969297,0.915460463023397,0.0,0.4526472781506339,0.7593671999009384,1.0,0.482475764354959,0.278214106445377,0.11123149151317242,0.3896676011213423,1.0213073311664995,0.39184453647659107,2019,0.0,1.0,0.007527868610011279,0.0
2019-02-11,0.3624643977916939,0.5301466500965392,0.3560536622583044,0.8899185352849635,0.5015197093583471,0.9901054381587061,0.0,0.4526472781506339,0.2552810101039405,0.0,0.482475764354959,0.5658800587219618,0.679285260258505,0.3896676011213423,0.13447277350094364,0.39184453647659107,2019,0.0,0.0,0.007733211573983547,1.0
2019-02-12,0.5231105031454657,0.6111168427717593,0.49808675190107404,1.1812216034803789,0.43686084949178294,0.9119249325548991,1.0,0.4526472781506339,0.4951122210538602,1.0,0.482475764354959,0.5102085252030025,0.7673664928843156,0.3896676011213423,0.5316330844018481,0.39184453647659107,2019,1.0,0.0,0.007737418382065141,2.0
2019-02-13,0.056947075955507964,0.847410308453733,0.5741882418731017,1.1727550006360112,0.3901724672266193,0.9209873572005319,0.0,0.4526472781506339,0.07554087545111283,1.0,0.482475764354959,0.7455635228793922,0.8184351845557678,0.3896676011213423,0.32451906736456565,0.39184453647659107,2019,0.0,1.0,0.008047372883673843,3.0
2019-02-14,0.5921697737157839,0.22862090939412333,0.32728247399956745,0.6336817099918834,0.5590012847946763,0.8906352604534324,1.0,0.4526472781506339,0.6580062360356151,0.0,0.482475764354959,0.13997783985440793,1.0906398104265407,0.3896676011213423,0.07879146919431201,0.39184453647659107,2019,0.0,0.0,0.00735163620724383,4.0
2019-02-15,0.7869385114025313,0.18701061357810628,0.3929644908695326,0.78221393203884,0.3771362193406465,0.6889904076472718,1.0,0.4526472781506339,0.7446733763437633,0.0,0.482475764354959,0.13034121409018126,0.6720160481444164,0.3896676011213423,0.21564694082247698,0.39184453647659107,2019,0.0,0.0,0.00754782687692574,0.0
2019-02-18,0.7238941167523653,0.3801572105494004,0.5263250020992637,0.8477547101730525,0.3307732376670292,0.564757119154944,1.0,0.4526472781506339,0.7955766896537566,0.0,0.482475764354959,0.19485054754586667,1.5679677952699267,0.3896676011213423,0.3441880526202367,0.39184453647659107,2019,0.0,0.0,0.007492236317553176,1.0
2019-02-19,0.733441269189762,0.03672651697516005,0.549843979280443,1.077832397212219,0.549267877561151,0.9364620162957215,1.0,0.4526472781506339,0.5842701898383308,0.0,0.482475764354959,0.03369836289518929,0.5757027553576487,0.3896676011213423,0.3818536042304557,0.39184453647659107,2019,1.0,0.0,0.007656695346421235,2.0
2019-02-20,0.14777102721717694,0.8665914353104947,0.5170791898401431,1.1411714735339826,0.6004671426603664,0.8415845382388362,0.0,0.4526472781506339,0.15395187606730132,1.0,0.482475764354959,0.7673865821152893,0.3242084888704684,0.3896676011213423,1.664592838379633,0.39184453647659107,2019,0.0,0.0,0.007722151996036959,3.0
2019-02-21,0.026622532297528236,0.8347616287877508,0.47321088223000524,1.0050982940635775,0.4394486435051011,0.7522384284250104,0.0,0.4526472781506339,0.028934579507450896,0.0,0.482475764354959,0.6251531633772665,0.8962413640108953,0.3896676011213423,0.12866831463523273,0.39184453647659107,2019,0.0,0.0,0.008518300551257189,4.0
2019-02-22,0.3185660422826809,0.6400428640642771,0.4271702750095602,0.9306007458534594,0.4774805828766658,0.8796650270795077,0.0,0.4526472781506339,0.47513582077806965,0.0,0.482475764354959,0.38028136101353294,0.4305931190641015,0.3896676011213423,0.22894521668028667,0.39184453647659107,2019,0.0,0.0,0.008553975212356364,0.0
2019-02-25,0.4303594592924633,0.7715209876999467,0.43101025426409717,0.916366698658451,0.5612875811041448,0.9197361897160139,0.0,0.4526472781506339,0.3480994016897099,1.0,0.482475764354959,0.7419931597477748,0.27498908773462183,0.3896676011213423,0.3125272806634596,0.39184453647659107,2019,0.0,1.0,0.00863225320271288,1.0
2019-02-26,0.7994378018028505,0.42779886709041315,0.5001120529014267,1.0592223643484888,0.4386248535267885,0.8051708737761791,0.0,0.4526472781506339,0.8125832449228634,1.0,0.482475764354959,0.34546674829424356,0.10793933987511486,0.3896676011213423,1.058876003568234,0.39184453647659107,2019,0.0,0.0,0.008437452958000895,2.0
2019-02-27,0.18725483565402765,0.7294040731760852,0.37794490909507145,0.7101047806364109,0.555805860802141,0.8904882766663478,0.0,0.4526472781506339,0.136794129636054,1.0,0.482475764354959,0.7073476081712601,0.6806341311781121,0.3896676011213423,0.5962076468759845,0.39184453647659107,2019,0.0,0.0,0.008707962493774209,3.0
2019-02-28,0.055165751968948164,0.8378200146889507,0.5757562130561232,0.7381978508306457,0.2700644457656954,0.5968655740686665,0.0,0.4526472781506339,0.06510066788333782,1.0,0.482475764354959,0.7877787741309792,0.2004294917680822,0.3896676011213423,1.8915533285612118,0.39184453647659107,2019,0.0,0.0,0.009121388906118896,4.0
2019-03-01,0.014613006202053526,0.7772611238956564,0.3875313058388158,0.65149947992025,0.4311642628634275,0.7511907356591019,0.0,0.4526472781506339,0.02617853525437083,1.0,0.482475764354959,0.5800958511133095,0.27615846603118066,0.3896676011213423,0.8161331202821211,0.39184453647659107,2019,0.0,0.0,0.010023018315244884,0.0
2019-03-04,0.14749544843249363,0.7001133877282203,0.36199262854676606,0.6283900366894616,0.43658149676743907,0.6566981153672143,0.0,0.4526472781506339,0.18394934217468714,1.0,0.482475764354959,0.6808579208084848,0.2457581901611326,0.3896676011213423,0.38320350016005933,0.39184453647659107,2019,0.0,1.0,0.01040780468734382,1.0
2019-03-05,0.7342070917715052,0.3865455254118403,0.3735567279824267,0.6535130375849728,0.43039264241024755,0.8078716650503531,1.0,0.4526472781506339,0.7884149237935472,0.0,0.482475764354959,0.3486882694170663,0.2598127771390934,0.3896676011213423,0.3050309300925178,0.39184453647659107,2019,1.0,0.0,0.010134494118586957,2.0
2019-03-06,0.3770659623000887,0.7402162864584699,0.40844012034826244,0.7327326173974015,0.42312284105918097,0.8719318565039487,0.0,0.4526472781506339,0.43414110981669257,1.0,0.482475764354959,0.7232993733658413,0.24141998539571485,0.3896676011213423,0.41521091950794603,0.39184453647659107,2019,0.0,1.0,0.009888973319824381,3.0
2019-03-07,0.5779380381349287,0.4677273631735673,0.38684149693532355,0.7025586702821813,0.4596524090473945,0.839578575447042,1.0,0.4526472781506339,0.6051718885329413,0.0,0.482475764354959,0.5267033021689294,1.2456881781838898,0.3896676011213423,0.01519131924614943,0.39184453647659107,2019,0.0,0.0,0.00973189761443455,4.0
2019-03-08,0.6065584534187333,0.13189139386910806,0.3457849756082978,0.5208173311277149,0.3000597276021146,0.6735378455146168,0.0,0.4526472781506339,0.7121846915158772,0.0,0.482475764354959,0.11902407298456588,0.06383913855619702,0.3896676011213423,0.5991649269311037,0.39184453647659107,2019,0.0,0.0,0.010014888632369625,0.0
2019-03-11,0.6230639889717561,0.6101535249040531,0.5259085227634523,1.0286859813930673,0.38906150719044963,0.8180303326300266,1.0,0.4526472781506339,0.3410240216285811,0.0,0.482475764354959,0.7326365448918517,0.7495921696574275,0.3896676011213423,0.08482871125611455,0.39184453647659107,2019,0.0,0.0,0.009481825212683674,1.0
2019-03-12,0.8596900803080831,0.250470701458468,0.4265213968983259,0.5969131247632571,0.34348505916585,0.7466939484838856,1.0,0.4526472781506339,0.8348368494537811,0.0,0.482475764354959,0.18217556114499622,0.832480818414325,0.3896676011213423,0.05126714717508452,0.39184453647659107,2019,0.0,0.0,0.009445771913488048,2.0
2019-03-13,0.7539548976259629,0.3112999599510282,0.5140222270334972,0.9390727301656675,0.28726140535804423,0.5926661874604848,0.0,0.4526472781506339,0.7328082737204755,1.0,0.482475764354959,0.22013829434719587,0.1414228518632475,0.3896676011213423,1.3728364644287105,0.39184453647659107,2019,0.0,0.0,0.008861367494309833,3.0
2019-03-14,0.12555370291026438,0.6292858805103747,0.4604910970004724,0.8410362185826951,0.3692547568757551,0.7060171237428601,0.0,0.4526472781506339,0.07158650243172175,0.0,0.482475764354959,0.6581642791770032,0.8806129722024172,0.3896676011213423,0.1530054644808676,0.39184453647659107,2019,0.0,0.0,0.009280747575352322,4.0
2019-03-15,0.5239646627193967,0.3946037482002961,0.35885647230737205,0.6401147650349254,0.42508007695143935,0.6184323841162551,1.0,0.4526472781506339,0.5969417973775825,0.0,0.482475764354959,0.29047760704204767,0.380496249278711,0.3896676011213423,0.30617426428159017,0.39184453647659107,2019,1.0,0.0,0.009507643421127691,0.0
2019-03-18,0.5523704356812488,0.5542191827338588,0.4073120737599579,0.7791458252306727,0.4500201426891557,0.7897475937534598,1.0,0.4526472781506339,0.6566234914055458,0.0,0.482475764354959,0.4638170681428023,0.6109556177528896,0.3896676011213423,0.0767692922830898,0.39184453647659107,2019,1.0,0.0,0.009595389915824513,1.0
2019-03-19,0.4292428433118265,0.6153931604839262,0.45360998764279004,0.8581787328150686,0.34466892406483157,0.8685049995743609,1.0,0.4526472781506339,0.5098858843936238,1.0,0.482475764354959,0.5713115341223229,0.8920804267542174,0.3896676011213423,0.6155108740254422,0.39184453647659107,2019,0.0,1.0,0.009329515263347276,2.0
2019-03-20,0.8492633880291736,0.05922675145071852,0.5532445099293543,1.0514398443473638,0.3704669301290581,0.700283864587089,1.0,0.4526472781506339,0.49006703612175767,0.0,0.482475764354959,0.138364066356493,0.6594755866658873,0.3896676011213423,0.7205232658213355,0.39184453647659107,2019,1.0,0.0,0.009487772428464717,3.0
2019-03-21,0.15481013707924612,0.5470544766133516,0.31280168774537975,0.8205175802162357,0.4841350257668217,0.7118078719840343,0.0,0.4526472781506339,0.15201805499375992,0.0,0.482475764354959,0.45844298577643966,0.5013820454272372,0.3896676011213423,0.18255017425790848,0.39184453647659107,2019,0.0,0.0,0.009081364485654882,4.0
2019-03-22,0.7242114717088777,0.4492115215157372,0.34827026921111154,0.8578463530280492,0.49990359476740803,0.9689042154905783,1.0,0.4526472781506339,0.7963665205396301,0.0,0.482475764354959,0.29101915968320946,0.9880915269031914,0.3896676011213423,0.186794687948116,0.39184453647659107,2019,0.0,0.0,0.008724652596833877,0.0
2019-03-25,0.6660803624154956,0.2675201263517887,0.4651915658126076,0.7372627095266733,0.3299500089467593,0.7103257019607156,0.0,0.4526472781506339,0.6916584975602774,0.0,0.482475764354959,0.15901715314897139,0.12694190896451701,0.3896676011213423,0.7684216889318701,0.39184453647659107,2019,0.0,0.0,0.008940258128809303,1.0
2019-03-26,0.3973675783861989,0.6848241813925002,0.5663096587424588,1.0425681010805952,0.4258285219878892,0.8117834086643,0.0,0.4526472781506339,0.22994685806668905,1.0,0.482475764354959,0.7341210265817993,0.342030360531301,0.3896676011213423,0.5935721062618684,0.39184453647659107,2019,0.0,0.0,0.009159054940208687,2.0
2019-03-27,0.1940905096304398,0.8105109701387297,0.4596417332888225,0.9009777775886082,0.43943029426683367,0.737854605701447,0.0,0.4526472781506339,0.13953188794688415,1.0,0.482475764354959,0.8054172389540744,0.2546048029843887,0.3896676011213423,1.6843086966658818,0.39184453647659107,2019,0.0,0.0,0.009360704682753067,3.0
2019-03-28,0.020999568913259,0.8186167288157971,0.47426557006645215,0.5730938911794263,0.2592442853143656,0.6543347816342672,0.0,0.4526472781506339,0.022792080393997986,1.0,0.482475764354959,0.6611540149819052,0.7656920077972672,0.3896676011213423,0.25185185185185366,0.39184453647659107,2019,0.0,1.0,0.009942708292955196,4.0
2019-03-29,0.23262403730619896,0.6084185831420919,0.33113300786009137,0.6120348587837002,0.4373059249089477,0.7232278363370932,0.0,0.4526472781506339,0.34642147254381633,1.0,0.482475764354959,0.5212702529732283,0.39036851831721714,0.3896676011213423,0.41624089574954054,0.39184453647659107,2019,0.0,1.0,0.010172644113379798,0.0
2019-04-01,0.19343384292460156,0.8130947217495925,0.39539394160722463,0.7241517429634188,0.36783718743469557,0.6263823819475451,0.0,0.4526472781506339,0.16049436011187423,1.0,0.482475764354959,0.8282532326579103,0.4040141036072642,0.3896676011213423,0.15188500135611616,0.39184453647659107,2019,0.0,1.0,0.010229527627215698,1.0
2019-04-02,0.8532446846179313,0.31907578188041197,0.45322949439780064,0.9188942458352171,0.40516937585933005,0.7903083674723236,1.0,0.4526472781506339,0.9010884968561012,0.0,0.482475764354959,0.22683369551965715,0.189701897018974,0.3896676011213423,0.2888114595431687,0.39184453647659107,2019,1.0,0.0,0.009995588474308653,2.0
2019-04-03,0.4259203754006609,0.7700295784718019,0.5313720437517812,0.8785228070011988,0.37517863832812537,0.844197950852709,0.0,0.4526472781506339,0.3172882243710475,1.0,0.482475764354959,0.8323381275249412,0.40984477365283933,0.3896676011213423,0.7064864545830105,0.39184453647659107,2019,0.0,1.0,0.009385653239914415,3.0
2019-04-04,0.7898482974804538,0.15154374672566945,0.4627613747815405,1.0861655976990667,0.3943205857958389,0.7134491283674321,0.0,0.4526472781506339,0.6822975248977002,0.0,0.482475764354959,0.18912051920730394,0.1453287197231819,0.3896676011213423,0.6084100639258763,0.39184453647659107,2019,0.0,0.0,0.009428443142910225,4.0
2019-04-05,0.7560335229359274,0.30811489224091443,0.5315967448514184,0.9422899451246635,0.35858000613731944,0.6850564982646942,1.0,0.4526472781506339,0.7622181660423389,0.0,0.482475764354959,0.31700021454865757,1.003446462994332,0.3896676011213423,0.002453414334965834,0.39184453647659107,2019,0.0,0.0,0.009468756257100601,0.0
2019-04-08,0.43377460619141006,0.49578511750735227,0.3619280385340076,0.7056483885342029,0.3102310469101077,0.6051072688975061,1.0,0.4526472781506339,0.44771773966841205,0.0,0.482475764354959,0.4223675046929015,0.7076448053062028,0.3896676011213423,0.060838241180169554,0.39184453647659107,2019,0.0,0.0,0.00962926583248636,1.0
2019-04-09,0.7476523334388452,0.3817017432383316,0.43891784866241446,0.9108241143797714,0.37650575427875477,0.8250717590186547,1.0,0.4526472781506339,0.7715270393667344,0.0,0.482475764354959,0.25484698333892297,0.5545388875511605,0.3896676011213423,0.2570431013724975,0.39184453647659107,2019,0.0,0.0,0.009099823065082488,2.0
2019-04-10,0.7085596160956749,0.3903325696124801,0.439704038238514,0.9359178812157792,0.4077838997942306,0.8040272557980755,0.0,0.4526472781506339,0.7204140546227322,1.0,0.482475764354959,0.28513565064561386,0.10506400958567651,0.3896676011213423,1.625402030648928,0.39184453647659107,2019,0.0,0.0,0.008659746296793887,3.0
2019-04-11,0.07130403878295924,0.7384930121578914,0.5012773389593885,0.9436148226977551,0.4272508224196666,0.678875827332476,0.0,0.4526472781506339,0.04989116283633583,0.0,0.482475764354959,0.6441114379993971,0.2651140908021658,0.3896676011213423,0.21242060691601325,0.39184453647659107,2019,0.0,0.0,0.009396998310043495,4.0
2019-04-12,0.359748954439579,0.8565138826455153,0.414622980334257,0.9470211390901748,0.4861542623037069,0.6155635022846074,0.0,0.4526472781506339,0.24530394020663904,1.0,0.482475764354959,0.8738376054445295,0.13105062199778114,0.3896676011213423,0.6854292400541964,0.39184453647659107,2019,0.0,0.0,0.008988492869210194,0.0
2019-04-15,0.46845962548145587,0.5336715116977565,0.4394212089683473,0.8731711664406135,0.32860860334800795,0.6098948811626935,0.0,0.4526472781506339,0.5552739699144185,1.0,0.482475764354959,0.4704718852915695,0.08073417250574104,0.3896676011213423,1.2934829788553204,0.39184453647659107,2019,0.0,0.0,0.008945003233668335,1.0
2019-04-16,0.19575224590470397,0.6109079092345774,0.36139920398784803,0.7279369922406841,0.2635049242827424,0.5994055370236057,0.0,0.4526472781506339,0.11277952804222396,0.0,0.482475764354959,0.6329239172188598,0.2541156606162924,0.3896676011213423,0.31658927817644505,0.39184453647659107,2019,0.0,0.0,0.009277825644239075,2.0
2019-04-17,0.45356417476555444,0.8053043961975547,0.4643586966204578,1.0144280937212207,0.5149223142669259,0.7804025595924797,0.0,0.4526472781506339,0.24394609453561963,1.0,0.482475764354959,0.8287866341793912,0.35369213196264015,0.3896676011213423,0.263387757844537,0.39184453647659107,2019,0.0,1.0,0.008345080254742806,3.0
2019-04-18,0.7839006295837602,0.4674765957683839,0.4279751837022467,1.051220749704454,0.4500001749980376,0.8519424949222661,1.0,0.4526472781506339,0.7368673096932697,0.0,0.482475764354959,0.4040375949765255,0.4180132078122787,0.3896676011213423,0.17507376703666933,0.39184453647659107,2019,1.0,0.0,0.007970978782882982,4.0
2019-04-22,0.38265035581567963,0.7572883235448641,0.38318086441096666,0.6964783610945544,0.4366973824442,0.9006743978568297,0.0,0.4526472781506339,0.28500754697052677,1.0,0.482475764354959,0.8064548062983344,0.1686869420047984,0.3896676011213423,0.8688393699644261,0.39184453647659107,2019,0.0,0.0,0.007719539281848097,1.0
2019-04-23,0.5246944170203706,0.3941207893753058,0.37773815505726965,0.7616660205042856,0.38680708725355173,0.6699377679035163,1.0,0.4526472781506339,0.4916144868290007,0.0,0.482475764354959,0.3935810901945133,0.6250533200625571,0.3896676011213423,0.34736243423858904,0.39184453647659107,2019,1.0,0.0,0.007897393399786902,2.0
2019-04-24,0.6048339802047888,0.3267370039380593,0.5588109107396442,0.9652966150645249,0.3233776933865306,0.5737582758604268,1.0,0.4526472781506339,0.6546462205256777,0.0,0.482475764354959,0.28472524306625513,0.6822876949739987,0.3896676011213423,0.21448873483535816,0.39184453647659107,2019,1.0,0.0,0.008077937961436481,3.0
2019-04-25,0.4102737518970688,0.546735755886091,0.4187079996047718,0.7807335743477388,0.30726437049119343,0.585618580968573,1.0,0.4526472781506339,0.3855819501231901,0.0,0.482475764354959,0.5322626517211008,1.1571653093299166,0.3896676011213423,0.2730390055722255,0.39184453647659107,2019,0.0,0.0,0.007829121782610183,4.0
2019-04-26,0.5669866991778639,0.14654460854462484,0.3888567341779805,0.772683513696582,0.34752870951284903,0.6693846006807912,0.0,0.4526472781506339,0.6107627179153442,0.0,0.482475764354959,0.11450505661200357,0.090696071674712,0.3896676011213423,0.7564438318400993,0.39184453647659107,2019,0.0,0.0,0.008060260305856638,0.0
2019-04-29,0.4540547781688585,0.6806449195415267,0.6030318056252522,0.9784967513630956,0.2773671049054919,0.6529478831989499,0.0,0.4526472781506339,0.19849110874845421,0.0,0.482475764354959,0.771477411001038,0.6378019494278881,0.3896676011213423,0.00692188162171415,0.39184453647659107,2019,0.0,0.0,0.007902583549810634,1.0
2019-04-30,0.6773178241585708,0.5801961354273903,0.5157500829786985,1.0004284733995403,0.3719274194405585,0.8046802140132494,1.0,0.4526472781506339,0.6606880482182732,1.0,0.482475764354959,0.46305773487947766,0.390180505415174,0.3896676011213423,1.0654151624548664,0.39184453647659107,2019,1.0,0.0,0.0077084996087310575,2.0
2019-05-01,0.14044228131858605,0.7367483849065197,0.4877887459847673,1.36130637820165,0.5341016310476201,0.9024018380245631,0.0,0.4526472781506339,0.11572084247222665,1.0,0.482475764354959,0.5688232263591446,0.1270328749912924,0.3896676011213423,1.0143086480072427,0.39184453647659107,2019,0.0,0.0,0.008016208104723822,3.0
2019-05-02,0.31524307494598275,0.5490239252121994,0.38996767429967444,0.9944228241487759,0.3845178950049186,0.6401616492731113,1.0,0.4526472781506339,0.21275355730351583,0.0,0.482475764354959,0.5497234650766889,1.2474325821943,0.3896676011213423,0.19549316586628213,0.39184453647659107,2019,0.0,0.0,0.007609729659223577,4.0
2019-05-03,0.4779661875752692,0.2086841540956273,0.31134126256650035,0.8677855073017856,0.389958697846115,0.7130947484075405,1.0,0.4526472781506339,0.5593629366982984,0.0,0.482475764354959,0.14104013843070332,0.669268292682914,0.3896676011213423,0.19317073170731794,0.39184453647659107,2019,1.0,0.0,0.008014637464716085,0.0
2019-05-06,0.34073968286127226,0.6314460691896485,0.41324348083289814,0.9184491293636994,0.3136654771395401,0.6504625113504253,1.0,0.4526472781506339,0.3829476927685631,0.0,0.482475764354959,0.5752427624179149,0.5595296423321914,0.3896676011213423,0.21460068593824777,0.39184453647659107,2019,1.0,0.0,0.007970663584104006,1.0
2019-05-07,0.6853350622280058,0.3557946529501584,0.5073989246314612,1.1138057174863567,0.2571741017276353,0.603314206635834,1.0,0.4526472781506339,0.7685577993142919,0.0,0.482475764354959,0.2566801399021614,0.7418111753371935,0.3896676011213423,0.5228990662516616,0.39184453647659107,2019,1.0,0.0,0.007504980517306423,2.0
2019-05-08,0.12273939671783098,0.7680571906991531,0.4240157345263694,0.9573853024501656,0.37070362153641717,0.6976289277252706,0.0,0.4526472781506339,0.10026154975360949,0.0,0.482475764354959,0.710543932908026,0.7430362613093981,0.3896676011213423,0.11569423666026274,0.39184453647659107,2019,0.0,0.0,0.007828743653123721,3.0
2019-05-09,0.5550981935803015,0.5688437782781355,0.5131233243372966,1.109636541499716,0.4524028920609427,0.7013336082373822,1.0,0.4526472781506339,0.5040786194771638,0.0,0.482475764354959,0.47613318228905627,0.5475354585030109,0.3896676011213423,0.06782755231007392,0.39184453647659107,2019,1.0,0.0,0.007924020207865073,4.0
2019-05-10,0.4442069156145984,0.715768135577064,0.45110370430678776,0.8832718355442651,0.47551465646494806,0.8185229173620131,1.0,0.4526472781506339,0.5085902479352657,1.0,0.482475764354959,0.6352551987654367,1.5261128636522854,0.3896676011213423,0.36607080266386294,0.39184453647659107,2019,0.0,1.0,0.00792545791534625,0.0
2019-05-13,0.7013235275874634,0.030964651099114365,0.48026778565051975,0.8312146620549812,0.25683410879969354,0.7017975825459154,1.0,0.4526472781506339,0.5867194812238101,0.0,0.482475764354959,0.04126455511270434,0.3266543633008129,0.3896676011213423,0.5582652254152326,0.39184453647659107,2019,1.0,0.0,0.008338187933479181,1.0
2019-05-14,0.4153127552613114,0.6131191735224865,0.497923689869036,1.0190737076771874,0.46748151246574615,0.708480067930788,0.0,0.4526472781506339,0.3093432565355889,1.0,0.482475764354959,0.6450823531164059,0.37046324402797753,0.3896676011213423,0.35475781971755777,0.39184453647659107,2019,0.0,1.0,0.008346726798644191,2.0
2019-05-15,0.5001733726766661,0.6132475621077623,0.4319829529371371,1.0556674628364335,0.4353249146953776,0.6427461599907848,0.0,0.4526472781506339,0.4735984588267395,1.0,0.482475764354959,0.5952647274324603,0.2181818181818101,0.3896676011213423,1.1701631701631847,0.39184453647659107,2019,0.0,0.0,0.00827303722673909,3.0
2019-05-16,0.1432598930951283,0.6804925463516056,0.3894638859256401,0.8795420585899615,0.3904423401030157,0.641573214003474,0.0,0.4526472781506339,0.08559965116647908,1.0,0.482475764354959,0.662988379950132,0.22011410375482024,0.3896676011213423,1.0959267613108605,0.39184453647659107,2019,0.0,0.0,0.008369199745937004,4.0
2019-05-17,0.13641998972603528,0.7087841884163995,0.41201654338777965,0.9108299408329715,0.4100661062461916,0.6744856527661071,0.0,0.4526472781506339,0.11209249349893284,1.0,0.482475764354959,0.6707119029611784,0.11925959136618283,0.3896676011213423,0.35688208544162003,0.39184453647659107,2019,0.0,1.0,0.008729046765506055,0.0
2019-05-20,0.7596808165210203,0.5391089559449614,0.4133000158903479,0.8569564999590465,0.577135911034642,0.9155889335439567,0.0,0.4526472781506339,0.8324288896897253,1.0,0.482475764354959,0.4016615027024373,0.018977536793166282,0.3896676011213423,0.7437387038471471,0.39184453647659107,2019,0.0,1.0,0.008660990322634765,1.0
2019-05-21,0.6773101578877614,0.45454330950311916,0.5210359923779061,1.2167754585649908,0.2605863925327747,0.6703347891168651,0.0,0.4526472781506339,0.6165865021329783,0.0,0.482475764354959,0.43840147279531405,0.2434210526315712,0.3896676011213423,0.2105263157894745,0.39184453647659107,2019,0.0,0.0,0.008347258506123155,2.0
2019-05-22,0.519088074736304,0.804854879610015,0.5637476922611868,1.088627898680069,0.30778655065441485,0.7025775286275081,1.0,0.4526472781506339,0.33197914518416766,0.0,0.482475764354959,0.835883488667397,1.3792132854830776,0.3896676011213423,0.04827246499190861,0.39184453647659107,2019,0.0,0.0,0.007972161666978943,3.0
2019-05-23,0.508473651895062,0.17184596907102354,0.4542095655325126,0.975328105141103,0.27913832696935964,0.6530521895660909,0.0,0.4526472781506339,0.5298595339510099,0.0,0.482475764354959,0.1300272508548808,0.1815632667367819,0.3896676011213423,0.25418857343146783,0.39184453647659107,2019,0.0,0.0,0.007939785645268291,4.0
2019-05-24,0.8767128028431072,0.4295769475099249,0.47572086404827885,1.0000818588539306,0.3210700019585583,0.8089822211769073,1.0,0.4526472781506339,0.9027447850865248,0.0,0.482475764354959,0.29359639382721753,0.26329113924049713,0.3896676011213423,0.10227848101265731,0.39184453647659107,2019,1.0,0.0,0.0076864399523635316,0.0
2019-05-27,0.6238639866215312,0.7305448806478037,0.47241325634006476,1.0874826429271742,0.3086313337557281,0.7440866027217361,0.0,0.4526472781506339,0.5399873222815597,1.0,0.482475764354959,0.7561656183414951,0.16198865332934725,0.3896676011213423,0.9249029561063143,0.39184453647659107,2019,0.0,0.0,0.007446590888877032,1.0
2019-05-28,0.38289065145638085,0.5887872498038794,0.3929498413955635,1.0137677338724058,0.3043903569071281,0.6747680643890203,0.0,0.4526472781506339,0.20674042577902643,0.0,0.482475764354959,0.6275339045947473,0.659907694635698,0.3896676011213423,0.020125595823566336,0.39184453647659107,2019,0.0,0.0,0.007379709122095469,2.0
2019-05-29,0.32334428186208614,0.8329542301319947,0.44173366539033104,0.9958990870535962,0.38418571893760356,0.9290626669787468,1.0,0.4526472781506339,0.21427234031341744,1.0,0.482475764354959,0.8198981195527238,1.0156947222649706,0.3896676011213423,0.5137713494383731,0.39184453647659107,2019,0.0,1.0,0.007254821849973991,3.0
2019-05-30,0.8517525523242504,0.059653144038088086,0.4530385419794827,0.9513973833541031,0.30795213861272447,0.6921464041058576,1.0,0.4526472781506339,0.7086828207743062,0.0,0.482475764354959,0.06906934402448185,1.8870359628770441,0.3896676011213423,0.04060324825984692,0.39184453647659107,2019,0.0,0.0,0.0076466655060648875,4.0
2019-05-31,0.7124023168096535,0.02762956555142596,0.46140138458834806,0.8714885895600517,0.3351297087698416,0.7597127771575194,1.0,0.4526472781506339,0.5459270839592041,0.0,0.482475764354959,0.029323755279759785,2.290779626534909,0.3896676011213423,0.0,0.39184453647659107,2019,0.0,0.0,0.007530806102125243,0.0
2019-06-03,0.6773827814636082,0.02158446385598017,0.5198924581150093,0.9791984030814598,0.49171511551877733,0.843591093068857,1.0,0.4526472781506339,0.43717154631091965,0.0,0.482475764354959,0.03130022445698193,0.404489904357058,0.3896676011213423,0.4444739638682434,0.39184453647659107,2019,1.0,0.0,0.008118586580821898,1.0
2019-06-04,0.5614097240297166,0.4141399063947399,0.5739453801977817,1.0547542368972385,0.469201866069639,0.5444949280397122,1.0,0.4526472781506339,0.5740747738937982,0.0,0.482475764354959,0.4294036815211079,1.7417017913593096,0.3896676011213423,0.08298208640675213,0.39184453647659107,2019,0.0,0.0,0.00818451819470574,2.0
2019-06-05,0.0633783513275316,0.5457743227838983,0.5037857302900118,0.8900189896278268,0.623829313010299,0.720992518432628,0.0,0.4526472781506339,0.09545251552954236,0.0,0.482475764354959,0.32652705897378487,0.8619369656756277,0.3896676011213423,0.26438688273574357,0.39184453647659107,2019,0.0,0.0,0.008416944295874345,3.0
2019-06-06,0.46693707901733034,0.465460385155613,0.41772832273074556,0.9570648671525829,0.6567698449690257,0.9844052341809221,1.0,0.4526472781506339,0.5472177021356676,0.0,0.482475764354959,0.25262895345603054,1.156592344374269,0.3896676011213423,0.46732826395154575,0.39184453647659107,2019,0.0,0.0,0.008300286589351374,4.0
2019-06-07,0.19704411278523234,0.3531723750456604,0.46699696447804245,0.7991214596096424,0.6668644066523808,0.9311575291056214,0.0,0.4526472781506339,0.3134088159061048,1.0,0.482475764354959,0.2238158687990518,0.0,0.3896676011213423,1.2776553285280232,0.39184453647659107,2019,0.0,0.0,0.008945957612350713,0.0
2019-06-10,0.29004031749317727,0.7238936590446827,0.5308161392025075,0.8023133640020876,0.5249718597554806,0.8684351393233266,0.0,0.4526472781506339,0.17014336735767846,1.0,0.482475764354959,0.7406543973819524,0.15622317596565066,0.3896676011213423,0.6457224606580968,0.39184453647659107,2019,0.0,1.0,0.009399982571706133,1.0
2019-06-11,0.5507947361686459,0.48723460609466596,0.44234242239416666,0.7669752897705019,0.3967961327548535,0.7594306653587911,1.0,0.4526472781506339,0.6819560474048578,0.0,0.482475764354959,0.3806597235562482,0.9126882676596287,0.3896676011213423,0.050575223698111876,0.39184453647659107,2019,0.0,0.0,0.00968781262080826,2.0
2019-06-12,0.48426623675373565,0.4703828355775438,0.3411068385454103,0.6923785479310416,0.48259399313688417,0.6931851944723522,1.0,0.4526472781506339,0.5675568483615174,0.0,0.482475764354959,0.3291255870971219,0.7613316837251034,0.3896676011213423,0.08109324035541347,0.39184453647659107,2019,0.0,0.0,0.009525523710958043,3.0
2019-06-13,0.8294667216072912,0.24604975530418394,0.5627088026651235,0.8078472564090736,0.4523575488249634,0.746670463114545,1.0,0.4526472781506339,0.8431893063452741,0.0,0.482475764354959,0.18204896185856048,1.2351151673185425,0.3896676011213423,0.3095393307257844,0.39184453647659107,2019,1.0,0.0,0.009798619420940326,4.0
2019-06-14,0.03064114787041952,0.7751191623168913,0.35414329648518045,0.8085950616656549,0.4733316551887091,0.7863063699349698,0.0,0.4526472781506339,0.09599369983440015,1.0,0.482475764354959,0.5814359897259166,0.14573164657833892,0.3896676011213423,0.5892021117641238,0.39184453647659107,2019,0.0,1.0,0.010691547936772988,0.0
2019-06-17,0.5868106582565766,0.4976384482681834,0.46583335473847176,0.6967820794493605,0.400566586530596,0.7761461200909064,1.0,0.4526472781506339,0.6546181497177856,0.0,0.482475764354959,0.4374075360804277,1.0451921162651823,0.3896676011213423,0.06828588492932651,0.39184453647659107,2019,0.0,0.0,0.010713459223055565,1.0
2019-06-18,0.2960971105528193,0.5173688369181612,0.38037170895941463,0.5757007064336398,0.4758903956282473,0.6344328803936884,1.0,0.4526472781506339,0.42172206660787853,0.0,0.482475764354959,0.3925527706967915,1.0708855948308589,0.3896676011213423,0.34122006841505925,0.39184453647659107,2019,0.0,0.0,0.011165952968038444,2.0
2019-06-19,0.9196012220579014,0.05667749465282771,0.4605852253249997,0.742201723448306,0.43970949326067016,0.7825260353070812,1.0,0.4526472781506339,0.6953891676431965,0.0,0.482475764354959,0.08785589846917273,2.166521079490608,0.3896676011213423,0.16606133051353528,0.39184453647659107,2019,0.0,0.0,0.011421912890782102,3.0
2019-06-20,0.42657749905795755,0.025727433935776443,0.4367215230763406,0.7502369765443679,0.599133363977942,0.963358159890976,1.0,0.4526472781506339,0.3751082412781455,0.0,0.482475764354959,0.02857086150577026,1.403220310103937,0.3896676011213423,0.34409609814278375,0.39184453647659107,2019,0.0,0.0,0.012079101754443712,4.0
2019-06-21,0.20642998941650745,0.1980448653612283,0.3779755661556268,0.5746442824861773,0.691539986644826,0.952400048711867,1.0,0.4526472781506339,0.24853317611228565,0.0,0.482475764354959,0.17575030229159067,1.3186221743810578,0.3896676011213423,0.0,0.39184453647659107,2019,0.0,0.0,0.01233527600907805,0.0
2019-06-24,0.7158530680092848,0.15640423605017337,0.4923663773137885,0.727388583006809,0.5532533280311354,0.9016070868634407,1.0,0.4526472781506339,0.7700481152760645,0.0,0.482475764354959,0.09424275900994569,1.0885718764696766,0.3896676011213423,0.41150650572190095,0.39184453647659107,2019,0.0,0.0,0.012840978402436516,1.0
2019-06-25,0.1018025070128336,0.6427677808692592,0.4042618497605434,0.7251132151067788,0.7032487332210731,0.9942209771698631,0.0,0.4526472781506339,0.20825149379795607,1.0,0.482475764354959,0.3523078465192886,0.04583000266452979,0.3896676011213423,1.142552624567018,0.39184453647659107,2019,0.0,0.0,0.01318563177199711,2.0
2019-06-26,0.19699555447905945,0.6497365176749765,0.2792358956568906,0.7726006476394158,0.5460948785528689,1.0784996166576952,0.0,0.4526472781506339,0.20240152554294497,1.0,0.482475764354959,0.6087763805287825,0.16343612334800944,0.3896676011213423,0.5319383259911972,0.39184453647659107,2019,0.0,1.0,0.013809773913113993,3.0
2019-06-27,0.7435894263960798,0.4399443571162203,0.3813938879809557,0.8160473686149846,0.6791786693042986,1.1178908991781342,1.0,0.4526472781506339,0.8158352115030424,0.0,0.482475764354959,0.2813182886207347,0.774381368267829,0.3896676011213423,0.21632515955659426,0.39184453647659107,2019,1.0,0.0,0.013575066423737828,4.0
2019-06-28,0.11324130340266482,0.7987544299939596,0.34969311502257877,0.5311421665016556,0.6555542817080255,0.9702897767116971,0.0,0.4526472781506339,0.19441206410984277,1.0,0.482475764354959,0.6978862304658401,0.0,0.3896676011213423,1.4290238244283284,0.39184453647659107,2019,0.0,0.0,0.013763397481770072,0.0
2019-07-01,0.21817595379258417,0.7960049231310901,0.46763784479595816,0.7583002542868393,0.3279540768095661,0.5850970759267313,1.0,0.4526472781506339,0.166167338081195,0.0,0.482475764354959,0.8377896004233555,1.7790376106194714,0.3896676011213423,0.0561393805309775,0.39184453647659107,2019,0.0,0.0,0.014927652899044292,1.0
2019-07-02,0.7922003266145602,0.02029877406542866,0.4128932049115099,0.8597724279705153,0.4291171725943909,0.8355910311911308,1.0,0.4526472781506339,0.6335078530806764,0.0,0.482475764354959,0.04344880039710358,0.8782796518645584,0.3896676011213423,0.2677085318594747,0.39184453647659107,2019,1.0,0.0,0.015858575478598314,2.0
2019-07-03,0.13629939164421698,0.6229857070331182,0.34057950415868443,0.5672621325998881,0.49987900591459555,0.7700395971717807,0.0,0.4526472781506339,0.1980751716148529,1.0,0.482475764354959,0.6194321800735434,0.13495407560095102,0.3896676011213423,0.35223862499620906,0.39184453647659107,2019,0.0,1.0,0.016612431652299666,3.0
2019-07-04,0.5213444764210352,0.6637758753753145,0.46098027974332423,0.7318111503653022,0.42888956439112513,0.8487702953904658,1.0,0.4526472781506339,0.5720010874632694,1.0,0.482475764354959,0.669051000485258,0.39114184264623586,0.3896676011213423,1.2510434186756403,0.39184453647659107,2019,1.0,0.0,0.016204904777383174,4.0
2019-07-05,0.04917254778169021,0.5349346050493552,0.47212208763582464,0.6213888173885311,0.35271587592737375,0.577794356795811,0.0,0.4526472781506339,0.11886747079853205,0.0,0.482475764354959,0.4886663569333587,0.3655006031363057,0.3896676011213423,0.2718134298351425,0.39184453647659107,2019,0.0,0.0,0.017784102285403725,0.0
2019-07-08,0.2465109991194929,0.8074925116127849,0.4434521688114791,0.8128997821669479,0.46818743301574467,0.6816903403764132,0.0,0.4526472781506339,0.30857575874983684,1.0,0.482475764354959,0.7807849426599203,0.19428243068525275,0.3896676011213423,0.37891107599482243,0.39184453647659107,2019,0.0,1.0,0.017820023142222256,1.0
2019-07-09,0.6882554640466092,0.3749377628282615,0.44896098259087946,0.7530945098284215,0.44665246837930955,0.7833299639033694,1.0,0.4526472781506339,0.8418807185584436,0.0,0.482475764354959,0.31747881715805004,0.8792330020230489,0.3896676011213423,0.3078546925851001,0.39184453647659107,2019,0.0,0.0,0.017434531690086835,2.0
2019-07-10,0.8541646292321776,0.041211039970023275,0.4527357481463146,0.9430927132731339,0.30588967651101506,0.6694456430946735,1.0,0.4526472781506339,0.8157661878983694,0.0,0.482475764354959,0.07675343377599575,0.3527790262172226,0.3896676011213423,0.7508614232209782,0.39184453647659107,2019,1.0,0.0,0.016804323658070896,3.0
2019-07-11,0.0660674211930053,0.8365064083274455,0.4906994021558499,0.750062586392274,0.47461032366877876,0.6764879760221831,0.0,0.4526472781506339,0.10501242801162294,0.0,0.482475764354959,0.7658071954009146,0.5625226750513956,0.3896676011213423,0.019047043173299798,0.39184453647659107,2019,0.0,0.0,0.016832946895502993,4.0
2019-07-12,0.8036193583270006,0.3662542756820602,0.3724679023759543,0.6433617688579769,0.5113214775544122,0.8254718090468479,1.0,0.4526472781506339,0.8800716236963255,0.0,0.482475764354959,0.24085739167222664,0.19623931623931598,0.3896676011213423,0.33025641025640695,0.39184453647659107,2019,1.0,0.0,0.01623927223833951,0.0
2019-07-15,0.5044938157464786,0.6650081157285579,0.35341166718509637,0.7484318479294036,0.48459992350747666,0.8580425884142237,0.0,0.4526472781506339,0.611164599404256,1.0,0.482475764354959,0.6003179222151114,0.2078235620371259,0.3896676011213423,0.5905843202505666,0.39184453647659107,2019,0.0,0.0,0.015486935818976992,1.0
2019-07-16,0.25081519632491805,0.778568838786519,0.35038580758807536,0.8655314165457699,0.6230482698711414,0.9843876672745608,1.0,0.4526472781506339,0.28544801823063626,1.0,0.482475764354959,0.7156630729314014,0.9823991514468542,0.3896676011213423,0.2584772448539866,0.39184453647659107,2019,0.0,1.0,0.015331240992533818,2.0
2019-07-17,0.8404956083869803,0.05185128016815307,0.4620492195505938,0.8271101897080184,0.29507491445656825,0.7487304885055172,1.0,0.4526472781506339,0.808069775555644,0.0,0.482475764354959,0.08483701113966088,0.9820895522388036,0.3896676011213423,0.5077167354715821,0.39184453647659107,2019,0.0,0.0,0.015773613334588925,3.0
2019-07-18,0.9326134547580183,0.018689656902332177,0.5046572159786002,0.8003323342487992,0.38610870105237927,0.6970432328763511,1.0,0.4526472781506339,0.7123674732990983,0.0,0.482475764354959,0.07143733662703283,0.29279101532858237,0.3896676011213423,1.1006222492032123,0.39184453647659107,2019,1.0,0.0,0.01627362008889362,4.0
2019-07-19,0.047913062105220436,0.7202822787224116,0.34210631037708694,0.6310518880359881,0.48432529335720537,0.6975103890423814,0.0,0.4526472781506339,0.07662785348864261,0.0,0.482475764354959,0.691186111242027,0.21678823388736382,0.3896676011213423,0.11048666746382352,0.39184453647659107,2019,0.0,0.0,0.01676992042158412,0.0
2019-07-22,0.522941470746812,0.754213891032631,0.4030384759968622,0.8253436108294603,0.41564641559734433,0.8410176079531092,1.0,0.4526472781506339,0.5049210040957129,1.0,0.482475764354959,0.7872840537642464,0.25477958084225605,0.3896676011213423,0.47920635963470865,0.39184453647659107,2019,1.0,0.0,0.015263968070117363,1.0
2019-07-23,0.22383491820475784,0.7301654410940075,0.4570417865839823,0.7917422781599017,0.4959006726583987,0.7962152146232303,0.0,0.4526472781506339,0.25200076600492044,0.0,0.482475764354959,0.7704552213798886,0.5735718407386016,0.3896676011213423,0.055598927395543424,0.39184453647659107,2019,0.0,0.0,0.014846181445825847,2.0
2019-07-24,0.7135298119342747,0.47788126280249293,0.2902673947671833,0.8687608435491522,0.49169084856350176,0.9174406331383032,1.0,0.4526472781506339,0.7648566781792401,1.0,0.482475764354959,0.37770520957722425,0.39160508823430046,0.3896676011213423,0.6821203225697642,0.39184453647659107,2019,1.0,0.0,0.01485105350929235,3.0
2019-07-25,0.13105317814882247,0.7162908040973354,0.41394086285067966,0.6211843206501776,0.5901648270840558,0.7470432673162319,0.0,0.4526472781506339,0.11508397034683063,0.0,0.482475764354959,0.7380559290139862,0.5322626492325215,0.3896676011213423,0.034323479249565074,0.39184453647659107,2019,0.0,0.0,0.014216108693829329,4.0
2019-07-26,0.5011995759486727,0.6875685984150007,0.38407563737542505,0.9758505450978424,0.5400831981339698,1.0729090933908052,1.0,0.4526472781506339,0.5560245224221894,0.0,0.482475764354959,0.6205106281185362,0.4923099140732195,0.3896676011213423,0.1829734998916837,0.39184453647659107,2019,0.0,0.0,0.013948803690404826,0.0
2019-07-29,0.8383577710355975,0.2846218387992153,0.3896966509093008,0.8458777731270868,0.4304079376495576,0.9080827375529775,1.0,0.4526472781506339,0.8664992339727766,0.0,0.482475764354959,0.2229307438044916,0.333152232967508,0.3896676011213423,0.2215944076207098,0.39184453647659107,2019,0.0,0.0,0.013823285845463959,1.0
2019-07-30,0.763774296136557,0.42154747695925193,0.549935462999491,1.0022312748449338,0.39538655591175376,0.8507900098304993,1.0,0.4526472781506339,0.8164180559093475,1.0,0.482475764354959,0.3420239039298821,0.20665607686644977,0.3896676011213423,1.0972841036767302,0.39184453647659107,2019,1.0,0.0,0.012886569629214655,2.0
2019-07-31,0.049611579509763845,0.8777889996790132,0.408494911702839,0.8847713580314087,0.48152329116425013,0.760189363493582,1.0,0.4526472781506339,0.06691781872100709,1.0,0.482475764354959,0.7516416609995964,1.8282520325203335,0.3896676011213423,0.6621325828642867,0.39184453647659107,2019,0.0,1.0,0.01293718104569476,3.0
2019-08-01,0.9366657119955218,0.002193356404010655,0.5141269782094016,0.7278506433470563,0.4311649430604916,0.5996585420616819,1.0,0.4526472781506339,0.44929971549976894,0.0,0.482475764354959,0.019483414205885084,0.23559681513159828,0.3896676011213423,0.6620075797086411,0.39184453647659107,2019,1.0,0.0,0.01422793386516382,4.0
2019-08-02,0.3796657714835683,0.37240453434038373,0.35536967350426923,0.718923378509937,0.37475034586361555,0.7814983394981458,1.0,0.4526472781506339,0.5478617791199552,0.0,0.482475764354959,0.4347249152122397,1.3702330328287133,0.3896676011213423,0.20051029086579553,0.39184453647659107,2019,0.0,0.0,0.014571341326792608,0.0
2019-08-05,0.4573958421216341,0.10159727843220835,0.3915709553123792,0.657398402890147,0.45587047373368855,0.6806400347286873,1.0,0.4526472781506339,0.588790642941714,0.0,0.482475764354959,0.09033539606873467,0.5039909516884745,0.3896676011213423,0.3320730328001363,0.39184453647659107,2019,0.0,0.0,0.01510147193600429,1.0
2019-08-06,0.8040994300780887,0.18668129169642095,0.4580122970080469,1.013609842244757,0.35789538784221847,0.7658904633630604,1.0,0.4526472781506339,0.8704133408426561,0.0,0.482475764354959,0.14233581032420528,1.6738271522958947,0.3896676011213423,0.09947209402702034,0.39184453647659107,2019,0.0,0.0,0.014592199406215341,2.0
2019-08-07,0.34992808526679664,0.1080119098914204,0.3474287054788869,0.8141591845848889,0.5592603526441764,0.8011185154965724,0.0,0.4526472781506339,0.43484520839745733,0.0,0.482475764354959,0.07501268004450233,0.3881895170519585,0.3896676011213423,0.5044632639047837,0.39184453647659107,2019,0.0,0.0,0.01455372787293717,3.0
2019-08-08,0.6008511021902891,0.42167795601320457,0.5629121947900672,1.0073986778953432,0.5089552198735797,0.5557923603454817,0.0,0.4526472781506339,0.5193844011222646,0.0,0.482475764354959,0.4158919299976,0.3766322554180579,0.3896676011213423,0.29814726191290214,0.39184453647659107,2019,0.0,0.0,0.013921566387987855,4.0
2019-08-09,0.2978226469984285,0.8096386116406763,0.33846375723716243,0.735017180906831,0.5331535460699416,0.8573819904044178,1.0,0.4526472781506339,0.25713628459970245,1.0,0.482475764354959,0.8075539125459159,1.0785088012850554,0.3896676011213423,0.45351716752560445,0.39184453647659107,2019,0.0,1.0,0.014257754162766064,0.0
2019-08-12,0.5687690365758636,0.14732336858912273,0.5038548054281639,0.9534943922503151,0.5268434724596963,0.5268434724596963,1.0,0.4526472781506339,0.487525693428339,1.0,0.482475764354959,0.1453248855016492,1.0705412599822595,0.3896676011213423,1.3779946761313209,0.39184453647659107,2019,1.0,1.0,0.014918951834422127,1.0
2019-08-13,0.01974624887369326,0.3126279781704957,0.34320803679227896,0.5885547767510491,0.6452044103808116,0.7431352509150858,0.0,0.4526472781506339,0.05987928568430533,0.0,0.482475764354959,0.22355890424054609,0.8991077172666518,0.3896676011213423,0.27294341417023427,0.39184453647659107,2019,0.0,0.0,0.017012150380347722,2.0
2019-08-14,0.49242734317244174,0.26173948456992135,0.21366663490886723,0.7645015209387367,0.614896430375758,0.9142388385161724,1.0,0.4526472781506339,0.6336312913061651,0.0,0.482475764354959,0.1908543169420374,0.4068986317896465,0.3896676011213423,0.3278221052342945,0.39184453647659107,2019,1.0,0.0,0.01717988214179726,3.0
2019-08-15,0.6488367933964942,0.33200290325711085,0.4777669260481748,0.8795689486802619,0.46856603084074916,0.8474823557455464,1.0,0.4526472781506339,0.8014518738688252,1.0,0.482475764354959,0.28359104454744405,0.18493261021317997,0.3896676011213423,0.7303334586264321,0.39184453647659107,2019,1.0,1.0,0.017467769091156375,4.0
2019-08-16,0.23880967332371178,0.537622698918649,0.40633307534197427,0.6561858190577029,0.5346207925158588,0.8159580921814032,0.0,0.4526472781506339,0.3410229303472357,1.0,0.482475764354959,0.6182674458027977,0.004016168992050545,0.3896676011213423,0.7159733994001783,0.39184453647659107,2019,0.0,0.0,0.018105147253938574,0.0
2019-08-19,0.18205245203628911,0.8024614390900773,0.3406373535940108,0.7384436284637539,0.4278125471072674,0.8776671562456357,0.0,0.4526472781506339,0.20839781395650364,1.0,0.482475764354959,0.8348401881706758,0.4533054585319852,0.3896676011213423,0.10458149555107382,0.39184453647659107,2019,0.0,1.0,0.01872931194859719,1.0
2019-08-20,0.7704182825460393,0.3368793568692624,0.3400111988989284,0.7308255140305867,0.4814682165715014,0.8892141471302596,0.0,0.4526472781506339,0.8952238905840677,0.0,0.482475764354959,0.2338144028485467,0.02990985357719531,0.3896676011213423,0.39429941118232287,0.39184453647659107,2019,0.0,0.0,0.01818934893295978,2.0
2019-08-21,0.6235259050974272,0.6824514472164334,0.3941483525900664,0.9380615794325782,0.3780132925728449,1.0448872880516782,0.0,0.4526472781506339,0.6538042686311512,1.0,0.482475764354959,0.6251408478483739,0.08401440246899103,0.3896676011213423,0.40046865176887425,0.39184453647659107,2019,0.0,1.0,0.01663674708188965,3.0
2019-08-22,0.5706022393243936,0.6248505855994393,0.427687738886003,0.8573039118174417,0.37696935448710805,0.915011533817356,1.0,0.4526472781506339,0.589285727252801,0.0,0.482475764354959,0.6613223571244176,1.3131748202904467,0.3896676011213423,0.18334739966822858,0.39184453647659107,2019,0.0,0.0,0.016384554716430518,4.0
2019-08-23,0.6105907659602094,0.04611696229797264,0.43488101642587845,0.6797544297277147,0.3582029986206004,0.6712205701752806,1.0,0.4526472781506339,0.6606422559861105,0.0,0.482475764354959,0.0717963857551844,1.1756678949792756,0.3896676011213423,0.041916167664669206,0.39184453647659107,2019,1.0,0.0,0.016259340601730406,0.0
2019-08-26,0.05254600836766249,0.777996145727258,0.39077910804698557,0.6271058961404565,0.5072978021938509,0.8794811409980452,0.0,0.4526472781506339,0.09877758323084286,0.0,0.482475764354959,0.7212598753875625,0.6787713386616202,0.3896676011213423,0.062769779163994,0.39184453647659107,2019,0.0,0.0,0.016794535052962016,1.0
2019-08-27,0.745719318669195,0.340295915278858,0.353749537773075,0.8362776617398912,0.6045560715572483,0.9010980116682797,1.0,0.4526472781506339,0.8478258396084192,0.0,0.482475764354959,0.19070517663157135,0.17996234851158507,0.3896676011213423,0.44022826214849026,0.39184453647659107,2019,1.0,0.0,0.01574294123857808,2.0
2019-08-28,0.5458157218486795,0.6204801407887353,0.45228910592111304,0.8699682941146427,0.6049251438270246,0.9320966370641145,1.0,0.4526472781506339,0.5582363371368845,1.0,0.482475764354959,0.597971737413452,0.4710896518836418,0.3896676011213423,0.813245112064855,0.39184453647659107,2019,1.0,0.0,0.015572162809672637,3.0
2019-08-29,0.0995861253107282,0.7110870031681891,0.4352218182076768,0.7179377451905814,0.5585751045784451,0.8420094467596703,0.0,0.4526472781506339,0.152799744218623,1.0,0.482475764354959,0.617244737477695,0.2269733106189679,0.3896676011213423,0.414196479273134,0.39184453647659107,2019,0.0,1.0,0.016471105416009994,4.0
2019-08-30,0.23743718750454088,0.8056757055589169,0.3483923896593141,0.7281267617107726,0.5049284741724056,0.8472266161032495,1.0,0.4526472781506339,0.25422058241719686,0.0,0.482475764354959,0.807800134526023,0.5927360486249756,0.3896676011213423,0.020022048088669836,0.39184453647659107,2019,1.0,0.0,0.015775096188464524,0.0
2019-09-02,0.6072200376580387,0.48165066545684143,0.406229950883144,0.7788395018410185,0.44967131496918755,0.8226951360000507,1.0,0.4526472781506339,0.75067053812759,0.0,0.482475764354959,0.34401066073122816,0.9577474333344658,0.3896676011213423,0.3738013756649666,0.39184453647659107,2019,0.0,0.0,0.013782838910822742,1.0
2019-09-03,0.7098567537920051,0.09053581142601133,0.49200643964621,0.8118529385346389,0.3738148427423857,0.7243099440861889,1.0,0.4526472781506339,0.7279406832705507,0.0,0.482475764354959,0.0832389350845066,0.4520748798035953,0.3896676011213423,0.6559143451427017,0.39184453647659107,2019,0.0,0.0,0.013536579736902837,2.0
2019-09-04,0.7702037085132771,0.15552052052291818,0.5839896613913085,0.920129235997387,0.46462367907306,0.6469649397400282,0.0,0.4526472781506339,0.689066390663123,1.0,0.482475764354959,0.1909483923883709,0.02495459743054961,0.3896676011213423,2.1757583910674674,0.39184453647659107,2019,0.0,0.0,0.013680944221648408,3.0
2019-09-05,0.04797612790777476,0.4584713948385626,0.4504032068362318,0.773772093117437,0.3947687137531129,0.6492082423595248,0.0,0.4526472781506339,0.03728892133530424,1.0,0.482475764354959,0.4217560688459503,0.3901416820442187,0.3896676011213423,0.7202952491164445,0.39184453647659107,2019,0.0,0.0,0.015035589196835335,4.0
2019-09-06,0.0630421339990535,0.7992546151274774,0.4965727539973557,0.728869810681031,0.4527072545616542,0.7219887007248998,0.0,0.4526472781506339,0.12444497559193214,1.0,0.482475764354959,0.7440580723091321,0.4036020530473051,0.3896676011213423,0.36616774748747577,0.39184453647659107,2019,0.0,0.0,0.015431568862729832,0.0
2019-09-09,0.12867427999907585,0.8129763631869096,0.2727984607637132,0.5663277752635072,0.4611524596463634,0.6485903052367289,0.0,0.4526472781506339,0.16606035069276753,1.0,0.482475764354959,0.8380786888403815,0.0884534383298303,0.3896676011213423,0.6149009553459643,0.39184453647659107,2019,0.0,0.0,0.015613503013759206,1.0
2019-09-10,0.1605890409032413,0.8280345047314279,0.33514465466395393,0.626638370511587,0.37991374508191267,0.8284970454603862,0.0,0.4526472781506339,0.15940749626862144,0.0,0.482475764354959,0.8731455841995449,0.5491186909703407,0.3896676011213423,0.011369788846777794,0.39184453647659107,2019,0.0,0.0,0.0159892962228017,2.0
2019-09-11,0.7857094588838142,0.37056083605064416,0.41670372193275645,0.6049199969718675,0.3767855215451808,0.7639521589193163,1.0,0.4526472781506339,0.8865407020434225,0.0,0.482475764354959,0.25193109488731924,1.1521908529640965,0.3896676011213423,0.3155307798357601,0.39184453647659107,2019,0.0,0.0,0.015923816141631575,3.0
2019-09-12,0.07075401449073382,0.4586706562790292,0.2983157452669938,0.5334116121494141,0.40777907614746134,0.6846385444499834,0.0,0.4526472781506339,0.1274204783954222,1.0,0.482475764354959,0.46687390331173906,0.426862703744996,0.3896676011213423,0.5555120363954018,0.39184453647659107,2019,0.0,0.0,0.015817681337890573,4.0
2019-09-13,0.09981520177476844,0.7512009606521609,0.3278944348925837,0.5531259313038585,0.46111461200977605,0.6095310977517919,1.0,0.4526472781506339,0.12798366852352244,0.0,0.482475764354959,0.7805049419046471,1.032585618019017,0.3896676011213423,0.0,0.39184453647659107,2019,1.0,0.0,0.015599260428306476,0.0
2019-09-16,0.16603480998983874,0.7899666719073118,0.22781013802514902,0.47578036992877704,0.40582150723018745,0.7676778642659629,0.0,0.4526472781506339,0.25582444498898027,1.0,0.482475764354959,0.7786226235315742,0.37976601806389226,0.3896676011213423,0.19900587985693632,0.39184453647659107,2019,0.0,1.0,0.01573156497459606,1.0
2019-09-17,0.5223535755189554,0.5306840571660679,0.3023892147756891,0.6819858934570657,0.42045230345759277,0.8035626385376499,1.0,0.4526472781506339,0.6752752785515181,1.0,0.482475764354959,0.5128142439216836,0.443199805186893,0.3896676011213423,0.7717642761475764,0.39184453647659107,2019,1.0,1.0,0.01563130448022534,2.0
2019-09-18,0.10480205608107625,0.7273355632604994,0.36486737665671015,0.8832189609725288,0.5321299146601838,0.8915671798839753,0.0,0.4526472781506339,0.23271655270168323,0.0,0.482475764354959,0.5008703127122145,0.4548659003831379,0.3896676011213423,0.21327203065134218,0.39184453647659107,2019,0.0,0.0,0.015599046414155757,3.0
2019-09-19,0.6340368141774337,0.45126525420805813,0.3843261507189538,0.8795850299884539,0.4470671379696093,0.7690004942381963,1.0,0.4526472781506339,0.6963596566727307,0.0,0.482475764354959,0.427766560726983,0.7849181737234789,0.3896676011213423,0.03696766864195584,0.39184453647659107,2019,0.0,0.0,0.01552177547493707,4.0
2019-09-20,0.9062046991108164,0.11438494192559515,0.3954972064533387,0.7614891706319762,0.3886106023989331,0.7279935902882382,1.0,0.4526472781506339,0.8797595390430577,0.0,0.482475764354959,0.14466082042540124,0.44614079728583483,0.3896676011213423,0.23876166242577965,0.39184453647659107,2019,0.0,0.0,0.015551320015564505,0.0
2019-09-23,0.6491537575557049,0.3683518748073441,0.476631193314501,0.81683045817312,0.34311565790626763,0.8015198881153767,1.0,0.4526472781506339,0.7403454088079876,0.0,0.482475764354959,0.3540486741927075,0.6032055311125102,0.3896676011213423,0.2851037083595235,0.39184453647659107,2019,0.0,0.0,0.014933456480378584,1.0
2019-09-24,0.644680189501486,0.29774258830049133,0.3928688274575754,0.7100253607487027,0.43588795563978167,0.7272669662013947,0.0,0.4526472781506339,0.775230089518648,1.0,0.482475764354959,0.21132486486080385,0.13414556761215748,0.3896676011213423,1.407195888063958,0.39184453647659107,2019,0.0,0.0,0.014694309137158057,2.0
2019-09-25,0.03328133177337967,0.8016480637028638,0.3000558173428886,0.5454064856764618,0.45677213978696973,0.5898044027798767,0.0,0.4526472781506339,0.03978329485398474,1.0,0.482475764354959,0.6979715919956353,0.4064128785379679,0.3896676011213423,0.14871016691957667,0.39184453647659107,2019,0.0,1.0,0.014401730069942002,3.0
2019-09-26,0.3984262810127549,0.7359870559795088,0.4016975449938676,0.713317173709788,0.5416006765454796,0.8680556385960522,0.0,0.4526472781506339,0.45713251369028657,1.0,0.482475764354959,0.7004914189971656,0.14251207729467746,0.3896676011213423,0.8502415458937279,0.39184453647659107,2019,0.0,0.0,0.013759546932019837,4.0
2019-09-27,0.28286667663037873,0.5225861827435565,0.33633162734865407,0.5506880517946521,0.4163205697367482,0.5781646744600949,0.0,0.4526472781506339,0.40322474046757945,1.0,0.482475764354959,0.49658518611864255,0.17616084250838066,0.3896676011213423,1.549066539013881,0.39184453647659107,2019,0.0,0.0,0.013956533648674802,0.0
2019-09-30,0.04848246984364056,0.6723651364216631,0.39198577014035146,0.6524849807552968,0.4218974871585278,0.679509478742519,0.0,0.4526472781506339,0.06643144453044544,1.0,0.482475764354959,0.5724970555734272,0.6649147545186501,0.3896676011213423,0.599410332008724,0.39184453647659107,2019,0.0,1.0,0.015137476265830424,1.0
2019-10-01,0.4305521915033466,0.15601865707181162,0.3472062454109535,0.605665131574329,0.4325681564358159,0.540170823637753,1.0,0.4526472781506339,0.5599943735512442,0.0,0.482475764354959,0.2159171082445111,1.1173105747759307,0.3896676011213423,0.19357009574500583,0.39184453647659107,2019,0.0,0.0,0.01578839084079179,2.0
2019-10-02,0.587971084208532,0.08585411756125341,0.24608264544187705,0.5620104217373183,0.39512623525360324,0.6150946254887086,1.0,0.4526472781506339,0.6550314442102735,0.0,0.482475764354959,0.1112656833791102,0.8585601785825021,0.3896676011213423,0.17405593104731196,0.39184453647659107,2019,1.0,0.0,0.015361505459921172,3.0
2019-10-03,0.22211717180180904,0.44523369307389227,0.3391896088742719,0.5920223273994697,0.27964191415091544,0.5627259251701762,0.0,0.4526472781506339,0.32498874012261836,0.0,0.482475764354959,0.5125756782023051,0.41344725111441244,0.3896676011213423,0.3948117880138747,0.39184453647659107,2019,0.0,0.0,0.015332871980201649,4.0
2019-10-04,0.35111101626365576,0.5252127446112018,0.24649326356554296,0.6339835344396819,0.43316852693557223,0.7089435645368216,0.0,0.4526472781506339,0.46498234319635295,1.0,0.482475764354959,0.5405232215881656,0.3776281002140329,0.3896676011213423,0.7239707918922265,0.39184453647659107,2019,0.0,0.0,0.01508557450247324,0.0
2019-10-07,0.13472476844067635,0.7412528312490299,0.27844507489277015,0.7419536265702772,0.3185087342041211,0.8033121332503683,0.0,0.4526472781506339,0.16429657153257815,1.0,0.482475764354959,0.7007192571613193,0.705785827154489,0.3896676011213423,0.2731250759693727,0.39184453647659107,2019,0.0,1.0,0.01574236633005006,1.0
2019-10-08,0.7173890276919265,0.16391268766762468,0.30047192953720336,0.8448996525993377,0.44059281449579285,0.5985150786002047,1.0,0.4526472781506339,0.7441813592436738,0.0,0.482475764354959,0.18868962041068058,0.3006984362445169,0.3896676011213423,0.24445268558007727,0.39184453647659107,2019,1.0,0.0,0.015352585666175417,2.0
2019-10-09,0.5396706130253558,0.6000844105249824,0.34728453743081317,0.9272843823375228,0.5000080260052555,0.7934581940154316,1.0,0.4526472781506339,0.5746609899731858,1.0,0.482475764354959,0.6300010133118782,0.4995477371261063,0.3896676011213423,0.6340413586600542,0.39184453647659107,2019,1.0,0.0,0.01521076163401941,3.0
2019-10-10,0.08902822895112548,0.7683771528934092,0.45426637274623166,0.5987530126696262,0.4697324853340773,0.6278138458512205,0.0,0.4526472781506339,0.10325417616972711,1.0,0.482475764354959,0.7669626389072708,0.41514735074057285,0.3896676011213423,0.8337150710032071,0.39184453647659107,2019,0.0,0.0,0.015661244577512272,4.0
2019-10-11,0.2586811614996122,0.3222867472574771,0.32562289426505187,0.6225003378927704,0.32100501067457154,0.6027785673326306,0.0,0.4526472781506339,0.34572651613300176,0.0,0.482475764354959,0.39317687750637553,0.3433085665619181,0.3896676011213423,0.24422190244045922,0.39184453647659107,2019,0.0,0.0,0.016337511071277434,0.0
2019-10-14,0.6773742022732867,0.4406118480322652,0.4322187326757023,0.7685052477480036,0.4055631945879757,0.7575357300842566,1.0,0.4526472781506339,0.7818257112473564,1.0,0.482475764354959,0.3837684093203641,0.22216909237619692,0.3896676011213423,0.6648336869788658,0.39184453647659107,2019,1.0,0.0,0.0160080870477109,1.0
2019-10-15,0.1660902051345133,0.7053574841246077,0.28976442244996137,0.48922539878695304,0.44184096779399995,0.5585079004948408,0.0,0.4526472781506339,0.18062826991836686,1.0,0.482475764354959,0.7590277113723196,0.45865902650182117,0.3896676011213423,0.17395907944318192,0.39184453647659107,2019,0.0,1.0,0.015487331747510814,2.0
2019-10-16,0.7493111504020469,0.27434281899353524,0.34181624316006026,0.5847529792558466,0.40175363829397115,0.7069113368044342,1.0,0.4526472781506339,0.8736565261491969,0.0,0.482475764354959,0.2388048846828493,0.32360939431396873,0.3896676011213423,0.28034610630407014,0.39184453647659107,2019,0.0,0.0,0.015514297028791578,3.0
2019-10-17,0.556844556398587,0.47007253493084955,0.40974237490425913,0.7276155836957288,0.42726119354643666,0.7731721072014377,0.0,0.4526472781506339,0.6834002183199328,0.0,0.482475764354959,0.4822787653664254,0.09936595060092748,0.3896676011213423,0.3064887542979743,0.39184453647659107,2019,0.0,0.0,0.015178996379181384,4.0
2019-10-18,0.6260262376253721,0.6100219415002597,0.45542543397818935,0.8979454500675415,0.2860538255460469,0.7335321437792,1.0,0.4526472781506339,0.6760698882154124,1.0,0.482475764354959,0.6155418607665588,0.2658533223049349,0.3896676011213423,0.38792390405293475,0.39184453647659107,2019,1.0,0.0,0.01391286335703928,0.0
2019-10-21,0.286153012236472,0.7236514416477019,0.34359541512936626,0.8869278839510335,0.34285740803905035,0.8223061757362724,0.0,0.4526472781506339,0.26968462031653173,1.0,0.482475764354959,0.7884080827555335,0.2357638006750679,0.3896676011213423,0.1783471854244544,0.39184453647659107,2019,0.0,1.0,0.013259167078113242,1.0
2019-10-22,0.820179019207709,0.41481820292928795,0.4532434069359761,0.9941189492486959,0.42167478185141605,0.9119400980747167,1.0,0.4526472781506339,0.8730300053320359,0.0,0.482475764354959,0.34808594889423133,0.47686410874461016,0.3896676011213423,0.007191686094762431,0.39184453647659107,2019,0.0,0.0,0.01215222088835534,2.0
2019-10-23,0.5942011642640393,0.6085845968748164,0.39639808235692964,0.9787586815263561,0.46815728785630323,0.7912419379453486,1.0,0.4526472781506339,0.6540101106679407,0.0,0.482475764354959,0.5741595989312511,0.7134394824181891,0.3896676011213423,0.22938285090113894,0.39184453647659107,2019,0.0,0.0,0.011396683887215776,3.0
2019-10-24,0.8952960200881409,0.13012537271239266,0.42599221329394826,0.9375008472097499,0.2909801795333541,0.6728740795563614,1.0,0.4526472781506339,0.8586403203542742,0.0,0.482475764354959,0.1186382638111667,0.8528099910794025,0.3896676011213423,0.17900683913172719,0.39184453647659107,2019,0.0,0.0,0.011183160415003985,4.0
2019-10-25,0.20944305561112025,0.664986231137951,0.41846558581422055,0.7188845635189247,0.402563356054874,0.6495264040627239,0.0,0.4526472781506339,0.1804596398451658,1.0,0.482475764354959,0.6590456471878108,0.2421847558833894,0.3896676011213423,0.8753073410607664,0.39184453647659107,2019,0.0,0.0,0.010815359177622424,0.0
2019-10-28,0.13278593485204576,0.7952160470302129,0.27416062215039594,0.7748036279562313,0.3781328498607219,0.7394683304598585,0.0,0.4526472781506339,0.10793543673655462,1.0,0.482475764354959,0.7497510121931675,0.147579957834292,0.3896676011213423,0.5538958417440554,0.39184453647659107,2019,0.0,0.0,0.010669917466443822,1.0
2019-10-29,0.4095593145631928,0.6973481570581068,0.3092674628888567,0.9099724415142385,0.3749010577625999,0.7877149286120066,1.0,0.4526472781506339,0.4063147023853529,1.0,0.482475764354959,0.676414650077566,0.5618961625282086,0.3896676011213423,0.4139954853273253,0.39184453647659107,2019,0.0,1.0,0.010635253536761965,2.0
2019-10-30,0.7093241633974663,0.3226185572964458,0.3979232506186413,0.6606676513581425,0.48026680613622,0.8319709136938563,1.0,0.4526472781506339,0.8190027382946609,0.0,0.482475764354959,0.12776853270120256,1.233576642335776,0.3896676011213423,0.13934970139349095,0.39184453647659107,2019,0.0,0.0,0.010076088846097273,3.0
2019-10-31,0.7155253621320977,0.08168171835671632,0.35758402408897,0.4964822421658209,0.4609983304055107,0.7399181995348219,1.0,0.4526472781506339,0.707037696081982,0.0,0.482475764354959,0.06828566959746225,0.23303368566629687,0.3896676011213423,0.6396325200039513,0.39184453647659107,2019,1.0,0.0,0.009561338304007677,4.0
2019-11-01,0.7428036771825345,0.21971807789083905,0.35316792634847843,0.6436713802393663,0.3851588806339838,0.7893824764426092,0.0,0.4526472781506339,0.774032225609374,0.0,0.482475764354959,0.23074218628408574,0.07181632551421695,0.3896676011213423,0.6547138801733224,0.39184453647659107,2019,0.0,0.0,0.009474578270614603,0.0
2019-11-04,0.5970176795352344,0.5980000010763784,0.4229111230044939,0.7775410059011243,0.6450373652291047,0.8420871419185596,0.0,0.4526472781506339,0.4988212702691349,1.0,0.482475764354959,0.5607703904628053,0.010315246565960818,0.3896676011213423,2.2081995684437654,0.39184453647659107,2019,0.0,0.0,0.008991389541387564,1.0
2019-11-05,0.020923651913426013,0.7647680193366059,0.40115991238172954,0.7302243632102549,0.4432020036740757,0.774425859660621,0.0,0.4526472781506339,0.020298625224885937,0.0,0.482475764354959,0.5662615475573443,0.7312873887456838,0.3896676011213423,0.08170808812801239,0.39184453647659107,2019,0.0,0.0,0.009900451373139307,2.0
2019-11-06,0.6149190872430677,0.5279908292168676,0.3667834745589214,0.7187972209022436,0.5902443964363017,0.7711667987988616,0.0,0.4526472781506339,0.6976152536586726,1.0,0.482475764354959,0.3179480213101955,0.12446583820424566,0.3896676011213423,2.0485289061348726,0.39184453647659107,2019,0.0,0.0,0.009757469911392471,3.0
2019-11-07,0.06510409537463084,0.5111372107501531,0.44930020463740394,0.6204346713466846,0.3449927711713107,0.7405430491244078,0.0,0.4526472781506339,0.04052407033354934,1.0,0.482475764354959,0.4599007567983701,0.27628318584070966,0.3896676011213423,0.7644247787610695,0.39184453647659107,2019,0.0,0.0,0.010993126863602556,4.0
2019-11-08,0.11406321124196593,0.7802748187039987,0.3911848845458126,0.6100940101737901,0.47966955741424594,0.6957943859599527,0.0,0.4526472781506339,0.14904283307271937,1.0,0.482475764354959,0.7450789547560586,0.4549618320610701,0.3896676011213423,0.6589312977099194,0.39184453647659107,2019,0.0,0.0,0.01122390228522081,0.0
2019-11-11,0.21151903166809008,0.5365823974393644,0.33486833544976025,0.5864082986655239,0.4652880231879807,0.8100830315630214,0.0,0.4526472781506339,0.32246874967377376,1.0,0.482475764354959,0.5068936072643417,0.2638088075541059,0.3896676011213423,0.5983955878666327,0.39184453647659107,2019,0.0,1.0,0.011743013755625236,1.0
2019-11-12,0.6153608628598267,0.35168622023990936,0.39494359461436906,0.8847953703662278,0.42458235685434703,0.8019066226009437,1.0,0.4526472781506339,0.6943889843747467,0.0,0.482475764354959,0.3253313743839082,0.6214486609872458,0.3896676011213423,0.047935433905347186,0.39184453647659107,2019,0.0,0.0,0.01203442808873683,2.0
2019-11-13,0.684390271464684,0.3770538213594187,0.4647548542850311,0.7498214646594524,0.36693788601812716,0.7209112938207185,1.0,0.4526472781506339,0.7427687325358743,0.0,0.482475764354959,0.3639301858134873,0.6546073102933216,0.3896676011213423,0.12836576359789414,0.39184453647659107,2019,0.0,0.0,0.011765481153166555,3.0
2019-11-14,0.673297401074527,0.3343781170714129,0.4527718161397829,0.6329153231661409,0.3761168656970729,0.6631741263041033,0.0,0.4526472781506339,0.7549403556169171,0.0,0.482475764354959,0.28078084029941447,0.004722550177091326,0.3896676011213423,0.5177095631641064,0.39184453647659107,2019,0.0,0.0,0.011514723075668205,4.0
2019-11-15,0.7271488913153874,0.5312249170286236,0.46524389210567413,0.8147792647143005,0.4142054175701348,0.8126981269372708,1.0,0.4526472781506339,0.6909063816258374,1.0,0.482475764354959,0.5376403460767338,0.3816003160250941,0.3896676011213423,0.6968353596980283,0.39184453647659107,2019,1.0,1.0,0.011088107210506149,0.0
2019-11-18,0.6696256250025452,0.135831326508965,0.32480812202497955,0.5953441741143864,0.3339437897261468,0.7164248170765164,1.0,0.4526472781506339,0.7369185044611689,0.0,0.482475764354959,0.17929052157410064,0.24328593996840034,0.3896676011213423,0.3849536740532029,0.39184453647659107,2019,1.0,0.0,0.01137133845911835,1.0
2019-11-19,0.65371743758396,0.4223494457579724,0.45749019377618616,0.8950897743639442,0.3405443831436903,0.7052532785723153,1.0,0.4526472781506339,0.7706713127566089,0.0,0.482475764354959,0.37233927020407753,0.3907885554780234,0.3896676011213423,0.3950628053035464,0.39184453647659107,2019,1.0,0.0,0.01112298053963533,2.0
2019-11-20,0.41505442469743725,0.6083061179900034,0.3862127520960429,1.0082232890564244,0.4841060374780895,0.7710228380197296,0.0,0.4526472781506339,0.43820157787696085,1.0,0.482475764354959,0.5706903288070087,0.2623498600198595,0.3896676011213423,0.57653752370632,0.39184453647659107,2019,0.0,0.0,0.010750328878705652,3.0
2019-11-21,0.3070771863248379,0.7447750322684401,0.5001495614571799,0.8372484886388668,0.27809006616880394,0.7615149964963303,0.0,0.4526472781506339,0.18744635510735808,1.0,0.482475764354959,0.7924759684512351,0.5597226599432779,0.3896676011213423,0.19224708477780983,0.39184453647659107,2019,0.0,0.0,0.010834380463286719,4.0
2019-11-22,0.18183854162558014,0.782214136060562,0.4036409717919347,0.6223577343562299,0.36640196390990726,0.6913459253478869,0.0,0.4526472781506339,0.1593485504956533,1.0,0.482475764354959,0.8469197462702328,0.0181558000178852,0.3896676011213423,0.4864502280654668,0.39184453647659107,2019,0.0,0.0,0.010926916412656505,0.0
2019-11-25,0.3528474754122848,0.8144496030416006,0.40642485158404357,0.8029009488462646,0.32362531686034884,0.8422315125461345,1.0,0.4526472781506339,0.24809186248124426,1.0,0.482475764354959,0.8585973337980943,0.5466091184204076,0.3896676011213423,0.34935754328520896,0.39184453647659107,2019,1.0,1.0,0.009895298444596743,1.0
2019-11-26,0.7422557164638883,0.20720579347415485,0.474417115821555,0.7405254542342031,0.47840386155996584,0.7315120184981869,0.0,0.4526472781506339,0.8087298775124103,0.0,0.482475764354959,0.1860427182368341,0.034562780822594154,0.3896676011213423,0.6048486643953976,0.39184453647659107,2019,0.0,0.0,0.009900104412299543,2.0
2019-11-27,0.46671882137716747,0.7608371424474057,0.5353521439897668,0.9969818142249572,0.24384293640939683,0.7854012335539023,0.0,0.4526472781506339,0.24329830709503472,0.0,0.482475764354959,0.8015300641313706,0.3123543123543108,0.3896676011213423,0.010878010878018648,0.39184453647659107,2019,0.0,0.0,0.008849922640536361,3.0
2019-11-28,0.7123856694795386,0.7939122760203222,0.5052376108331053,0.9662108650949057,0.3886029834894706,0.8643816061505747,1.0,0.4526472781506339,0.5875134005277207,1.0,0.482475764354959,0.7371668943504377,0.909156022442392,0.3896676011213423,0.2264533842664469,0.39184453647659107,2019,0.0,1.0,0.008221054811284738,4.0
2019-11-29,0.6024252927585783,0.20050265387261804,0.37284540400639815,0.6731715440279201,0.3191561644456784,0.6493013072515572,0.0,0.4526472781506339,0.6192703374636761,0.0,0.482475764354959,0.18987901285379552,0.1985388912763169,0.3896676011213423,0.7752470992694447,0.39184453647659107,2019,0.0,0.0,0.007953217173754036,0.0
2019-12-02,0.7166517469489103,0.26331722985024153,0.5121554723429453,0.9004904725899594,0.32937397774215293,0.8022621275955382,1.0,0.4526472781506339,0.655082193251564,0.0,0.482475764354959,0.271096249741469,1.709179834462006,0.3896676011213423,0.21770754953599383,0.39184453647659107,2019,0.0,0.0,0.007790182845575784,1.0
2019-12-03,0.5383364189451993,0.07879966030783661,0.25879133379890207,0.6401715748986839,0.4781456780131909,0.6828267594489009,1.0,0.4526472781506339,0.4456588471555727,0.0,0.482475764354959,0.06114668518153266,0.5618149675898606,0.3896676011213423,0.4826163818503359,0.39184453647659107,2019,1.0,0.0,0.008205567600918317,2.0
2019-12-04,0.25665226937223523,0.6493878919664902,0.41709984054125354,0.6682373012218583,0.4045806385142154,0.6665175646001243,0.0,0.4526472781506339,0.1960246275621238,0.0,0.482475764354959,0.6598238277411383,0.48578872572239845,0.3896676011213423,0.13595452392232008,0.39184453647659107,2019,0.0,0.0,0.008181258871346695,3.0
2019-12-05,0.5677463643489923,0.6930977941973263,0.4460093364301951,0.9824063910126449,0.45723455719737677,0.770420746551694,0.0,0.4526472781506339,0.4942307839896691,1.0,0.482475764354959,0.6413698995700364,0.31839073598757983,0.3896676011213423,1.4306691338864592,0.39184453647659107,2019,0.0,0.0,0.008108435134454918,4.0
2019-12-06,0.025787809531458924,0.8286971483338698,0.5016471577129309,0.9471522122656651,0.2238574937982727,0.5234997072544223,0.0,0.4526472781506339,0.027064239508562418,1.0,0.482475764354959,0.7056252433214316,0.48657187993679507,0.3896676011213423,0.08928675911299544,0.39184453647659107,2019,0.0,1.0,0.008364811702416102,0.0
2019-12-09,0.5582134703582196,0.7053300202610395,0.46819005700458927,0.9500821585008524,0.5305718878314343,0.8868954731805518,1.0,0.4526472781506339,0.5600960115245713,0.0,0.482475764354959,0.6108781204831382,0.6413426506599841,0.3896676011213423,0.12709789165621316,0.39184453647659107,2019,1.0,0.0,0.008182996492792034,1.0
2019-12-10,0.47304752078270207,0.6351200492971368,0.4119184446298476,1.0163532722024697,0.4841193530374637,0.8636397778667957,1.0,0.4526472781506339,0.4931223821922921,0.0,0.482475764354959,0.5307476187731429,1.2585038167938956,0.3896676011213423,0.13080916030534118,0.39184453647659107,2019,0.0,0.0,0.007988381600232602,2.0
2019-12-11,0.7064043464952737,0.18757829888529176,0.42651119708634,1.2399142768694618,0.3845123061944611,0.736907769706222,1.0,0.4526472781506339,0.5640683022715296,0.0,0.482475764354959,0.13665893772637833,1.008456786421159,0.3896676011213423,0.9093744377136626,0.39184453647659107,2019,1.0,0.0,0.008075515490381841,3.0
2019-12-12,0.056182654591157066,0.5266163336153987,0.3923803042914687,1.073888243557411,0.5013371124037403,0.8352807480564977,0.0,0.4526472781506339,0.06511334688342346,1.0,0.482475764354959,0.4219458102079171,0.654920063048859,0.3896676011213423,0.5800495383922645,0.39184453647659107,2019,0.0,1.0,0.008633384428609331,4.0
2019-12-13,0.6415234246300707,0.1582668138159219,0.4171709951532748,0.8023103922047625,0.49212111407703896,0.785819203449156,1.0,0.4526472781506339,0.6961201801403486,0.0,0.482475764354959,0.14663058906918652,0.32496626180836363,0.3896676011213423,0.1768421052631517,0.39184453647659107,2019,1.0,0.0,0.008967843564017091,0.0
2019-12-16,0.5754514826211697,0.6590732291415036,0.4111601046712848,0.978540734027807,0.5234736876292361,0.7251940993454964,1.0,0.4526472781506339,0.5775518069347133,0.0,0.482475764354959,0.6458107480067644,0.342588971450928,0.3896676011213423,0.1556511536957381,0.39184453647659107,2019,1.0,0.0,0.008661278630996324,1.0
2019-12-17,0.45183708375376025,0.7746829769280458,0.48856012664582754,1.0272420981675718,0.36444173281568903,0.850201451331377,0.0,0.4526472781506339,0.4468965891686194,1.0,0.482475764354959,0.7502946531435541,0.25438646300607953,0.3896676011213423,0.45074101413887846,0.39184453647659107,2019,0.0,1.0,0.008522204865849429,2.0
2019-12-18,0.6458622007755016,0.48892574507229736,0.5051830731741632,1.1226679823944958,0.43521197813597706,0.7492593132436162,1.0,0.4526472781506339,0.6175163982357393,0.0,0.482475764354959,0.5018381307020227,0.48545514876672874,0.3896676011213423,0.16878663864617266,0.39184453647659107,2019,1.0,0.0,0.008754101821019706,3.0
2019-12-19,0.6750845763669675,0.5073022867647459,0.477678263729089,0.9449224141822548,0.3355356810316179,0.7991873452161479,0.0,0.4526472781506339,0.7220373218904902,0.0,0.482475764354959,0.39638185786600305,0.1721311475409903,0.3896676011213423,0.2398679417122035,0.39184453647659107,2019,0.0,0.0,0.008485644731249268,4.0
2019-12-20,0.7236646907647757,0.7018245646836444,0.44371425697092637,0.9469352839585989,0.47952380053086885,0.9486844448240971,1.0,0.4526472781506339,0.5587698681156756,0.0,0.482475764354959,0.7201913281942838,0.6879424256724999,0.3896676011213423,0.03633789523360527,0.39184453647659107,2019,0.0,0.0,0.008193591482376915,0.0
2019-12-23,0.8685640538044997,0.3294317776877315,0.5639127604475327,0.8938470325527809,0.311624129010443,0.740975116631399,1.0,0.4526472781506339,0.860300209061603,0.0,0.482475764354959,0.17570627087478155,1.2975566073941407,0.3896676011213423,0.0886529359089172,0.39184453647659107,2019,0.0,0.0,0.007518240172043349,1.0
2019-12-24,0.9366803693350658,0.07522610344947118,0.5036236193065294,1.042446839910671,0.320379864143256,0.6575700189132511,1.0,0.4526472781506339,0.7175556666586417,0.0,0.482475764354959,0.07861799396466357,1.2543352601156055,0.3896676011213423,0.0,0.39184453647659107,2019,0.0,0.0,0.007587596310891227,2.0
2019-12-26,0.8384904511887559,0.28353802316895493,0.6169126856749008,1.0234456027365935,0.42270303973626616,0.8459617425350152,1.0,0.4526472781506339,0.8245061796897213,0.0,0.482475764354959,0.18214481610680106,0.36788813886209365,0.3896676011213423,0.30797974927676747,0.39184453647659107,2019,1.0,0.0,0.00784369341899373,4.0
2019-12-27,0.47318423092803746,0.6801740043829493,0.4692812812899435,0.8667030413913078,0.5002813731612142,0.6678146439413573,1.0,0.4526472781506339,0.5011759011347304,0.0,0.482475764354959,0.5695932667912151,0.4675816993463954,0.3896676011213423,0.02287581699346402,0.39184453647659107,2019,1.0,0.0,0.007232818274731758,0.0
2019-12-30,0.7857698716964847,0.6146000706739201,0.6230040267531062,0.9629376867468501,0.36835707067623996,0.6797054122343876,1.0,0.4526472781506339,0.8579685292623014,0.0,0.482475764354959,0.3377864183490428,0.946408511200688,0.3896676011213423,0.05458270005946505,0.39184453647659107,2019,0.0,0.0,0.007134889150612033,1.0
2019-12-31,0.6577965111883097,0.5899630384310492,0.5262608086371157,1.1298326369139968,0.5952764280294272,0.8839036539790046,1.0,0.4526472781506339,0.6530965448522307,0.0,0.482475764354959,0.25269777553368283,0.8631014644351312,0.3896676011213423,0.32217573221757145,0.39184453647659107,2019,0.0,0.0,0.007178949008623564,2.0
2020-01-02,0.8831643467949877,0.12577792291197346,0.5033347755238354,0.9041552918515506,0.529850161180998,1.044450449734528,1.0,0.4634146341463415,0.7042503900733619,0.0,0.47029393370856787,0.13177496283163445,2.283442469597765,0.39927832905418587,0.10851262862486957,0.37923099050724524,2020,0.0,0.0,0.006991314811908118,4.0
2020-01-03,0.7575220533637571,0.011214968067798167,0.6386094051502601,1.170849179796536,0.5445846144768807,0.7631239644876577,1.0,0.4634146341463415,0.500050782595045,0.0,0.47029393370856787,0.013259247455715367,3.2108406063390054,0.39927832905418587,0.0,0.37923099050724524,2020,0.0,0.0,0.0070135761184028185,0.0
2020-01-06,0.012133910229899353,0.7245420000031046,0.5793659403843489,0.696443201412645,0.5773334114921614,0.9720061816142826,0.0,0.4634146341463415,0.05134375203526117,1.0,0.47029393370856787,0.21457845217881316,0.9533407118308436,0.39927832905418587,0.8448767985087594,0.37923099050724524,2020,0.0,1.0,0.00783218225301502,1.0
2020-01-07,0.6519704829799682,0.08429287113106144,0.4931295090487333,0.9179101153152576,0.596852196813335,0.9161996686975538,1.0,0.4634146341463415,0.5553116339417804,1.0,0.47029393370856787,0.07284616248975297,2.797305965362404,0.39927832905418587,1.6283942698310883,0.37923099050724524,2020,1.0,1.0,0.008489905870415025,2.0
2020-01-08,9.924991476275491e-05,0.7720608383820727,0.4725275502175344,0.7883416651435782,0.45535215927264566,0.8692330250595715,0.0,0.4634146341463415,0.0016907296288492695,1.0,0.47029393370856787,0.16124417158818508,0.29885345007296954,0.39927832905418587,0.9298311444652825,0.37923099050724524,2020,0.0,0.0,0.011009596273491486,3.0
2020-01-09,0.35983859778872684,0.4328654007120223,0.49447465786491945,0.847230919979928,0.4507569510723112,0.7975244150057149,1.0,0.4634146341463415,0.4089013281843676,0.0,0.47029393370856787,0.3439828304943775,0.6088164107447426,0.39927832905418587,0.35773519025513173,0.37923099050724524,2020,0.0,0.0,0.011598197891404077,4.0
2020-01-10,0.6647798906234881,0.2302240717581559,0.4553611043552403,0.7326954709566899,0.39041622406916837,0.7113635659991288,0.0,0.4634146341463415,0.8361426290874567,0.0,0.47029393370856787,0.14255515474305372,0.0,0.39927832905418587,0.8180703502184089,0.37923099050724524,2020,0.0,0.0,0.01193670227217216,0.0
2020-01-13,0.24626456872819702,0.7803988671920931,0.46303651936207857,0.9015233552079386,0.25197864891463123,0.6155329780959041,0.0,0.4634146341463415,0.15385863189608934,1.0,0.47029393370856787,0.8466101122627143,0.054231535453402896,0.39927832905418587,0.6130745960303946,0.37923099050724524,2020,0.0,0.0,0.012509160585760596,1.0
2020-01-14,0.7579002567739124,0.3266152154894271,0.4980791049005198,0.995256743518333,0.37403576775924996,0.7510284345260417,1.0,0.4634146341463415,0.8058988630035858,0.0,0.47029393370856787,0.30421829165154235,0.603321100250726,0.39927832905418587,0.020856800261611064,0.37923099050724524,2020,0.0,0.0,0.012712917462349933,2.0
2020-01-15,0.8079920582052489,0.34869574035183953,0.45304093474567897,0.7687762664713089,0.497502232463745,0.7224696834658738,0.0,0.4634146341463415,0.858612515412668,0.0,0.47029393370856787,0.25083150574573315,0.10036764705882621,0.39927832905418587,0.4184558823529365,0.37923099050724524,2020,0.0,0.0,0.012485506255146788,3.0
2020-01-16,0.7311774876504941,0.6443151213268951,0.3655824720585911,1.0228180604628507,0.4105282919599513,0.8757534919399275,1.0,0.4634146341463415,0.5527205884969658,0.0,0.47029393370856787,0.6575641135349299,0.46105593308939863,0.39927832905418587,0.15943544171458263,0.37923099050724524,2020,1.0,0.0,0.012323172459996349,4.0
2020-01-17,0.6340416170663209,0.5312001122333556,0.42530850912638213,0.9007939002555094,0.3607093429024497,0.8532587332593795,1.0,0.4634146341463415,0.7494271648351817,0.0,0.47029393370856787,0.40314605084845817,0.2870288574793851,0.39927832905418587,0.04328621908127972,0.37923099050724524,2020,1.0,0.0,0.012462168090647922,0.0
2020-01-20,0.8000019682640143,0.6028022285032505,0.45448064518443154,0.9258497994606781,0.3425774640353805,0.742365194143673,1.0,0.4634146341463415,0.8404150035966945,1.0,0.47029393370856787,0.47332749018810644,0.39885601143988564,0.39927832905418587,0.7443258900744344,0.37923099050724524,2020,1.0,1.0,0.01248139666430518,1.0
2020-01-21,0.3876939003857691,0.3277338144274075,0.4466270974162851,0.979039629497736,0.43941931998875855,0.6288363740748253,0.0,0.4634146341463415,0.41046339549318,0.0,0.47029393370856787,0.3906153183281439,0.05566894221972539,0.39927832905418587,0.3911605320571392,0.37923099050724524,2020,0.0,0.0,0.013028022764427391,2.0
2020-01-22,0.8836915178363303,0.41093524384441976,0.48656037297617183,0.9483805237455067,0.4246780747407002,0.7910324071351664,1.0,0.4634146341463415,0.9137148348802325,0.0,0.47029393370856787,0.2493697700900197,0.45651088119872146,0.39927832905418587,0.34363182304674167,0.37923099050724524,2020,0.0,0.0,0.0128445411845572,3.0
2020-01-23,0.6109874836875664,0.40738438744004796,0.37625261949068345,0.9636644068975495,0.3748933923811857,0.6700725989152339,1.0,0.4634146341463415,0.6813684765103946,0.0,0.47029393370856787,0.33121443794121525,0.676343490304706,0.39927832905418587,0.32007386888273626,0.37923099050724524,2020,0.0,0.0,0.012375875567484736,4.0
2020-01-24,0.6755417739332066,0.26088961482564527,0.3533501658575297,0.6343186412351967,0.5325266007023075,0.9256952591412474,1.0,0.4634146341463415,0.694220036922895,0.0,0.47029393370856787,0.19675236665239512,0.9385658838750108,0.39927832905418587,0.0,0.37923099050724524,2020,0.0,0.0,0.01159599897801364,0.0
2020-01-27,0.549214579669864,0.5924664503566868,0.411611189361956,0.8749056484044742,0.4549080255594366,0.8821709025027402,0.0,0.4634146341463415,0.599009263616757,1.0,0.47029393370856787,0.5027044954736,0.06716775947545442,0.39927832905418587,0.9140412601951035,0.37923099050724524,2020,0.0,0.0,0.011294618303133956,1.0
2020-01-28,0.16435218425607456,0.794490991186461,0.34140215027308496,0.7585076012240368,0.4425065268309175,0.7647803403023818,0.0,0.4634146341463415,0.08220049240299525,1.0,0.47029393370856787,0.7675826482237303,0.7130593256918222,0.39927832905418587,0.26991511198503576,0.37923099050724524,2020,0.0,1.0,0.009502390294810611,2.0
2020-01-29,0.881399693595121,0.1719513723604946,0.41490424994322767,0.9652741859352747,0.49684372985183706,0.8395707918366038,1.0,0.4634146341463415,0.8199127072438223,0.0,0.47029393370856787,0.12810948324315038,0.6414646214745172,0.39927832905418587,0.30964868876793866,0.37923099050724524,2020,1.0,0.0,0.009155940941689202,3.0
2020-01-30,0.15621635986728874,0.8362325502893075,0.5008503595534346,1.0671376879385523,0.42142919199375845,0.7589456501861869,1.0,0.4634146341463415,0.1580253255557905,1.0,0.47029393370856787,0.7542188300757241,1.16202187169279,0.39927832905418587,0.2158947739757054,0.37923099050724524,2020,0.0,1.0,0.00900498194283972,4.0
2020-01-31,0.8016204160263131,0.08024247406031093,0.5114560254821319,0.942993157834782,0.5165678957385341,0.8629561234099519,1.0,0.4634146341463415,0.730813670688784,1.0,0.47029393370856787,0.08376286603624625,0.3563711706378469,0.39927832905418587,1.272852843964288,0.37923099050724524,2020,1.0,1.0,0.009116847300565875,0.0
2020-02-03,0.13215453642332672,0.41703658178721414,0.3725584520144029,0.7266114939492766,0.34380034224060313,0.8248024281842444,0.0,0.4634146341463415,0.09239489432563683,1.0,0.47029393370856787,0.5061302005680549,0.20076858187271165,0.39927832905418587,1.8049489174243118,0.37923099050724524,2020,0.0,0.0,0.00966807396996364,1.0
2020-02-04,0.030142638159360118,0.6964071847223,0.3886608765113028,0.5630060039111306,0.35825621245268335,0.7864449751289306,0.0,0.4634146341463415,0.025380458175580725,1.0,0.47029393370856787,0.6013648021872587,0.5831319060773534,0.39927832905418587,0.32208218232043756,0.37923099050724524,2020,0.0,1.0,0.010657520433660986,2.0
2020-02-05,0.43232896855428915,0.3946847694223067,0.3894870873334447,0.7929820675907372,0.41431402076962537,0.6574042703453145,1.0,0.4634146341463415,0.5695918414593006,0.0,0.47029393370856787,0.3944564380674073,0.7219545185560932,0.39927832905418587,0.21126046157747516,0.37923099050724524,2020,0.0,0.0,0.010860194618653762,3.0
2020-02-06,0.7302787697820499,0.17783390934552457,0.31676074579799807,0.6308125576918188,0.47881988212220195,0.7437845236731205,1.0,0.4634146341463415,0.834375405492,0.0,0.47029393370856787,0.14965187708678038,0.4331337325349333,0.39927832905418587,0.3260146373918776,0.37923099050724524,2020,0.0,0.0,0.010964670307574323,4.0
2020-02-07,0.627635647549002,0.31850583584446485,0.3758570418949276,0.6932438662769199,0.44604366112493166,0.7058706544289065,1.0,0.4634146341463415,0.7369401609383152,0.0,0.47029393370856787,0.3329230282715833,0.3841204321961865,0.39927832905418587,0.12747359475537215,0.37923099050724524,2020,1.0,0.0,0.011241132783748642,0.0
2020-02-10,0.42826235131701135,0.6410532271036565,0.35007786802341706,0.7277894992446918,0.30463259342288246,0.6974417378816706,0.0,0.4634146341463415,0.5725342079959187,1.0,0.47029393370856787,0.6327556845278939,0.1310984735109282,0.39927832905418587,0.5866507033822185,0.37923099050724524,2020,0.0,0.0,0.01062760441517956,1.0
2020-02-11,0.5918481591809784,0.48942901353735146,0.4804688262335034,0.9449230764197369,0.4125843884576941,0.7406766883746081,0.0,0.4634146341463415,0.500774884741086,1.0,0.47029393370856787,0.5804419534641154,0.16318256683136906,0.39927832905418587,0.33818995734617335,0.37923099050724524,2020,0.0,1.0,0.010789124759079786,2.0
2020-02-12,0.57623744476264,0.6337089584761025,0.3915319554258961,0.7931679766293229,0.4694409254622663,0.8732289275143023,1.0,0.4634146341463415,0.5586336154572916,0.0,0.47029393370856787,0.6586534995333019,0.7731297709923722,0.39927832905418587,0.004885496183201669,0.37923099050724524,2020,0.0,0.0,0.010459315657356002,3.0
2020-02-13,0.7111054305591108,0.3060846706054102,0.5224241306634686,0.7804952245130062,0.32097360624072796,0.7155871458166653,1.0,0.4634146341463415,0.8205462784982153,0.0,0.47029393370856787,0.21178710997265773,0.5707614942528695,0.39927832905418587,0.18292025862069497,0.37923099050724524,2020,0.0,0.0,0.010094847693441513,4.0
2020-02-14,0.8015821639749791,0.28160359322403006,0.5368447954417418,0.8410568879004477,0.2416732533542349,0.6736385449842918,0.0,0.4634146341463415,0.8606722988008891,0.0,0.47029393370856787,0.18123511319580993,0.0,0.39927832905418587,0.31781627682551716,0.37923099050724524,2020,0.0,0.0,0.009814285804486398,0.0
2020-02-17,0.7677341319369244,0.6756648669471488,0.33072244792365224,0.9560304218364625,0.5253868497124542,1.0687384502628168,1.0,0.4634146341463415,0.6340453420151171,0.0,0.47029393370856787,0.7090056258906889,1.6415959418593284,0.39927832905418587,0.0,0.37923099050724524,2020,0.0,0.0,0.009262731398861291,1.0
2020-02-18,0.6616014355988028,0.07627511906231925,0.41817254316804375,0.9147273784945064,0.41452430490789466,0.8113539649796441,1.0,0.4634146341463415,0.6613699492983307,0.0,0.47029393370856787,0.07286740879298582,0.7652271243354187,0.39927832905418587,0.10838541180860536,0.37923099050724524,2020,0.0,0.0,0.009565326783361089,2.0
2020-02-19,0.867098702885687,0.2031983261329733,0.6155969783940437,1.165585893446367,0.34670598063663904,0.6880382076047094,1.0,0.4634146341463415,0.8412790833158629,0.0,0.47029393370856787,0.1596813313904159,0.8070257392441822,0.39927832905418587,0.4937637221469584,0.37923099050724524,2020,0.0,0.0,0.009489263350884207,3.0
2020-02-20,0.7067205705904668,0.1454892197845926,0.4657909509932939,0.8660073478721219,0.434008397336079,0.9182419541558784,1.0,0.4634146341463415,0.6193578114911352,0.0,0.47029393370856787,0.1434480953618189,1.9560695798162588,0.39927832905418587,0.02219838641980531,0.37923099050724524,2020,0.0,0.0,0.009458964688237502,4.0
2020-02-21,0.5023912806054966,0.05616766320344437,0.4908027555249172,0.815589852801938,0.46337011655612675,0.9348605455161035,1.0,0.4634146341463415,0.49170963966853076,0.0,0.47029393370856787,0.04476270388275879,2.907117663018905,0.39927832905418587,0.0,0.37923099050724524,2020,0.0,0.0,0.009612133003337346,0.0
2020-02-24,0.0038155304986590565,0.7982954279381577,0.47910596146675355,0.8069867118233014,0.6738220182469163,1.170767250734376,0.0,0.4634146341463415,0.04058563222303414,1.0,0.47029393370856787,0.22975773344048467,0.31138737367330455,0.39927832905418587,1.9701467292486037,0.37923099050724524,2020,0.0,0.0,0.010185868738440821,1.0
2020-02-25,0.02140627717410738,0.6532891892659,0.514205160672859,0.9934020390233722,0.5729740108636745,0.9213190740725313,0.0,0.4634146341463415,0.029144362018665607,1.0,0.47029393370856787,0.409785555068409,1.0939434724091592,0.39927832905418587,0.5275908479138595,0.37923099050724524,2020,0.0,1.0,0.0113635668446908,2.0
2020-02-26,0.17317363154398754,0.4018318275463071,0.47148677873256933,0.7837652981675481,0.5007864599616271,0.9607690559534072,1.0,0.4634146341463415,0.2800023818143609,0.0,0.47029393370856787,0.23926246119560152,1.0086734693877522,0.39927832905418587,0.2749999999999929,0.37923099050724524,2020,1.0,0.0,0.011947140000975302,3.0
2020-02-27,0.1409301743146688,0.6451837266584702,0.44683919512271103,0.8745353518464848,0.4716046073226979,0.8135020746064175,0.0,0.4634146341463415,0.24488342269072197,1.0,0.47029393370856787,0.47079095260502846,0.2604355716878475,0.39927832905418587,3.964679603518067,0.37923099050724524,2020,0.0,0.0,0.012448352717809261,4.0
2020-02-28,0.0010982596311681523,0.3584030255583845,0.46491272908788506,0.967932534364691,0.5293475636264492,0.8929440105303619,0.0,0.4634146341463415,0.002747919794422611,0.0,0.47029393370856787,0.14758524850918414,0.9639520826464499,0.39927832905418587,0.406198483349816,0.37923099050724524,2020,0.0,0.0,0.016393191573694166,0.0
2020-03-02,0.11203481335868182,0.5584823093775549,0.38299411418597246,0.7892265590095637,0.43556525384047234,0.8515116602884852,1.0,0.4634146341463415,0.25369969373147394,0.0,0.47029393370856787,0.41975901378474517,2.1636265125519234,0.39927832905418587,0.16471013184034455,0.37923099050724524,2020,0.0,0.0,0.01741885149461739,1.0
2020-03-03,0.47486286484534385,0.013738061302909289,0.31870199764740664,0.7210484395417016,0.44456507907514836,0.9862808908312383,1.0,0.4634146341463415,0.5049154377401996,0.0,0.47029393370856787,0.031104831980346758,0.386951326735351,0.39927832905418587,0.2692246995964548,0.37923099050724524,2020,1.0,0.0,0.019315128739946643,2.0
2020-03-04,0.24415631982687275,0.6852522300169215,0.4087128545043608,0.7432589827962527,0.3809901843874862,0.6376269052059856,1.0,0.4634146341463415,0.3187664364178649,0.0,0.47029393370856787,0.7700313875515302,1.1810814401487932,0.39927832905418587,0.046499269297196694,0.37923099050724524,2020,0.0,0.0,0.019712531044988525,3.0
2020-03-05,0.7880526638585098,0.05625993935811693,0.4579470828073242,0.9979716237861137,0.2779374843472156,0.5116013634129534,1.0,0.4634146341463415,0.8214442742032101,0.0,0.47029393370856787,0.088825408585459,0.5854391419568875,0.39927832905418587,0.877282307034199,0.37923099050724524,2020,1.0,0.0,0.02047352748928755,4.0
2020-03-06,0.2917312941366323,0.1589645118791278,0.5494161165960396,0.9035146977035035,0.4321575923524982,0.6526012687065667,1.0,0.4634146341463415,0.4367941900633722,0.0,0.47029393370856787,0.22733906886667002,0.7812190098405668,0.39927832905418587,0.44427492562361975,0.37923099050724524,2020,1.0,0.0,0.022372120607045805,0.0
2020-03-09,0.18984214142132996,0.27730883283631774,0.373679203482282,0.7650529516812284,0.3364130111871001,0.8163878104578627,0.0,0.4634146341463415,0.360827911853757,1.0,0.47029393370856787,0.38353162228757137,0.012815349126725484,0.39927832905418587,0.9788363662992939,0.37923099050724524,2020,0.0,0.0,0.02322986174017702,1.0
2020-03-10,0.1643287781409168,0.6792095103177173,0.3540675186844051,0.7365515748609637,0.26935765996038835,0.6572085896338653,0.0,0.4634146341463415,0.16601166977732787,1.0,0.47029393370856787,0.7538078019529627,0.5460080835651658,0.39927832905418587,0.3921753888684753,0.37923099050724524,2020,0.0,0.0,0.024757613378719207,2.0
2020-03-11,0.06831899897944976,0.8481963507826659,0.48121198431252865,0.7035913084797109,0.2719947873438884,0.5648963869929174,0.0,0.4634146341463415,0.1272356853986805,1.0,0.47029393370856787,0.820674999324835,0.35929077533308157,0.39927832905418587,1.7599077872326012,0.37923099050724524,2020,0.0,0.0,0.02577424532761525,3.0
2020-03-12,0.005535809527311764,0.7324573492306087,0.46163401570150914,1.0303779850911683,0.4988322781461544,0.6845488427467677,0.0,0.4634146341463415,0.02978424634699819,1.0,0.47029393370856787,0.5093593983515224,0.4470058865226324,0.39927832905418587,1.5651678121243908,0.37923099050724524,2020,0.0,0.0,0.029390638148318247,4.0
2020-03-13,0.01573677763853971,0.38438377878937907,0.4539957105472828,0.8993361119611728,0.38835605717586097,0.7185473860838595,0.0,0.4634146341463415,0.0483154810294225,1.0,0.47029393370856787,0.4320147091724587,0.9186689454106775,0.39927832905418587,1.5705237760128659,0.37923099050724524,2020,0.0,1.0,0.03252226567097813,0.0
2020-03-16,0.05756402245763246,0.033044989591855624,0.3776488052833743,0.7995682741121616,0.34521697454904576,0.6877499707963126,0.0,0.4634146341463415,0.0873802729499762,0.0,0.47029393370856787,0.13947149746837548,0.707030900134349,0.39927832905418587,0.8770264218540088,0.37923099050724524,2020,0.0,0.0,0.03686229711704811,1.0
2020-03-17,0.42268632186690114,0.02586675758659304,0.40083342374587155,0.9788298069140723,0.329602273775326,0.6533431805841576,0.0,0.4634146341463415,0.4569998537112959,0.0,0.47029393370856787,0.15620826629230838,0.29538256376062727,0.39927832905418587,0.9211535255875979,0.37923099050724524,2020,0.0,0.0,0.03925815887807655,2.0
2020-03-18,0.06016366151975771,0.5624863323879178,0.40218254963172095,0.7403923871749591,0.26590280507991554,0.6398842250500439,0.0,0.4634146341463415,0.12258046858372021,1.0,0.47029393370856787,0.7038827894877003,0.23373287671233134,0.39927832905418587,0.34697188175919247,0.37923099050724524,2020,0.0,0.0,0.04266527217567511,3.0
2020-03-19,0.2097053763059442,0.5417144059278162,0.45480534299473524,0.7408058643089773,0.2775052600138831,0.7511791129013508,1.0,0.4634146341463415,0.32806244044018745,1.0,0.47029393370856787,0.7775962774409612,0.723864300800686,0.39927832905418587,0.2915170101309029,0.37923099050724524,2020,1.0,1.0,0.04064705072065903,4.0
2020-03-20,0.3392269903626927,0.10264091429886439,0.3311735728416214,0.6199953720857612,0.3027263779963986,0.6045950495840503,1.0,0.4634146341463415,0.6565325637405761,0.0,0.47029393370856787,0.2601178222601599,1.037361415215654,0.39927832905418587,0.23825577219384,0.37923099050724524,2020,0.0,0.0,0.041178406846609616,0.0
2020-03-23,0.5600141605073213,0.015386000713640163,0.2294647529701411,0.4981586213376275,0.3669707847590047,0.7472122184671389,1.0,0.4634146341463415,0.7627044170996498,0.0,0.47029393370856787,0.09270680527098346,1.2588160204244434,0.39927832905418587,0.0031913196106597326,0.37923099050724524,2020,0.0,0.0,0.040348697214156494,1.0
2020-03-24,0.5657824365063024,0.02003663865888519,0.2718283294798838,0.5434898529171296,0.30694464356258677,0.7277173024992238,1.0,0.4634146341463415,0.8054846050044138,0.0,0.47029393370856787,0.09057986622182604,0.1900222298221621,0.39927832905418587,0.47849692202462407,0.37923099050724524,2020,1.0,0.0,0.041121705622591626,2.0
2020-03-25,0.2700602576056506,0.28737917887724745,0.36939193787438784,0.6533591108470114,0.32964939092313295,0.8170857151016002,1.0,0.4634146341463415,0.5793629593326086,1.0,0.47029393370856787,0.540174936338794,0.3962966112504798,0.39927832905418587,0.3562651473276932,0.37923099050724524,2020,1.0,1.0,0.04156927136679815,3.0
2020-03-26,0.395307696709073,0.169921217396733,0.27728693698993334,0.6344802493724011,0.3976167588939811,0.9415243337995716,0.0,0.4634146341463415,0.7569802116149211,0.0,0.47029393370856787,0.30357544713325024,0.08686229097167501,0.39927832905418587,0.25701718972441145,0.37923099050724524,2020,0.0,0.0,0.04124740467294718,4.0
2020-03-27,0.5063648134167775,0.5318675139461475,0.31245680830034533,0.7282805192323256,0.3509251350004697,0.8539428545965917,0.0,0.4634146341463415,0.7388751116084342,1.0,0.47029393370856787,0.5968219008822895,0.12453183520599359,0.39927832905418587,0.22985802630432772,0.37923099050724524,2020,0.0,1.0,0.0403531294236736,0.0
2020-03-30,0.42482066901791055,0.5183719285660079,0.29891866524505384,0.7355293244538175,0.341220228084545,0.7888032342737568,0.0,0.4634146341463415,0.6531563121468962,1.0,0.47029393370856787,0.6775112816000003,0.019689050318922464,0.39927832905418587,0.7644622608079367,0.37923099050724524,2020,0.0,0.0,0.03978121740111083,1.0
2020-03-31,0.04474620462747218,0.8513346343185234,0.4725734766949202,0.836746632653208,0.23967630880323643,0.5879493711337577,0.0,0.4634146341463415,0.14354039890989226,1.0,0.47029393370856787,0.8548444323845144,0.3623432242275933,0.39927832905418587,0.15570510859589837,0.37923099050724524,2020,0.0,1.0,0.04149609347728125,2.0
2020-04-01,0.5940418410367589,0.22941528335632608,0.39943685538234164,0.8159434436874927,0.19785642691473512,0.614550216091474,1.0,0.4634146341463415,0.8146012231273416,0.0,0.47029393370856787,0.3604659006543941,0.47589807998697536,0.39927832905418587,0.1304120294456266,0.37923099050724524,2020,0.0,0.0,0.0386196644150618,3.0
2020-04-02,0.6246981215516917,0.17125236029832677,0.22512899745174858,0.7354346227897416,0.35366887292780186,0.7148800517897674,1.0,0.4634146341463415,0.8374667278797,0.0,0.47029393370856787,0.2701559180531414,0.22449182693504013,0.39927832905418587,0.12452417087552715,0.37923099050724524,2020,1.0,0.0,0.03560841638981174,4.0
2020-04-03,0.4139230744821605,0.48153622191786477,0.41506508638808726,0.6951517754349764,0.33509970323355004,0.6833054112697251,1.0,0.4634146341463415,0.6981656534488254,0.0,0.47029393370856787,0.6085245836617887,1.0500499928581624,0.39927832905418587,0.16237680331381005,0.37923099050724524,2020,0.0,0.0,0.03094941907396652,0.0
2020-04-06,0.752739805528221,0.036267439495127736,0.43091454463956025,0.7914446496486843,0.30738345728142935,0.5283381071909521,1.0,0.4634146341463415,0.7408224115778136,0.0,0.47029393370856787,0.1002326523022946,0.24322475085526946,0.39927832905418587,0.37254201993158015,0.37923099050724524,2020,1.0,0.0,0.02892543493562661,1.0
2020-04-07,0.15559746317333567,0.7244170578377248,0.44507508175682203,0.6835555935917412,0.40950409941292637,0.63449501587321,0.0,0.4634146341463415,0.260554957092152,1.0,0.47029393370856787,0.8063910154646748,0.20569574965415274,0.39927832905418587,0.13646265642639943,0.37923099050724524,2020,0.0,1.0,0.027268635670665613,2.0
2020-04-08,0.368406354166955,0.6987028352827253,0.34202498249202057,0.7379983059270737,0.4176357961730152,0.7130259975690844,1.0,0.4634146341463415,0.43856589705541715,0.0,0.47029393370856787,0.8272559141500845,1.048663242460161,0.39927832905418587,0.030192282365340484,0.37923099050724524,2020,0.0,0.0,0.02638148397150257,3.0
2020-04-09,0.6877214980292408,0.14374535555148896,0.40093373369109947,0.7186632798217482,0.4201805724721804,0.8852224873110243,1.0,0.4634146341463415,0.7645337765541432,0.0,0.47029393370856787,0.13457423443198066,0.9518594031711775,0.39927832905418587,0.20122331373111157,0.37923099050724524,2020,0.0,0.0,0.02519672268957512,4.0
2020-04-13,0.5733338516172275,0.14230141508649394,0.5631049618224385,0.978786030504124,0.40357724305229437,0.8541507229137665,1.0,0.4634146341463415,0.6644531011101379,0.0,0.47029393370856787,0.1514952563394325,0.8858967535923324,0.39927832905418587,0.07699130743303513,0.37923099050724524,2020,0.0,0.0,0.023526554079772423,1.0
2020-04-14,0.30825220833962175,0.4893290293987662,0.32800907200234913,0.8038125858934605,0.5451995942676189,0.8991364009111238,0.0,0.4634146341463415,0.42706581809998617,1.0,0.47029393370856787,0.4185821985303336,0.10726432037908029,0.39927832905418587,0.5248194428522267,0.37923099050724524,2020,0.0,1.0,0.021654851343736122,2.0
2020-04-15,0.43300939967788793,0.6408921950956241,0.37716975441188766,0.7670496289455824,0.5395406582217437,0.8484872050223671,1.0,0.4634146341463415,0.3855346406309174,0.0,0.47029393370856787,0.7102556517872196,0.6766866402564041,0.39927832905418587,0.1914677602372911,0.37923099050724524,2020,1.0,0.0,0.020927556567269148,3.0
2020-04-16,0.22694921085540745,0.6838308747104033,0.3738702945658469,0.7501194666813494,0.5729269584594164,0.8287522435630243,0.0,0.4634146341463415,0.3156639101027542,1.0,0.47029393370856787,0.6196743726407282,0.02551200016566551,0.39927832905418587,1.100784825329766,0.37923099050724524,2020,0.0,0.0,0.020085230486660586,4.0
2020-04-17,0.07439666254775783,0.8452217669096038,0.3585386649205781,0.7096420795945413,0.3691543981153041,0.6645816290512184,0.0,0.4634146341463415,0.08306755724426372,1.0,0.47029393370856787,0.8068421611187386,0.5685464463340287,0.39927832905418587,0.30519011711855953,0.37923099050724524,2020,0.0,1.0,0.02117194691558055,0.0
2020-04-20,0.625169091228508,0.2843453299541002,0.32882811284199864,0.7989896627768621,0.42448181752465697,0.7455689976796097,0.0,0.4634146341463415,0.7369862927831666,1.0,0.47029393370856787,0.2613610935789114,0.08513158674064122,0.39927832905418587,0.9676807960356165,0.37923099050724524,2020,0.0,1.0,0.021349875612558612,1.0
2020-04-21,0.6530708711875325,0.15302726144802414,0.45596846012195436,0.9247349359325296,0.43762537855964534,0.658195640218137,1.0,0.4634146341463415,0.5852839119444111,0.0,0.47029393370856787,0.26059402142248245,0.8853082871138823,0.39927832905418587,0.20404032225416105,0.37923099050724524,2020,0.0,0.0,0.020917965094664776,2.0
2020-04-22,0.6924379709237631,0.0919487962561594,0.5038598232593461,0.7782438017092639,0.3052231244127056,0.5475369673098526,1.0,0.4634146341463415,0.7973855582161641,0.0,0.47029393370856787,0.12256488551377426,0.6893439499388324,0.39927832905418587,0.18363785876170693,0.37923099050724524,2020,0.0,0.0,0.020779622391763345,3.0
2020-04-23,0.6453381335948231,0.21257631123327653,0.5325940895211189,0.738074074302139,0.4426733509607966,0.5604518800012632,0.0,0.4634146341463415,0.7210237410984263,0.0,0.47029393370856787,0.26292624077343507,0.17825521890991733,0.39927832905418587,0.5495491836568898,0.37923099050724524,2020,0.0,0.0,0.020334542955916787,4.0
2020-04-24,0.7001409846850032,0.31754649501025883,0.4842652178846429,0.6999752260900052,0.4734604970500514,0.7743201703270595,0.0,0.4634146341463415,0.6805961757817027,1.0,0.47029393370856787,0.4027837896552365,0.0,0.39927832905418587,0.5999196787148635,0.37923099050724524,2020,0.0,1.0,0.020595090593585247,0.0
2020-04-27,0.42908720816313317,0.6454999525301206,0.384616372957434,0.6780663160750395,0.4796722456040774,0.7148728228177266,0.0,0.4634146341463415,0.40576419958321835,1.0,0.47029393370856787,0.6983378798492857,0.08576224629940313,0.39927832905418587,0.6824355257134171,0.37923099050724524,2020,0.0,1.0,0.019122127157914406,1.0
2020-04-28,0.6315487031207027,0.3378411745669144,0.5321959232309603,0.8334600708820114,0.23533727560706275,0.5417929764968665,1.0,0.4634146341463415,0.6837328281100098,0.0,0.47029393370856787,0.3617834265619817,0.27148863111091354,0.39927832905418587,0.3426735048755289,0.37923099050724524,2020,1.0,0.0,0.018993909373076837,2.0
2020-04-29,0.7593745002704263,0.3748894301100001,0.45533173376918146,0.9703214197029294,0.3583578115300692,0.6442417887021503,1.0,0.4634146341463415,0.7656573280098511,1.0,0.47029393370856787,0.38571533435420763,0.3206572667640066,0.39927832905418587,0.9381742105607241,0.37923099050724524,2020,1.0,0.0,0.019152605617518897,3.0
2020-04-30,0.058553606656619336,0.7711788327395528,0.5002234848194976,0.9786647366490651,0.3036612870944839,0.5693445864948764,0.0,0.4634146341463415,0.07936274711822797,1.0,0.47029393370856787,0.7221955417104021,0.6031500926497895,0.39927832905418587,0.5142063001852949,0.37923099050724524,2020,0.0,1.0,0.019209549008673388,4.0
2020-05-01,0.6662642920609151,0.10851521504914587,0.2663336723116893,0.747259567326697,0.48982020969041606,0.7500944951560503,1.0,0.4634146341463415,0.7116674062659903,0.0,0.47029393370856787,0.14860855543584203,0.4877218464890349,0.39927832905418587,0.24370205619354757,0.37923099050724524,2020,1.0,0.0,0.018524342049945363,0.0
2020-05-04,0.2877778724443875,0.5635843199231992,0.4473814547911293,0.6757828950080924,0.3937816994238806,0.6749588020450215,0.0,0.4634146341463415,0.4403390976942431,1.0,0.47029393370856787,0.6010806061303494,0.3621342999034999,0.39927832905418587,0.367076988255234,0.37923099050724524,2020,0.0,1.0,0.01784758622601707,1.0
2020-05-05,0.6704371578122453,0.2885242194852712,0.3497646598722391,0.7877414521331155,0.4800811101030741,0.8577904330008521,0.0,0.4634146341463415,0.7400973109586955,1.0,0.47029393370856787,0.3338521670908834,0.09887332593239977,0.39927832905418587,0.755603845336227,0.37923099050724524,2020,0.0,0.0,0.01773638529141431,2.0
2020-05-06,0.160425936275553,0.7483521344812022,0.49232982685126925,0.5655408062860636,0.33134513388679415,0.7320832286210907,1.0,0.4634146341463415,0.13894815853798115,0.0,0.47029393370856787,0.824474744943846,1.2491029995694372,0.39927832905418587,0.058269147969191276,0.37923099050724524,2020,0.0,0.0,0.017725597941072983,3.0
2020-05-07,0.6381451602690892,0.09375395046320477,0.3816074077573426,0.6929963297475707,0.4380988253634086,0.7010286045405419,1.0,0.4634146341463415,0.7067202316436798,0.0,0.47029393370856787,0.1031529530829399,0.2684518828451874,0.39927832905418587,0.49104602510459683,0.37923099050724524,2020,1.0,0.0,0.017416676868904184,4.0
2020-05-08,0.10350237834933924,0.8174681436832579,0.4562015206105564,0.7002273840909821,0.2489886493813399,0.8385762751625695,0.0,0.4634146341463415,0.1269954987981377,1.0,0.47029393370856787,0.8700692962351638,0.37679957054317176,0.39927832905418587,0.3023278512517657,0.37923099050724524,2020,0.0,0.0,0.0172107223699075,0.0
2020-05-11,0.2877640532020183,0.6492416480661676,0.399980722239537,0.5505648958687814,0.4166174412172078,0.702607235488669,0.0,0.4634146341463415,0.3380408556187768,0.0,0.47029393370856787,0.719062625557967,0.47761803835448136,0.39927832905418587,0.13584944204693272,0.37923099050724524,2020,0.0,0.0,0.01647872590216197,1.0
2020-05-12,0.5163757794774135,0.6028151595350074,0.2997111656404861,0.7856076448937938,0.4776614937028499,0.7480975145239375,1.0,0.4634146341463415,0.5746226195967284,0.0,0.47029393370856787,0.5570438902897338,0.6033537655604473,0.39927832905418587,0.10396133178516455,0.37923099050724524,2020,0.0,0.0,0.015543260739636433,2.0
2020-05-13,0.794892854500872,0.22591387432955648,0.3893210458232891,0.636148443740776,0.2761036432835493,0.7396256621588044,1.0,0.4634146341463415,0.8684848341919743,0.0,0.47029393370856787,0.18911153510327827,0.8084369325324793,0.39927832905418587,0.19086464590026075,0.37923099050724524,2020,0.0,0.0,0.014901246717521155,3.0
2020-05-14,0.6528772449209456,0.2273066647400874,0.34582518975367643,0.6561745299498858,0.32730340581333767,0.5647040194425559,1.0,0.4634146341463415,0.7020234752063854,0.0,0.47029393370856787,0.21862739475557671,0.8374965074043059,0.39927832905418587,0.07784297289745773,0.37923099050724524,2020,0.0,0.0,0.014778666856062644,4.0
2020-05-15,0.4589645700362777,0.45044606246741287,0.4524157734937443,0.7067734731602461,0.4110077985320304,0.5988466876049056,1.0,0.4634146341463415,0.5772989026091386,1.0,0.47029393370856787,0.37255185512348493,0.9369374374930604,0.39927832905418587,0.5367263029225451,0.37923099050724524,2020,1.0,1.0,0.01476768668019975,0.0
2020-05-18,0.03649683564578829,0.7340539344495927,0.4347228234535978,0.5588344166407441,0.3871098861875168,0.6245849603136364,0.0,0.4634146341463415,0.07728143714977119,1.0,0.47029393370856787,0.6373255255150089,0.5807663410969208,0.39927832905418587,0.2554470323065347,0.37923099050724524,2020,0.0,1.0,0.015367296868234957,1.0
2020-05-19,0.7049255294447662,0.2554968298814945,0.41201669993028167,0.6965990656900591,0.4433673269856502,0.6915441250601837,1.0,0.4634146341463415,0.8058474873212427,0.0,0.47029393370856787,0.2117258337448921,0.3729500546652093,0.39927832905418587,0.04815871576757818,0.37923099050724524,2020,1.0,0.0,0.015360511839566804,2.0
2020-05-20,0.5033705592453045,0.6762203036559715,0.38524636289352565,0.8608315444983682,0.48986268545008915,0.737150800206882,0.0,0.4634146341463415,0.5897319595797976,1.0,0.47029393370856787,0.6716785443979848,0.05274903631568085,0.39927832905418587,1.2193142625278943,0.37923099050724524,2020,0.0,0.0,0.014105425824175824,3.0
2020-05-21,0.18371161093916757,0.5074692918393929,0.4062188857825238,0.5861272713749053,0.3824294818179712,0.7065034163101322,0.0,0.4634146341463415,0.1409654065990401,0.0,0.47029393370856787,0.5792430902419897,0.5547325102880669,0.39927832905418587,0.09382716049382608,0.37923099050724524,2020,0.0,0.0,0.01407292438843587,4.0
2020-05-22,0.5329686407538679,0.5235588076617756,0.35532888568404797,0.6858298655218564,0.4679423404023347,0.8724170963945501,0.0,0.4634146341463415,0.6589093329085652,1.0,0.47029393370856787,0.46586684487533453,0.03826515288040233,0.39927832905418587,0.4831501171382237,0.37923099050724524,2020,0.0,1.0,0.013719923022718182,0.0
2020-05-25,0.6065882293503893,0.6904873937772494,0.2921537455580699,0.786095853913586,0.46884070243121734,0.959165234930696,1.0,0.4634146341463415,0.5716930600447461,1.0,0.47029393370856787,0.634614164822589,0.33916029825809546,0.39927832905418587,0.8182296339841018,0.37923099050724524,2020,1.0,0.0,0.013362908327166126,1.0
2020-05-26,0.0657571223870957,0.8146476895839136,0.3927209223548117,0.6416099036323464,0.3890837545462515,0.5950219206184322,0.0,0.4634146341463415,0.08333415479368937,1.0,0.47029393370856787,0.7771832489051145,0.22160510969175706,0.39927832905418587,0.7352278688018755,0.37923099050724524,2020,0.0,1.0,0.013531263569257487,2.0
2020-05-27,0.5477517983167911,0.29317002428835737,0.4163595805409936,0.7119904364599883,0.4666949617528829,0.7081874682630435,1.0,0.4634146341463415,0.5995362342652332,0.0,0.47029393370856787,0.2899322280717943,0.8435546874999994,0.39927832905418587,0.1326171875000037,0.37923099050724524,2020,0.0,0.0,0.012839363348131481,3.0
2020-05-28,0.41877975528376893,0.46814132630317257,0.3473871284566369,0.7309561359111765,0.3585952571735628,0.8355961792676777,1.0,0.4634146341463415,0.5427402209953976,0.0,0.47029393370856787,0.35601572181477104,0.8827509561010665,0.39927832905418587,0.25397966855163756,0.37923099050724524,2020,0.0,0.0,0.012718413908647601,4.0
2020-05-29,0.4224923321759375,0.29502847126240983,0.3943757510199513,0.6019576723662992,0.4713954172020625,0.8553271938595632,1.0,0.4634146341463415,0.5740615725223933,0.0,0.47029393370856787,0.24931285035757692,0.7092540770047275,0.39927832905418587,0.08060728875164677,0.37923099050724524,2020,0.0,0.0,0.012845367214130786,0.0
2020-06-01,0.5943559633634877,0.37625240985383995,0.42476656413497665,0.6113909542021408,0.4762454200640667,0.8324748061034659,1.0,0.4634146341463415,0.7278148073115912,1.0,0.47029393370856787,0.31187823962772293,0.2721110290101817,0.39927832905418587,0.7960934237157461,0.37923099050724524,2020,1.0,1.0,0.012785041907598754,1.0
2020-06-02,0.22794213747848122,0.5526697444084246,0.3943097650166813,0.6585824754153851,0.43692693114190573,0.7753292590169892,0.0,0.4634146341463415,0.19912638943804808,1.0,0.47029393370856787,0.6512016248578111,0.17615630236160787,0.39927832905418587,1.701811514021045,0.37923099050724524,2020,0.0,0.0,0.013076269904198596,2.0
2020-06-03,0.03180967835315745,0.6305726300389447,0.4190358938124813,0.7627131374370545,0.5116850851131517,0.603322017247728,0.0,0.4634146341463415,0.038440139321160284,0.0,0.47029393370856787,0.5509044509124393,1.0180977820462798,0.39927832905418587,0.036975899636838845,0.37923099050724524,2020,0.0,0.0,0.0140197022280719,3.0
2020-06-04,0.5660740373652721,0.2810831181332668,0.4482438826651593,0.8187422824222377,0.3575402203498827,0.6079945074807629,0.0,0.4634146341463415,0.6562823865781213,1.0,0.47029393370856787,0.22755184621337693,0.08611525828605324,0.39927832905418587,1.8159450582263381,0.37923099050724524,2020,0.0,0.0,0.013956411322821091,4.0
2020-06-05,0.049090809912795644,0.41237759151461,0.36205341363693244,0.6002135786614391,0.44974619440743335,0.5907713099312304,0.0,0.4634146341463415,0.0569172175947767,0.0,0.47029393370856787,0.40352738104463204,0.6249744533006321,0.39927832905418587,0.32904148783977855,0.37923099050724524,2020,0.0,0.0,0.01451601419264498,0.0
2020-06-08,0.7237174876956604,0.18132457547272085,0.41378113718448345,0.7208298982010753,0.36854866382126844,0.5907017256546031,1.0,0.4634146341463415,0.8156159825879408,0.0,0.47029393370856787,0.15272185692871998,0.9294216944614194,0.39927832905418587,0.2346983323146769,0.37923099050724524,2020,0.0,0.0,0.014453133215831611,1.0
2020-06-09,0.5517066747329963,0.17357421558245859,0.31732540293358086,0.5846532711325637,0.4538597698127556,0.6645324951121595,1.0,0.4634146341463415,0.692953217865054,0.0,0.47029393370856787,0.17605885910472524,0.9919640877854106,0.39927832905418587,0.24711815561960104,0.37923099050724524,2020,0.0,0.0,0.015037418537593552,2.0
2020-06-10,0.9400329841004904,0.03423438512385078,0.4319124904788597,0.7983514835055088,0.27460793107982084,0.6557554281208848,1.0,0.4634146341463415,0.804989558480397,0.0,0.47029393370856787,0.07880740352299058,0.24903864774393678,0.39927832905418587,0.6440921791573335,0.37923099050724524,2020,1.0,0.0,0.014853694377235441,3.0
2020-06-11,0.23747797453132743,0.6510426518634683,0.3735920253528823,0.6211687139617139,0.4551566148800968,0.6517640808831916,0.0,0.4634146341463415,0.22557598960431027,0.0,0.47029393370856787,0.7272395717196258,0.6089432437562687,0.39927832905418587,0.17956992163136962,0.37923099050724524,2020,0.0,0.0,0.015252825393884163,4.0
2020-06-12,0.3498425405982669,0.6289729872282673,0.3321520988314924,0.6199224033126053,0.42060613343598746,0.7731903293439968,0.0,0.4634146341463415,0.4232880348983871,1.0,0.47029393370856787,0.6080390885644477,0.1562814869809632,0.39927832905418587,0.9558784536246477,0.37923099050724524,2020,0.0,1.0,0.015571698600884093,0.0
2020-06-15,0.541127085482528,0.2127592201232484,0.3677267441455553,0.7144978599878926,0.3865918440841277,0.6145573896850522,0.0,0.4634146341463415,0.5437451618621495,0.0,0.47029393370856787,0.27809891113516916,0.30253956569745283,0.39927832905418587,0.2907618697092412,0.37923099050724524,2020,0.0,0.0,0.015754103778781548,1.0
2020-06-16,0.6279632096563588,0.5156736103618782,0.5022794487558299,0.8809255028913362,0.4254877974306127,0.700714427725756,0.0,0.4634146341463415,0.6859962288684396,1.0,0.47029393370856787,0.4794762367922587,0.1480967009483117,0.39927832905418587,0.5213303058634986,0.37923099050724524,2020,0.0,1.0,0.015489272329005639,2.0
2020-06-17,0.7364302125483585,0.32249911128075176,0.36889054789897185,0.8936253545789922,0.46062642849822194,0.7624859263001383,1.0,0.4634146341463415,0.7981931006727035,0.0,0.47029393370856787,0.3027123065291668,0.4024485613353857,0.39927832905418587,0.3484615592050271,0.37923099050724524,2020,1.0,0.0,0.015341849825866723,3.0
2020-06-18,0.27103918595670884,0.6751185663739505,0.39259053630289487,0.6598040049602669,0.4354288955797882,0.759437418764244,1.0,0.4634146341463415,0.28563906534110217,0.0,0.47029393370856787,0.7349323045560596,0.8865748332786731,0.39927832905418587,0.03405488138187766,0.37923099050724524,2020,0.0,0.0,0.015176616694610207,4.0
2020-06-19,0.6966202195641307,0.19489465359276778,0.4077922622928826,0.7083328167480617,0.4010021230758881,0.6393015707663395,1.0,0.4634146341463415,0.8131923984555625,0.0,0.47029393370856787,0.17317710843003797,0.8195488721804572,0.39927832905418587,0.0,0.37923099050724524,2020,0.0,0.0,0.01527550463720678,0.0
2020-06-22,0.5499645898309424,0.42359742908833165,0.31645330514144127,0.7448713404901458,0.43110509835934663,0.7548463531941553,1.0,0.4634146341463415,0.6436325771465927,0.0,0.47029393370856787,0.40865662265011765,0.6220542583344586,0.39927832905418587,0.26870022945067257,0.37923099050724524,2020,0.0,0.0,0.015082142612864686,1.0
2020-06-23,0.8024518214901422,0.1720221002129288,0.5734821411984703,0.8557259576841066,0.40796687129779335,0.5619150871304066,1.0,0.4634146341463415,0.8026167557751356,0.0,0.47029393370856787,0.1678930943816924,0.46787451292698773,0.39927832905418587,0.2739554594840528,0.37923099050724524,2020,1.0,0.0,0.014207883902607795,2.0
2020-06-24,0.1860725313508426,0.8011664378672252,0.36558624419725744,0.5896356317096334,0.356851849765742,0.9685618876562835,0.0,0.4634146341463415,0.15483833172176073,1.0,0.47029393370856787,0.8518088120472831,0.30587348961200556,0.39927832905418587,0.3046564863376976,0.37923099050724524,2020,0.0,1.0,0.013995114220505707,3.0
2020-06-25,0.7144703348697461,0.46391961532368814,0.42662126823633734,0.835653166120077,0.5630271411068092,0.8615347746879162,1.0,0.4634146341463415,0.7148008837709259,1.0,0.47029393370856787,0.40192184102384315,0.37106718362676694,0.39927832905418587,0.7194432085425548,0.37923099050724524,2020,0.0,1.0,0.012743212880421352,4.0
2020-06-26,0.7875585336844971,0.10806834687730013,0.49502166810283577,0.7678385875397783,0.37348186202042216,0.6484112834240787,1.0,0.4634146341463415,0.7945583560694119,0.0,0.47029393370856787,0.12140486345543261,0.21809201152519025,0.39927832905418587,0.20878320615521115,0.37923099050724524,2020,0.0,0.0,0.012741903729093678,0.0
2020-06-29,0.7547201875906878,0.5027950939502623,0.49756900599275,0.8690875625383736,0.3601752346163308,0.7664289569837477,1.0,0.4634146341463415,0.7906334238635705,1.0,0.47029393370856787,0.46016297237904813,0.6450874061100079,0.39927832905418587,0.3522516757048066,0.37923099050724524,2020,0.0,1.0,0.011965889818212342,1.0
2020-06-30,0.7026742913281844,0.22843162633377717,0.44332219858737326,0.8306006310095458,0.3473562175856061,0.820905568510301,1.0,0.4634146341463415,0.6785363759551568,1.0,0.47029393370856787,0.2181957281025396,0.419363858790628,0.39927832905418587,1.0447396015379267,0.37923099050724524,2020,1.0,1.0,0.011477965595791107,2.0
2020-07-01,0.16522276974868902,0.4462445511680847,0.2992601163913578,0.7756473298956977,0.46365123206214787,0.691744316736353,0.0,0.4634146341463415,0.1582538915027744,1.0,0.47029393370856787,0.45071248378135453,0.44634079737848725,0.39927832905418587,0.6126433642818082,0.37923099050724524,2020,0.0,1.0,0.011822103491830374,3.0
2020-07-02,0.6890583344105623,0.15527377959452282,0.3883973127707619,0.791496220402793,0.4287021850475314,0.767704280050338,0.0,0.4634146341463415,0.7206182177307038,0.0,0.47029393370856787,0.1800210629550524,0.080380499405472,0.39927832905418587,0.13269916765754836,0.37923099050724524,2020,0.0,0.0,0.011842735235305756,4.0
2020-07-03,0.8365638187242384,0.6831440033440108,0.37576494375250946,0.88659524827128,0.4214027656232935,0.8682020872880083,1.0,0.4634146341463415,0.8389430425923018,1.0,0.47029393370856787,0.5432523370138651,0.5961989065347567,0.39927832905418587,0.29263212705024055,0.37923099050724524,2020,0.0,1.0,0.01081636675959566,0.0
2020-07-06,0.7450768770063323,0.2299465150789355,0.4617717837974345,0.6348711336661849,0.4944727382397599,0.9552498499622619,1.0,0.4634146341463415,0.7852848506143791,0.0,0.47029393370856787,0.20515692699953586,0.6911274182788465,0.39927832905418587,0.5235342079905176,0.37923099050724524,2020,0.0,0.0,0.010803897763783,1.0
2020-07-07,0.7736087130624517,0.10928446105278576,0.6080297022297934,0.9415317016681587,0.40010731180422493,0.6641083694465006,1.0,0.4634146341463415,0.7712426560808507,0.0,0.47029393370856787,0.10477438845962649,1.1562851850506626,0.39927832905418587,0.18610394798968855,0.37923099050724524,2020,0.0,0.0,0.010954945979260725,2.0
2020-07-08,0.4894901079816835,0.25391654638602296,0.36381807625900914,0.6542948737520338,0.5607912206249684,0.8822500611158361,0.0,0.4634146341463415,0.5162820380962776,0.0,0.47029393370856787,0.19236604978870822,0.35864320181663356,0.39927832905418587,0.6482401362475116,0.37923099050724524,2020,0.0,0.0,0.011129838107137765,3.0
2020-07-09,0.42895372269038023,0.5534217807038476,0.427946738425713,0.797784841464203,0.41602733691195715,0.7844111490397008,0.0,0.4634146341463415,0.2698098514576951,1.0,0.47029393370856787,0.5868967979962306,0.39323862614637256,0.39927832905418587,0.4335191512317979,0.37923099050724524,2020,0.0,1.0,0.01101702101019806,4.0
2020-07-10,0.3504924331070663,0.6564549899919986,0.47525204188823,0.6363180620548569,0.38430164597603467,0.7043073390124529,1.0,0.4634146341463415,0.2666435001807058,0.0,0.47029393370856787,0.7052843594239463,0.7691348516521792,0.39927832905418587,0.028752704734658067,0.37923099050724524,2020,1.0,0.0,0.010830466869503766,0.0
2020-07-13,0.21706188987489247,0.8190983782493354,0.4284240645340942,0.8781359579501097,0.4340239858921741,0.7603491574368336,0.0,0.4634146341463415,0.33378685504615846,1.0,0.47029393370856787,0.6558256759963055,0.4507255139056813,0.39927832905418587,0.6633917775090656,0.37923099050724524,2020,0.0,1.0,0.01048894229892695,1.0
2020-07-14,0.7646067724977219,0.1334581592409152,0.4840288077123944,0.8127889885260998,0.3332063500926291,0.6818410677263262,1.0,0.4634146341463415,0.7925685112294799,0.0,0.47029393370856787,0.11744091256541755,0.2956528251020378,0.39927832905418587,0.3580334743700107,0.37923099050724524,2020,1.0,0.0,0.010543832290412388,2.0
2020-07-15,0.5723195940567445,0.5217999024956117,0.49915751062826214,1.0089082702644612,0.25547950471811176,0.7561096806547793,0.0,0.4634146341463415,0.6723038719081876,1.0,0.47029393370856787,0.4531842539991712,0.17361714998676525,0.39927832905418587,0.8029793186887998,0.37923099050724524,2020,0.0,0.0,0.010437820989929606,3.0
2020-07-16,0.18339147463741998,0.8189912485005443,0.4479881644850768,0.6749877660023362,0.4596925163112717,0.7220080973641578,0.0,0.4634146341463415,0.11818299732639737,0.0,0.47029393370856787,0.7916018595566553,0.8050148976512067,0.39927832905418587,0.057965406493050646,0.37923099050724524,2020,0.0,0.0,0.010273308241385198,4.0
2020-07-17,0.8149049056889217,0.2880043253684632,0.3802920367160145,0.6579130490831019,0.5419687666297301,0.7362949748297978,1.0,0.4634146341463415,0.8341374897215803,0.0,0.47029393370856787,0.17951271167123747,0.5817247761870575,0.39927832905418587,0.19619990178672767,0.37923099050724524,2020,0.0,0.0,0.010450467947898081,0.0
2020-07-20,0.7708749449301749,0.33734317073912384,0.4988476978010039,0.751293214322739,0.4817307218977342,0.9524444218528584,1.0,0.4634146341463415,0.7864207723041203,0.0,0.47029393370856787,0.24805154279606323,1.4239033644353214,0.39927832905418587,0.08347206628208392,0.37923099050724524,2020,0.0,0.0,0.010152589541209412,1.0
2020-07-21,0.7713930486867893,0.04814179030209669,0.5170561716627837,0.9504561702593544,0.38937327243117104,0.6006626667288076,1.0,0.4634146341463415,0.7392246536663035,0.0,0.47029393370856787,0.05148349513223754,1.6602388945272772,0.39927832905418587,0.10601920524631404,0.37923099050724524,2020,0.0,0.0,0.009935965807059674,2.0
2020-07-22,0.86042452960336,0.015520825894512947,0.5742099299825472,0.9719922380005469,0.45691401301760176,0.8081698939362536,1.0,0.4634146341463415,0.7383619393421116,0.0,0.47029393370856787,0.031796078039445015,1.4055718254862204,0.39927832905418587,0.4210407749493122,0.37923099050724524,2020,0.0,0.0,0.010164609116319405,3.0
2020-07-23,0.3443089632286147,0.18307154271566412,0.3484907701890656,0.7286036828765111,0.647829867340556,1.0134376944321741,1.0,0.4634146341463415,0.41069516623832386,0.0,0.47029393370856787,0.12135435444871541,0.9147365227065783,0.39927832905418587,0.2718721553555168,0.37923099050724524,2020,0.0,0.0,0.011226501219506661,4.0
2020-07-24,0.604708160577611,0.2542178792788657,0.44335866457618933,0.8019040933503445,0.5023574838558045,0.9539054540560828,1.0,0.4634146341463415,0.6909623358797338,0.0,0.47029393370856787,0.15870646272880456,2.0415517920441144,0.39927832905418587,0.06800577655243885,0.37923099050724524,2020,0.0,0.0,0.011447387404717823,0.0
2020-07-27,0.6417903877737544,0.026690902417278988,0.5742424612625837,1.0095649472634018,0.5175138850340555,0.8008138787142962,1.0,0.4634146341463415,0.5983528114945507,0.0,0.47029393370856787,0.02699440954590219,1.6820710312366267,0.39927832905418587,1.4882327770646124,0.37923099050724524,2020,0.0,0.0,0.012035410991003047,1.0
2020-07-28,0.16396991063924546,0.015222508987596414,0.3593384248443889,0.7916183408142652,0.6466382677439165,1.0867761310108084,0.0,0.4634146341463415,0.10445657093136326,0.0,0.47029393370856787,0.02787981861484432,0.7984634673353392,0.39927832905418587,0.6748472803905337,0.37923099050724524,2020,0.0,0.0,0.013664998837160968,2.0
2020-07-29,0.6415744908708804,0.156786446739488,0.5490203167255218,1.0211851268220609,0.5510981674580988,1.0838169796063062,0.0,0.4634146341463415,0.5281328159430246,1.0,0.47029393370856787,0.1494129427793957,0.04014718944295994,0.39927832905418587,1.0974749397284658,0.37923099050724524,2020,0.0,1.0,0.01428448177110897,3.0
2020-07-30,0.504221780037205,0.3719885811512972,0.33454052198839074,0.7919899631333254,0.6069645338490862,1.1358146930155282,1.0,0.4634146341463415,0.3626322422595028,0.0,0.47029393370856787,0.43613290234820107,0.9305992920786057,0.39927832905418587,0.03178322958623437,0.37923099050724524,2020,0.0,0.0,0.014959924274627157,4.0
2020-07-31,0.4788095684809786,0.4142660758505689,0.4656677012078691,0.8068021881469638,0.6286137206454339,0.9638725768943924,1.0,0.4634146341463415,0.6777781970013278,0.0,0.47029393370856787,0.27256452041632506,0.5089160963364647,0.39927832905418587,0.4432708930305299,0.37923099050724524,2020,1.0,0.0,0.015279785032924596,0.0
2020-08-03,0.4616246933142755,0.4370389143048289,0.3784934307875813,0.6987902532935915,0.5866160666117329,1.0549880760594097,1.0,0.4634146341463415,0.5216045135623392,0.0,0.47029393370856787,0.40334678784955375,1.4119507826855588,0.39927832905418587,0.2793943200055802,0.37923099050724524,2020,0.0,0.0,0.015536890583689523,1.0
2020-08-04,0.9326004003443205,0.012414603129809368,0.4082480991633535,1.1066575161540038,0.39091159653996327,0.8463845417860318,1.0,0.4634146341463415,0.7589160098906428,0.0,0.47029393370856787,0.04334745079601344,1.0960801022582027,0.39927832905418587,0.28035790370686275,0.37923099050724524,2020,0.0,0.0,0.01660652373876741,2.0
2020-08-05,0.47161654983139834,0.19496671837292395,0.34543210489011145,0.8017645459763879,0.6022657247038852,0.9572307166197478,1.0,0.4634146341463415,0.4663340307801975,0.0,0.47029393370856787,0.22786839450833563,0.9003822168577765,0.39927832905418587,0.08786964393482537,0.37923099050724524,2020,0.0,0.0,0.017424766092407683,3.0
2020-08-06,0.7269597872910087,0.22735555824901313,0.4644455615864071,0.8550671038773557,0.49208078775370184,0.876194574412585,1.0,0.4634146341463415,0.7802633419442845,1.0,0.47029393370856787,0.1807551932435244,0.319993801572856,0.39927832905418587,1.2897377290512524,0.37923099050724524,2020,1.0,1.0,0.01787393450909518,4.0
2020-08-07,0.09089592675319078,0.4561826458169401,0.4333818166841409,0.6350063279162136,0.57521414777768,0.9382280771153311,0.0,0.4634146341463415,0.11819971161219114,0.0,0.47029393370856787,0.490421942066637,0.38038187944590074,0.39927832905418587,0.4033445650817443,0.37923099050724524,2020,0.0,0.0,0.019691250626640316,0.0
2020-08-10,0.26891189389755044,0.7794311096438769,0.301486402299605,0.6775491221700141,0.5895704022136784,0.9149738764014087,0.0,0.4634146341463415,0.3096010596642315,1.0,0.47029393370856787,0.7035423098518908,0.06844995571302015,0.39927832905418587,3.1211691762621823,0.37923099050724524,2020,0.0,0.0,0.019890109348034278,1.0
2020-08-11,0.00045379817964812645,0.9054909282652528,0.492775300965242,1.0355891168066806,0.3740862026389897,0.7101892605158178,0.0,0.4634146341463415,0.0033941460613568326,1.0,0.47029393370856787,0.44064436522490963,0.8034019885288833,0.39927832905418587,1.024803644122946,0.37923099050724524,2020,0.0,1.0,0.024692792794139416,2.0
2020-08-12,0.10116023050907813,0.1604884363027011,0.5153306545481179,1.1001252696605202,0.4626700489380625,0.6543890273056674,1.0,0.4634146341463415,0.2834783052115578,0.0,0.47029393370856787,0.16400850381275467,0.9789563825754901,0.39927832905418587,0.0737017955161231,0.37923099050724524,2020,0.0,0.0,0.02654849116404437,3.0
2020-08-13,0.5581786257898869,0.16931789422377114,0.44293696621468215,0.9937499537273458,0.3771281458476607,0.7410740662142627,0.0,0.4634146341463415,0.7230025249965759,0.0,0.47029393370856787,0.19750193734690594,0.1685858926763428,0.39927832905418587,0.3959500506243678,0.37923099050724524,2020,0.0,0.0,0.02708841336315407,4.0
2020-08-14,0.5225161204241214,0.5176113970864094,0.43093119035201466,0.7918832642696069,0.3301545416204741,0.7973840412910823,1.0,0.4634146341463415,0.5058959157988892,1.0,0.47029393370856787,0.6642828560220647,0.8930744711677769,0.39927832905418587,0.2886119965227478,0.37923099050724524,2020,0.0,1.0,0.026622060850424827,0.0
2020-08-17,0.6571180563619954,0.03956086209878702,0.28496970344072425,0.842611686891856,0.4041997541434825,0.6126823067674554,1.0,0.4634146341463415,0.7789810897582388,0.0,0.47029393370856787,0.09804440387047715,0.6018629090040621,0.39927832905418587,0.1774118770985819,0.37923099050724524,2020,0.0,0.0,0.02561187993408036,1.0
2020-08-18,0.4300524612189588,0.3109434787003598,0.3663193246478533,0.6373647448229294,0.3872514450376687,0.6229524289046039,0.0,0.4634146341463415,0.6897859344826842,1.0,0.47029393370856787,0.3551785058519561,0.09163436148098353,0.39927832905418587,1.5186527332996214,0.37923099050724524,2020,0.0,0.0,0.025404405913850004,2.0
2020-08-19,0.010408798166061592,0.9089413556088254,0.5088051826710878,1.0140088444462347,0.23324332247724838,0.6567128470980594,0.0,0.4634146341463415,0.03563165245572808,1.0,0.47029393370856787,0.7440435303456876,0.47981833217384195,0.39927832905418587,0.08637097515193748,0.37923099050724524,2020,0.0,1.0,0.028207756123967104,3.0
2020-08-20,0.6304309788383468,0.33934980875538995,0.4608425983641842,0.9205005754813061,0.38223957901056754,0.7252991840206767,1.0,0.4634146341463415,0.8049845543447374,1.0,0.47029393370856787,0.36553621950069776,0.17086123901214154,0.39927832905418587,0.6416910841356199,0.37923099050724524,2020,1.0,1.0,0.028051985413319894,4.0
2020-08-21,0.3939451980082386,0.26548015383172097,0.3741433757224431,0.7327205033378043,0.3988155746310943,0.7245254920612718,1.0,0.4634146341463415,0.647112778882833,0.0,0.47029393370856787,0.3834569012171678,0.3843974722161657,0.39927832905418587,0.29789906810403594,0.37923099050724524,2020,1.0,0.0,0.028716829306898665,0.0
2020-08-24,0.11222719474162939,0.7213422635054628,0.31188181894607503,0.7345307272145317,0.3276251434325965,0.6479106624746771,0.0,0.4634146341463415,0.2318608719234516,1.0,0.47029393370856787,0.8124350104831696,0.15202098641364914,0.39927832905418587,0.2720664047715351,0.37923099050724524,2020,0.0,1.0,0.028370666698263318,1.0
2020-08-25,0.6751653802718215,0.3492243094732534,0.3604847179546266,0.8407368842302534,0.3798344400443457,0.6317956745281761,1.0,0.4634146341463415,0.7312954735754942,1.0,0.47029393370856787,0.5466395591818661,0.5066799413402946,0.39927832905418587,0.4750359896134604,0.37923099050724524,2020,0.0,1.0,0.027538820077140008,2.0
2020-08-26,0.8148873902444048,0.0313339545937616,0.34689109988918637,0.7372335632641229,0.31753860960678404,0.7123696822135234,1.0,0.4634146341463415,0.8599952186283386,0.0,0.47029393370856787,0.11511163693742617,0.41670393265816275,0.39927832905418587,0.8092858082335878,0.37923099050724524,2020,1.0,0.0,0.02779493966125492,3.0
2020-08-27,0.09958020174800375,0.380736707489848,0.39120233868622867,0.6044641167579026,0.31610843423289214,0.6331087314599395,0.0,0.4634146341463415,0.16737054363274248,0.0,0.47029393370856787,0.5877718249411296,0.820643110277252,0.39927832905418587,0.10178236397748866,0.37923099050724524,2020,0.0,0.0,0.028422119127606272,4.0
2020-08-28,0.5560913858570753,0.14199984494510584,0.3246835507028526,0.6958049367146512,0.30915375297930714,0.6518051802458946,1.0,0.4634146341463415,0.7829683848130669,0.0,0.47029393370856787,0.20105655519749835,0.2260102454588218,0.39927832905418587,0.16621540886498973,0.37923099050724524,2020,1.0,0.0,0.02861456738967231,0.0
2020-08-31,0.45574044438697103,0.5189151946372923,0.3500749058118954,0.5846567103159303,0.3174344511798395,0.6318116046194878,1.0,0.4634146341463415,0.7285299544773538,0.0,0.47029393370856787,0.5384996232446323,0.5187319884726231,0.39927832905418587,0.08501440922190422,0.37923099050724524,2020,1.0,0.0,0.024694370313889963,1.0
2020-09-01,0.17075318485870492,0.7157889001797514,0.2190618219208278,0.4970711708088586,0.5207778944697422,0.7807609372613171,0.0,0.4634146341463415,0.348250247866997,1.0,0.47029393370856787,0.7404779412501014,0.06560112972591468,0.39927832905418587,0.848995442582963,0.37923099050724524,2020,0.0,0.0,0.02259130816855823,2.0
2020-09-02,0.21062586892829954,0.6230439411024372,0.4873767235039594,0.5835750294058696,0.23232044585066594,0.5358800854627155,0.0,0.4634146341463415,0.2076610731768796,1.0,0.47029393370856787,0.7126326947616339,0.1917713948649023,0.39927832905418587,0.4808048368861731,0.37923099050724524,2020,0.0,0.0,0.022439798129692053,3.0
2020-09-03,0.3162857125979479,0.664268632621354,0.45811543101208413,0.6918982892567467,0.380531189626406,0.5452008705347542,0.0,0.4634146341463415,0.35021763994267646,1.0,0.47029393370856787,0.7300504312931657,0.39536866964051476,0.39927832905418587,0.3154683810023617,0.37923099050724524,2020,0.0,1.0,0.022564181508147034,4.0
2020-09-04,0.4283399888536377,0.45174947289380896,0.44785309887240343,0.7403939078235589,0.2399806324392028,0.5622562832407654,0.0,0.4634146341463415,0.5661920124220049,0.0,0.47029393370856787,0.4941921627069853,0.2096799240790228,0.39927832905418587,0.19736002070572164,0.37923099050724524,2020,0.0,0.0,0.02141940567478428,0.0
2020-09-07,0.48839099056783597,0.7321233778639377,0.33904782303922015,0.8687564940766493,0.3340442217507492,0.800446816818443,0.0,0.4634146341463415,0.4884883593968129,1.0,0.47029393370856787,0.7657168247036671,0.2743273824490786,0.39927832905418587,0.5831028413376932,0.37923099050724524,2020,0.0,1.0,0.02060931435293386,1.0
2020-09-08,0.529544734834221,0.23071611994093585,0.3963593489624229,0.8188170292964208,0.43687391105226164,0.7487250878542583,1.0,0.4634146341463415,0.6715944527224826,0.0,0.47029393370856787,0.27367518761663745,0.5396569677203908,0.39927832905418587,0.3108116073007317,0.37923099050724524,2020,0.0,0.0,0.0188248478079162,2.0
2020-09-09,0.6920608835218343,0.19107746168354128,0.512181298437057,0.8286287325184671,0.3568474510625276,0.7741603678496171,1.0,0.4634146341463415,0.8137758651218113,0.0,0.47029393370856787,0.19515157941119957,0.5554900805342775,0.39927832905418587,0.13914751522294097,0.37923099050724524,2020,1.0,0.0,0.01868370697077326,3.0
2020-09-10,0.22491532913580992,0.722393683232995,0.42888545161021774,0.8271473928761515,0.41420766100301415,0.7244056816971296,0.0,0.4634146341463415,0.27567325689392225,1.0,0.47029393370856787,0.7648405512795388,0.2420049388763045,0.39927832905418587,0.2508622624951523,0.37923099050724524,2020,0.0,0.0,0.017984782361339997,4.0
2020-09-11,0.30113119279351225,0.7618822533727402,0.3502727002377373,0.6554619029316073,0.4619872447908842,0.8240735582855409,1.0,0.4634146341463415,0.28676925725040747,1.0,0.47029393370856787,0.8476160102089327,0.6811730105281153,0.39927832905418587,0.07936575593537781,0.37923099050724524,2020,0.0,1.0,0.017280060573384826,0.0
2020-09-14,0.6436852049685201,0.23804210830107625,0.2850458308865852,0.6228201752001645,0.39125117824437383,0.8443049508485421,1.0,0.4634146341463415,0.792410328076831,0.0,0.47029393370856787,0.26391574955433483,0.46587486744432177,0.39927832905418587,0.24139978791092598,0.37923099050724524,2020,1.0,0.0,0.017214651183338397,1.0
2020-09-15,0.20411508206190712,0.6636654155969433,0.35623960105608027,0.6286705261604086,0.3988022886074565,0.7244007035538446,1.0,0.4634146341463415,0.30437065947337694,0.0,0.47029393370856787,0.7237792545420477,0.6109205776173262,0.39927832905418587,0.1393050541516272,0.37923099050724524,2020,1.0,0.0,0.01619995540625993,2.0
2020-09-16,0.29660474051815217,0.6153330148724544,0.2963109643353372,0.9375004931389274,0.501810707598527,1.0071061807394375,0.0,0.4634146341463415,0.4377864809895401,1.0,0.47029393370856787,0.5539350886626376,0.05280115892799131,0.39927832905418587,0.9287409146539515,0.37923099050724524,2020,0.0,0.0,0.014594987901000358,3.0
2020-09-17,0.35129852583728144,0.4643538409102381,0.3758473377597627,0.6980336619459441,0.2969461172459899,0.6663620008846783,0.0,0.4634146341463415,0.28316019359230415,0.0,0.47029393370856787,0.5575035828206105,0.5931669621827608,0.39927832905418587,0.007409955804899708,0.37923099050724524,2020,0.0,0.0,0.013883540947756417,4.0
2020-09-18,0.4258773295904344,0.7237436773967484,0.3790973272100171,0.6964406260675161,0.41383348406070747,0.8308186919079233,0.0,0.4634146341463415,0.4733272087613954,1.0,0.47029393370856787,0.6711504378811245,0.22653478120632126,0.39927832905418587,2.511826685302656,0.37923099050724524,2020,0.0,0.0,0.013631334041695671,0.0
2020-09-21,0.040887496987674556,0.19021551804998119,0.3368398023305729,0.650333894198566,0.44744823549956125,0.5365140781246448,0.0,0.4634146341463415,0.029088155212031765,0.0,0.47029393370856787,0.1920524438691208,0.2503610282083396,0.39927832905418587,0.6024838740733572,0.37923099050724524,2020,0.0,0.0,0.015517379180837143,1.0
2020-09-22,0.2866450673840212,0.6956011659798372,0.39982094062269474,0.8024832425279005,0.44059514306398706,0.6599304335753082,0.0,0.4634146341463415,0.20939324515932564,1.0,0.47029393370856787,0.7385741473851696,0.18581283743251173,0.39927832905418587,1.5494901019796044,0.37923099050724524,2020,0.0,0.0,0.015040759827547046,2.0
2020-09-23,0.03860828013604169,0.7237428549596946,0.3648763887922053,0.8037213152214131,0.46605262833218514,0.5688486346755877,0.0,0.4634146341463415,0.04112892567057618,1.0,0.47029393370856787,0.6257550328301335,0.4612822647793554,0.39927832905418587,0.4789342214820947,0.37923099050724524,2020,0.0,1.0,0.016115700261393695,3.0
2020-09-24,0.5442471424252573,0.3117783994333512,0.4005390556906858,0.8160602828571271,0.4385102600858767,0.5436579720887149,0.0,0.4634146341463415,0.628155896679847,0.0,0.47029393370856787,0.3050323564319249,0.24941334227288167,0.39927832905418587,0.5112303050620185,0.37923099050724524,2020,0.0,0.0,0.015972542006232653,4.0
2020-09-25,0.37187182179507394,0.5870163378852133,0.3706746982022114,0.6946236885974165,0.36268966246272377,0.594622957020063,1.0,0.4634146341463415,0.39744762304525966,1.0,0.47029393370856787,0.6437127099745017,0.7349454493930959,0.39927832905418587,0.38582156520096605,0.37923099050724524,2020,0.0,1.0,0.01625526282655627,0.0
2020-09-28,0.833307045081649,0.04607925924649648,0.32036547226423945,0.599194336488998,0.38751568082721743,0.551273885838309,1.0,0.4634146341463415,0.8208260871429052,0.0,0.47029393370856787,0.0972649627988192,0.5828096205641886,0.39927832905418587,0.19879034163398354,0.37923099050724524,2020,0.0,0.0,0.016068913414046156,1.0
2020-09-29,0.7975569242361393,0.13391607919703452,0.4931069148608329,0.6792350602009797,0.30080052784866856,0.6089068062885153,1.0,0.4634146341463415,0.8675399645322708,0.0,0.47029393370856787,0.1639201615870013,0.1706373055749192,0.39927832905418587,0.5368175589585805,0.37923099050724524,2020,1.0,0.0,0.015660884271272095,2.0
2020-09-30,0.25438219193874345,0.6527868310090676,0.4795905595997577,0.6942995069429653,0.330077952364928,0.9564700807188237,1.0,0.4634146341463415,0.24981919898866506,0.0,0.47029393370856787,0.7885136146941084,0.9024360624681216,0.39927832905418587,0.023802006169085222,0.37923099050724524,2020,0.0,0.0,0.015599012222945425,3.0
2020-10-01,0.7009261858891289,0.23216910276163139,0.3368537636447108,0.49408009600045816,0.39884292660072884,0.5943895004174551,1.0,0.4634146341463415,0.7739887386121964,0.0,0.47029393370856787,0.20693883279988579,0.3718106800720801,0.39927832905418587,0.5344778526036283,0.37923099050724524,2020,1.0,0.0,0.01580489062649907,4.0
2020-10-02,0.2328084559283328,0.5241564094269785,0.3186325587872067,0.6478144378303766,0.3660654996307403,0.5209252237762273,1.0,0.4634146341463415,0.3109392007714532,1.0,0.47029393370856787,0.6238021183536446,0.6462352135622026,0.39927832905418587,0.3953438953557026,0.37923099050724524,2020,1.0,1.0,0.015930145523889747,0.0
2020-10-05,0.6018011970373434,0.13406772395736657,0.3257851653395478,0.6815065432701137,0.3362678488687221,0.6319379836512837,1.0,0.4634146341463415,0.7587795954610059,1.0,0.47029393370856787,0.16703625836040484,0.24122257780250872,0.39927832905418587,1.2567598905431125,0.37923099050724524,2020,1.0,0.0,0.01609791498365643,1.0
2020-10-06,0.020756564167878952,0.8639319828915832,0.4999105046378695,0.9559880186997752,0.47230696499030567,0.7002178787024768,0.0,0.4634146341463415,0.046859469967358874,1.0,0.47029393370856787,0.7386626667113149,0.6185048830493152,0.39927832905418587,0.15647803178942787,0.37923099050724524,2020,0.0,1.0,0.017253419608672445,2.0
2020-10-07,0.483685469617613,0.3601236332512432,0.43325439342945615,0.5731404159996151,0.36598266148534303,0.5850815661897644,1.0,0.4634146341463415,0.6315435572722596,0.0,0.47029393370856787,0.4106856661370005,0.4110063241983812,0.39927832905418587,0.17707755464329467,0.37923099050724524,2020,1.0,0.0,0.017053835854795828,3.0
2020-10-08,0.6438708993379063,0.3650462885919475,0.415605494797327,0.641341863320244,0.3858776983252584,0.6118671603954944,1.0,0.4634146341463415,0.7172423353788098,0.0,0.47029393370856787,0.45880575151764497,1.135761078148091,0.39927832905418587,0.0,0.37923099050724524,2020,0.0,0.0,0.01710321610026904,4.0
2020-10-09,0.8475318930592958,0.04228656302288203,0.4337287527203585,0.7515204745554654,0.2771807190271002,0.5700729668380888,1.0,0.4634146341463415,0.8475752753945008,0.0,0.47029393370856787,0.06232253039923381,0.1036465570942596,0.39927832905418587,0.3884230197901172,0.37923099050724524,2020,1.0,0.0,0.015446275914645417,0.0
2020-10-12,0.43702252708816164,0.6164019130767407,0.3058791220180167,0.6620674570090083,0.4506583604725535,0.716048802972306,0.0,0.4634146341463415,0.4032248075242254,1.0,0.47029393370856787,0.7802681660457137,0.0967202635590285,0.39927832905418587,1.2377440133746391,0.37923099050724524,2020,0.0,0.0,0.015111783505514675,1.0
2020-10-13,0.06054337125032655,0.7475941230289888,0.39654055315484404,0.6023362343382936,0.25808574510057314,0.5398142623247014,0.0,0.4634146341463415,0.05881137619482137,1.0,0.47029393370856787,0.7251674460293666,0.7793493635077783,0.39927832905418587,0.303748231966059,0.37923099050724524,2020,0.0,1.0,0.01495536658628421,2.0
2020-10-14,0.4429849478485581,0.30696844341616064,0.4162490265230039,0.6065771378860174,0.3898204585720825,0.5572403201953188,0.0,0.4634146341463415,0.5480175643306026,0.0,0.47029393370856787,0.2916538300745985,0.26993372163085183,0.39927832905418587,0.40630648724643315,0.37923099050724524,2020,0.0,0.0,0.014964748384692314,3.0
2020-10-15,0.8832971460372105,0.1918145742961174,0.4785389592001856,0.8813460044190766,0.31084258231997614,0.5774970087387682,1.0,0.4634146341463415,0.8935863383428182,0.0,0.47029393370856787,0.17670157038405662,0.1960645275660335,0.39927832905418587,0.37298351356142473,0.37923099050724524,2020,1.0,0.0,0.014780325738361242,4.0
2020-10-16,0.2219177482684437,0.8056723198245028,0.37448129811754244,0.7011021396714792,0.3888312051131891,0.8668220976691483,1.0,0.4634146341463415,0.19355268532754658,1.0,0.47029393370856787,0.8759715701453412,0.7382101745265549,0.39927832905418587,0.05718529520980188,0.37923099050724524,2020,1.0,1.0,0.014184509230728705,0.0
2020-10-19,0.26997431095673585,0.632239028406427,0.2990774179823198,0.6708760549725075,0.41431919539591233,0.7366051234663589,0.0,0.4634146341463415,0.38527080638619815,1.0,0.47029393370856787,0.6230216898872843,0.3664256556655352,0.39927832905418587,0.3570875910461365,0.37923099050724524,2020,0.0,1.0,0.014059744065468342,1.0
2020-10-20,0.6160810848610079,0.3958703167358635,0.43895910914044245,0.8318448680811664,0.3740248405358745,0.7921921238322019,1.0,0.4634146341463415,0.6834726504182744,0.0,0.47029393370856787,0.3956838996660575,0.9131739736306109,0.39927832905418587,0.0,0.37923099050724524,2020,0.0,0.0,0.013976857057458833,2.0
2020-10-21,0.6483517020220974,0.34080398733103473,0.3566596104193984,0.7550381300263701,0.28950236089615555,0.6871012945062047,0.0,0.4634146341463415,0.7278665247349041,1.0,0.47029393370856787,0.2644392500798176,0.05180143682817924,0.39927832905418587,1.1324474693458662,0.37923099050724524,2020,0.0,0.0,0.013742059326978329,3.0
2020-10-22,0.2595224547293189,0.47972927128261633,0.4033624737773029,0.6222653920719576,0.33879152147402986,0.5917483320681057,0.0,0.4634146341463415,0.1636610783084497,1.0,0.47029393370856787,0.6217560063649578,0.3938762423853785,0.39927832905418587,0.3474938548680115,0.37923099050724524,2020,0.0,1.0,0.014042886558329696,4.0
2020-10-23,0.31513764653746873,0.611795771561373,0.33681976344494036,0.5003946332627451,0.3900397659668474,0.758228876663783,0.0,0.4634146341463415,0.37916841063892665,1.0,0.47029393370856787,0.6504098789845957,0.27413883449626797,0.39927832905418587,0.3868832565707813,0.37923099050724524,2020,0.0,1.0,0.013621954417414357,0.0
2020-10-26,0.5551593384197164,0.46309818059386143,0.40756959443477264,0.6906414660393047,0.376464591797617,0.6814994701346425,1.0,0.4634146341463415,0.6714828985989829,0.0,0.47029393370856787,0.4131475106194797,0.38528644662289974,0.39927832905418587,0.1825703750337219,0.37923099050724524,2020,1.0,0.0,0.012526578186622266,1.0
2020-10-27,0.6268517706907091,0.44403042125402703,0.38363149753474135,0.68141527139874,0.4677511462441002,0.753598323974292,0.0,0.4634146341463415,0.8011760710328117,1.0,0.47029393370856787,0.35458095948850377,0.13783036740271734,0.39927832905418587,1.6617907388428101,0.37923099050724524,2020,0.0,0.0,0.012056534170477216,2.0
2020-10-28,0.037843902983394864,0.622525521694585,0.37717538721607186,0.6228449382924792,0.35405106561430905,0.5415196726628468,0.0,0.4634146341463415,0.044107348338755056,1.0,0.47029393370856787,0.5889507359181576,0.32353026564087795,0.39927832905418587,0.6966468282769668,0.37923099050724524,2020,0.0,0.0,0.013107922977395551,3.0
2020-10-29,0.1965233314803403,0.6402696141018324,0.4142500670872564,0.6051792618560269,0.5053666016964766,0.5936049553019775,1.0,0.4634146341463415,0.22772768606927707,0.0,0.47029393370856787,0.6120260614173331,0.9264056255071049,0.39927832905418587,0.13967605252878032,0.37923099050724524,2020,1.0,0.0,0.012726841600024495,4.0
2020-10-30,0.28939925664860056,0.3912926314809413,0.34743303845369494,0.5395114868483845,0.387770685838307,0.5732172363425018,1.0,0.4634146341463415,0.5256147491947395,0.0,0.47029393370856787,0.3363977302808007,0.7056254367575182,0.39927832905418587,0.21075005823432832,0.37923099050724524,2020,0.0,0.0,0.013058287016160146,0.0
2020-11-02,0.7866233149219698,0.13310458422115534,0.38039335378353284,0.6180295447199781,0.32283512132588477,0.6375816396715813,1.0,0.4634146341463415,0.8693535884649514,0.0,0.47029393370856787,0.1075625430653038,0.6389118141525311,0.39927832905418587,0.362463701665903,0.37923099050724524,2020,0.0,0.0,0.012328330401515823,1.0
2020-11-03,0.7687208667325428,0.10311700041718215,0.4372541528012924,0.7655657312429867,0.2894311287616006,0.6859068847027395,1.0,0.4634146341463415,0.8415219732211766,1.0,0.47029393370856787,0.11034081018992997,0.3028257064265994,0.39927832905418587,1.1863590897724468,0.37923099050724524,2020,1.0,1.0,0.011967732909170643,2.0
2020-11-04,0.4625656928499153,0.09577054130978135,0.4695808111558896,0.788429857211069,0.3928896574002593,0.6526801411215365,1.0,0.4634146341463415,0.3411686560949504,0.0,0.47029393370856787,0.24890417222805575,2.0804875862687076,0.39927832905418587,0.033461802754621454,0.37923099050724524,2020,0.0,0.0,0.012563047951349784,3.0
2020-11-05,0.7166676902472416,0.015584642571814423,0.4285865156696267,0.689731064706884,0.4067524740201755,0.6743766228070448,1.0,0.4634146341463415,0.6319002637343429,0.0,0.47029393370856787,0.027181121419406436,0.41635969664138694,0.39927832905418587,0.5202600216684641,0.37923099050724524,2020,1.0,0.0,0.01352831896346403,4.0
2020-11-06,0.4244190034259088,0.30436397178916125,0.4777404319731713,0.6803881196110836,0.38009790381338504,0.5595651275082004,1.0,0.4634146341463415,0.5919787602516717,1.0,0.47029393370856787,0.34660723905344365,0.5374785223367677,0.39927832905418587,3.7852770618556693,0.37923099050724524,2020,1.0,0.0,0.013635844464684752,0.0
2020-11-09,9.780781693673458e-05,0.6873064109839359,0.43069589134543634,0.5928556300355914,0.47121312256716913,0.7684120620430659,0.0,0.4634146341463415,0.0010332664573039154,0.0,0.47029393370856787,0.23412856535627533,0.8508502093480316,0.39927832905418587,0.055925830983512025,0.37923099050724524,2020,0.0,0.0,0.017957938558163057,1.0
2020-11-10,0.32539064066577394,0.5149094751074424,0.4016992582762512,0.7730012292941889,0.40081795521983044,0.6435787072076216,0.0,0.4634146341463415,0.5837647457100658,1.0,0.47029393370856787,0.3767449667177382,0.21143218730225916,0.39927832905418587,0.6201223370596916,0.37923099050724524,2020,0.0,1.0,0.018039497405371606,2.0
2020-11-11,0.23110419010846442,0.6243608732316898,0.3464678147836565,0.5506873743189279,0.4124839033468144,0.5118296657112874,0.0,0.4634146341463415,0.3154728698714479,0.0,0.47029393370856787,0.661625518181055,0.539856457298165,0.39927832905418587,0.08383233532933938,0.37923099050724524,2020,0.0,0.0,0.018032319872080583,3.0
2020-11-12,0.5052324669914207,0.489029310728706,0.40791767368323956,0.7436395246067833,0.34906728798036224,0.6086332265990129,1.0,0.4634146341463415,0.7618842692566773,0.0,0.47029393370856787,0.3815973800922788,0.591315399279815,0.39927832905418587,0.08599872908281736,0.37923099050724524,2020,0.0,0.0,0.017967417357872446,4.0
2020-11-13,0.5053877240532825,0.36222725609728584,0.35230152934900405,0.5648634760579866,0.3827862555367647,0.630777561408283,1.0,0.4634146341463415,0.749464963585624,1.0,0.47029393370856787,0.3647791226399351,0.28303545268092833,0.39927832905418587,0.7225314972165209,0.37923099050724524,2020,1.0,1.0,0.0180646049128527,0.0
2020-11-16,0.4057357795829036,0.22863523834012367,0.3559181151693551,0.6383887742580597,0.46975178568756404,0.6621606206043938,0.0,0.4634146341463415,0.6290248121650496,0.0,0.47029393370856787,0.2934832771451741,0.13645935701249834,0.39927832905418587,0.3251439000421151,0.37923099050724524,2020,0.0,0.0,0.01885858313079485,1.0
2020-11-17,0.41294881721929866,0.7603847874795167,0.40453494454674493,0.7635429434525927,0.35837425377957355,0.690551419064404,0.0,0.4634146341463415,0.3361424598148942,1.0,0.47029393370856787,0.8300306341068407,0.13891821137524937,0.39927832905418587,0.48473588650086147,0.37923099050724524,2020,0.0,0.0,0.017995913439071264,2.0
2020-11-18,0.4030524791727743,0.6326969276184842,0.35129530288842675,0.6894469547553945,0.31763478633459025,0.6574168032523582,0.0,0.4634146341463415,0.480060934477272,1.0,0.47029393370856787,0.652123162982309,0.048588340501635977,0.39927832905418587,0.584252437933822,0.37923099050724524,2020,0.0,1.0,0.01791818509226533,3.0
2020-11-19,0.650510303810211,0.3403920187293463,0.4566855279465572,0.7886340698233854,0.21057343732114336,0.541724551959385,1.0,0.4634146341463415,0.6715825418990932,0.0,0.47029393370856787,0.46841086834181095,0.41769949522071015,0.39927832905418587,0.14975835033831025,0.37923099050724524,2020,1.0,0.0,0.017822783608322155,4.0
2020-11-20,0.455889498382262,0.5066718931337032,0.3754796985901272,0.7351717363850075,0.3807898450838068,0.6732870162727688,0.0,0.4634146341463415,0.652534652160163,1.0,0.47029393370856787,0.5364138029845029,0.15699008529246428,0.39927832905418587,1.2092479542797736,0.37923099050724524,2020,0.0,0.0,0.01763693883768929,0.0
2020-11-23,0.04778970428131335,0.7340366000173156,0.3727181192158148,0.6868371572994584,0.24205709842544093,0.49758335255682157,0.0,0.4634146341463415,0.07720868503278629,1.0,0.47029393370856787,0.7094531659934069,0.04139613746329952,0.39927832905418587,1.0745626731731506,0.37923099050724524,2020,0.0,0.0,0.01879961127308064,1.0
2020-11-24,0.10834252449079611,0.6895757163423399,0.35422203031895144,0.5078725318392542,0.2790758359554734,0.5771661051751058,0.0,0.4634146341463415,0.1202707557369243,0.0,0.47029393370856787,0.7334032302623105,0.2991354939156821,0.39927832905418587,0.16405129675912744,0.37923099050724524,2020,0.0,0.0,0.019293034050343515,2.0
2020-11-25,0.46569650472655316,0.696325921570318,0.33395837757805547,0.7873241397133705,0.47326428250458213,0.7418939382276949,1.0,0.4634146341463415,0.5249758349258095,0.0,0.47029393370856787,0.6983019680622664,0.32859504132231715,0.39927832905418587,0.05090909090908675,0.37923099050724524,2020,1.0,0.0,0.017930842075812574,3.0
2020-11-26,0.4024805111280282,0.7788790690908468,0.37105232413104816,0.9653840890978599,0.48141767360108634,0.669357122200499,0.0,0.4634146341463415,0.5188694200214944,1.0,0.47029393370856787,0.7632183782350904,0.12751784298176003,0.39927832905418587,1.1257731958762898,0.37923099050724524,2020,0.0,0.0,0.017419725594425676,4.0
2020-11-27,0.08638993494495845,0.47921618116158765,0.3606370460415419,0.599356565334416,0.3287128335341788,0.5872923843830242,0.0,0.4634146341463415,0.10642479814426216,1.0,0.47029393370856787,0.4953154728882468,0.11250512505124399,0.39927832905418587,0.8594779281126166,0.37923099050724524,2020,0.0,1.0,0.014624043950878228,0.0
2020-11-30,0.40193099560001244,0.36872008645139304,0.29381515152974985,0.5869310191963656,0.4421551362199816,0.6295730232244552,1.0,0.4634146341463415,0.3856828303260852,0.0,0.47029393370856787,0.49122187234173215,1.5721053943978072,0.39927832905418587,0.03956445848225354,0.37923099050724524,2020,0.0,0.0,0.014510693761764561,1.0
2020-12-01,0.7843562936705106,0.026790536922582493,0.3985407975078984,0.6404691920329053,0.38972924265553477,0.6451406389030648,1.0,0.4634146341463415,0.7449148529077909,0.0,0.47029393370856787,0.045784519541676914,0.6459179311818771,0.39927832905418587,0.28424877110493413,0.37923099050724524,2020,0.0,0.0,0.014731127022519327,2.0
2020-12-02,0.857330894433574,0.09574396229681231,0.5060754151393626,0.7087858805161424,0.3446668622484301,0.6139801652615877,1.0,0.4634146341463415,0.847256900832316,0.0,0.47029393370856787,0.13784163390875398,0.4986118822876198,0.39927832905418587,0.2561539885248967,0.37923099050724524,2020,0.0,0.0,0.01475826276973502,3.0
2020-12-03,0.8121422060809794,0.1956084719942684,0.5015175676886245,0.6666023866137728,0.30236357803655095,0.6016823953622652,1.0,0.4634146341463415,0.8289064492796197,0.0,0.47029393370856787,0.22203348146029978,0.27198211624440993,0.39927832905418587,0.4333084947839092,0.37923099050724524,2020,1.0,0.0,0.014581092386757482,4.0
2020-12-04,0.5286785474255725,0.4245866288360554,0.41832382277732477,0.6626756713637781,0.3866326802296297,0.6477994237616469,1.0,0.4634146341463415,0.5350683434487618,1.0,0.47029393370856787,0.5313412354129279,1.1650803341010643,0.39927832905418587,0.6340150400976755,0.37923099050724524,2020,0.0,1.0,0.014000627827359896,0.0
2020-12-07,0.6342438758455042,0.031474173997623235,0.3224928163089471,0.5990138769751936,0.5098778870400714,0.636648785900237,1.0,0.4634146341463415,0.5806783514157755,0.0,0.47029393370856787,0.06491384945778868,0.4785772857728553,0.39927832905418587,0.06385813858138491,0.37923099050724524,2020,0.0,0.0,0.014970158655140835,1.0
2020-12-08,0.6926501998112591,0.4442949541607646,0.32406947327339714,0.6338824967395171,0.4239506904367351,0.6521036632307801,0.0,0.4634146341463415,0.7691457266590249,1.0,0.47029393370856787,0.421305726027462,0.021131525529586713,0.39927832905418587,1.6362358819549312,0.37923099050724524,2020,0.0,0.0,0.014676282293664654,2.0
2020-12-09,0.09179247881095262,0.5199021959446938,0.43441672270998244,0.7782325125977637,0.26917125512861395,0.7465863502012177,0.0,0.4634146341463415,0.09333954785492185,0.0,0.47029393370856787,0.4946311352896502,0.3440712816998011,0.39927832905418587,0.37971213159698197,0.37923099050724524,2020,0.0,0.0,0.015859988586026025,3.0
2020-12-10,0.5434758863448781,0.5334051175470941,0.4731956722055471,0.8007413826015719,0.3276406322794167,0.5622347983715891,0.0,0.4634146341463415,0.4133462402124779,1.0,0.47029393370856787,0.6499986927448939,0.38376707159724416,0.39927832905418587,0.4253475180758097,0.37923099050724524,2020,0.0,1.0,0.015976778304844248,4.0
2020-12-11,0.483013120138683,0.3581240644291361,0.4003847342581055,0.6653580128375639,0.37906778258318424,0.5395379580661543,0.0,0.4634146341463415,0.6441264890172574,1.0,0.47029393370856787,0.3491608062604441,0.0711809567829912,0.39927832905418587,0.7412885499319564,0.37923099050724524,2020,0.0,1.0,0.01512239106426404,0.0
2020-12-14,0.36370912758378005,0.5416432357603875,0.4138388333744191,0.7436654818053481,0.2303504814430137,0.62217320818371,1.0,0.4634146341463415,0.3262889436419925,0.0,0.47029393370856787,0.6444625728714456,1.0642069187105019,0.39927832905418587,0.05585305772732175,0.37923099050724524,2020,0.0,0.0,0.014602489945833004,1.0
2020-12-15,0.7748389802727631,0.0861853658798485,0.4025735968663632,0.5731791821497713,0.2698095791106254,0.5573110665741482,1.0,0.4634146341463415,0.8332348776989197,0.0,0.47029393370856787,0.10091992188900047,0.446889284884168,0.39927832905418587,0.31021926086619417,0.37923099050724524,2020,0.0,0.0,0.014924136314897302,2.0
2020-12-16,0.8638920693891871,0.1654548762439661,0.5554287218188269,0.95524189180102,0.2774259929268992,0.7787309786999922,1.0,0.4634146341463415,0.8833557303763889,0.0,0.47029393370856787,0.16680272219747627,1.1211317418213995,0.39927832905418587,0.09053934571175765,0.37923099050724524,2020,0.0,0.0,0.01516459823870766,3.0
2020-12-17,0.542553539193281,0.187093995826307,0.3354601658904008,0.5621171655193685,0.4319903503667239,0.5663255825060342,0.0,0.4634146341463415,0.5837709797875962,0.0,0.47029393370856787,0.19056026755189,0.15412186379928164,0.39927832905418587,0.2813620071684558,0.37923099050724524,2020,0.0,0.0,0.014798627281455028,4.0
2020-12-18,0.5938055243182687,0.6775961685861017,0.3465047418986597,0.697156433119741,0.5257061054920487,0.7275659881470738,1.0,0.4634146341463415,0.4644446791333386,1.0,0.47029393370856787,0.7675146412870677,0.9460712866039495,0.39927832905418587,0.966105737379099,0.37923099050724524,2020,1.0,0.0,0.014328165296185014,0.0
2020-12-21,0.050096958895580364,0.3323427217503623,0.320694620415634,0.5782373638597716,0.4211518843315945,0.6582574666471537,0.0,0.4634146341463415,0.10975409200072918,0.0,0.47029393370856787,0.26120877574959717,0.28336861671916674,0.39927832905418587,0.6336035524345527,0.37923099050724524,2020,0.0,0.0,0.014745192984860423,1.0
2020-12-22,0.15582558500465518,0.8385861323981911,0.41127664571360983,0.6299997906891588,0.2996655325330522,0.7418308335618667,0.0,0.4634146341463415,0.11004302448307894,1.0,0.47029393370856787,0.8386776204209847,0.6714108910891137,0.39927832905418587,0.092048267326731,0.37923099050724524,2020,0.0,1.0,0.01489553080306975,2.0
2020-12-23,0.66439929644167,0.38618654349665205,0.34374375031718446,0.8129629410494267,0.3754195597524199,0.8028159330707528,1.0,0.4634146341463415,0.7803268993886403,0.0,0.47029393370856787,0.2739593865108702,0.26335563561503444,0.39927832905418587,0.1336592897580991,0.37923099050724524,2020,0.0,0.0,0.014818667707964715,3.0
2020-12-24,0.8578305622517421,0.455753291386911,0.2893540912322951,0.8214209845207632,0.3848543161733518,0.7726970308830563,1.0,0.4634146341463415,0.9119574788619471,1.0,0.47029393370856787,0.2803007278237538,0.7645590900732948,0.39927832905418587,0.3714308229793236,0.37923099050724524,2020,1.0,1.0,0.014468831334679286,4.0
2020-12-28,0.07274471134888397,0.6998168047630217,0.36399363841812193,0.6358346819875139,0.3507952065460698,0.684844654191888,0.0,0.4634146341463415,0.11512346646870891,0.0,0.47029393370856787,0.6991949022511523,0.5028608974183523,0.39927832905418587,0.060941221562128944,0.37923099050724524,2020,0.0,0.0,0.013927303646256333,1.0
2020-12-29,0.6023576248772962,0.66283820859713,0.4070893808241666,0.875690043802798,0.4863506230265309,0.8158138768050982,1.0,0.4634146341463415,0.5749674982368569,0.0,0.47029393370856787,0.6149524291602956,0.6212245792906883,0.39927832905418587,0.07520692868497639,0.37923099050724524,2020,0.0,0.0,0.013875821174337312,2.0
2020-12-30,0.8943645573456009,0.19948432531414215,0.5047093080635155,0.9339443313089055,0.35545212634975126,0.8070614928299149,1.0,0.4634146341463415,0.9081655495342345,0.0,0.47029393370856787,0.1319311052393643,0.24431144821048026,0.39927832905418587,0.3704076795449086,0.37923099050724524,2020,0.0,0.0,0.012726633776709281,3.0
2020-12-31,0.7044171670507019,0.4822998463835623,0.39007218591529086,1.0186185194181483,0.3991104076321139,0.7770040478612535,1.0,0.4634146341463415,0.7348524516956338,0.0,0.47029393370856787,0.4091494062107113,2.073244369301377,0.39927832905418587,0.0,0.37923099050724524,2020,0.0,0.0,0.012482494659834883,4.0
2021-01-04,0.8203791696321622,0.030043389355291696,0.6090704948012373,1.0727281264533342,0.2998412049195561,0.7546239527784805,1.0,0.47631862217438103,0.7851773668945644,0.0,0.46340150699677074,0.04008913586872407,0.41073682439065534,0.4054612136396447,0.32670462513673176,0.3693448892278275,2021,0.0,0.0,0.013109658118589601,1.0
2021-01-05,0.8037598165214168,0.32799860931409486,0.7695333937764317,0.9376833788198998,0.37309382627524273,0.6070256215409509,1.0,0.47631862217438103,0.8237699982850246,1.0,0.46340150699677074,0.23202153584720092,0.3830342207479175,0.4054612136396447,1.9377959229962252,0.3693448892278275,2021,1.0,0.0,0.012921635634127694,2.0
2021-01-06,0.04183682379608593,0.3159331226332894,0.4362071247590406,0.8733169795525955,0.5750303196200243,0.7407939479040316,0.0,0.47631862217438103,0.03639306955226926,0.0,0.46340150699677074,0.3430490185025189,0.32383949645947824,0.4054612136396447,0.4317859952793071,0.3693448892278275,2021,0.0,0.0,0.014194361119735195,3.0
2021-01-07,0.4370041774822841,0.7004790109594405,0.41363063732385225,0.8668193777424391,0.38979425697032255,0.6996703520108949,0.0,0.47631862217438103,0.33976533158254907,1.0,0.46340150699677074,0.6915781894924742,0.1503123851525227,0.4054612136396447,3.12826166850422,0.3693448892278275,2021,0.0,0.0,0.014221279131148323,4.0
2021-01-08,0.0028673431188967896,0.4774129895162575,0.5678725476928681,0.8038531719687881,0.535442199545385,0.8276235038591804,0.0,0.47631862217438103,0.0060363318488783745,1.0,0.46340150699677074,0.2656283192430657,0.2511642845672051,0.4054612136396447,1.0175044162518079,0.3693448892278275,2021,0.0,1.0,0.01684074448693471,0.0
2021-01-11,0.4140949028768442,0.20060938261633393,0.46704659249078206,0.7209082188416562,0.3115884590123827,0.51452355690215,1.0,0.47631862217438103,0.5052064680469883,0.0,0.46340150699677074,0.26104202524783987,0.6135048786805956,0.4054612136396447,0.17982039547534875,0.3693448892278275,2021,1.0,0.0,0.017950822403729996,1.0
2021-01-12,0.6503941757383584,0.2814717358195915,0.5262825489396826,0.8785863740353113,0.34532765707254653,0.6236087287128577,0.0,0.47631862217438103,0.6851643078413115,0.0,0.46340150699677074,0.3295316620173413,0.26436807854777866,0.4054612136396447,0.40310537732617535,0.3693448892278275,2021,0.0,0.0,0.016867962695207343,2.0
2021-01-13,0.3307221668831071,0.8319988784708978,0.40901136801114196,0.8922030341416127,0.3233500460155333,0.8052672146011748,0.0,0.47631862217438103,0.2275186437271048,1.0,0.46340150699677074,0.824620015163612,0.40502007105615895,0.4054612136396447,0.47381534628338906,0.3693448892278275,2021,0.0,1.0,0.016782626539517346,3.0
2021-01-14,0.5527229672164239,0.3691164782524569,0.4300695469016061,0.9086009759647247,0.31900749518956395,0.6032697874157322,0.0,0.47631862217438103,0.575631828102864,1.0,0.46340150699677074,0.40495093777588587,0.34050782672006,0.4054612136396447,0.7227429923552985,0.3693448892278275,2021,0.0,0.0,0.017007208096842644,4.0
2021-01-15,0.11456104090489613,0.7492082029188021,0.44855177062623447,0.6979958407603309,0.2672601017723132,0.5505252142804604,0.0,0.47631862217438103,0.12358899114901827,1.0,0.46340150699677074,0.7837924221994211,0.4116220663375746,0.4054612136396447,0.6656274356975848,0.3693448892278275,2021,0.0,1.0,0.018056322214733724,0.0
2021-01-18,0.7702062418782984,0.09628744064495737,0.36337048098423413,0.7546319610706048,0.30243761423586124,0.5320853964650146,1.0,0.47631862217438103,0.7992011408207711,0.0,0.46340150699677074,0.1281036119168151,0.23436863652927448,0.4054612136396447,0.13293893211582902,0.3693448892278275,2021,1.0,0.0,0.01813458612655378,1.0
2021-01-19,0.6250155582899853,0.5857597821672759,0.3756365580228021,0.7802920821284356,0.3857836872866165,0.7319881778512253,1.0,0.47631862217438103,0.7379798046043138,1.0,0.46340150699677074,0.570668228841379,0.9539283713312902,0.4054612136396447,0.21992845752704285,0.3693448892278275,2021,0.0,1.0,0.01801484945958557,2.0
2021-01-20,0.9145030492514726,0.029889019583151245,0.42606118231038637,0.6717293671974837,0.3149515244150805,0.5199253302074419,1.0,0.47631862217438103,0.8640648535532626,0.0,0.46340150699677074,0.08100550110813123,0.10828761189719902,0.4054612136396447,0.3693329483107124,0.3693448892278275,2021,1.0,0.0,0.018506148230880624,3.0
2021-01-21,0.7487441664971503,0.3445344871879665,0.46694187134150017,0.7842459303836532,0.4013424929662611,0.6388305257644121,0.0,0.47631862217438103,0.7750553317193756,1.0,0.46340150699677074,0.4452958855109984,0.03280305833025324,0.4054612136396447,0.9285567476466478,0.3693448892278275,2021,0.0,0.0,0.018588789417219625,4.0
2021-01-22,0.42387516933100544,0.30743504280984685,0.37697949852002055,0.7431020887238136,0.29952873203369396,0.5418905337705482,0.0,0.47631862217438103,0.4564853513610848,0.0,0.46340150699677074,0.41513926752151814,0.35349331068167666,0.4054612136396447,0.2580590358887191,0.3693448892278275,2021,0.0,0.0,0.018124058003143696,0.0
2021-01-25,0.4974381468235122,0.5801513019442567,0.2872855350180586,0.7093437260453805,0.3174325587671265,0.6847805044136913,0.0,0.47631862217438103,0.5257911222342114,0.0,0.46340150699677074,0.6242989908031561,0.17030188918741682,0.4054612136396447,0.22361378493304834,0.3693448892278275,2021,0.0,0.0,0.018192559636064122,1.0
2021-01-26,0.4902795926793388,0.7575732389603088,0.3759127957414451,0.7757832655762308,0.4783983885990757,0.7039272870129004,0.0,0.47631862217438103,0.3323721161981057,1.0,0.46340150699677074,0.8483245071648845,0.08546968562874668,0.4054612136396447,0.6257952844311344,0.3693448892278275,2021,0.0,0.0,0.016501925327552718,2.0
2021-01-27,0.6086042030994462,0.4460116329809191,0.4066347097743596,0.7839031485911486,0.2674251837143711,0.5893736873774242,1.0,0.47631862217438103,0.6161721643434073,0.0,0.46340150699677074,0.4616677180409574,0.6450333597723136,0.4054612136396447,0.330518359539025,0.3693448892278275,2021,1.0,0.0,0.016603350882031232,3.0
2021-01-28,0.2222999735488315,0.5359877468607421,0.40639991688645766,0.7839740217546733,0.3340763861810445,0.5845764849150972,1.0,0.47631862217438103,0.21154625446351782,0.0,0.46340150699677074,0.6038860876352099,1.2630780894617197,0.4054612136396447,0.10614101592115069,0.3693448892278275,2021,1.0,0.0,0.014318979976225497,4.0
2021-01-29,0.08229521383055373,0.6583361182061583,0.3370791972689316,0.6192346619297411,0.49624734891631633,0.6693073070929295,0.0,0.47631862217438103,0.1536986703835524,0.0,0.46340150699677074,0.5397100146966228,0.887194622069185,0.4054612136396447,0.0,0.3693448892278275,2021,0.0,0.0,0.014141187745385971,0.0
2021-02-01,0.4948144493709677,0.5417184056222113,0.3851017622564992,0.8189756141898529,0.32485158558019683,0.7994811188936565,0.0,0.47631862217438103,0.5543487712608424,1.0,0.46340150699677074,0.44307944564723095,0.13425925925926,0.4054612136396447,1.1979166666666654,0.3693448892278275,2021,0.0,0.0,0.01393136438150009,1.0
2021-02-02,0.18102674513155922,0.5811481957536124,0.3474450467639373,0.6789316216449166,0.39362829565337637,0.6355281274295477,0.0,0.47631862217438103,0.11757500598426032,0.0,0.46340150699677074,0.6351086786193239,0.2558096300427545,0.4054612136396447,0.3052612009667238,0.3693448892278275,2021,0.0,0.0,0.014633230682176784,2.0
2021-02-03,0.4617738041069339,0.7529958956975131,0.4118664628593723,0.7785876245369391,0.45905135677396397,0.745225007174333,0.0,0.47631862217438103,0.3885917500144767,1.0,0.46340150699677074,0.7496889843253124,0.025356054993005545,0.4054612136396447,1.8775006174364006,0.3693448892278275,2021,0.0,0.0,0.014192553865183779,3.0
2021-02-04,0.04454251869047695,0.5999363873400552,0.3474876639977488,0.5515074367337268,0.3180117805278714,0.583587475962981,0.0,0.47631862217438103,0.03226408017740353,0.0,0.46340150699677074,0.5757066329410647,0.7776960269077108,0.4054612136396447,0.0684254782425946,0.3693448892278275,2021,0.0,0.0,0.015153023397676069,4.0
2021-02-05,0.8374067215824059,0.16480336032107903,0.5067864912217575,0.7302556193194906,0.24227874169374405,0.45892614447415725,1.0,0.47631862217438103,0.8806941104031474,0.0,0.46340150699677074,0.12849896872271058,0.9628281071680873,0.4054612136396447,0.22748763654149315,0.3693448892278275,2021,0.0,0.0,0.014493335790765402,0.0
2021-02-08,0.6167034619113808,0.1516974512806973,0.3074364707814832,0.7395047533054918,0.355219209643673,0.6641917348816323,1.0,0.47631862217438103,0.6663919703618315,0.0,0.46340150699677074,0.19928786362064488,0.6561087141860604,0.4054612136396447,0.06257266127573893,0.3693448892278275,2021,1.0,0.0,0.015104156911223899,1.0
2021-02-09,0.5204704222495359,0.500557450998435,0.31106011080002427,0.700298803624342,0.4779267001944702,0.679017272319056,1.0,0.47631862217438103,0.5591706192323679,0.0,0.46340150699677074,0.506260392897671,0.6463060076624196,0.4054612136396447,0.16699725565851004,0.3693448892278275,2021,1.0,0.0,0.014299235286392657,2.0
2021-02-10,0.46681499469289506,0.46112005520092325,0.3726953702660285,0.777073040727313,0.36899048777972704,0.6827679378073359,0.0,0.47631862217438103,0.4719301769974597,1.0,0.46340150699677074,0.5528590826803005,0.15694477968192058,0.4054612136396447,0.8316571459221749,0.3693448892278275,2021,0.0,0.0,0.014449872463512004,3.0
2021-02-11,0.2008470777438554,0.7089650356536432,0.4193199804696977,0.727857387175895,0.4063685243721698,0.5727537638668759,0.0,0.47631862217438103,0.14240439972132363,1.0,0.46340150699677074,0.7550469982245464,0.20246589573252288,0.4054612136396447,0.5733344268569409,0.3693448892278275,2021,0.0,1.0,0.014312869570116968,4.0
2021-02-12,0.6823275575739429,0.3103382727489211,0.3699301109152893,0.8110253603932852,0.3006565549044392,0.5328096822562113,0.0,0.47631862217438103,0.6925559377042907,0.0,0.46340150699677074,0.34632299465466315,0.10112451777066793,0.4054612136396447,0.32214287668608727,0.3693448892278275,2021,0.0,0.0,0.014310067515610333,0.0
2021-02-15,0.5789782959316526,0.7572520626126992,0.4617343223891319,0.8244094045658442,0.2751241876053958,0.7868527773829517,0.0,0.47631862217438103,0.38389335381928713,1.0,0.46340150699677074,0.8212612923584575,0.30872150644202184,0.4054612136396447,1.117718312961129,0.3693448892278275,2021,0.0,0.0,0.014268430645465383,1.0
2021-02-16,0.06404844645614251,0.706122424329664,0.48150620975088076,0.7486598430676029,0.2383545578880155,0.8521672202711773,0.0,0.47631862217438103,0.06917078698773449,1.0,0.46340150699677074,0.7052166360068013,0.02773888463265795,0.4054612136396447,0.9139037856973051,0.3693448892278275,2021,0.0,0.0,0.015068581492073381,2.0
2021-02-17,0.27583435550235946,0.6304919923800779,0.2941704271518067,0.6623060427307412,0.42686269128148496,0.6500107188286357,0.0,0.47631862217438103,0.20040835461309278,1.0,0.46340150699677074,0.7071645733547208,0.4995723297337808,0.4054612136396447,0.28963968780070626,0.3693448892278275,2021,0.0,1.0,0.015045891335944193,3.0
2021-02-18,0.3727097570152231,0.5406431515391055,0.35687685537689706,0.7880043552390975,0.40933522314622284,0.6556097836427053,1.0,0.47631862217438103,0.37211547584291665,1.0,0.46340150699677074,0.6274702690105151,0.6144420618786378,0.4054612136396447,0.5918293464034116,0.3693448892278275,2021,1.0,1.0,0.014444279970201545,4.0
2021-02-19,0.5313361936559609,0.1364609729484117,0.3452838486933735,0.8140539256409219,0.4398658858057545,0.7229693007844145,1.0,0.47631862217438103,0.6267467680821168,0.0,0.46340150699677074,0.19641968219111966,1.1212517718896566,0.4054612136396447,0.10266056046232033,0.3693448892278275,2021,0.0,0.0,0.014693135993617112,0.0
2021-02-22,0.7822155760434072,0.054478797967998885,0.4593257209437985,0.6514801113784343,0.39148726025817443,0.5600579000231254,1.0,0.47631862217438103,0.8002718911464682,0.0,0.46340150699677074,0.09383056927369644,0.2412865689664626,0.4054612136396447,0.5378999945112247,0.3693448892278275,2021,1.0,0.0,0.01438249754489448,1.0
2021-02-23,0.4749991991196919,0.4401800347783585,0.40102746810957635,0.8707918210311125,0.36716110630158155,0.6361077286934395,0.0,0.47631862217438103,0.508682651879239,1.0,0.46340150699677074,0.5283000924868257,0.308358362421196,0.4054612136396447,0.8364315285331576,0.3693448892278275,2021,0.0,1.0,0.01462031565988233,2.0
2021-02-24,0.6502414207220204,0.12046835628874503,0.43786366386321346,0.9179022256156676,0.38699012248564035,0.5011093897053411,0.0,0.47631862217438103,0.5534310078890933,1.0,0.46340150699677074,0.22384757238024228,0.01678752926397824,0.4054612136396447,1.570833095414833,0.3693448892278275,2021,0.0,0.0,0.013862547612187453,3.0
2021-02-25,0.05782058379961467,0.6717188660639096,0.5691210800942734,0.8301001753960848,0.29792180446796557,0.5478506622030622,0.0,0.47631862217438103,0.04335731185444816,1.0,0.46340150699677074,0.7058122363742256,0.22050247969916512,0.4054612136396447,2.018475121260017,0.3693448892278275,2021,0.0,0.0,0.014809858495591506,4.0
2021-02-26,0.033371546760200994,0.3639748015396004,0.40007939843461726,0.6520171248650306,0.4929011985746941,0.7273970797534303,0.0,0.47631862217438103,0.03598304427461581,0.0,0.46340150699677074,0.38079294242579054,0.913028044018452,0.4054612136396447,0.5165069222577273,0.3693448892278275,2021,0.0,0.0,0.016244269526857542,0.0
2021-03-01,0.044713260929286194,0.7739136043631691,0.4217478271828325,0.5346759186574966,0.51142229313867,0.7477666598264836,0.0,0.47631862217438103,0.08415014173580454,1.0,0.46340150699677074,0.68668782083845,0.49279135927479295,0.4054612136396447,0.5832489512512645,0.3693448892278275,2021,0.0,1.0,0.017180234653226677,1.0
2021-03-02,0.8116488211484713,0.06441709627548581,0.36259855728311546,0.6231234858337441,0.31169495235692246,0.5303825411774317,1.0,0.47631862217438103,0.8438256248750446,1.0,0.46340150699677074,0.10505852562163202,0.07801918735892038,0.4054612136396447,1.1959650112866795,0.3693448892278275,2021,1.0,1.0,0.017477212391198926,2.0
2021-03-03,0.10633639051478326,0.5407857870389584,0.43149618606457224,0.6483135797843766,0.307436418593724,0.623795736845685,0.0,0.47631862217438103,0.1188078944631798,1.0,0.46340150699677074,0.6599888309267404,0.4001827944704669,0.4054612136396447,0.6458585627784775,0.3693448892278275,2021,0.0,0.0,0.01827299813282652,3.0
2021-03-04,0.13770726642913864,0.6674394769861192,0.4125168052529521,0.6152671257299788,0.5444422476795432,0.6760091445445799,0.0,0.47631862217438103,0.17643735329848106,1.0,0.46340150699677074,0.7104852960387136,0.3185211517952366,0.4054612136396447,0.3166548169214381,0.3693448892278275,2021,0.0,1.0,0.018939333369802608,4.0
2021-03-05,0.580526036385295,0.36731959099570277,0.2618363499634899,0.5607670820175338,0.3689420373485505,0.7020753812086972,1.0,0.47631862217438103,0.7344744204779105,1.0,0.46340150699677074,0.4044636251160186,0.4113614103819782,0.4054612136396447,0.7306997497007293,0.3693448892278275,2021,1.0,0.0,0.019296903087504504,0.0
2021-03-08,0.07897925272611149,0.6234163274057818,0.31814822231531176,0.5377708369431258,0.3785037958338433,0.7390069326473073,1.0,0.47631862217438103,0.12772247422573188,0.0,0.46340150699677074,0.711896200199071,1.138154461645506,0.4054612136396447,0.09466863802400106,0.3693448892278275,2021,0.0,0.0,0.019516434423133895,1.0
2021-03-09,0.6655571031099548,0.058977436939632595,0.34290799761543495,0.6117917518579943,0.32982793902400986,0.5834627797844164,1.0,0.47631862217438103,0.7900549719574262,0.0,0.46340150699677074,0.10801723513973627,0.3254168772107112,0.4054612136396447,0.22313457975408255,0.3693448892278275,2021,0.0,0.0,0.019773571457713895,2.0
2021-03-10,0.8757595173129079,0.15300227331160984,0.45685249071158546,0.6815484758743673,0.3405782270657646,0.6180060452210424,1.0,0.47631862217438103,0.9248200273956335,0.0,0.46340150699677074,0.1700614214391274,0.39468337284118327,0.4054612136396447,0.2192685404673173,0.3693448892278275,2021,1.0,0.0,0.01954637257749172,3.0
2021-03-11,0.2644424952271175,0.6651601077901833,0.4116899571523866,0.6645136998451384,0.33863709680887166,0.6684931223645274,0.0,0.47631862217438103,0.27270219642735816,1.0,0.46340150699677074,0.8138864595608323,0.19140743304634253,0.4054612136396447,0.7099035175009751,0.3693448892278275,2021,0.0,1.0,0.01916831426979114,4.0
2021-03-12,0.8110262664195352,0.07540885022394761,0.3413207288724059,0.662508085884829,0.38800717048334954,0.6154932215050021,1.0,0.47631862217438103,0.8357234756447959,0.0,0.46340150699677074,0.14909124720933178,0.23589520600065209,0.4054612136396447,0.15675616914881627,0.3693448892278275,2021,0.0,0.0,0.019025916114717246,0.0
2021-03-15,0.7133312628153613,0.43825817749805984,0.42809400647821044,0.6852003486650468,0.33266462919461703,0.8165498878247719,1.0,0.47631862217438103,0.8613432693536782,0.0,0.46340150699677074,0.3677523750807563,0.2938771902689085,0.4054612136396447,0.168283359480303,0.3693448892278275,2021,1.0,0.0,0.018668962421994378,1.0
2021-03-16,0.4908227364906051,0.599432547492312,0.43274742841864555,0.7320686895059157,0.25633883230150756,0.7568441123213562,1.0,0.47631862217438103,0.5114689172631687,1.0,0.46340150699677074,0.7151306230658376,0.6444693452857331,0.4054612136396447,0.23115095245718023,0.3693448892278275,2021,0.0,1.0,0.01804000161716039,2.0
2021-03-17,0.8779758843679275,0.14636327823930878,0.5644118185520027,0.8534036922260337,0.18241024990011157,0.613484172674274,1.0,0.47631862217438103,0.7547062772270441,1.0,0.46340150699677074,0.23195573240550554,0.34462957733220484,0.4054612136396447,0.8444413065988852,0.3693448892278275,2021,1.0,1.0,0.017393169460194483,3.0
2021-03-18,0.24874876178844266,0.26163585456485783,0.44062883923968177,0.7077800211626692,0.36759697048547396,0.685367873560478,0.0,0.47631862217438103,0.2966179376131339,0.0,0.46340150699677074,0.40478765859178384,0.35946510240604246,0.4054612136396447,0.27803738317757043,0.3693448892278275,2021,0.0,0.0,0.016549363849890784,4.0
2021-03-19,0.7965586177939076,0.2661628459504711,0.41757815994484654,0.7926843834082837,0.197242363346251,0.6320864500407325,1.0,0.47631862217438103,0.8736221934422493,1.0,0.46340150699677074,0.20221295919504495,0.07729316192129221,0.4054612136396447,0.6407971185950471,0.3693448892278275,2021,1.0,1.0,0.015571308215863841,0.0
2021-03-22,0.504434912160795,0.3734310158662013,0.35646419469474067,0.6763381426356625,0.24287356745486433,0.777529884062116,0.0,0.47631862217438103,0.6014840885280512,1.0,0.46340150699677074,0.453226576814873,0.13961956521739408,0.4054612136396447,0.5436413043478248,0.3693448892278275,2021,0.0,0.0,0.015116897158269806,1.0
2021-03-23,0.23829411220914296,0.6941201047118843,0.44076718764136347,0.6098422810299596,0.36532011900082717,0.8283817740811199,0.0,0.47631862217438103,0.1937512001446649,1.0,0.46340150699677074,0.8291237341998756,0.4591948396014554,0.4054612136396447,0.11530265507112422,0.3693448892278275,2021,0.0,1.0,0.014364140856768926,2.0
2021-03-24,0.6695780791168688,0.37505358953160994,0.4381638447012627,0.7039228462554376,0.43511689689457045,0.8189494642525083,1.0,0.47631862217438103,0.7953219606500675,1.0,0.46340150699677074,0.34618473620140877,0.47303914114533807,0.4054612136396447,0.5279644779660025,0.3693448892278275,2021,1.0,1.0,0.013543481573928765,3.0
2021-03-25,0.17105284474339574,0.5502588938330744,0.474420710660716,0.7514155907990921,0.22518666840389573,0.6070041201442327,0.0,0.47631862217438103,0.18698059801708955,1.0,0.46340150699677074,0.7140091079069788,0.4226574269358234,0.4054612136396447,0.20921964447122787,0.3693448892278275,2021,0.0,1.0,0.01373029708573513,4.0
2021-03-26,0.6377379090593063,0.3376683057640412,0.4473353649980795,0.7568946765828525,0.2653622182200869,0.7781208819260322,0.0,0.47631862217438103,0.7684838297554875,1.0,0.46340150699677074,0.3343399570458192,0.036651583710404785,0.4054612136396447,1.19819004524887,0.3693448892278275,2021,0.0,0.0,0.0127576054955839,0.0
2021-03-29,0.08935763256539668,0.6522817274889354,0.36880784707370984,0.7509986041029527,0.3677070890448796,0.6131240559788489,0.0,0.47631862217438103,0.10301319089520138,1.0,0.46340150699677074,0.6592931295502047,0.11627671427123584,0.4054612136396447,1.5692629730915997,0.3693448892278275,2021,0.0,0.0,0.012358593225826903,1.0
2021-03-30,0.029928160739815583,0.6798295979887835,0.32232896218560525,0.5763172206479003,0.4958858294041019,0.8249943211742844,1.0,0.47631862217438103,0.04999185789999647,1.0,0.46340150699677074,0.630832339395101,1.3609373004724843,0.4054612136396447,0.3088366747541758,0.3693448892278275,2021,1.0,1.0,0.013280084113417438,2.0
2021-03-31,0.44977918171632164,0.046111646237961074,0.41907933351136445,0.8056683005725636,0.3320154971295636,0.7559882024917502,1.0,0.47631862217438103,0.5879611460802124,0.0,0.46340150699677074,0.0947816701171976,0.9837516672729514,0.4054612136396447,0.06663028980234974,0.3693448892278275,2021,0.0,0.0,0.013801240053216845,3.0
2021-04-01,0.84075763901394,0.05531547952557567,0.4402337965690058,0.6937410955154306,0.32357854787857687,0.5835937929101425,1.0,0.47631862217438103,0.8658975801815382,0.0,0.46340150699677074,0.09292900501802735,0.1676362852833487,0.4054612136396447,0.35638870932988564,0.3693448892278275,2021,1.0,0.0,0.013416241717833953,4.0
2021-04-05,0.5533250847932045,0.46547228735003615,0.41020947235556837,0.8027954500566915,0.4933292712603415,0.7366465909802681,1.0,0.47631862217438103,0.6751146182332821,0.0,0.46340150699677074,0.5316740890883394,0.7437756455743086,0.4054612136396447,0.04405639712460976,0.3693448892278275,2021,0.0,0.0,0.013396990358035616,1.0
2021-04-06,0.7803145869307692,0.2072875774683849,0.22292672577733666,0.6228028849248127,0.39746588965163854,0.6286508479967146,0.0,0.47631862217438103,0.867515654295842,0.0,0.46340150699677074,0.1741635674535912,0.0423296582475648,0.4054612136396447,0.5408789664966506,0.3693448892278275,2021,0.0,0.0,0.013415930305833863,2.0
2021-04-07,0.5786210465079035,0.5501094165653398,0.3447590561642133,0.8238040128442582,0.41448305773674493,0.7358231842341901,1.0,0.47631862217438103,0.5765023456340698,0.0,0.46340150699677074,0.5676625498402758,0.9442815249266912,0.4054612136396447,0.19724595180416007,0.3693448892278275,2021,0.0,0.0,0.012896722624268449,3.0
2021-04-08,0.7243673022515126,0.12141217963765093,0.3452242536564616,0.5865198141312691,0.3406281872317957,0.5907342808158841,0.0,0.47631862217438103,0.7795683056064936,1.0,0.46340150699677074,0.11529325752031762,0.08818970350581438,0.4054612136396447,1.121071204775578,0.3693448892278275,2021,0.0,1.0,0.012337847295691652,4.0
2021-04-09,0.30869949816728254,0.3298686727163983,0.2747878773820516,0.7493107186913849,0.3944133573528327,0.6757925877898117,0.0,0.47631862217438103,0.3108870877238283,1.0,0.46340150699677074,0.43187831404899446,0.05040504050405574,0.4054612136396447,0.7412241224122426,0.3693448892278275,2021,0.0,1.0,0.01274243310509353,0.0
2021-04-12,0.28942513134680353,0.6689590253914475,0.29661491789080296,0.6771367850438393,0.46652184664084123,0.6887652945226783,1.0,0.47631862217438103,0.29840711616375254,1.0,0.46340150699677074,0.6968101644903634,0.7313365247768083,0.4054612136396447,0.41072583775391086,0.3693448892278275,2021,0.0,1.0,0.012744619524710944,1.0
2021-04-13,0.7062665294261808,0.08405144636722005,0.2789547922570062,0.6832983260502892,0.3380909670560609,0.6102684890284465,1.0,0.47631862217438103,0.763109269076498,0.0,0.46340150699677074,0.14020891870338656,0.18627141141520934,0.4054612136396447,0.5557170848871732,0.3693448892278275,2021,1.0,0.0,0.01295136586523899,2.0
2021-04-14,0.22562113792543795,0.6884605438747219,0.36949666409610005,0.6288452894135523,0.4429577946896939,0.863102702748312,1.0,0.47631862217438103,0.2607075025452878,0.0,0.46340150699677074,0.7675701680319471,1.4617169373549872,0.4054612136396447,0.08471812880165833,0.3693448892278275,2021,0.0,0.0,0.01312105317288902,3.0
2021-04-15,0.5947434859604169,0.06158346391788679,0.34443981322471273,0.619708962365637,0.3422657936405242,0.7496130395514277,1.0,0.47631862217438103,0.6732608192827396,0.0,0.46340150699677074,0.08942088377592579,0.8645738825379579,0.4054612136396447,0.15072884533962155,0.3693448892278275,2021,0.0,0.0,0.013394452154511356,4.0
2021-04-16,0.5738570645829245,0.24040437965995715,0.3016270013781284,0.6646432872926966,0.3831690562804756,0.6167182006410233,1.0,0.47631862217438103,0.7007617514678223,0.0,0.46340150699677074,0.23907550460438395,0.5420126008361342,0.4054612136396447,0.42083259730317785,0.3693448892278275,2021,1.0,0.0,0.013654102501845143,0.0
2021-04-19,0.11934084076921303,0.6887412055010185,0.25468616344827827,0.5522000005132194,0.4557422812377528,0.6639147256980974,0.0,0.47631862217438103,0.193542542117051,1.0,0.46340150699677074,0.7183268526962794,0.3744675781133659,0.4054612136396447,0.3231763619575256,0.3693448892278275,2021,0.0,1.0,0.013538024052543961,1.0
2021-04-20,0.7809049285776641,0.21189699501113482,0.2910851678060931,0.72822081265623,0.35673118249876773,0.7373814319705889,1.0,0.47631862217438103,0.8652192007464881,0.0,0.46340150699677074,0.1857939198262613,0.8343434343434292,0.4054612136396447,0.1100378787878792,0.3693448892278275,2021,0.0,0.0,0.01272225800803494,2.0
2021-04-21,0.7575427904071337,0.19291329160017093,0.4329897849275503,0.5883492586332307,0.38735877538466396,0.6927751500401763,1.0,0.47631862217438103,0.7830340426571636,0.0,0.46340150699677074,0.17262871067021893,0.19733386523054464,0.4054612136396447,0.7530334762807013,0.3693448892278275,2021,1.0,0.0,0.011979765701414265,3.0
2021-04-22,0.3037176796118875,0.6034795355626064,0.31111674216304874,0.7627826447923984,0.5326012129395719,0.632908405273794,0.0,0.47631862217438103,0.26150777694788285,1.0,0.46340150699677074,0.6355070194711246,0.5600377765785169,0.4054612136396447,0.6639233675121403,0.3693448892278275,2021,0.0,0.0,0.011870662311528004,4.0
2021-04-23,0.14440511411086232,0.608918959506801,0.32134649163770224,0.6305266646805078,0.383791379605868,0.6394875548886534,0.0,0.47631862217438103,0.17535873455494946,1.0,0.46340150699677074,0.6226320422457702,0.30460288808664304,0.4054612136396447,0.35740072202166445,0.3693448892278275,2021,0.0,1.0,0.01247242109054886,0.0
2021-04-26,0.7790080536336599,0.3025836249491857,0.3259775783949288,0.6650142788105107,0.4221103274946398,0.7797510067038343,1.0,0.47631862217438103,0.8473203470535178,0.0,0.46340150699677074,0.23754065702294153,0.1931065966674286,0.4054612136396447,0.3460397169595954,0.3693448892278275,2021,1.0,0.0,0.012297820021221513,1.0
2021-04-27,0.3661673612285059,0.7508009195895933,0.3884255834709871,0.8147223221012587,0.547590308548989,0.7432844985939142,0.0,0.47631862217438103,0.35549723947648304,1.0,0.46340150699677074,0.7898687977054615,0.27647290381839595,0.4054612136396447,0.6388269256003193,0.3693448892278275,2021,0.0,1.0,0.012257190303293475,2.0
2021-04-28,0.875969612676998,0.12052848094221129,0.37340172304174735,0.8767424075243944,0.4125418936555836,0.6519742255341391,1.0,0.47631862217438103,0.8476799387166712,1.0,0.46340150699677074,0.13195717888841313,0.3925933353387532,0.4054612136396447,1.1908820481968017,0.3693448892278275,2021,1.0,1.0,0.011995843012789295,3.0
2021-04-29,0.23122264711351437,0.2069283350302897,0.4377825414308638,0.7639984568531397,0.39172608735574993,0.6113304582586984,0.0,0.47631862217438103,0.19535843481293927,0.0,0.46340150699677074,0.3385927097449394,0.08532134011211602,0.4054612136396447,0.34721679050970766,0.3693448892278275,2021,0.0,0.0,0.012370196389566837,4.0
2021-04-30,0.667267778060943,0.6300999338349464,0.45380688198200075,0.7410729742355961,0.3660028080088444,0.7728505058658458,1.0,0.47631862217438103,0.6627169623395883,0.0,0.46340150699677074,0.5967966308020975,1.3469018846449996,0.4054612136396447,0.14387574063535358,0.3693448892278275,2021,0.0,0.0,0.012061555804631283,0.0
2021-05-03,0.6748553325877906,0.07349205969159153,0.31724304389752916,0.7154190947379342,0.3962665736380441,0.7334246379046133,1.0,0.47631862217438103,0.6958178723220126,0.0,0.46340150699677074,0.08792187185057274,0.2865845670116602,0.4054612136396447,1.0142800995676626,0.3693448892278275,2021,1.0,0.0,0.012164395437674395,1.0
2021-05-04,0.16762090524829842,0.47502687176241404,0.39239574419815065,0.6478332193785714,0.35291485317646626,0.6532081890879871,0.0,0.47631862217438103,0.150169500887018,1.0,0.46340150699677074,0.5992000998638283,0.4072952164584139,0.4054612136396447,0.36974630821659027,0.3693448892278275,2021,0.0,1.0,0.01272693393816922,2.0
2021-05-05,0.8312041679558995,0.16082047115041803,0.38030177942522686,0.6895083553184437,0.3290836787337172,0.7153341612475436,1.0,0.47631862217438103,0.8667853563862189,0.0,0.46340150699677074,0.1530486757746056,1.4646484897086327,0.4054612136396447,0.22173215717722594,0.3693448892278275,2021,0.0,0.0,0.01196459554326011,3.0
2021-05-06,0.7459121753339852,0.03170264062383243,0.42076460579404484,0.7686436090317131,0.3501332263585379,0.4920829888837075,1.0,0.47631862217438103,0.7101124497534269,0.0,0.46340150699677074,0.05612193163449675,1.2842139071784153,0.4054612136396447,0.08363577966918839,0.3693448892278275,2021,0.0,0.0,0.01225494054966369,4.0
2021-05-07,0.38120536158952223,0.22748107487545344,0.3077591187986994,0.6315412031009466,0.3940573014773616,0.6578593865348802,1.0,0.47631862217438103,0.47646555420128084,0.0,0.46340150699677074,0.23410168780822885,0.6335856285920607,0.4054612136396447,0.041330360227382214,0.3693448892278275,2021,1.0,0.0,0.01242180051152491,0.0
2021-05-10,0.3919051727966664,0.6593576856933594,0.31570515643724323,0.7570538409987642,0.4467746852756326,0.7889058088262418,0.0,0.47631862217438103,0.46047696464514754,1.0,0.46340150699677074,0.646163517705361,0.2737911238684059,0.4054612136396447,0.7776551115036394,0.3693448892278275,2021,0.0,1.0,0.01233690174607065,1.0
2021-05-11,0.7316243400485921,0.1506232154127722,0.3709836849305822,0.8922792035218848,0.45862523038857766,0.6987786933509058,1.0,0.47631862217438103,0.7169055192700627,1.0,0.46340150699677074,0.18849977211216384,0.28090274517169433,0.4054612136396447,1.0552477540927134,0.3693448892278275,2021,1.0,0.0,0.012420416338793898,2.0
2021-05-12,0.05291034358605165,0.768079338820009,0.4693566229675879,0.753826461788171,0.28742445196481525,0.5910454949000361,0.0,0.47631862217438103,0.06057555419232609,1.0,0.46340150699677074,0.7690094948447663,0.5705528919099379,0.4054612136396447,0.2812405170844161,0.3693448892278275,2021,0.0,1.0,0.01296676661079239,3.0
2021-05-13,0.7496594174877016,0.21232481855753546,0.26640567847532154,0.6851821257419146,0.4485748198899513,0.7500546203667584,1.0,0.47631862217438103,0.8378189791477936,0.0,0.46340150699677074,0.1685618430342548,0.8477770568789256,0.4054612136396447,0.2850434084097965,0.3693448892278275,2021,0.0,0.0,0.012659084331317813,4.0
2021-05-14,0.7814536037484512,0.09891576749474064,0.5539771476664131,0.7672426545418342,0.3805216320027561,0.6603840007943578,1.0,0.47631862217438103,0.8228370606982749,0.0,0.46340150699677074,0.11155138299460639,1.0312360153942561,0.4054612136396447,0.11987231122647349,0.3693448892278275,2021,0.0,0.0,0.012985780301316285,0.0
2021-05-17,0.7936017280517749,0.08189090582616819,0.5373436876413815,0.9140512155092273,0.3069678428916536,0.49831622191410074,1.0,0.47631862217438103,0.845524895876822,0.0,0.46340150699677074,0.09823329158966626,0.32712144526129977,0.4054612136396447,0.14521000740866866,0.3693448892278275,2021,0.0,0.0,0.013428083190292792,1.0
2021-05-18,0.710896043613928,0.5197744588651183,0.540420870536171,0.9394353359807589,0.5152950450913611,0.8398773436779718,1.0,0.47631862217438103,0.6686997364144184,1.0,0.46340150699677074,0.5732161472021562,0.847717660784599,0.4054612136396447,0.69989791453989,0.3693448892278275,2021,1.0,1.0,0.013101129177095478,2.0
2021-05-19,0.10862282235416754,0.35547460792632246,0.2695426533027525,0.7481707388934261,0.6626301399905674,0.8687234857032112,0.0,0.47631862217438103,0.22107235253854607,0.0,0.46340150699677074,0.3296842043181456,0.5912196246865125,0.4054612136396447,0.21873108298982732,0.3693448892278275,2021,0.0,0.0,0.013256909902996918,3.0
2021-05-20,0.6012079150524777,0.46169996897107096,0.4247001757116698,0.7864552053585064,0.38269619267485405,0.7754046609942822,1.0,0.47631862217438103,0.6982863093808231,0.0,0.46340150699677074,0.3469482009593832,0.4867692307692244,0.4054612136396447,0.26746853146853755,0.3693448892278275,2021,1.0,0.0,0.013605333442937137,4.0
2021-05-21,0.6023165932763804,0.4199213653645014,0.41427147372686096,0.8865663873470856,0.4545136732870931,0.6791268404485925,0.0,0.47631862217438103,0.6428124148720659,0.0,0.46340150699677074,0.4018873112334785,0.218756341498772,0.4054612136396447,0.26055950137700484,0.3693448892278275,2021,0.0,0.0,0.013094719292038625,0.0
2021-05-24,0.6113163022474205,0.6739336011188581,0.28386523177629835,0.7773297228594637,0.4617243343881703,0.7891989162424887,1.0,0.47631862217438103,0.584696552098258,1.0,0.46340150699677074,0.636725454608591,0.8381497609549653,0.4054612136396447,0.3342367307165225,0.3693448892278275,2021,0.0,1.0,0.012473572617471286,1.0
2021-05-25,0.8685671462481286,0.07669938798027731,0.5603525123464853,1.094554000096466,0.32892787885345126,0.6532759085716797,1.0,0.47631862217438103,0.8368101459607723,0.0,0.46340150699677074,0.09238869266171627,0.5677800768548638,0.4054612136396447,0.34348211646467447,0.3693448892278275,2021,1.0,0.0,0.01272501038162242,2.0
2021-05-26,0.189818602835081,0.7640964780282674,0.31820354527194683,0.859649725761426,0.6065754787199866,0.9911599258051911,0.0,0.47631862217438103,0.24168090383399463,1.0,0.46340150699677074,0.6784484364540784,0.3181916304314259,0.4054612136396447,0.34625466432294,0.3693448892278275,2021,0.0,1.0,0.012214773898421539,3.0
2021-05-27,0.6971284032754107,0.4616518727028962,0.4159894523252682,1.0100860902534712,0.5083935193849672,0.927604379746737,1.0,0.47631862217438103,0.5886452898179213,1.0,0.46340150699677074,0.5061333491790566,0.42465399042815166,0.4054612136396447,0.6387918768593932,0.3693448892278275,2021,0.0,1.0,0.01164812448772961,4.0
2021-05-28,0.806873726485666,0.11900559083326477,0.30754532561223097,0.8048996336732606,0.4582020087966947,0.854996701507881,1.0,0.47631862217438103,0.8155471142038054,0.0,0.46340150699677074,0.12654181691378297,0.2906925452139356,0.4054612136396447,0.08469342743714484,0.3693448892278275,2021,0.0,0.0,0.011907075439490307,0.0
2021-05-31,0.6897343866001406,0.6540478581514073,0.4312305917228344,1.1352079464779818,0.47769908141690176,1.2261068371832768,1.0,0.47631862217438103,0.6985999092907385,1.0,0.46340150699677074,0.6007567633498826,0.46901483050848014,0.4054612136396447,0.6525423728813526,0.3693448892278275,2021,1.0,0.0,0.011318444403312502,1.0
2021-06-01,0.15873380502718892,0.561804467219859,0.29110256777232035,0.7199399013845156,0.4718865234759592,0.9298947126784326,0.0,0.47631862217438103,0.22260539855369438,0.0,0.46340150699677074,0.5715074156287577,0.4174583319246733,0.4054612136396447,0.2792521721491642,0.3693448892278275,2021,0.0,0.0,0.011118929960402039,2.0
2021-06-02,0.8590069136534522,0.2538627694539468,0.34844062731417214,0.8470689842379906,0.41274479922408097,1.0290347846327208,1.0,0.47631862217438103,0.8864038289513771,1.0,0.46340150699677074,0.17164551847846504,0.07663705845899213,0.4054612136396447,2.0590787027473674,0.3693448892278275,2021,1.0,0.0,0.010873821590858892,3.0
2021-06-03,0.012171620735261604,0.6874395554750998,0.5120291120155672,0.7806683868959249,0.30018001354095325,0.6234372449755701,0.0,0.47631862217438103,0.017478126471174697,1.0,0.46340150699677074,0.5877259761669296,1.164625056711381,0.4054612136396447,0.6691943742303457,0.3693448892278275,2021,0.0,1.0,0.01178421347688143,4.0
2021-06-04,0.6492952607018713,0.025624477503783917,0.37226181314512446,0.5812949018721414,0.37337831009619854,0.6729590121161747,1.0,0.47631862217438103,0.6038470378237675,0.0,0.46340150699677074,0.05700965590440309,0.37848432055749415,0.4054612136396447,0.4307491289198556,0.3693448892278275,2021,0.0,0.0,0.01213973383527818,0.0
2021-06-07,0.8162589757629931,0.16832980870804579,0.37851783953664014,0.651563090937021,0.3941186924547563,0.6842444262363327,1.0,0.47631862217438103,0.8711278457969872,0.0,0.46340150699677074,0.1579741615254606,0.20476567737217213,0.4054612136396447,0.6454384788835353,0.3693448892278275,2021,1.0,0.0,0.012345391074061799,1.0
2021-06-08,0.3835231477596327,0.4595251347728995,0.39430202399504954,0.8030457977986337,0.39511573717930015,0.6743382752230302,0.0,0.47631862217438103,0.411667437178481,0.0,0.46340150699677074,0.5274574446260561,0.2798104509848194,0.4054612136396447,0.24731633409625872,0.3693448892278275,2021,0.0,0.0,0.01170682408101372,2.0
2021-06-09,0.41280783021594264,0.7724692138192661,0.49397493550196875,0.9734821546818686,0.3753227559795762,0.6902772487074914,1.0,0.47631862217438103,0.24511203247033597,1.0,0.46340150699677074,0.8624154904919298,0.531111258365906,0.4054612136396447,0.86740441322643,0.3693448892278275,2021,1.0,1.0,0.011416316155778114,3.0
2021-06-10,0.8131871551111253,0.04133275985294544,0.36717645592949116,0.8134926704005817,0.34456479257308403,0.6189319836696483,1.0,0.47631862217438103,0.7534468528995759,0.0,0.46340150699677074,0.08158659208621817,0.2099708995555016,0.4054612136396447,1.0686578619167995,0.3693448892278275,2021,1.0,0.0,0.011767100885270082,4.0
2021-06-11,0.05276907656024648,0.8195047937355037,0.3111220830032824,0.6088435743735996,0.3275099918019261,0.6955530945589097,0.0,0.47631862217438103,0.06565654080417022,1.0,0.46340150699677074,0.7929361413071222,0.07223942208462535,0.4054612136396447,1.3296303041340376,0.3693448892278275,2021,0.0,0.0,0.01254383259660303,0.0
2021-06-14,0.4058740679461448,0.17170179238250846,0.3300837766023605,0.7134551467490381,0.35013608558248827,0.6794690475769257,0.0,0.47631862217438103,0.3871160213118288,0.0,0.46340150699677074,0.24444369771397506,0.13166144200626403,0.4054612136396447,0.6035527690700134,0.3693448892278275,2021,0.0,0.0,0.012821818259769755,1.0
2021-06-15,0.5369892020448258,0.5306650504129817,0.4122188362499112,0.894081174421925,0.34671753534977406,0.6528992741844457,0.0,0.47631862217438103,0.41639608046400006,1.0,0.46340150699677074,0.6243052248926715,0.17663076364516853,0.4054612136396447,2.351264673847274,0.3693448892278275,2021,0.0,0.0,0.01270261462022824,2.0
2021-06-16,0.00411183777769911,0.9223027328264369,0.5126728430547646,0.8472384458611549,0.5621137831741323,1.1497017113368648,0.0,0.47631862217438103,0.013607220514468839,1.0,0.46340150699677074,0.4978355109012187,0.5020143539393317,0.4054612136396447,1.6666577732717969,0.3693448892278275,2021,0.0,0.0,0.014777115164590108,3.0
2021-06-17,0.01145045730958804,0.6893385656331349,0.6056386208112945,0.6056386208112945,0.3798880924604941,0.8875992582262984,0.0,0.47631862217438103,0.019974590842339685,1.0,0.46340150699677074,0.5870252004900924,0.832380673213149,0.4054612136396447,0.4137964727148418,0.3693448892278275,2021,0.0,0.0,0.016493650802603975,4.0
2021-06-18,0.04334434089950024,0.8291044332828904,0.5272078201695133,0.5272078201695133,0.42009312369902935,0.6332305243657453,0.0,0.47631862217438103,0.09814699120997014,0.0,0.46340150699677074,0.7605615102528488,0.7244746289817328,0.4054612136396447,0.0,0.3693448892278275,2021,0.0,0.0,0.017709934669532804,0.0
2021-06-21,0.6496812433398204,0.346384503149042,0.36576062535937637,0.6097997358515298,0.3318120483608372,0.6769525322675035,1.0,0.47631862217438103,0.8555779586263329,0.0,0.46340150699677074,0.22423425002785574,0.23454353513562987,0.4054612136396447,0.335429384495343,0.3693448892278275,2021,1.0,0.0,0.01745897297613505,1.0
2021-06-22,0.41488429563277307,0.618629314289367,0.49108588303546696,0.6330660726589826,0.34116320047693444,0.7210926660509648,1.0,0.47631862217438103,0.4616482615703163,0.0,0.46340150699677074,0.7007289790392844,0.521697511167841,0.4054612136396447,0.1719846841097598,0.3693448892278275,2021,1.0,0.0,0.01762109583649602,2.0
2021-06-23,0.25036165091185475,0.7202506629145525,0.3539289025550443,0.5670198580005337,0.44901586142928174,0.8445629614239986,0.0,0.47631862217438103,0.34174717728949133,1.0,0.46340150699677074,0.7114227323404525,0.29736418462721076,0.4054612136396447,0.2109132847978157,0.3693448892278275,2021,0.0,1.0,0.016709210199848883,3.0
2021-06-24,0.38403084465887943,0.7286250792447688,0.4431077901940119,0.5419302619756738,0.43826664329589543,0.6947213460926441,1.0,0.47631862217438103,0.2673014219334567,0.0,0.46340150699677074,0.8497327073737967,0.5565902578796544,0.4054612136396447,0.03904011461317755,0.3693448892278275,2021,1.0,0.0,0.015731970496920673,4.0
2021-06-25,0.5346242899367607,0.5586661224843107,0.4492021719525864,0.8411000718600404,0.22249645771343085,0.6057377897646715,0.0,0.47631862217438103,0.5677885942938332,1.0,0.46340150699677074,0.6010448810760289,0.1706219628210734,0.4054612136396447,0.37328053891446156,0.3693448892278275,2021,0.0,1.0,0.015598905233031044,0.0
2021-06-28,0.5749867445089284,0.5070566373027516,0.4087011935290124,0.7085682401091068,0.24844644419280146,0.563313516618471,0.0,0.47631862217438103,0.5952582174019407,1.0,0.46340150699677074,0.593921500292366,0.034625497904239494,0.4054612136396447,0.9972143396422931,0.3693448892278275,2021,0.0,0.0,0.015431843328081068,1.0
2021-06-29,0.29872032144348504,0.46718679758986453,0.3765618039625966,0.7070234345669437,0.1779109323637043,0.6749990776011411,0.0,0.47631862217438103,0.27428250419289824,0.0,0.46340150699677074,0.5995120524076128,0.46813395218844606,0.4054612136396447,0.26725557718221576,0.3693448892278275,2021,0.0,0.0,0.01625520930092948,2.0
2021-06-30,0.7707297237298752,0.23621894659829995,0.4151826326393621,0.7193735122890564,0.21838809222635538,0.5998373594969918,1.0,0.47631862217438103,0.8190992961689657,0.0,0.46340150699677074,0.23554875697238545,0.4429067510979419,0.4054612136396447,0.1723010928403692,0.3693448892278275,2021,0.0,0.0,0.01580128882741883,3.0
2021-07-01,0.7850981138946129,0.29337470610998106,0.45591088244282246,0.8275185731007602,0.21962032435407783,0.5605549546052372,1.0,0.47631862217438103,0.7304304995909245,0.0,0.46340150699677074,0.40670336536072754,0.6781140708406762,0.4054612136396447,0.0876173446580197,0.3693448892278275,2021,0.0,0.0,0.015289638313954442,4.0
2021-07-02,0.7195893799047697,0.2722967076453431,0.609015707858555,0.8874528353037447,0.23941657812722208,0.5915281908473237,0.0,0.47631862217438103,0.6744154180072253,0.0,0.46340150699677074,0.3716058135026044,0.2803042651453452,0.4054612136396447,0.104591143710948,0.3693448892278275,2021,0.0,0.0,0.01471283001944925,0.0
2021-07-05,0.8501111935373716,0.48872787175127147,0.5754338711137799,0.9998162030323853,0.3386059757573077,0.7820607381151041,1.0,0.47631862217438103,0.8432454188135728,0.0,0.46340150699677074,0.40554677682868856,0.9029753486953369,0.4054612136396447,0.06250173307822907,0.3693448892278275,2021,0.0,0.0,0.014377248999138097,1.0
2021-07-06,0.29517834400820386,0.5921524839932047,0.4200416836268613,0.6980183961019241,0.3655097034813129,0.6789097972684937,0.0,0.47631862217438103,0.25368955576757274,0.0,0.46340150699677074,0.6027497249425723,0.5469891351052726,0.4054612136396447,0.13878828801178617,0.3693448892278275,2021,0.0,0.0,0.012950733790118801,2.0
2021-07-07,0.7601948398176365,0.42591291445635193,0.604058986521183,0.983150884825187,0.234622677539708,0.6778875263441193,1.0,0.47631862217438103,0.6625691601436673,0.0,0.46340150699677074,0.3830680512779192,0.7228958127731598,0.4054612136396447,0.4663048075567475,0.3693448892278275,2021,1.0,0.0,0.011236569147356226,3.0
2021-07-08,0.2767583882483286,0.47439138133886977,0.39292024119697583,0.7596936245959016,0.3740753363867266,0.6542302798528786,0.0,0.47631862217438103,0.21709083661334921,0.0,0.46340150699677074,0.5213676672616137,0.5261994251602813,0.4054612136396447,0.28683027489130464,0.3693448892278275,2021,0.0,0.0,0.010756319307866666,4.0
2021-07-09,0.7542859214444735,0.3975915513990963,0.47032995045170123,0.8867259496507586,0.3247019557146085,0.7651522551193033,0.0,0.47631862217438103,0.7337222634887972,1.0,0.46340150699677074,0.28277610171625095,0.15031567804619406,0.4054612136396447,0.8664322709916498,0.3693448892278275,2021,0.0,1.0,0.010450446606360601,0.0
2021-07-12,0.7312541965143607,0.22887087203398376,0.3773097557165922,0.785885278792298,0.38507641734223447,0.6757418415327117,1.0,0.47631862217438103,0.6576213820665444,0.0,0.46340150699677074,0.24311991233228794,0.5921497856981717,0.4054612136396447,0.38002857357694947,0.3693448892278275,2021,1.0,0.0,0.01052045353683901,1.0
2021-07-13,0.40599277034389764,0.49912802795419803,0.41661875047981484,0.9221374443040115,0.3069818871815607,0.7331003120387498,1.0,0.47631862217438103,0.4383442404983187,0.0,0.46340150699677074,0.4576046233560326,1.1889155342392712,0.4054612136396447,0.16306954436450533,0.3693448892278275,2021,0.0,0.0,0.010381857613915517,2.0
2021-07-14,0.8711129450699534,0.07858393856190124,0.3590377201403283,0.719137712986799,0.4064990459974329,0.7053434379019673,1.0,0.47631862217438103,0.7749806171673427,0.0,0.46340150699677074,0.0900805534374212,0.36362970289776175,0.4054612136396447,0.352859288566503,0.3693448892278275,2021,1.0,0.0,0.010671536236779331,3.0
2021-07-15,0.7394043402508524,0.37390208748160825,0.45798343613972475,0.8710787970374119,0.452418637396938,0.8247734790639444,0.0,0.47631862217438103,0.697924044369826,1.0,0.46340150699677074,0.3799606598362831,0.13673190041064473,0.4054612136396447,1.0627797713736065,0.3693448892278275,2021,0.0,0.0,0.010554836654033617,4.0
2021-07-16,0.1372420614003113,0.7383448528078975,0.39000699916579706,0.6200521545527862,0.32849218321947926,0.6572378263717832,0.0,0.47631862217438103,0.08808525507280332,1.0,0.46340150699677074,0.7648268699941135,0.28768501221439985,0.4054612136396447,0.8313694496335663,0.3693448892278275,2021,0.0,1.0,0.01097596848056415,0.0
2021-07-19,0.7125074732103314,0.1486109162115607,0.36351006327494634,0.7978579842812367,0.39089633504225263,0.7166157893063347,1.0,0.47631862217438103,0.6655963327919984,0.0,0.46340150699677074,0.18128243327989896,0.6395886889460178,0.4054612136396447,0.3886889460154211,0.3693448892278275,2021,1.0,0.0,0.01073062005881153,1.0
2021-07-20,0.19184687074940737,0.6288300552815794,0.3808720874091154,0.7035744113962903,0.35971504190621373,0.6448521308322782,0.0,0.47631862217438103,0.22464786503033657,1.0,0.46340150699677074,0.6488856563021335,0.17393548387097368,0.4054612136396447,0.80412903225806,0.3693448892278275,2021,0.0,0.0,0.010702882458873322,2.0
2021-07-21,0.4493482568824357,0.44222430527152357,0.3715629468095075,0.8506757237630902,0.38013329548010527,0.6942430496415564,0.0,0.47631862217438103,0.37291770141224845,1.0,0.46340150699677074,0.5134278598019825,0.24411150591596695,0.4054612136396447,0.5425839774350667,0.3693448892278275,2021,0.0,1.0,0.010813472257872346,3.0
2021-07-22,0.8399390681468306,0.15158393826433994,0.3836635140245826,0.7294217639561814,0.370376932603337,0.7155448125980238,1.0,0.47631862217438103,0.8420955396624523,1.0,0.46340150699677074,0.1826055099955167,0.20513587261240904,0.4054612136396447,0.8849101035397935,0.3693448892278275,2021,1.0,1.0,0.01057871540159419,4.0
2021-07-23,0.4375680488559119,0.27787576903647515,0.3743998049702257,0.8510072654523537,0.30213392971325265,0.6377559913063289,1.0,0.47631862217438103,0.49331178951319615,0.0,0.46340150699677074,0.35310074220365684,0.48052041403105,0.4054612136396447,0.28026164462335496,0.3693448892278275,2021,1.0,0.0,0.011029566245975501,0.0
2021-07-26,0.18589237264322442,0.7785925211948314,0.37414031739681325,0.6525070400634893,0.3756889002526986,0.7291960820111074,0.0,0.47631862217438103,0.16101675923848272,1.0,0.46340150699677074,0.8398809889629779,0.41089053596037667,0.4054612136396447,0.19970948638682626,0.3693448892278275,2021,0.0,1.0,0.010670014433868086,1.0
2021-07-27,0.5742573433220045,0.5267163284704356,0.3862247217850223,0.823643269777079,0.511836531368777,0.7716716160636636,1.0,0.47631862217438103,0.5316470624063041,1.0,0.46340150699677074,0.6140604463073448,0.5960490463215259,0.4054612136396447,0.32478050257341184,0.3693448892278275,2021,0.0,1.0,0.010494226269243784,2.0
2021-07-28,0.765719495806192,0.19302417204187886,0.5128874522597452,0.9631967009329407,0.3637876893705652,0.7858719758996097,1.0,0.47631862217438103,0.7817388301097355,0.0,0.46340150699677074,0.18792379783130783,1.4151133892513201,0.4054612136396447,0.0,0.3693448892278275,2021,0.0,0.0,0.010181432880904269,3.0
2021-07-29,0.6709632233667648,0.09198509299085647,0.2765946537418624,0.6599413135543949,0.38218253391619,0.857003564484473,0.0,0.47631862217438103,0.709718211146405,0.0,0.46340150699677074,0.10647083210119272,0.17879681840247164,0.4054612136396447,0.926920348033909,0.3693448892278275,2021,0.0,0.0,0.010464332020097883,4.0
2021-07-30,0.18442026032880063,0.7024883904504158,0.2858889018218017,0.6598712372645723,0.40016015085287215,0.6693223943712489,0.0,0.47631862217438103,0.12333142229718999,1.0,0.46340150699677074,0.7366792166776551,0.2989656322989656,0.4054612136396447,0.424053683312947,0.3693448892278275,2021,0.0,1.0,0.010622310751323786,0.0
2021-08-02,0.5389210529799747,0.4647067579123222,0.3502063994504877,0.7575927733794957,0.3772331756678188,0.7027383051154802,0.0,0.47631862217438103,0.6054175276264518,0.0,0.46340150699677074,0.462233558845987,0.07338134922130635,0.4054612136396447,0.3436781175760773,0.3693448892278275,2021,0.0,0.0,0.010445420227381576,1.0
2021-08-03,0.5978306977366915,0.6628222054864159,0.3830201360525674,0.7764744772710732,0.4481211048625205,0.7941713318293394,1.0,0.47631862217438103,0.5683269393540389,1.0,0.46340150699677074,0.6815033258295987,1.203213305344743,0.4054612136396447,0.21927983206845786,0.3693448892278275,2021,1.0,1.0,0.00977444439709528,2.0
2021-08-04,0.07416007848968283,0.5250736106342588,0.3322256148060905,0.6294490761518284,0.4191736338120034,0.7965032436028535,0.0,0.47631862217438103,0.13489876382667956,1.0,0.46340150699677074,0.5838097958379297,0.1676193418816699,0.4054612136396447,0.7667233122199952,0.3693448892278275,2021,0.0,0.0,0.01020779880244052,3.0
2021-08-05,0.3042120615187915,0.5712624530777362,0.3789384476258844,0.7461143715690522,0.39312281623865,0.715686570059292,0.0,0.47631862217438103,0.3006343388189781,1.0,0.46340150699677074,0.597731474887949,0.04260196016439992,0.4054612136396447,2.514068921909585,0.3693448892278275,2021,0.0,0.0,0.010019172000801397,4.0
2021-08-06,0.0060397392420528904,0.617516866119071,0.4119759318036239,0.5736395211582945,0.40264381342698763,0.9100492615377699,0.0,0.47631862217438103,0.008673567943679742,1.0,0.46340150699677074,0.5219275074872346,0.06368231046931366,0.4054612136396447,4.0,0.3693448892278275,2021,0.0,0.0,0.01122046223443555,0.0
2021-08-09,0.026450598634176856,0.009698752797716188,0.5150215118678368,0.5150215118678368,0.37628796303303097,0.8741751663585502,0.0,0.47631862217438103,0.01217060498457339,0.0,0.46340150699677074,0.03936407676765367,0.36607744848005497,0.4054612136396447,0.48919766657872715,0.3693448892278275,2021,0.0,0.0,0.01408903852730248,1.0
2021-08-10,0.4681478948141826,0.4148033625320265,0.5163766525338945,0.7130642730759452,0.35266272121912745,0.6053744424972349,1.0,0.47631862217438103,0.5576230377055673,0.0,0.46340150699677074,0.4310032678062738,1.0362661069325358,0.4054612136396447,0.2097836860824484,0.3693448892278275,2021,0.0,0.0,0.014169391602625842,2.0
2021-08-11,0.7207670435820427,0.07429487395324376,0.40051351787007544,0.6137849753606041,0.3316847036092014,0.6145749216149997,1.0,0.47631862217438103,0.797940530281976,0.0,0.46340150699677074,0.10257308345646009,0.25834007984143,0.4054612136396447,0.38379721392479044,0.3693448892278275,2021,1.0,0.0,0.014608294930875568,3.0
2021-08-12,0.6522981997559383,0.34199875529774193,0.5081219059714362,0.8270531632544408,0.2729887114347625,0.7047299767124982,1.0,0.47631862217438103,0.7271371531022216,0.0,0.46340150699677074,0.392622579136489,1.079053729402787,0.4054612136396447,0.0371951047172143,0.3693448892278275,2021,0.0,0.0,0.014419800785771332,4.0
2021-08-13,0.8663544061828993,0.05261643218966917,0.4804797569038072,0.6255623097117783,0.265528925348595,0.4815239588124202,1.0,0.47631862217438103,0.8780233038412864,0.0,0.46340150699677074,0.08328212963661072,0.37318070318887936,0.4054612136396447,0.3373126192422978,0.3693448892278275,2021,0.0,0.0,0.014726506025063537,0.0
2021-08-16,0.8190813231403555,0.23313573000823246,0.3832631261830365,0.6192529830025572,0.2650793484952658,0.5685333339702645,1.0,0.47631862217438103,0.86099472147486,0.0,0.46340150699677074,0.20833101405889276,0.31010406356170206,0.4054612136396447,0.2411920494368737,0.3693448892278275,2021,1.0,0.0,0.014940889538699358,1.0
2021-08-17,0.5232415924969009,0.5754873309916038,0.3831925873199943,0.6317131664576118,0.4745459304408245,0.693300346502677,0.0,0.47631862217438103,0.47711160119351925,1.0,0.46340150699677074,0.6973637410863522,0.3013875791458989,0.4054612136396447,0.32892361578876644,0.3693448892278275,2021,0.0,1.0,0.014844539297333108,2.0
2021-08-18,0.7409623993498718,0.36304982586566525,0.4750464507912029,1.003173793245055,0.3343842525650923,0.6575517592269412,0.0,0.47631862217438103,0.6891028172667287,1.0,0.46340150699677074,0.43836383722945704,0.18920487521763912,0.4054612136396447,0.5022248017024588,0.3693448892278275,2021,0.0,1.0,0.014459388392207732,3.0
2021-08-19,0.41224999242359156,0.5957920880134102,0.41349793393107986,0.7230143020717874,0.3846021927052838,0.6475153600927588,0.0,0.47631862217438103,0.34043800503481425,0.0,0.46340150699677074,0.720935922438227,0.3424348068609678,0.4054612136396447,0.05349323664761315,0.3693448892278275,2021,0.0,0.0,0.014390386234675444,4.0
2021-08-20,0.5241888698771286,0.7639568190025761,0.3872109403046183,0.9174740610023875,0.3089954364132537,0.8681799387518381,1.0,0.47631862217438103,0.4376356293323668,1.0,0.46340150699677074,0.8062100986796631,1.0114443567482305,0.4054612136396447,0.1708760852407236,0.3693448892278275,2021,0.0,1.0,0.014229719561091179,0.0
2021-08-23,0.8743371746454833,0.05543937680887841,0.4579077558854185,0.7164882543987081,0.2816976325560846,0.4801996026785744,1.0,0.47631862217438103,0.8549213680369788,0.0,0.46340150699677074,0.08900535020809751,0.15455655219998418,0.4054612136396447,0.17833448330768706,0.3693448892278275,2021,1.0,0.0,0.014908531832852873,1.0
2021-08-24,0.5642249297503177,0.6809100694473363,0.4306396640131553,0.941378386692035,0.34785836845927515,0.9508892804207684,0.0,0.47631862217438103,0.4620019972799636,1.0,0.46340150699677074,0.8104264517266628,0.006211696847003591,0.4054612136396447,0.7985912758936318,0.3693448892278275,2021,0.0,0.0,0.014286744360735428,2.0
2021-08-25,0.4791197770888056,0.501460499323488,0.4199856922675251,0.9359316004290344,0.23835996729423187,0.6381335634847963,0.0,0.47631862217438103,0.37248144590990767,1.0,0.46340150699677074,0.6260066946079029,0.28879854968961166,0.4054612136396447,0.4083942207328513,0.3693448892278275,2021,0.0,1.0,0.014523639311405701,3.0
2021-08-26,0.664095321024957,0.31311626364593853,0.42111059586786614,0.7900539500847071,0.33510556597597657,0.7267843402668377,1.0,0.47631862217438103,0.6951860879893367,0.0,0.46340150699677074,0.3604986559046285,1.133400797666531,0.4054612136396447,0.320435740222635,0.3693448892278275,2021,0.0,0.0,0.013392583096756791,4.0
2021-08-27,0.8178855114519831,0.022442849769745535,0.4078665808457004,0.6543083455535251,0.37914063026112793,0.6906940785253637,1.0,0.47631862217438103,0.73190852040786,0.0,0.46340150699677074,0.04110833229928294,0.2504708097928492,0.4054612136396447,0.5068005858966257,0.3693448892278275,2021,1.0,0.0,0.011265540505499574,0.0
2021-08-30,0.307411637740856,0.7553245462825915,0.36513355177674867,0.8270959760429536,0.5171164755471727,0.9922266195203177,0.0,0.47631862217438103,0.21175267457932992,1.0,0.46340150699677074,0.7953788319953747,0.4402828613055645,0.4054612136396447,0.4188905866884659,0.3693448892278275,2021,0.0,1.0,0.011103894669057283,1.0
2021-08-31,0.6651299564820579,0.32747641919331627,0.3324233133454961,0.8426119424154479,0.5409347194365521,0.9633285358890361,1.0,0.47631862217438103,0.6718656096373589,0.0,0.46340150699677074,0.2990475815760735,0.32839828454223235,0.4054612136396447,0.27096774193548706,0.3693448892278275,2021,1.0,0.0,0.01056078704742999,2.0
2021-09-01,0.5938230990935448,0.5788299556139744,0.34822114510552904,0.7589882171593736,0.4562401702174554,1.0197449950256963,0.0,0.47631862217438103,0.5895544768013581,1.0,0.46340150699677074,0.5645831112425689,0.15904255319148997,0.4054612136396447,0.48829787234041716,0.3693448892278275,2021,0.0,1.0,0.010363379784794489,3.0
2021-09-02,0.5581661523669332,0.6344382236498822,0.39542391870475735,0.7771322816118097,0.4482178402180643,0.9143153839702498,1.0,0.47631862217438103,0.41614161774392205,0.0,0.46340150699677074,0.661339721663796,1.3911636187085268,0.4054612136396447,0.028888169606731986,0.3693448892278275,2021,0.0,0.0,0.009756875526017011,4.0
2021-09-03,0.631726721208875,0.19118958526856006,0.37478490184818675,0.7666783311975699,0.20285597368314587,0.7468622879928827,0.0,0.47631862217438103,0.6243372778307178,0.0,0.46340150699677074,0.13657757752100627,0.1523599227159808,0.4054612136396447,0.3383935964670225,0.3693448892278275,2021,0.0,0.0,0.009912774154007787,0.0
2021-09-06,0.6555540931417957,0.779424835884034,0.41463456307531044,1.0811723534886872,0.3332056471921593,0.9664886125332706,0.0,0.47631862217438103,0.3523150505911866,1.0,0.46340150699677074,0.8091555519591868,0.2226168375171552,0.4054612136396447,1.750423763015578,0.3693448892278275,2021,0.0,0.0,0.009707049108783365,1.0
2021-09-07,0.01841821669860849,0.7983031150085831,0.44956291236710866,0.733735897542741,0.30834162620448297,0.5594149371213168,0.0,0.47631862217438103,0.019608434367404098,1.0,0.46340150699677074,0.6775083702478815,0.40580472950111063,0.4054612136396447,0.6189706379939086,0.3693448892278275,2021,0.0,0.0,0.010589043669902426,2.0
2021-09-08,0.2173461409443755,0.703231532357043,0.31926461242136284,0.7187571471936125,0.40247112673091384,0.6612323783951848,0.0,0.47631862217438103,0.2804912035348898,0.0,0.46340150699677074,0.5855155073135117,0.6105609327702859,0.4054612136396447,0.289323218356439,0.3693448892278275,2021,0.0,0.0,0.01068220994281053,3.0
2021-09-09,0.5794947533447318,0.41858340531693927,0.4157728913233189,0.9636857051263691,0.37330696091880433,0.6933842220427737,1.0,0.47631862217438103,0.6172347075666971,0.0,0.46340150699677074,0.36723757184469197,0.49240851993445406,0.4054612136396447,0.3603859457491432,0.3693448892278275,2021,1.0,0.0,0.010934285204695882,4.0
2021-09-10,0.09876359420844286,0.8529926870491276,0.4169428034987433,0.6928569015918242,0.31343986784878747,0.5535385680014955,0.0,0.47631862217438103,0.1052154961417519,1.0,0.46340150699677074,0.859256678518587,0.607298599954104,0.4054612136396447,0.18208247264936897,0.3693448892278275,2021,0.0,1.0,0.010448750282782157,0.0
2021-09-13,0.623156492111546,0.3349056331331128,0.3995949111945687,0.7169993401578089,0.3901057758294118,0.7709153878340702,1.0,0.47631862217438103,0.7046151458820306,1.0,0.46340150699677074,0.34976056498957586,0.8032185628742587,0.4054612136396447,0.6407934131736529,0.3693448892278275,2021,0.0,1.0,0.010642552045743868,1.0
2021-09-14,0.6841049899498433,0.04235652156303639,0.34820006128111414,0.6907770167870159,0.35846664560613684,0.6703254099374102,0.0,0.47631862217438103,0.6708487009104864,0.0,0.46340150699677074,0.1022878362283402,0.11648359668649261,0.4054612136396447,0.713206583220816,0.3693448892278275,2021,0.0,0.0,0.010846968406319386,2.0
2021-09-15,0.34059077585947295,0.6517355971619023,0.41547201248521687,0.7420927521645556,0.3787737275464485,0.6343308357173051,0.0,0.47631862217438103,0.1962819940130872,1.0,0.46340150699677074,0.776702361930018,0.1306680385095886,0.4054612136396447,2.494524876901592,0.3693448892278275,2021,0.0,0.0,0.010837861388157458,3.0
2021-09-16,0.005832901533770016,0.5320652810169225,0.4647469092024125,0.7445784965676113,0.5239564723887717,0.9043868365358001,0.0,0.47631862217438103,0.009055602507672551,0.0,0.46340150699677074,0.41862973506717,0.672609962536418,0.4054612136396447,0.3044956292493398,0.3693448892278275,2021,0.0,0.0,0.0117435133261257,4.0
2021-09-17,0.2467959245060301,0.6464192487178906,0.36365206658673,0.6685939018999396,0.42844846634199,0.6918954153161669,0.0,0.47631862217438103,0.32262499027701574,1.0,0.46340150699677074,0.5880378087312265,0.6175697360783945,0.4054612136396447,0.5697702209020375,0.3693448892278275,2021,0.0,1.0,0.011926615217724154,0.0
2021-09-20,0.7169837956975682,0.08434805649890957,0.32238779438878656,0.6637291284323406,0.333312254604264,0.6638604371466454,1.0,0.47631862217438103,0.7660607262203231,0.0,0.46340150699677074,0.1238767149424608,0.8158823137855283,0.4054612136396447,0.2907541769287097,0.3693448892278275,2021,0.0,0.0,0.012165722027463776,1.0
2021-09-21,0.5713448458415622,0.18784804647611378,0.31577131242311285,0.7612347874306417,0.3724644326687071,0.6461607369338139,1.0,0.47631862217438103,0.6451813186004914,0.0,0.46340150699677074,0.24285898305623682,0.5779426342212168,0.4054612136396447,0.42439164774725885,0.3693448892278275,2021,1.0,0.0,0.01259009893974724,2.0
2021-09-22,0.18080697018477176,0.7896586373986217,0.4938902265338308,1.0496381450859489,0.356813622218757,0.7110181810580126,0.0,0.47631862217438103,0.15983099321551278,1.0,0.46340150699677074,0.7615963538758427,0.36327604892397664,0.4054612136396447,1.318718067812357,0.3693448892278275,2021,0.0,0.0,0.013047504308767109,3.0
2021-09-23,0.03188977962521832,0.7432638404857785,0.568639031238394,1.023632256202022,0.43885190036546434,0.6138768063634711,0.0,0.47631862217438103,0.043350233192778906,0.0,0.46340150699677074,0.6566089687077309,0.6308067007247168,0.4054612136396447,0.07900677200903305,0.3693448892278275,2021,0.0,0.0,0.013801980847435403,4.0
2021-09-24,0.5204246980916211,0.5378210279254207,0.45244276882192735,0.7361312069226408,0.3922982113412653,0.7092463211840571,1.0,0.47631862217438103,0.6671419108259362,0.0,0.46340150699677074,0.4410126596860198,0.42382416052891236,0.4054612136396447,0.22530882097082683,0.3693448892278275,2021,1.0,0.0,0.014073103746597626,0.0
2021-09-27,0.29485317022460883,0.6467648336575857,0.40492046328441733,0.7701777714395578,0.35537304243675844,0.709452801056393,0.0,0.47631862217438103,0.40993083970608346,1.0,0.46340150699677074,0.6772311063021211,0.18255453625011503,0.4054612136396447,0.949283588500604,0.3693448892278275,2021,0.0,0.0,0.013302049118774448,1.0
2021-09-28,0.14994119829210403,0.6331727004831998,0.3741378967100955,0.8072786438036049,0.36941152898791424,0.5959057904362756,0.0,0.47631862217438103,0.14707258539947896,1.0,0.46340150699677074,0.6926953572627439,0.48964874853519463,0.4054612136396447,0.5237222439229606,0.3693448892278275,2021,0.0,0.0,0.013710215616323242,2.0
2021-09-29,0.19056390822006886,0.6743191667342665,0.3204535734986403,0.576338955137795,0.49150737343165257,0.5598049364867185,1.0,0.47631862217438103,0.18735849455446796,0.0,0.46340150699677074,0.7132176567284749,1.554548130703563,0.4054612136396447,0.17062113629673653,0.3693448892278275,2021,0.0,0.0,0.014054438711972959,3.0
2021-09-30,0.6479825546587029,0.03147394720219402,0.36804318450316703,0.720933283923388,0.31044084511546655,0.5559880619267837,0.0,0.47631862217438103,0.639353094749219,0.0,0.46340150699677074,0.0767806750888357,0.2720719239097629,0.4054612136396447,0.2812816928432392,0.3693448892278275,2021,0.0,0.0,0.014831862465301668,4.0
2021-10-01,0.8228280857773423,0.29786442056991635,0.3655954601529244,0.7971876609911325,0.4403736114741081,0.6704866498493115,1.0,0.47631862217438103,0.8246959382315018,1.0,0.46340150699677074,0.33159468958464605,0.37101862774683264,0.4054612136396447,0.49968450796960273,0.3693448892278275,2021,0.0,1.0,0.014788047852728876,0.0
2021-10-04,0.8285499118734803,0.10957766122365402,0.4683807126394825,0.6594173877553383,0.30235644353891833,0.6323562524240831,0.0,0.47631862217438103,0.8639847137955539,0.0,0.46340150699677074,0.13498540510750395,0.0330904844001967,0.4054612136396447,0.799232523218953,0.3693448892278275,2021,0.0,0.0,0.014518497943865456,1.0
2021-10-05,0.5922521599905289,0.37743938723112963,0.39046072609215055,0.8995153338417927,0.24563678781263992,0.6388896760972455,0.0,0.47631862217438103,0.49114504294835254,1.0,0.46340150699677074,0.5009713677234853,0.20380524180282744,0.4054612136396447,0.5354205504989606,0.3693448892278275,2021,0.0,1.0,0.01480550623904583,2.0
2021-10-06,0.7920156122414936,0.170644024874664,0.3915906670316287,0.8408089595786407,0.37603678061538215,0.7374481219422998,1.0,0.47631862217438103,0.8194675798637725,0.0,0.46340150699677074,0.20225764182696096,0.1883540046247645,0.4054612136396447,0.4368299348328827,0.3693448892278275,2021,1.0,0.0,0.013495648029414083,3.0
2021-10-07,0.3554733575623887,0.6743359155154304,0.423822343748519,0.8316682059650912,0.383811431364876,0.7015338521893354,1.0,0.47631862217438103,0.29170474433516375,0.0,0.46340150699677074,0.7916735479996028,1.1127723195215706,0.4054612136396447,0.08030756087142718,0.3693448892278275,2021,1.0,0.0,0.013337739364278095,4.0
2021-10-08,0.06218957869666215,0.6855215026211177,0.3688563818517908,0.6963537409431029,0.3060831990740091,0.6481251776442739,0.0,0.47631862217438103,0.12332304748894753,1.0,0.46340150699677074,0.7157405158546227,0.18662152767282641,0.4054612136396447,0.2716803191971739,0.3693448892278275,2021,0.0,1.0,0.013452989562272581,0.0
2021-10-11,0.5584576562221915,0.6376459246087539,0.3874485306114874,0.743309311248421,0.40413865784315733,0.7723654834386721,1.0,0.47631862217438103,0.5265392553689776,0.0,0.46340150699677074,0.7008172498221328,0.6654084489320832,0.4054612136396447,0.1558931773143326,0.3693448892278275,2021,1.0,0.0,0.012944481768765653,1.0
2021-10-12,0.4282871578910782,0.4635637292242743,0.4603702710997072,0.813243179705348,0.33816089261411947,0.7247890561855161,1.0,0.47631862217438103,0.5367324776807832,0.0,0.46340150699677074,0.4746764849971152,1.6024445363974942,0.4054612136396447,0.09714485787949488,0.3693448892278275,2021,0.0,0.0,0.012750333399079708,2.0
2021-10-13,0.800624095617568,0.019871444847538857,0.2955579540073372,0.8146260303960949,0.380109461910814,0.5152915330588743,1.0,0.47631862217438103,0.7111280778592817,0.0,0.46340150699677074,0.046577443338289636,0.33849000031896587,0.4054612136396447,0.2813307390513839,0.3693448892278275,2021,1.0,0.0,0.012489861026343004,3.0
2021-10-14,0.6964673787662493,0.38557069226086954,0.4490628044618092,0.928867346818365,0.4282554483053434,0.6519756045039624,0.0,0.47631862217438103,0.7433094515224006,1.0,0.46340150699677074,0.39266878211917033,0.023008507347254042,0.4054612136396447,1.3972028873421,0.3693448892278275,2021,0.0,0.0,0.012342467682159975,4.0
2021-10-15,0.06319312282803093,0.7216682847277893,0.32153827079534447,0.6685054401209374,0.20484509651861438,0.5873815677436586,0.0,0.47631862217438103,0.05110473040496252,1.0,0.46340150699677074,0.7634773429766962,0.19680181700991067,0.4054612136396447,0.31496884687395166,0.3693448892278275,2021,0.0,0.0,0.01316729631731159,0.0
2021-10-18,0.4388200280478379,0.7090635873787345,0.3604145892884448,0.6609166805508088,0.5324248079918199,0.7120172161393907,1.0,0.47631862217438103,0.5082317639960596,0.0,0.46340150699677074,0.6808480663905925,0.9190352313967333,0.4054612136396447,0.08452965924784513,0.3693448892278275,2021,1.0,0.0,0.012602970604806587,1.0
2021-10-19,0.1566481463070906,0.6211529087461348,0.34485545286368435,0.6833152491218936,0.38513637963162844,0.7080868603777286,1.0,0.47631862217438103,0.2831211771324148,0.0,0.46340150699677074,0.6066824616221159,0.8591731266149867,0.4054612136396447,0.11983204134367331,0.3693448892278275,2021,1.0,0.0,0.012497759607047193,2.0
2021-10-20,0.5579638988252376,0.26423412520438766,0.4309990608610584,0.7340545150674987,0.33493900076903826,0.6494260739623436,1.0,0.47631862217438103,0.671388188212467,0.0,0.46340150699677074,0.23472720469423566,0.35992950689380265,0.4054612136396447,0.2612391582293833,0.3693448892278275,2021,1.0,0.0,0.011600313307470238,3.0
2021-10-21,0.6237877008640468,0.49507132340786325,0.3917003382224862,0.8374593464445851,0.46708903914992234,0.7925664319059916,1.0,0.47631862217438103,0.5966531140065916,0.0,0.46340150699677074,0.5492625602542497,1.5055071053820241,0.4054612136396447,0.004864320211257111,0.3693448892278275,2021,0.0,0.0,0.011530378165635867,4.0
2021-10-22,0.08382728028977497,0.534167040996764,0.2998759982651222,0.644677548814154,0.4732113140391942,0.6942956210324392,0.0,0.47631862217438103,0.17725600768823907,0.0,0.46340150699677074,0.44857322254883125,0.8318984435666238,0.4054612136396447,0.002836017421247289,0.3693448892278275,2021,0.0,0.0,0.011804461774889863,0.0
2021-10-25,0.8046260541571214,0.2826135581609319,0.4033573978179365,0.734579936641333,0.4260234985335519,0.7478750425436086,0.0,0.47631862217438103,0.8542569088306178,1.0,0.46340150699677074,0.16580366799436191,0.030635620747431824,0.4054612136396447,1.2125004273942572,0.3693448892278275,2021,0.0,1.0,0.011557091566053695,1.0
2021-10-26,0.32369017870337174,0.4258782286073976,0.3240713785625312,0.6813313204615066,0.4475224289367242,0.6792905341678023,0.0,0.47631862217438103,0.22316912681984336,0.0,0.46340150699677074,0.5073988561124844,0.3008890968647555,0.4054612136396447,0.4384651380439917,0.3693448892278275,2021,0.0,0.0,0.011920699734475777,2.0
2021-10-27,0.8330908821933026,0.28271898119567357,0.32616082320608425,0.7051293937940335,0.40404447777060853,0.8115568150501044,1.0,0.47631862217438103,0.8367400707534359,0.0,0.46340150699677074,0.21814757565189713,0.626037119722771,0.4054612136396447,0.20479157642197243,0.3693448892278275,2021,1.0,0.0,0.011930270073869022,3.0
2021-10-28,0.35006793105884715,0.574741539953455,0.30474804683955364,0.8057544326026169,0.4269994835519103,0.7103207827031887,0.0,0.47631862217438103,0.37505048926987633,1.0,0.46340150699677074,0.6043562642509147,0.11345218800648948,0.4054612136396447,1.2894927411290051,0.3693448892278275,2021,0.0,0.0,0.011515344527163658,4.0
2021-10-29,0.2715556168384922,0.39314254766526857,0.3173623206704577,0.6342670916539837,0.3798176522962356,0.6740828980937293,0.0,0.47631862217438103,0.17847622754570228,0.0,0.46340150699677074,0.501672422856571,0.575498020894159,0.4054612136396447,0.1762377522548877,0.3693448892278275,2021,0.0,0.0,0.01234812234184052,0.0
2021-11-01,0.7884925301263106,0.30760168129635995,0.3424130382063047,0.673887617924114,0.3634743699158579,0.7886346629601169,1.0,0.47631862217438103,0.8452783945014146,0.0,0.46340150699677074,0.20605664043651983,0.150006533385599,0.4054612136396447,0.3087024696197566,0.3693448892278275,2021,1.0,0.0,0.012194432117581555,1.0
2021-11-02,0.4166545988290521,0.7737809138400361,0.3610725463840485,0.6796203090778485,0.4026853150283365,0.779701653177289,0.0,0.47631862217438103,0.2945299702226685,1.0,0.46340150699677074,0.8436913342770619,0.015107370238478328,0.4054612136396447,1.456350490989535,0.3693448892278275,2021,0.0,0.0,0.011106805270349102,2.0
2021-11-03,0.2704277276597619,0.45234962498967846,0.41286147878991014,0.9521935643693074,0.37753049384593335,0.6894463114901537,1.0,0.47631862217438103,0.1490192287121743,0.0,0.46340150699677074,0.49623323950365505,1.3887847281404406,0.4054612136396447,0.05536049088120377,0.3693448892278275,2021,0.0,0.0,0.011840584202759574,3.0
2021-11-04,0.5967884476072347,0.08994958268048267,0.32742307798528947,0.6833375737640464,0.35425017660630465,0.5907327239437413,1.0,0.47631862217438103,0.6227019466320035,0.0,0.46340150699677074,0.11807544388804535,1.2819635093965,0.4054612136396447,0.3110259131208709,0.3693448892278275,2021,0.0,0.0,0.011647787307169385,4.0
2021-11-05,0.8748191627322794,0.026835506995500174,0.47987350761520203,0.8498804605531847,0.3845053026447544,0.5142727927962969,1.0,0.47631862217438103,0.7976205463549982,0.0,0.46340150699677074,0.05129864285958086,0.38945958016971954,0.4054612136396447,0.23313979455113992,0.3693448892278275,2021,0.0,0.0,0.01231756091388711,0.0
2021-11-08,0.8430939329823794,0.29845172688787,0.4897628088641019,0.7359361811637226,0.33175410757599405,0.7236674902081098,1.0,0.47631862217438103,0.8543920938523772,0.0,0.46340150699677074,0.2454745054350176,0.39327389537170265,0.4054612136396447,0.2354136619903025,0.3693448892278275,2021,0.0,0.0,0.011945810782554767,1.0
2021-11-09,0.8604071696904133,0.2901467875993428,0.42141739977165565,0.8670368478644764,0.38416649845911355,0.7430099158661652,1.0,0.47631862217438103,0.8927352625707595,0.0,0.46340150699677074,0.18787672666936103,1.7376905731497936,0.4054612136396447,0.4358361659879513,0.3693448892278275,2021,0.0,0.0,0.011586626538065891,2.0
2021-11-10,0.2169733729788481,0.10963096051511671,0.3795411845533184,0.9067692012904137,0.6184967640906318,0.9270056912716987,0.0,0.47631862217438103,0.24513162020442814,0.0,0.46340150699677074,0.13178035527000426,0.7152109436474737,0.4054612136396447,0.26862780703347866,0.3693448892278275,2021,0.0,0.0,0.012763393219278359,3.0
2021-11-11,0.7827546421103921,0.1815950758738221,0.5047343028366329,1.0183693984803504,0.35278281393032135,0.667777833544868,1.0,0.47631862217438103,0.7711225266391694,0.0,0.46340150699677074,0.1736199104805938,0.29380947952509306,0.4054612136396447,0.7191171456027748,0.3693448892278275,2021,1.0,0.0,0.0123763382858125,4.0
2021-11-12,0.6876884761757502,0.21512322588390462,0.5561858264458842,0.9668987120525878,0.39264195278612884,0.6313362133254513,1.0,0.47631862217438103,0.7399880292978583,0.0,0.46340150699677074,0.19235812509139288,0.24479848904864937,0.4054612136396447,0.34288847594967403,0.3693448892278275,2021,1.0,0.0,0.012577298258250895,0.0
2021-11-15,0.606894585065038,0.6125950058853429,0.47647085841645187,0.9882357886993327,0.34815110858965587,0.7991180097421029,1.0,0.47631862217438103,0.5612551408014019,1.0,0.46340150699677074,0.5882682273577026,0.6360415084788618,0.4054612136396447,0.5815616299671019,0.3693448892278275,2021,1.0,0.0,0.012120459141766576,1.0
2021-11-16,0.06064097559676198,0.8162800756418419,0.4065155572328008,0.6869456253427454,0.30097262828778565,0.69400932205829,0.0,0.47631862217438103,0.07440060411623475,1.0,0.46340150699677074,0.800311141035101,0.7453397199255595,0.4054612136396447,0.04143149159471697,0.3693448892278275,2021,0.0,1.0,0.012651929692373253,2.0
2021-11-17,0.8715411929689235,0.19861253969752551,0.3567641465468097,0.8051217791533035,0.36982567741724093,0.6776299303445489,1.0,0.47631862217438103,0.9006491064169485,0.0,0.46340150699677074,0.13337209020013296,0.1526280528655794,0.4054612136396447,0.5248188074791376,0.3693448892278275,2021,1.0,0.0,0.012561433896209617,3.0
2021-11-18,0.3528257204194634,0.6988250003724572,0.4465562650947553,0.7250050710707484,0.3644520546121201,0.7206499974631747,0.0,0.47631862217438103,0.28957980113210985,1.0,0.46340150699677074,0.7579605849521818,0.2935820564068457,0.4054612136396447,0.6995336442371757,0.3693448892278275,2021,0.0,0.0,0.012112262354346206,4.0
2021-11-19,0.1504039281658447,0.7604378648097395,0.4239916019525541,0.7058694736439491,0.2919567751694655,0.6049610506940544,0.0,0.47631862217438103,0.12909395573495275,1.0,0.46340150699677074,0.7924471847027639,0.1469690361971169,0.4054612136396447,1.8909725250763247,0.3693448892278275,2021,0.0,0.0,0.012423605392050625,0.0
2021-11-22,0.009748879621489192,0.8258686182890451,0.42059446847235904,0.64686593351217,0.27723459440606024,0.7050445959977287,0.0,0.47631862217438103,0.018785180071968395,1.0,0.46340150699677074,0.6892662672211987,0.30409258638040854,0.4054612136396447,0.8891870736889197,0.3693448892278275,2021,0.0,0.0,0.014158818467734978,1.0
2021-11-23,0.14603027799969687,0.6770839777613719,0.3804694746833834,0.7905384352060488,0.32711216934230897,0.6926791035115671,0.0,0.47631862217438103,0.13987868118929833,1.0,0.46340150699677074,0.6591602788079318,0.2889774088414751,0.4054612136396447,0.40675227722220925,0.3693448892278275,2021,0.0,1.0,0.014333467222559829,2.0
2021-11-24,0.5253461478743782,0.48839853223546736,0.3989125641951613,0.8923477318705891,0.3616059017502537,0.6358552556452365,0.0,0.47631862217438103,0.6050363194696272,0.0,0.46340150699677074,0.4725492933595126,0.2625732175318116,0.4054612136396447,0.09856594627348225,0.3693448892278275,2021,0.0,0.0,0.013841439889961818,3.0
2021-11-25,0.5182414831995062,0.7814575093545373,0.4243559368732147,0.9658099861424988,0.4921574395189356,0.7261986988614858,1.0,0.47631862217438103,0.47631363910391933,1.0,0.46340150699677074,0.7862520641010855,1.1629379092065644,0.4054612136396447,0.3453625841685561,0.3693448892278275,2021,1.0,1.0,0.012870433825514515,4.0
2021-11-26,0.10611989753664937,0.40110599017989484,0.35031304722972184,0.6504704227115233,0.4253641909560305,0.7108070555292969,0.0,0.47631862217438103,0.1612155077944093,1.0,0.46340150699677074,0.49652607092903395,0.353825972890252,0.4054612136396447,0.503600058300545,0.3693448892278275,2021,0.0,1.0,0.013683718429322134,0.0
2021-11-29,0.2956424278610155,0.6367757180521524,0.33467886061220586,0.6888377748860492,0.41376229032790257,0.6426557111003044,1.0,0.47631862217438103,0.29905508499800876,1.0,0.46340150699677074,0.6796433945672893,0.9650074209384659,0.4054612136396447,0.588594588423327,0.3693448892278275,2021,1.0,0.0,0.014022993290288305,1.0
2021-11-30,0.0233226182698092,0.7188569788175905,0.4510606724182519,0.623410270486613,0.41369512866047686,0.6826534217931514,0.0,0.47631862217438103,0.05953289603070536,0.0,0.46340150699677074,0.6241417718009548,0.7977033604383407,0.4054612136396447,0.10853662090874042,0.3693448892278275,2021,0.0,0.0,0.013808721577440498,2.0
2021-12-01,0.3722437891534581,0.5405275351052995,0.41004495608695546,0.8958933560842561,0.4443797475684449,0.6221243574784704,0.0,0.47631862217438103,0.44628368315986405,1.0,0.46340150699677074,0.5092620348385268,0.06547793042969517,0.4054612136396447,0.8135632855890039,0.3693448892278275,2021,0.0,0.0,0.013714292128453332,3.0
2021-12-02,0.37107685839517096,0.5369411622769746,0.43385163547180516,0.7214395336060044,0.28356807428990066,0.614031745861441,1.0,0.47631862217438103,0.25447839867308947,0.0,0.46340150699677074,0.6887502190449311,0.736950387961433,0.4054612136396447,0.08435222196096685,0.3693448892278275,2021,1.0,0.0,0.013744560589338836,4.0
2021-12-03,0.7104517737049534,0.21672120182601262,0.35171074980559397,0.6298457125015636,0.3766682102597742,0.6616293890087368,1.0,0.47631862217438103,0.848195310023748,0.0,0.46340150699677074,0.1848681595759957,0.17983950118353637,0.4054612136396447,0.3035044166041219,0.3693448892278275,2021,1.0,0.0,0.013875715375199466,0.0
2021-12-06,0.3762027208218843,0.704706582802877,0.38559690300491395,0.8383787331319703,0.4010249974217247,0.8232903316723836,0.0,0.47631862217438103,0.34790330428117905,1.0,0.46340150699677074,0.8110740935340219,0.3955997461392063,0.4054612136396447,0.26655383964459306,0.3693448892278275,2021,0.0,1.0,0.013290559120073323,1.0
2021-12-07,0.767678765023768,0.2660576866054214,0.45176547367142433,0.8052972478604544,0.322129304627418,0.70694259711198,1.0,0.47631862217438103,0.8068074271217829,0.0,0.46340150699677074,0.29260196791759085,0.38741923686455876,0.4054612136396447,0.18474948189686397,0.3693448892278275,2021,1.0,0.0,0.013137190998549828,2.0
2021-12-08,0.3655150909392749,0.6822976595853238,0.3930106151396749,0.8586033299571988,0.46346989796270605,0.7112870036304544,0.0,0.47631862217438103,0.3666447206546934,1.0,0.46340150699677074,0.7706418324460346,0.19088564058469717,0.4054612136396447,0.4191745485812555,0.3693448892278275,2021,0.0,0.0,0.013045429052159278,3.0
2021-12-09,0.3078180809617029,0.7317026120495599,0.5007278594672824,0.6560588863252041,0.29140600654956517,0.7599362998144987,1.0,0.47631862217438103,0.23274327692289587,1.0,0.46340150699677074,0.8385426095811032,0.6235549815730669,0.4054612136396447,0.22446215390430246,0.3693448892278275,2021,1.0,1.0,0.012774589082106312,4.0
2021-12-10,0.48814584135717876,0.26386759283255967,0.3357322470998274,0.6986778567179519,0.26797528873469495,0.6669134449766252,1.0,0.47631862217438103,0.6529699829514478,0.0,0.46340150699677074,0.30673933612139365,0.4214918784701877,0.4054612136396447,0.04055591957788344,0.3693448892278275,2021,1.0,0.0,0.011619063647000362,0.0
2021-12-13,0.5187576704278235,0.5445801370056724,0.3898796519966059,0.7738353038357715,0.287024482764597,0.8509351126400212,0.0,0.47631862217438103,0.6594935979248027,1.0,0.46340150699677074,0.5771864483080503,0.15090131945735483,0.4054612136396447,1.055268537446571,0.3693448892278275,2021,0.0,0.0,0.010756965740033654,1.0
2021-12-14,0.12153681004579983,0.5995980576750716,0.41979034812607224,0.6950229610936408,0.3100920522541662,0.6305455690774117,0.0,0.47631862217438103,0.1120166522146253,1.0,0.46340150699677074,0.708403713387042,0.5285906920806224,0.4054612136396447,0.9122781442472345,0.3693448892278275,2021,0.0,1.0,0.011069478029270625,2.0
2021-12-15,0.760913777192857,0.07107694458274494,0.41784865988378056,0.8213358408836061,0.37685528174628924,0.8712089765831424,1.0,0.47631862217438103,0.6775317016132951,0.0,0.46340150699677074,0.11169519025752993,1.0778031257448297,0.4054612136396447,0.0695971943205439,0.3693448892278275,2021,0.0,0.0,0.011805142988985495,3.0
2021-12-16,0.8570709985769807,0.06157532587565942,0.4550688452946361,0.665835754349773,0.3626479209037738,0.6980969134246038,1.0,0.47631862217438103,0.8563815399813405,0.0,0.46340150699677074,0.0744214249865594,0.7473855285471982,0.4054612136396447,0.1691633691351085,0.3693448892278275,2021,1.0,0.0,0.011236989960394196,4.0
2021-12-17,0.11486508905442452,0.7805880648704321,0.39169484824910866,0.5673489788223415,0.3567729819211149,0.6957574288769036,0.0,0.47631862217438103,0.15809780210690189,1.0,0.46340150699677074,0.7908792283642063,0.3228542914171679,0.4054612136396447,0.46756487025947685,0.3693448892278275,2021,0.0,0.0,0.011148197596795698,0.0
2021-12-20,0.20542772386828326,0.7610308643295698,0.34470676912812553,0.6176460832347244,0.42441499845614883,0.7685809297338398,0.0,0.47631862217438103,0.18985128216479136,1.0,0.46340150699677074,0.7766872897953132,0.5132028580304485,0.4054612136396447,0.32292637465050406,0.3693448892278275,2021,0.0,1.0,0.010271374566142888,1.0
2021-12-21,0.2632055185015446,0.6278069483894687,0.36859455047579787,0.6070492440627422,0.3498050029910362,0.6650156625998985,1.0,0.47631862217438103,0.2762969205356466,0.0,0.46340150699677074,0.6956917932284079,0.8935338465834319,0.4054612136396447,0.1692129721967359,0.3693448892278275,2021,0.0,0.0,0.010009686664744747,2.0
2021-12-22,0.8165367735179476,0.11066013074740734,0.27534332192709066,0.5648675060212728,0.3503559396447276,0.6909331184530129,1.0,0.47631862217438103,0.8359547544546221,0.0,0.46340150699677074,0.10980504352237627,0.40662262326780807,0.4054612136396447,0.2532226877215607,0.3693448892278275,2021,0.0,0.0,0.009832058117824668,3.0
2021-12-23,0.7537897705162212,0.3080271651479012,0.5388140306589143,0.8752637498719849,0.3478933495981909,0.7707730012471173,1.0,0.47631862217438103,0.82605479958287,0.0,0.46340150699677074,0.2612172821935798,0.2992749395783048,0.4054612136396447,0.30277523126926265,0.3693448892278275,2021,0.0,0.0,0.009479200899967127,4.0
2021-12-27,0.8242586193165893,0.3155009487542285,0.546547503952968,0.7898183238297766,0.32736958582149267,0.8689671959537107,1.0,0.47631862217438103,0.8586139740787866,0.0,0.46340150699677074,0.2538369866506996,0.4986993370814814,0.4054612136396447,0.403541159687835,0.3693448892278275,2021,1.0,0.0,0.00939618270714454,1.0
2021-12-28,0.13601731002137504,0.8209432244993689,0.4309756239818539,0.9393812737239403,0.31424083757191135,0.5916000430755304,0.0,0.47631862217438103,0.13655310361039552,1.0,0.46340150699677074,0.8193817662218623,0.08762864944339496,0.4054612136396447,0.9821466078554838,0.3693448892278275,2021,0.0,0.0,0.009414419544975636,2.0
2021-12-29,0.6640553531221813,0.1761435528040879,0.42274023983604847,0.7994308112052173,0.38830795481044456,0.5584600588597357,1.0,0.47631862217438103,0.7058311833658422,0.0,0.46340150699677074,0.18986485402255904,0.737388296339002,0.4054612136396447,0.4779475353127692,0.3693448892278275,2021,0.0,0.0,0.009613093093758813,3.0
2021-12-30,0.750531058033077,0.09614018134957944,0.3410573485311117,0.8099126168297006,0.3690651058458824,0.6876965759272147,1.0,0.47631862217438103,0.7659958401975976,0.0,0.46340150699677074,0.11864391384178817,0.7260131347108806,0.4054612136396447,0.017379465000797883,0.3693448892278275,2021,0.0,0.0,0.00983006412451727,4.0
2021-12-31,0.7942250129046873,0.35372871588305277,0.4165739619431895,0.858851184911479,0.4538851499015128,0.7424507510542324,1.0,0.47631862217438103,0.8407890178022231,1.0,0.46340150699677074,0.21311802118738185,0.37103589743590054,0.4054612136396447,1.5473230769230844,0.3693448892278275,2021,1.0,0.0,0.009539124302518772,0.0
2022-01-03,0.018523214069928465,0.718458731561955,0.43087738689013977,0.6856392977467536,0.2529098292951089,0.8374909429119135,0.0,0.47967863894139884,0.027104927310520558,0.0,0.46313799621928164,0.6657141456881434,0.7999850511996409,0.4006292551142536,0.1444054114657297,0.3661192750756693,2022,0.0,0.0,0.010611003116124595,1.0
2022-01-04,0.7773285325743089,0.20480979080273862,0.31544167648471233,0.5878995907841824,0.3749016972338861,0.7012020323258689,1.0,0.47967863894139884,0.841140283619266,0.0,0.46313799621928164,0.1383613433377917,0.7985521051628915,0.4006292551142536,0.33819775195276147,0.3661192750756693,2022,1.0,0.0,0.01033174161394832,2.0
2022-01-05,0.06039072114976109,0.8552568396229703,0.5044395586227801,0.8486472029340628,0.38742255134434606,0.8861729825259477,0.0,0.47967863894139884,0.10164968217421863,1.0,0.46313799621928164,0.7437835372364223,0.06739198497182329,0.4006292551142536,1.306199123356291,0.3661192750756693,2022,0.0,0.0,0.010082436704615205,3.0
2022-01-06,0.10190578391096815,0.6762963862198185,0.4192992159609539,0.8807254567721104,0.427863480808748,0.7233169947167939,0.0,0.47967863894139884,0.07371405026502915,1.0,0.46313799621928164,0.6866217685960283,0.427880866988925,0.4006292551142536,0.4611726181194482,0.3661192750756693,2022,0.0,1.0,0.010231203175454028,4.0
2022-01-07,0.7541516587587324,0.21479691900284573,0.38079767210413606,0.6899896143571941,0.3677016084634205,0.7742739017317576,1.0,0.47967863894139884,0.8314413283443995,0.0,0.46313799621928164,0.1670654410689604,0.30997325782602514,0.4006292551142536,0.3551203397829196,0.3661192750756693,2022,0.0,0.0,0.010108503020863378,0.0
2022-01-10,0.8150485931005854,0.2629560823517409,0.43031708973955374,0.6776940439068483,0.37035221264044976,0.6746201193346056,1.0,0.47967863894139884,0.893565134287062,0.0,0.46313799621928164,0.1844444547224724,1.2015008781734005,0.4006292551142536,0.08494331789876962,0.3661192750756693,2022,0.0,0.0,0.009932441004821102,1.0
2022-01-11,0.8641279783659942,0.05668915780020789,0.33626643732404377,0.7076484833512388,0.42472336270324484,0.7050162935622708,1.0,0.47967863894139884,0.8208918640094358,0.0,0.46313799621928164,0.07877984338321335,0.36496746203904673,0.4006292551142536,0.35791757049891065,0.3661192750756693,2022,0.0,0.0,0.010124247132652888,2.0
2022-01-12,0.8224511955781856,0.22353687715507659,0.4108608274191712,0.6804223873727032,0.3609976772719061,0.6246833908033383,0.0,0.47967863894139884,0.8420809937085625,1.0,0.46313799621928164,0.22296080084700115,0.11312683197338,0.4006292551142536,0.7563970529984884,0.3661192750756693,2022,0.0,1.0,0.009875444074225028,3.0
2022-01-13,0.7269518272669284,0.2826396122764325,0.3756407961108869,0.7565141999645517,0.4316746782883992,0.7822289520803337,1.0,0.47967863894139884,0.6248145817722546,0.0,0.46313799621928164,0.3696400160287999,0.3679613164872885,0.4006292551142536,0.4383871470909366,0.3661192750756693,2022,1.0,0.0,0.010050393056434095,4.0
2022-01-14,0.25672108400741633,0.710922338863898,0.36943815024946763,0.7011295387919804,0.3284149833338676,0.6689945284881048,0.0,0.47967863894139884,0.24158852410084722,1.0,0.46313799621928164,0.7592165582527818,0.2929970485645193,0.4006292551142536,0.25060370270995863,0.3661192750756693,2022,0.0,1.0,0.010252361591743078,0.0
2022-01-17,0.6487441907300563,0.5637007602666074,0.34650985493657294,0.9064762362183952,0.4769243505298463,0.8359178442988852,0.0,0.47967863894139884,0.714598910281058,1.0,0.46313799621928164,0.48463191523317223,0.20042243604788085,0.4006292551142536,0.7222874129703553,0.3661192750756693,2022,0.0,1.0,0.010039102472982054,1.0
2022-01-18,0.49187520050998274,0.3849951627214182,0.4304498631813717,0.8061757893532217,0.32490025484391555,0.5977437496099005,1.0,0.47967863894139884,0.4021095833943937,0.0,0.46313799621928164,0.5229093488205685,1.6354985844605248,0.4006292551142536,0.18441333752751943,0.3661192750756693,2022,0.0,0.0,0.010016549835801365,2.0
2022-01-19,0.7926469628962868,0.019571111623710256,0.5104059681336791,0.8868099117436681,0.31008365998929016,0.4314448288513358,1.0,0.47967863894139884,0.6988719493902633,0.0,0.46313799621928164,0.040628861447996246,0.3890349230191442,0.4006292551142536,0.24025535110776988,0.3661192750756693,2022,1.0,0.0,0.010335205287526728,3.0
2022-01-20,0.429232834242771,0.6401470484843244,0.393463100476762,0.7847162454817053,0.5156261103300396,0.772958738550465,0.0,0.47967863894139884,0.38634309177584025,1.0,0.46313799621928164,0.7269330948035296,0.19493604014941937,0.4006292551142536,0.5842798384966702,0.3661192750756693,2022,0.0,0.0,0.010290843203756435,4.0
2022-01-21,0.4405975220742234,0.529564976032517,0.35637610475321496,0.8250776154173312,0.42485496659450694,0.7413582277250144,1.0,0.47967863894139884,0.3663042610571688,0.0,0.46313799621928164,0.616688059120566,0.5813443740867041,0.4006292551142536,0.24947231693456037,0.3661192750756693,2022,1.0,0.0,0.009594690906541716,0.0
2022-01-24,0.8019904693272765,0.22033259307181696,0.3341962860649275,0.8179380094159722,0.39532780894461145,0.7228618188338969,1.0,0.47967863894139884,0.8642421711541972,0.0,0.46313799621928164,0.1572348283885447,0.628164491828915,0.4006292551142536,0.4650722430329826,0.3661192750756693,2022,0.0,0.0,0.00941577468806587,1.0
2022-01-25,0.5939716904912618,0.30716247524276774,0.4301439489065218,0.9208685681971958,0.3647790921939369,0.7843257329500894,0.0,0.47967863894139884,0.6208000813811171,1.0,0.46313799621928164,0.23698635161568735,0.11870817573465045,0.4006292551142536,1.9220250218213584,0.3661192750756693,2022,0.0,0.0,0.009299695331482574,2.0
2022-01-26,0.0164557112071215,0.8206771486243595,0.48435892910465783,0.8419282264470165,0.6229765822660128,0.9818190753737585,0.0,0.47967863894139884,0.01934966555701524,1.0,0.46313799621928164,0.5987697525724277,0.15307873418731877,0.4006292551142536,1.5386088830360363,0.3661192750756693,2022,0.0,0.0,0.009838772750616006,3.0
2022-01-27,0.07161406361023655,0.6044889069729034,0.4410512501938489,0.6657017897887876,0.42304870061098077,0.6755650828942633,0.0,0.47967863894139884,0.04843249326456116,1.0,0.46313799621928164,0.6322858434216403,0.1222314611837603,0.4006292551142536,0.8889560813364572,0.3661192750756693,2022,0.0,0.0,0.01051673423960567,4.0
2022-01-28,0.5173813342805262,0.35659318294009074,0.34047781137281075,0.6882544387299203,0.3564973745082216,0.6995378501350883,1.0,0.47967863894139884,0.4973703756425845,0.0,0.46313799621928164,0.3967572327961519,0.4427672029748507,0.4006292551142536,0.2953499502963826,0.3661192750756693,2022,1.0,0.0,0.010830763979385588,0.0
2022-01-31,0.6367273060165299,0.33018269668118794,0.3253859924047731,0.6637140533136769,0.38628174364454626,0.7489394110602953,1.0,0.47967863894139884,0.8243242740856314,0.0,0.46313799621928164,0.23288524987308826,0.6129093606177033,0.4006292551142536,0.08253775056102633,0.3661192750756693,2022,0.0,0.0,0.010449132663565001,1.0
2022-02-01,0.4409577781468336,0.5693108274408286,0.3738780813879954,0.7650957012762426,0.4224344000136306,0.7855693732468122,1.0,0.47967863894139884,0.49655677986792357,1.0,0.46313799621928164,0.6008960245533826,0.5202558635394468,0.4006292551142536,0.353411513859282,0.3661192750756693,2022,1.0,1.0,0.010416493150989145,2.0
2022-02-02,0.6610053361611936,0.23616302836348285,0.41674793285426903,0.6883639786054336,0.45397749287262984,0.7296805907788515,0.0,0.47967863894139884,0.754449439808417,1.0,0.46313799621928164,0.24885155273430154,0.11589139927853029,0.4006292551142536,0.9643440288589402,0.3661192750756693,2022,0.0,1.0,0.010411527124133372,3.0
2022-02-03,0.7063908084529815,0.127726412654344,0.4511116229612384,0.7384006617245433,0.3702357680772498,0.6198078067630853,1.0,0.47967863894139884,0.6933708464516118,0.0,0.46313799621928164,0.20375252493060808,0.5242841204908862,0.4006292551142536,0.6570472294533236,0.3661192750756693,2022,1.0,0.0,0.010642550412601651,4.0
2022-02-04,0.4468277398050818,0.1755616239087282,0.3444996695274143,0.734961829565191,0.36854853262878823,0.6900512019833124,1.0,0.47967863894139884,0.5952636181306792,0.0,0.46313799621928164,0.2408085058217518,0.7829176437149167,0.4006292551142536,0.07013429972287777,0.3661192750756693,2022,0.0,0.0,0.011121103307012924,0.0
2022-02-07,0.7603486988177197,0.2609746238803127,0.35955219859254506,0.6998534697907997,0.39004387668590623,0.6734974926320721,1.0,0.47967863894139884,0.82183283296988,0.0,0.46313799621928164,0.1972488182391455,0.41687961385576944,0.4006292551142536,0.24545712663258692,0.3661192750756693,2022,0.0,0.0,0.011056140835520268,1.0
2022-02-08,0.745027524947158,0.34202520238161227,0.3911669163874736,0.6721562785184786,0.36071995294912124,0.7281556140302058,1.0,0.47967863894139884,0.818173102140455,0.0,0.46313799621928164,0.2656772456643453,0.529481357096521,0.4006292551142536,0.06625195588290263,0.3661192750756693,2022,0.0,0.0,0.010250690668792707,2.0
2022-02-09,0.7722117245559068,0.4341503960816191,0.3563816360620793,0.8011508119938495,0.5036935507056148,0.6463598832647771,1.0,0.47967863894139884,0.8136548054097469,1.0,0.46313799621928164,0.3385707234714205,0.4904100149305091,0.4006292551142536,0.597603460816973,0.3661192750756693,2022,1.0,1.0,0.01018041879984783,3.0
2022-02-10,0.1586011834286838,0.6320148939924664,0.4650306029186224,0.9535723297458941,0.3969834834814882,0.832255117870362,1.0,0.47967863894139884,0.18534332830131803,1.0,0.46313799621928164,0.6686877212477743,2.0341880341880376,0.4006292551142536,0.295996401259553,0.3661192750756693,2022,0.0,1.0,0.010432015917857827,4.0
2022-02-11,0.8256596561834632,0.00904510121607331,0.5025241224384943,0.7393609750563934,0.5217968385937978,0.8598546771750213,1.0,0.47967863894139884,0.49526256967706606,0.0,0.46313799621928164,0.03373330241119064,0.7615161529641826,0.4006292551142536,0.33850408039388,0.3661192750756693,2022,0.0,0.0,0.011400552535040898,0.0
2022-02-14,0.8031658433382679,0.12447262851819897,0.44632210390593496,0.8764485155300185,0.4348282242076686,0.7832024338008959,1.0,0.47967863894139884,0.8038925681327024,1.0,0.46313799621928164,0.12631620783601083,0.3820254595007835,0.4006292551142536,1.2498421245055982,0.3661192750756693,2022,1.0,1.0,0.01148474502774323,1.0
2022-02-15,0.060217522580372294,0.46072179244069233,0.3624238133320304,0.6934747704542483,0.35073705653213333,0.5912666715552316,0.0,0.47967863894139884,0.07222840515918096,0.0,0.46313799621928164,0.523399457876859,0.8873599893641866,0.4006292551142536,0.14610961544852694,0.3661192750756693,2022,0.0,0.0,0.011595479739994845,2.0
2022-02-16,0.7759798168748124,0.19074754049872358,0.24658298326539937,0.696563805009075,0.483723941195771,0.7724166750401472,1.0,0.47967863894139884,0.8087755322556206,0.0,0.46313799621928164,0.13098791687976358,1.5142759562841481,0.4006292551142536,0.0798497267759599,0.3661192750756693,2022,0.0,0.0,0.011187819338115138,3.0
2022-02-17,0.7937718689952934,0.03710209986773891,0.5390000343861578,1.0716433582447717,0.2688125044584216,0.49132087672559327,1.0,0.47967863894139884,0.7615990081620453,0.0,0.46313799621928164,0.05411055584592536,0.18512848907272683,0.4006292551142536,0.5357782627104851,0.3661192750756693,2022,1.0,0.0,0.011552878793922031,4.0
2022-02-18,0.6093121969114899,0.45558219337577444,0.433897349060485,0.7779074003672461,0.43820497308642165,0.7858736470847836,1.0,0.47967863894139884,0.7006020059872178,0.0,0.46313799621928164,0.38808506987480257,0.5073252949565705,0.4006292551142536,0.42972902891222803,0.3661192750756693,2022,0.0,0.0,0.011616777379741183,0.0
2022-02-21,0.7799930660478217,0.28312498576814366,0.41213077908607415,0.7331418474512613,0.5050267147085017,0.8463381810946708,1.0,0.47967863894139884,0.773836258536893,0.0,0.46313799621928164,0.2105424915852813,0.4433266900762393,0.4006292551142536,0.5611337825440549,0.3661192750756693,2022,1.0,0.0,0.011858743980780503,1.0
2022-02-22,0.18980648681701703,0.7140974867386015,0.35961385019990105,0.8092528005735851,0.3738768463159844,0.7446895366634247,0.0,0.47967863894139884,0.25824561885895864,1.0,0.46313799621928164,0.6317325318591196,0.5245657568238188,0.4006292551142536,0.38126550868487263,0.3661192750756693,2022,0.0,1.0,0.012130643721789843,2.0
2022-02-23,0.8262581901093441,0.18825004544389096,0.30105134862984095,0.9952730497370822,0.46428444915627687,0.8553339337370339,1.0,0.47967863894139884,0.8617096045747963,1.0,0.46313799621928164,0.13796809921874495,2.8321669659998765,0.4006292551142536,1.3456369604260854,0.3661192750756693,2022,1.0,1.0,0.01208349110893924,3.0
2022-02-24,0.00029394088660463543,0.34183006301903635,0.5756939030728611,0.9427427198563907,0.528680362231995,1.0939936958162342,0.0,0.47967863894139884,0.006328567753154742,0.0,0.46313799621928164,0.07999474325437188,0.6191316625485344,0.4006292551142536,0.7349099894105252,0.3661192750756693,2022,0.0,0.0,0.014879826883482487,4.0
2022-02-25,0.06121427521324283,0.8175654826279052,0.5498857227122261,0.6685712275660325,0.3740275367037863,0.7523116086228304,1.0,0.47967863894139884,0.09049574875366134,0.0,0.46313799621928164,0.698902308653906,1.408611157647847,0.4006292551142536,0.0,0.3661192750756693,2022,1.0,0.0,0.015802459984221355,0.0
2022-02-28,0.14219869032614774,0.5522338369329063,0.37377599709702747,0.7198942635505717,0.45555554042839574,0.9275164924218625,1.0,0.47967863894139884,0.36021532885895424,0.0,0.46313799621928164,0.3592188495660323,1.3036234155954658,0.4006292551142536,0.22698974336005776,0.3661192750756693,2022,0.0,0.0,0.016712101546582345,1.0
2022-03-01,0.7765000819361566,0.04322040288181423,0.276895612329989,0.5747160941271178,0.4192121446844318,0.6361945525269147,0.0,0.47967863894139884,0.7558410213400699,0.0,0.46313799621928164,0.07242020292130602,0.08500444022221924,0.4006292551142536,0.9107618595237608,0.3661192750756693,2022,0.0,0.0,0.017782774055461123,2.0
2022-03-02,0.5076537495170054,0.4229057647349096,0.5678281985786234,0.8138259008644398,0.39725490515632905,0.70384939838292,0.0,0.47967863894139884,0.35193585895111834,0.0,0.46313799621928164,0.5417503248369929,0.35677736530550946,0.4006292551142536,0.18513093207584802,0.3661192750756693,2022,0.0,0.0,0.01845780390838025,3.0
2022-03-03,0.8150621824761226,0.4589345320728207,0.389164187426677,0.7219179077575568,0.3571797629833847,0.7183763637338367,1.0,0.47967863894139884,0.8189989830088468,0.0,0.46313799621928164,0.34593073733288143,1.0182571211224702,0.4006292551142536,0.19436226861635172,0.3661192750756693,2022,0.0,0.0,0.017458440102911976,4.0
2022-03-04,0.8909350755900772,0.06252231323835829,0.4305817765423597,0.9356319969338054,0.36718648210764104,0.4840785259135071,1.0,0.47967863894139884,0.8703262765148473,0.0,0.46313799621928164,0.06945341000693854,0.9114130324078799,0.4006292551142536,0.2737661173690724,0.3661192750756693,2022,0.0,0.0,0.017795159026585627,0.0
2022-03-07,0.7540686227144108,0.1157567117878451,0.5200039179480778,0.7219073427001954,0.46392913066934593,0.8496557327297821,1.0,0.47967863894139884,0.7913011172855335,0.0,0.46313799621928164,0.11016372578892249,2.0537573881227136,0.4006292551142536,0.4649591894173931,0.3661192750756693,2022,0.0,0.0,0.017787323090478556,1.0
2022-03-08,0.559865878424432,0.011484348597459372,0.4787991968536734,1.085173137000023,0.6056101874191796,1.0839078907738233,0.0,0.47967863894139884,0.3643518955340116,1.0,0.46313799621928164,0.03872272547434244,0.23428369045511566,0.4006292551142536,1.825925270054893,0.3661192750756693,2022,0.0,1.0,0.019678453992074258,2.0
2022-03-09,0.024934462560742922,0.6228775894582533,0.5118082073367581,0.6676870130863398,0.35450727327070686,0.7774067131163582,0.0,0.47967863894139884,0.03067558461079936,1.0,0.46313799621928164,0.5416626079008738,0.3978127136021879,0.4006292551142536,0.4818865345181153,0.3661192750756693,2022,0.0,1.0,0.022036672557840628,3.0
2022-03-10,0.583069140245247,0.33474305033723306,0.358287292858368,0.6126577256321459,0.41857260349451586,0.820694251747606,0.0,0.47967863894139884,0.6827030431640723,1.0,0.46313799621928164,0.32567912589470044,0.05052882653861742,0.4006292551142536,0.8352634717383839,0.3661192750756693,2022,0.0,1.0,0.022797699838513624,4.0
2022-03-11,0.5836496368855953,0.28716703900251894,0.48824965781820273,0.649701421145407,0.35697264795601835,0.6230973076745504,0.0,0.47967863894139884,0.6995006994850452,1.0,0.46313799621928164,0.29979546862851997,0.03729468893184964,0.4006292551142536,0.8200569314843283,0.3661192750756693,2022,0.0,0.0,0.023602218916840938,0.0
2022-03-14,0.12629335818908846,0.8254482392392872,0.4291619597429175,0.6921910954500882,0.24678089575824028,0.5437938685203693,0.0,0.47967863894139884,0.10151288379736136,1.0,0.46313799621928164,0.8751290326794477,0.08468746293441189,0.4006292551142536,0.903540505278139,0.3661192750756693,2022,0.0,0.0,0.02469926064809561,1.0
2022-03-15,0.17736255275401616,0.6822718490238479,0.43750442031825254,0.7448569994501756,0.2653670055402251,0.582268357609757,0.0,0.47967863894139884,0.18026188168997512,1.0,0.46313799621928164,0.7366141832655523,0.23418849735464847,0.4006292551142536,0.4524050596808479,0.3661192750756693,2022,0.0,1.0,0.026118713637616506,2.0
2022-03-16,0.8571074314900976,0.1682512976745157,0.45689232637401217,0.9033746666292787,0.2658308943545585,0.6432302775078985,1.0,0.47967863894139884,0.8656436611408387,0.0,0.46313799621928164,0.18780042057741397,0.5164176769651915,0.4006292551142536,0.06438795463433825,0.3661192750756693,2022,0.0,0.0,0.02370519745493141,3.0
2022-03-17,0.7124645561922391,0.35375405605293575,0.3574665708684486,0.7207086790657918,0.3883508176206317,0.5892779873158784,0.0,0.47967863894139884,0.814806291594649,1.0,0.46313799621928164,0.3405608747531124,0.06270222023875807,0.4006292551142536,0.5480307932611832,0.3661192750756693,2022,0.0,0.0,0.023070903839916827,4.0
2022-03-18,0.2544107119191995,0.7660737867112832,0.3592339474973921,0.6928289749951544,0.21937472219727105,0.5590942376320448,0.0,0.47967863894139884,0.1884362385200019,0.0,0.46313799621928164,0.8678615833022895,0.4750138721154148,0.4006292551142536,0.056435029539446346,0.3661192750756693,2022,0.0,0.0,0.02279052017909868,0.0
2022-03-21,0.8115248221243659,0.369259722602135,0.33021563288287586,0.7158780978612915,0.34022584252021865,0.6974785379716663,0.0,0.47967863894139884,0.8461949077914371,1.0,0.46313799621928164,0.31804528711550084,0.06222963997411654,0.4006292551142536,0.5991689090227835,0.3661192750756693,2022,0.0,1.0,0.02166653505913854,1.0
2022-03-22,0.4659484003362779,0.523544549984198,0.38632803881752936,0.6713819687132436,0.17893664896242162,0.6154641184523911,1.0,0.47967863894139884,0.42696677850585907,0.0,0.46313799621928164,0.6694822979133804,0.6523911245865529,0.4006292551142536,0.1396430540242548,0.3661192750756693,2022,0.0,0.0,0.02158028924903956,2.0
2022-03-23,0.8606365921653858,0.12881426928995304,0.48047847034890323,0.7432941250057454,0.15255380159539275,0.4619225789831607,1.0,0.47967863894139884,0.8622495798948272,0.0,0.46313799621928164,0.18644881216045778,0.519435045368083,0.4006292551142536,0.1588471962695487,0.3661192750756693,2022,0.0,0.0,0.02182548867887512,3.0
2022-03-24,0.7285470708960992,0.29832665643602374,0.37181034369798377,0.5786241914425364,0.2559916458590021,0.6784072881212914,0.0,0.47967863894139884,0.7715413589432963,0.0,0.46313799621928164,0.3321761116442727,0.16025574920078547,0.4006292551142536,0.347461414183076,0.3661192750756693,2022,0.0,0.0,0.02122934788954408,4.0
2022-03-25,0.7647979241437355,0.3890871652904766,0.3165189918966499,0.6069968462242615,0.22439475727451322,0.6111405497124428,0.0,0.47967863894139884,0.7925285146119604,1.0,0.46313799621928164,0.4076780036125673,0.022944278181560855,0.4006292551142536,1.0227661393758,0.3661192750756693,2022,0.0,0.0,0.02047904086760859,0.0
2022-03-28,0.09224914298259529,0.7647342457753734,0.4326932790431991,0.84817511234321,0.33386067682190423,0.7498302603559422,0.0,0.47967863894139884,0.091777230996942,1.0,0.46313799621928164,0.7672018777285692,0.17929155313351272,0.4006292551142536,0.8912806539509532,0.3661192750756693,2022,0.0,1.0,0.019087244831621407,1.0
2022-03-29,0.6149284798532679,0.12711129042078614,0.37507995384189907,0.7118654649749745,0.3172959235285351,0.4730850349490865,1.0,0.47967863894139884,0.6112632401075337,0.0,0.46313799621928164,0.2075715062594726,0.5671610034256028,0.4006292551142536,0.1069384454988378,0.3661192750756693,2022,0.0,0.0,0.017489574875207393,2.0
2022-03-30,0.7256113162417083,0.2779408995960962,0.3254112258803182,0.6361855975362147,0.37252582622277153,0.6548113401260081,1.0,0.47967863894139884,0.7963084029616013,0.0,0.46313799621928164,0.3011219233487683,0.5322349727979552,0.4006292551142536,0.4125900310565876,0.3661192750756693,2022,1.0,0.0,0.016781001663278523,3.0
2022-03-31,0.49700215423261623,0.33987203276155914,0.42779717690210417,0.7872346254835506,0.26444607390098274,0.6021128337948158,0.0,0.47967863894139884,0.5579948155405147,1.0,0.46313799621928164,0.3634766546183624,0.07656471541422111,0.4006292551142536,0.5995993968446861,0.3661192750756693,2022,0.0,1.0,0.016384634956690416,4.0
2022-04-01,0.4387330670371039,0.616346576097616,0.35529134232750836,0.6791733417218621,0.26993759777718684,0.6453396529099228,0.0,0.47967863894139884,0.3204807172635123,1.0,0.46313799621928164,0.7345676404114719,0.41253877244101733,0.4006292551142536,0.2911457843782278,0.3661192750756693,2022,0.0,1.0,0.0157964677322366,0.0
2022-04-04,0.7455170370107633,0.24261281300788415,0.40245138971710676,0.7028206830890038,0.38187931463183156,0.7686912441593013,1.0,0.47967863894139884,0.8178998513398289,0.0,0.46313799621928164,0.24621508914511114,0.41788951770421434,0.4006292551142536,0.513597435769014,0.3661192750756693,2022,1.0,0.0,0.01475946296163516,1.0
2022-04-05,0.15951498392763644,0.6687537088188575,0.4084738599046043,0.6751385952587443,0.28839172354180637,0.6578078120999095,0.0,0.47967863894139884,0.18856076036547095,1.0,0.46313799621928164,0.7309630784872337,0.3604413567633893,0.4006292551142536,0.2978647323252937,0.3661192750756693,2022,0.0,1.0,0.01454003113598821,2.0
2022-04-06,0.6062134862944154,0.4756457147350394,0.4479239010910595,0.9344630581035891,0.4024493436964278,0.7644972061821388,1.0,0.47967863894139884,0.6291236123372164,0.0,0.46313799621928164,0.49268299251894127,0.4630030515635942,0.4006292551142536,0.1690618398059558,0.3661192750756693,2022,1.0,0.0,0.014225607652093903,3.0
2022-04-07,0.6238119441059443,0.41732000269951847,0.44211594559274203,0.8539491505111954,0.47643060412573973,0.9051633458391352,1.0,0.47967863894139884,0.7270164423636232,0.0,0.46313799621928164,0.40920937007964275,0.6247221106200644,0.4006292551142536,0.14586848801392313,0.3661192750756693,2022,0.0,0.0,0.013806668915080948,4.0
2022-04-08,0.8897368663272403,0.15983779809047852,0.4397984703478466,0.7601562444073209,0.24704843724943473,0.5284583582108653,1.0,0.47967863894139884,0.9071675113753829,0.0,0.46313799621928164,0.13214466502673303,0.8272177854521855,0.4006292551142536,0.2904705374487393,0.3661192750756693,2022,0.0,0.0,0.013592868218418881,0.0
2022-04-11,0.48281269858227266,0.29793807305301423,0.36924845776127097,0.7988740491261774,0.30042138738931806,0.6642726022991973,1.0,0.47967863894139884,0.3864828272724396,0.0,0.46313799621928164,0.41990999479342217,0.9403742382345828,0.4006292551142536,0.1510913044645487,0.3661192750756693,2022,1.0,0.0,0.013619179244179245,1.0
2022-04-12,0.3948007702327636,0.3157671763701283,0.34937685912798316,0.7547176253880445,0.3282477940798686,0.63405409870457,1.0,0.47967863894139884,0.5379034845336306,0.0,0.46313799621928164,0.3011254101747486,0.5692044807290684,0.4006292551142536,0.1385988228593162,0.3661192750756693,2022,1.0,0.0,0.01339174476610848,2.0
2022-04-13,0.7330051218540192,0.3543332225797518,0.49664093609271165,0.8127675995443312,0.4106661026695114,0.7263958587777546,0.0,0.47967863894139884,0.8393186449838793,1.0,0.46313799621928164,0.23391322457229918,0.08902524055222324,0.4006292551142536,0.68682192162878,0.3661192750756693,2022,0.0,1.0,0.012947520922587141,3.0
2022-04-14,0.7225038382895056,0.3248284416668421,0.43544847743488685,0.8406427760617821,0.42508933712802605,0.746209226025961,1.0,0.47967863894139884,0.6559133918859066,0.0,0.46313799621928164,0.3908473158879225,0.9802977723049368,0.4006292551142536,0.11048919735810797,0.3661192750756693,2022,1.0,0.0,0.012933836613486335,4.0
2022-04-18,0.11879937698723272,0.7313365000039932,0.35580168984196003,0.6673428394346989,0.4223113225740863,0.6751838502566213,0.0,0.47967863894139884,0.23458175705677972,1.0,0.46313799621928164,0.567238141837039,0.13705095708417633,0.4006292551142536,1.4214957899950451,0.3661192750756693,2022,0.0,0.0,0.012390921050161501,1.0
2022-04-19,0.04422611311493879,0.7654549703104374,0.46554640133676745,0.7305686831341324,0.46974979990151916,0.8105153332374371,0.0,0.47967863894139884,0.04970604881462948,1.0,0.46313799621928164,0.6511846842109412,0.33716206342247623,0.4006292551142536,0.4402747333041065,0.3661192750756693,2022,0.0,1.0,0.012532838491033779,2.0
2022-04-20,0.8560203801900594,0.20551105941059886,0.4290660219290655,0.8028561962461401,0.3735033595441865,0.7547495108828233,0.0,0.47967863894139884,0.8867478224518015,1.0,0.46313799621928164,0.1512551769447521,0.0,0.4006292551142536,0.8560794044665038,0.3661192750756693,2022,0.0,1.0,0.012353058378162972,3.0
2022-04-21,0.7984047580799969,0.2135654136727252,0.401989984119463,0.8331423880690375,0.3828178532134407,0.6599921036430435,0.0,0.47967863894139884,0.6538780937108831,1.0,0.46313799621928164,0.32651340819880453,0.18960374946739764,0.4006292551142536,1.0502769492969797,0.3661192750756693,2022,0.0,0.0,0.012028926827018177,4.0
2022-04-22,0.10241111111339257,0.6990302568388085,0.31034900749290395,0.5829696514665138,0.391242628037071,0.6730149869451271,0.0,0.47967863894139884,0.09912989113966662,1.0,0.46313799621928164,0.7177474668302549,0.12491820831598373,0.4006292551142536,1.6672416869906614,0.3661192750756693,2022,0.0,0.0,0.01243371177101437,0.0
2022-04-25,0.039834717663569406,0.6539917357989604,0.39898951419754486,0.6683325813015748,0.387201941053766,0.6591650318901336,0.0,0.47967863894139884,0.03634436675667542,0.0,0.46313799621928164,0.6418023276667438,0.5249951099561326,0.4006292551142536,0.0825439405370627,0.3661192750756693,2022,0.0,0.0,0.013469497442876854,1.0
2022-04-26,0.6596451482307727,0.5339683734081019,0.36928119254967723,0.7919480406439384,0.4734928798627689,0.7850881154782936,0.0,0.47967863894139884,0.713139874506327,1.0,0.46313799621928164,0.4403329214630748,0.07911657007756115,0.4006292551142536,0.9570683043566035,0.3661192750756693,2022,0.0,0.0,0.013004226382948078,2.0
2022-04-27,0.19012522452619163,0.6628278007113415,0.36018374354221333,0.6218081312552229,0.26553448720671186,0.7364483110962141,0.0,0.47967863894139884,0.13394360098494854,1.0,0.46313799621928164,0.7625162336257719,0.4321500183569178,0.4006292551142536,0.5416701968426129,0.3661192750756693,2022,0.0,1.0,0.013412103733298777,3.0
2022-04-28,0.861402309682042,0.08377849978202044,0.36542271992136355,0.6982247291974832,0.30615998396578736,0.5991703576212535,1.0,0.47967863894139884,0.8340694380700042,0.0,0.46313799621928164,0.14424682124327368,0.9831493317838423,0.4006292551142536,0.07708696494286306,0.3661192750756693,2022,1.0,0.0,0.013626718185849112,4.0
2022-04-29,0.08882597402389746,0.7577812563931569,0.463876140556656,0.712960817708896,0.34610298493035097,0.8458785858116995,0.0,0.47967863894139884,0.15747865272844874,1.0,0.46313799621928164,0.7260973435983563,0.13458979442196323,0.4006292551142536,1.593786492138061,0.3661192750756693,2022,0.0,0.0,0.013870024129314436,0.0
2022-05-02,0.036724965370134435,0.6381274386893387,0.37416293741180306,0.6252894288073106,0.3466235485382574,0.5918907159955602,0.0,0.47967863894139884,0.045613371882798695,1.0,0.46313799621928164,0.609786216940839,0.556573808903931,0.4006292551142536,0.45378807602186305,0.3661192750756693,2022,0.0,1.0,0.01472797533092889,1.0
2022-05-03,0.5189736508662223,0.24726722785632263,0.3895755927950683,0.8125316940263434,0.3474632626939586,0.628063665901211,1.0,0.47967863894139884,0.5957574246672892,0.0,0.46313799621928164,0.30323214350073013,0.7911071633836718,0.4006292551142536,0.24431788494696124,0.3661192750756693,2022,0.0,0.0,0.014636112249704798,2.0
2022-05-04,0.7323765233596606,0.19067252590462452,0.5017311547142376,0.9181550355837189,0.3144292552114898,0.7103743996245994,1.0,0.47967863894139884,0.67676721913297,0.0,0.46313799621928164,0.24506228021807971,1.020970824308835,0.4006292551142536,0.3082176073385104,0.3661192750756693,2022,1.0,0.0,0.014901915814143147,3.0
2022-05-05,0.05258817299992208,0.6618187994698901,0.4862922489818424,0.7514438843287055,0.27294014672190064,0.6301512619348699,0.0,0.47967863894139884,0.09762039281539872,1.0,0.46313799621928164,0.6949102275484363,0.5277669334374413,0.4006292551142536,0.3767811829006437,0.3661192750756693,2022,0.0,1.0,0.015596648684194482,4.0
2022-05-06,0.5555794571180117,0.28034342199064627,0.3980837691506284,0.7363423050305247,0.3767097021662835,0.5658039336234422,0.0,0.47967863894139884,0.6572496480996038,1.0,0.46313799621928164,0.3146059178702022,0.07882882882882736,0.4006292551142536,1.0868096357226815,0.3661192750756693,2022,0.0,0.0,0.015491904372533862,0.0
2022-05-09,0.0644176371221812,0.7881275031005702,0.41845917177171565,0.6402624422378748,0.2775214208053641,0.5047556349597376,0.0,0.47967863894139884,0.06366667873294317,1.0,0.46313799621928164,0.8105613910279996,0.4058573266053245,0.4006292551142536,0.6354506777481009,0.3661192750756693,2022,0.0,0.0,0.015578026151416792,1.0
2022-05-10,0.07633325801250629,0.8158343646455657,0.4800839110316471,0.5629599403700172,0.2905065373088415,0.6053467007528462,0.0,0.47967863894139884,0.11104677579455675,1.0,0.46313799621928164,0.79906330344475,0.6714337305886555,0.4006292551142536,0.2066209221138837,0.3661192750756693,2022,0.0,1.0,0.0161399753791058,2.0
2022-05-11,0.7150738898356934,0.14583396396406384,0.3689091504473258,0.7597511047276873,0.30472478717187784,0.5657272006887931,1.0,0.47967863894139884,0.7889509657685683,1.0,0.46313799621928164,0.22076074569555787,0.210316139767053,0.4006292551142536,1.0386023294509172,0.3661192750756693,2022,1.0,0.0,0.016221847941093895,3.0
2022-05-12,0.040802163313695655,0.7536691031509747,0.47290013566577355,0.6341725603938531,0.31536082228512563,0.5933873305511737,0.0,0.47967863894139884,0.05114958172591301,1.0,0.46313799621928164,0.8234088704255015,0.22575909398084754,0.4006292551142536,0.7438305408617427,0.3661192750756693,2022,0.0,0.0,0.01682454997181074,4.0
2022-05-13,0.25331509885139386,0.5046570268087225,0.2619034748003437,0.5934898072884472,0.4415830325545538,0.622922399294432,0.0,0.47967863894139884,0.3286501387073917,1.0,0.46313799621928164,0.5443508486744819,0.522209663067274,0.4006292551142536,0.8285996007791993,0.3661192750756693,2022,0.0,1.0,0.01639682355659764,0.0
2022-05-16,0.8068286718702237,0.029137770389763454,0.38508697819754745,0.6924125376054351,0.33305622990942485,0.5305349989721094,1.0,0.47967863894139884,0.767663528473083,0.0,0.46313799621928164,0.09310832300394627,0.3871934604904581,0.4006292551142536,0.3499999999999998,0.3661192750756693,2022,1.0,0.0,0.017247280733565535,1.0
2022-05-17,0.14451603066296098,0.7606601395640342,0.41746641558086656,0.5625877988763386,0.3076034048098466,0.5877373280413842,0.0,0.47967863894139884,0.17521408800322397,1.0,0.46313799621928164,0.8400087311313766,0.31074168797954077,0.4006292551142536,0.24552429667519407,0.3661192750756693,2022,0.0,1.0,0.01723415977961431,2.0
2022-05-18,0.5791646906737147,0.44390109230572133,0.3944160671511233,0.5933048791277058,0.3580907573559869,0.6104523579107087,1.0,0.47967863894139884,0.6444396715058566,0.0,0.46313799621928164,0.5503794332198686,1.0632705658362185,0.4006292551142536,0.1823585409459283,0.3661192750756693,2022,0.0,0.0,0.016936002680252468,3.0
2022-05-19,0.6764656666289387,0.06150955212803542,0.3215302996966628,0.5988523460646337,0.3482864042138468,0.5188265807599279,1.0,0.47967863894139884,0.7357474929083722,0.0,0.46313799621928164,0.12705605573034182,0.23267819943845414,0.4006292551142536,0.30780726383479884,0.3661192750756693,2022,1.0,0.0,0.01712551602618539,4.0
2022-05-20,0.7567933063335274,0.29272566328076244,0.41490501797948115,0.6693123026367785,0.3498534760397364,0.5797130367438266,1.0,0.47967863894139884,0.8579272330652351,0.0,0.46313799621928164,0.2839300923432343,0.6467584638095056,0.4006292551142536,0.096556397163804,0.3661192750756693,2022,0.0,0.0,0.015986366924704728,0.0
2022-05-23,0.5112651682454352,0.5526189474120983,0.36185206228414557,0.6020938857554389,0.3484916309934411,0.5804528850111134,1.0,0.47967863894139884,0.5239613778225866,0.0,0.46313799621928164,0.5381714103013459,0.5569763161124073,0.4006292551142536,0.1425941833353816,0.3661192750756693,2022,0.0,0.0,0.01570220798209383,1.0
2022-05-24,0.7594118168988688,0.30385535038555495,0.28573670568236426,0.5727660498203357,0.3517755175213406,0.7456840255810687,0.0,0.47967863894139884,0.8550339535091724,1.0,0.46313799621928164,0.22134725778545675,0.05747183979974516,0.4006292551142536,0.853667083854822,0.3661192750756693,2022,0.0,1.0,0.015289173963627473,2.0
2022-05-25,0.5319132786569843,0.42879305474617896,0.3940494042280352,0.791122304733564,0.30709730751118774,0.5455346467955311,0.0,0.47967863894139884,0.3510460113847071,1.0,0.46313799621928164,0.5627236832732854,0.04219039769214356,0.4006292551142536,0.4374098495775843,0.3661192750756693,2022,0.0,1.0,0.014964562079189161,3.0
2022-05-26,0.7949575036739404,0.38479794990886695,0.476397422486033,0.7665466834546444,0.3163493906350877,0.5795260545733488,1.0,0.47967863894139884,0.8095070172105291,0.0,0.46313799621928164,0.4024002230671311,0.42067935796939043,0.4006292551142536,0.10115714818962425,0.3661192750756693,2022,1.0,0.0,0.014475760261093235,4.0
2022-05-27,0.38839805765198415,0.6517661737991802,0.3438173301052942,0.727511466603931,0.258555882859956,0.7000907001654929,1.0,0.47967863894139884,0.4821638888912035,0.0,0.46313799621928164,0.701173626263672,0.4392868208320458,0.4006292551142536,0.1849421175675225,0.3661192750756693,2022,1.0,0.0,0.013686784925916433,0.0
2022-05-30,0.4262330152286307,0.602954304504882,0.3604119658543329,0.6830295588806262,0.30645267182706776,0.7382858058411428,0.0,0.47967863894139884,0.5433131290659294,1.0,0.46313799621928164,0.5884175114595052,0.07558907244930556,0.4006292551142536,0.8306581765896893,0.3661192750756693,2022,0.0,0.0,0.013120822139110984,1.0
2022-05-31,0.16465378094972605,0.8165677059809467,0.47710727249248225,0.7243689255799587,0.3375577819065097,0.5862998869969437,0.0,0.47967863894139884,0.12311808018391308,1.0,0.46313799621928164,0.8213408564831,0.5220902612826672,0.4006292551142536,0.37036817102137143,0.3661192750756693,2022,0.0,1.0,0.013093248968440148,2.0
2022-06-01,0.7530192662074722,0.17067639528588943,0.41984304131339256,0.7635088862863281,0.22388670859004042,0.6475742237946196,1.0,0.47967863894139884,0.7927811448974226,0.0,0.46313799621928164,0.18525782864038443,1.0589262330859874,0.4006292551142536,0.09515495416848808,0.3661192750756693,2022,0.0,0.0,0.012409138672530911,3.0
2022-06-02,0.8401906648702031,0.08615339466107814,0.45528718354749814,0.7443403637201502,0.2592946118345081,0.6160920428069632,1.0,0.47967863894139884,0.8346492626014862,0.0,0.46313799621928164,0.0889576060513056,0.2451962451962426,0.4006292551142536,0.933156933156936,0.3661192750756693,2022,1.0,0.0,0.012135720058075313,4.0
2022-06-03,0.0760156909739248,0.7705156295306549,0.3776371045355853,0.5908563603289841,0.4082824575412758,0.7090259901605285,0.0,0.47967863894139884,0.08320278741045216,1.0,0.46313799621928164,0.7424360695424175,0.3190817601789148,0.4006292551142536,0.4687232783003277,0.3661192750756693,2022,0.0,0.0,0.011734376869314878,0.0
2022-06-06,0.17659009809190698,0.8152543424724168,0.3709219253600079,0.6194283679848622,0.39238713377200446,0.6456319380806615,0.0,0.47967863894139884,0.13034181355479088,1.0,0.46313799621928164,0.8576024129800419,0.6629303980132842,0.4006292551142536,0.21471239680515153,0.3661192750756693,2022,0.0,1.0,0.01155843803214083,1.0
2022-06-07,0.7681522589792928,0.22279388369271608,0.3509467164940344,0.7633529240645306,0.3800821038941177,0.6690421434173063,1.0,0.47967863894139884,0.815043160399912,0.0,0.46313799621928164,0.19326653235954294,0.34384815879169256,0.4006292551142536,0.3602218806389115,0.3661192750756693,2022,1.0,0.0,0.011540217615972901,2.0
2022-06-08,0.49801861478885695,0.5330294888506191,0.36212219162618187,0.7972430590076971,0.45461925535604275,0.7602610868046018,0.0,0.47967863894139884,0.6130812423398143,1.0,0.46313799621928164,0.44549034645166746,0.10855465777744923,0.4006292551142536,0.6670531540997907,0.3661192750756693,2022,0.0,1.0,0.010637699213552612,3.0
2022-06-09,0.6148263922815245,0.4458937166319753,0.4391565933610725,0.904079422659842,0.4055745510154818,0.7026216752870701,1.0,0.47967863894139884,0.5261717536282375,1.0,0.46313799621928164,0.5099013843011817,1.4212886992670344,0.4006292551142536,1.1726652809685314,0.3661192750756693,2022,0.0,1.0,0.010599432439682222,4.0
2022-06-10,0.6561954905676396,0.0031918986654674675,0.31692673057917226,0.7634853348067131,0.499576607892601,0.80937906257438,1.0,0.47967863894139884,0.4266008559887602,1.0,0.46313799621928164,0.02152632577460695,0.34734411085450273,0.4006292551142536,2.4133949191685917,0.3661192750756693,2022,1.0,0.0,0.011569744450263457,0.0
2022-06-13,0.001405830762278292,0.8287230883829455,0.5412629815247623,0.7918727691602172,0.3059974681087972,0.7561435093654449,0.0,0.47967863894139884,0.004483411987330823,1.0,0.46313799621928164,0.5958402711217085,0.5023502963417116,0.4006292551142536,0.5804210096055612,0.3661192750756693,2022,0.0,0.0,0.013447849388484256,1.0
2022-06-14,0.08103306076688979,0.8233962365979809,0.3692316801195171,0.6398129162489812,0.41571153244279957,0.6508547356328729,1.0,0.47967863894139884,0.1138847584367922,0.0,0.46313799621928164,0.7636931657885849,1.3714285714285688,0.4006292551142536,0.03959183673469502,0.3661192750756693,2022,0.0,0.0,0.013549236265498657,2.0
2022-06-15,0.6871899674991837,0.09345123274828142,0.4592135306283956,0.9500416512895712,0.3761038735242016,0.6738923165248014,1.0,0.47967863894139884,0.6707327555777243,0.0,0.46313799621928164,0.12517977953725953,0.9189337579268075,0.4006292551142536,0.6798803085623327,0.3661192750756693,2022,0.0,0.0,0.014190041455629378,3.0
2022-06-16,0.8185306474993794,0.016803249796218184,0.4085345381258153,0.7674138446603678,0.3627394660335937,0.5144743852526642,0.0,0.47967863894139884,0.7773057652916603,0.0,0.46313799621928164,0.05318802391076863,0.02322080175558983,0.4006292551142536,0.8163004924851418,0.3661192750756693,2022,0.0,0.0,0.01507661222687128,4.0
2022-06-17,0.3504524459744414,0.6410616112323843,0.5147814552213148,0.7200007196557027,0.32335099141511175,0.7549581831138957,0.0,0.47967863894139884,0.2446805372877314,0.0,0.46313799621928164,0.7365753637115705,0.21443587946741047,0.4006292551142536,0.19236159775753373,0.3661192750756693,2022,0.0,0.0,0.015510953863879684,0.0
2022-06-20,0.5094275374105123,0.7584624908044346,0.4462495429805711,0.8030390933291826,0.40631061996597023,0.7461774136960116,0.0,0.47967863894139884,0.3868203889671031,1.0,0.46313799621928164,0.8269291232564547,0.23710518876409997,0.4006292551142536,0.305826116008327,0.3661192750756693,2022,0.0,0.0,0.015129787768477801,1.0
2022-06-21,0.38681349080384886,0.7426229694559351,0.3287405688854434,0.8170244770394594,0.4143637799712353,0.7074057346280707,1.0,0.47967863894139884,0.4066170186055056,1.0,0.46313799621928164,0.753382029408106,0.5443001593812834,0.4006292551142536,0.35079560003135113,0.3661192750756693,2022,1.0,1.0,0.01491451422710525,2.0
2022-06-22,0.5070586844213979,0.27184101826806156,0.3971294038014195,0.7460757306703266,0.35045763586731454,0.5869607318031065,0.0,0.47967863894139884,0.5929431830027178,1.0,0.46313799621928164,0.3755806420882895,0.30297300136569055,0.4006292551142536,0.5647652064292441,0.3661192750756693,2022,0.0,0.0,0.014798427968235977,3.0
2022-06-23,0.13691582166458757,0.7764322287559897,0.5550846604892435,0.6341517552562324,0.26765796742269043,0.4813949209875107,0.0,0.47967863894139884,0.09690257900761154,1.0,0.46313799621928164,0.8696627900045649,0.3418070119690728,0.4006292551142536,0.2120538078593384,0.3661192750756693,2022,0.0,1.0,0.014800218217389638,4.0
2022-06-24,0.6640916815871671,0.46023139789241635,0.3804183137595642,0.6905321414670643,0.3734830929070361,0.6590802214598048,1.0,0.47967863894139884,0.7709206958909502,0.0,0.46313799621928164,0.41746086360060103,0.5279782672383986,0.4006292551142536,0.22595680080965028,0.3661192750756693,2022,1.0,0.0,0.014681099477381453,0.0
2022-06-27,0.13355835282104103,0.7902240004388248,0.3918529927719096,0.5930225902627486,0.2212754803167224,0.7379055366018765,0.0,0.47967863894139884,0.18130267758456511,1.0,0.46313799621928164,0.8323286323911889,0.2551125964828566,0.4006292551142536,0.15596403278426973,0.3661192750756693,2022,0.0,0.0,0.014775284465670108,1.0
2022-06-28,0.37136212535352164,0.7791264665644257,0.4059582630762146,0.7440092851430604,0.3768726234626603,0.760993303152591,1.0,0.47967863894139884,0.3074268412196123,1.0,0.46313799621928164,0.8689510476340756,0.49465190467254977,0.4006292551142536,0.29161193469694113,0.3661192750756693,2022,1.0,0.0,0.01464179932849392,2.0
2022-06-29,0.2651143177636413,0.5294319099776508,0.4607909477234887,0.7981514737518958,0.28376684632651805,0.5954674030318651,0.0,0.47967863894139884,0.3141660756670733,1.0,0.46313799621928164,0.7063666890712128,0.2695080408777619,0.4006292551142536,0.5600887269270338,0.3661192750756693,2022,0.0,0.0,0.01488023199157535,3.0
2022-06-30,0.18783989765139533,0.6253841592812942,0.446487323711921,0.695567059336554,0.2878950030723853,0.6204700563906661,0.0,0.47967863894139884,0.19025974688320785,1.0,0.46313799621928164,0.75579014646419,0.08911852021009455,0.4006292551142536,0.9015757022151174,0.3661192750756693,2022,0.0,1.0,0.013847505101109051,4.0
2022-07-01,0.846339140490168,0.0486275025815328,0.41725023443706294,0.8267213023317861,0.31772885887954283,0.5321475256641253,1.0,0.47967863894139884,0.837299954407063,0.0,0.46313799621928164,0.09800400209340587,0.21532314327392302,0.4006292551142536,0.23885330119871157,0.3661192750756693,2022,1.0,0.0,0.012449653009449136,0.0
2022-07-04,0.4331630979445792,0.6816507120479917,0.39693191226102437,0.9050839173196112,0.20742992264920362,0.8031236335899237,0.0,0.47967863894139884,0.44674460765801177,1.0,0.46313799621928164,0.7631881208343374,0.23873211180954565,0.4006292551142536,2.0123712719005002,0.3661192750756693,2022,0.0,0.0,0.01182260557450792,1.0
2022-07-05,0.0037513664711062806,0.8208890158227373,0.3896114294856232,0.6548914839361032,0.3955182224855148,0.7792117140541904,0.0,0.47967863894139884,0.00803774069806135,1.0,0.46313799621928164,0.659413439173294,0.3708253358925141,0.4006292551142536,1.4501599488163872,0.3661192750756693,2022,0.0,0.0,0.012654333481763317,2.0
2022-07-06,0.02834377557882574,0.6632329775431942,0.4186729792514934,0.6933564346100024,0.3838635628846344,0.8500058421729553,0.0,0.47967863894139884,0.03345600202054692,0.0,0.46313799621928164,0.5694476884534173,0.45729320413271246,0.4006292551142536,0.10825900019251117,0.3661192750756693,2022,0.0,0.0,0.012802533066158583,3.0
2022-07-07,0.4009080357696517,0.7101301115431004,0.3954621874783397,0.8062818322608282,0.482577876809938,0.8483241354761121,1.0,0.47967863894139884,0.4018507605990284,1.0,0.46313799621928164,0.741484560371955,0.5762926018287573,0.4006292551142536,0.34121363258520104,0.3661192750756693,2022,1.0,1.0,0.012346201023657058,4.0
2022-07-08,0.3045535142781721,0.4484287354584288,0.33678975283937257,0.6198702796222703,0.364887700398267,0.786232381313115,0.0,0.47967863894139884,0.4650867874933396,1.0,0.46313799621928164,0.49372792972886864,0.11423020883924181,0.4006292551142536,0.4827586206896605,0.3661192750756693,2022,0.0,1.0,0.012664887527105328,0.0
2022-07-11,0.3686966274370005,0.7289263851556029,0.3256294098574076,0.7065182208491525,0.4056357300660821,0.8787181458227964,0.0,0.47967863894139884,0.26152860473695505,1.0,0.46313799621928164,0.8280146971757457,0.4816733457140049,0.4006292551142536,0.47300687453164814,0.3661192750756693,2022,0.0,0.0,0.0126468523170032,1.0
2022-07-12,0.14725711885362744,0.6706100322701825,0.40677466834479514,0.7716195775406333,0.3265503611590773,0.6408997633670365,1.0,0.47967863894139884,0.14552566887871707,1.0,0.46313799621928164,0.7754238557766374,0.8956788292296993,0.4006292551142536,0.8822967138007257,0.3661192750756693,2022,1.0,1.0,0.012555890868578423,2.0
2022-07-13,0.3821152713259934,0.03858197530534992,0.4487012400269753,0.7819429598223256,0.38158575648161985,0.5906358998132584,0.0,0.47967863894139884,0.44304081441723403,1.0,0.46313799621928164,0.10655806224885302,0.04354109072631361,0.4006292551142536,1.6519225936164967,0.3661192750756693,2022,0.0,1.0,0.013103924096696992,3.0
2022-07-14,0.13191810008077115,0.2867640527934969,0.3878483901354191,0.7447435937641267,0.31733297581071507,0.676946435334938,0.0,0.47967863894139884,0.08637076303925448,0.0,0.46313799621928164,0.5123285613520083,0.29193109700815506,0.4006292551142536,0.43523528207528356,0.3661192750756693,2022,0.0,0.0,0.014287552826714987,4.0
2022-07-15,0.4907365285408137,0.4496575464298292,0.3880850000874928,0.7957637216694907,0.35130881905937295,0.7206690645842206,1.0,0.47967863894139884,0.5200031119959768,0.0,0.46313799621928164,0.5512075095336234,0.6825345391345323,0.4006292551142536,0.06392317436003002,0.3661192750756693,2022,1.0,0.0,0.014202624726381795,0.0
2022-07-18,0.159042804177746,0.7215684429670647,0.361688875670669,0.6335868321362759,0.36450925090947867,0.7759464457087978,0.0,0.47967863894139884,0.2606108621104992,1.0,0.46313799621928164,0.7764290333164495,0.38181818181818417,0.4006292551142536,0.1535353535353519,0.3661192750756693,2022,0.0,1.0,0.014482661766943232,1.0
2022-07-19,0.5815885556572643,0.5126696511854688,0.4257981508529693,0.8318091022563383,0.4216067521745599,0.8402863038466261,0.0,0.47967863894139884,0.6210708486111512,1.0,0.46313799621928164,0.586069491968891,0.12231404958677855,0.4006292551142536,0.7950413223140511,0.3661192750756693,2022,0.0,0.0,0.014138982694352566,2.0
2022-07-20,0.1698643514662374,0.7567414407076221,0.3775318592928084,0.8809334190221628,0.4740865248039073,0.7437070468046071,1.0,0.47967863894139884,0.16808385674639695,1.0,0.46313799621928164,0.7680371919492798,0.9779655009451841,0.4006292551142536,0.6492202268431025,0.3661192750756693,2022,0.0,1.0,0.014254725751471945,3.0
2022-07-21,0.8412354576849018,0.008315451199384021,0.35779478798599157,0.6712239023491596,0.3552125575268117,0.6738155929355747,1.0,0.47967863894139884,0.7335201737275289,0.0,0.46313799621928164,0.05398230545952189,0.8413004077933861,0.4006292551142536,0.2045763479836916,0.3661192750756693,2022,0.0,0.0,0.01468160882360033,4.0
2022-07-22,0.4084502526770216,0.32880790199652693,0.3148331003327692,0.67283718265874,0.4365950233470927,0.7308714773334672,0.0,0.47967863894139884,0.5198432523203453,0.0,0.46313799621928164,0.3768775364908929,0.3419719988084593,0.4006292551142536,0.4701167167655052,0.3661192750756693,2022,0.0,0.0,0.01527253326274779,0.0
2022-07-25,0.273826056103592,0.6303417827053683,0.4522736382616196,0.7519918341937812,0.34461163696654135,0.6326422138119511,0.0,0.47967863894139884,0.2229873508939609,1.0,0.46313799621928164,0.7336895899084007,0.3559252772913034,0.4006292551142536,0.24191476941039416,0.3661192750756693,2022,0.0,1.0,0.014232125721264685,1.0
2022-07-26,0.3658723603576253,0.6527351026615863,0.38444999117337264,0.7140770083630894,0.44582044548672994,0.6626372047837731,1.0,0.47967863894139884,0.3334224444768213,1.0,0.46313799621928164,0.7588287139883135,1.020248286318979,0.4006292551142536,0.25782607322235895,0.3661192750756693,2022,0.0,1.0,0.013168184382034995,2.0
2022-07-27,0.8458050460922236,0.06147969591970823,0.547382148821314,0.9247354594494112,0.35681041660052965,0.5850106348670528,1.0,0.47967863894139884,0.720847072844778,0.0,0.46313799621928164,0.1340887000452037,0.9437635183850055,0.4006292551142536,0.045842345589998945,0.3661192750756693,2022,0.0,0.0,0.013707802427773377,3.0
2022-07-28,0.8549844004844398,0.08888722122677639,0.34712720649939816,0.6757483104387333,0.3948558182507986,0.4918904780887367,1.0,0.47967863894139884,0.8758180882358907,0.0,0.46313799621928164,0.10689382664030882,0.504365904365899,0.4006292551142536,0.15634095634095585,0.3661192750756693,2022,0.0,0.0,0.013698083976943942,4.0
2022-07-29,0.799867944489239,0.276792262403129,0.44012084700134935,0.6822729813891609,0.3472002130310996,0.616425227873058,1.0,0.47967863894139884,0.8780106290338644,0.0,0.46313799621928164,0.21711453931488872,0.3873077602969812,0.4006292551142536,0.30770137293029426,0.3661192750756693,2022,0.0,0.0,0.013730071534554543,0.0
2022-08-01,0.7321214873111827,0.3421881454760965,0.3093526341679444,0.5253309632593874,0.3723835360264563,0.812889276390323,1.0,0.47967863894139884,0.837429259417631,0.0,0.46313799621928164,0.24635341372164896,0.66380390051887,0.4006292551142536,0.49012942088626454,0.3661192750756693,2022,1.0,0.0,0.013516269583758242,1.0
2022-08-02,0.030095621844745322,0.8797776720028855,0.4711978789346132,0.7266206196963911,0.2720953132306521,0.852655149968022,0.0,0.47967863894139884,0.06702447101971405,1.0,0.46313799621928164,0.8016324873407544,0.5074433656957921,0.4006292551142536,0.29126213592232986,0.3661192750756693,2022,0.0,1.0,0.013160136286201033,2.0
2022-08-03,0.6218798625416215,0.3468098718613548,0.36074216343264376,0.8069978234681854,0.39883707966821874,0.6224623360274404,1.0,0.47967863894139884,0.622381351326241,0.0,0.46313799621928164,0.38065561659916125,1.3594822771919526,0.4006292551142536,0.10163923655595189,0.3661192750756693,2022,0.0,0.0,0.01231679171872674,3.0
2022-08-04,0.7504038884024439,0.07783738420299834,0.3779640589821844,0.8854170268787017,0.3435223288033994,0.6231989166811124,0.0,0.47967863894139884,0.7563163518330932,0.0,0.46313799621928164,0.07536559281604413,0.16443690722944573,0.4006292551142536,1.1523773632309442,0.3661192750756693,2022,0.0,0.0,0.01269843042263497,4.0
2022-08-05,0.20040557907246523,0.5515519932226659,0.3000142459431473,0.6447849320281438,0.3895723019974287,0.7296137471685835,0.0,0.47967863894139884,0.17382630393316797,0.0,0.46313799621928164,0.5474956774689619,0.6260938020407538,0.4006292551142536,0.21237169588518448,0.3661192750756693,2022,0.0,0.0,0.01328904590227258,0.0
2022-08-08,0.8647939650824791,0.19241118271074908,0.4097457697834954,0.7381475153521281,0.30323585573539846,0.7014761265732566,1.0,0.47967863894139884,0.8894878646878296,0.0,0.46313799621928164,0.13781581845510255,0.4771971496437063,0.4006292551142536,0.23901425178147273,0.3661192750756693,2022,0.0,0.0,0.013447632889204758,1.0
2022-08-09,0.641865913890039,0.4153095803893533,0.40411204561978903,0.8210781488421225,0.40209321513559915,0.779193755979261,1.0,0.47967863894139884,0.7086897943414439,0.0,0.46313799621928164,0.37771412018429756,0.5725220745562557,0.4006292551142536,0.2944881415182481,0.3661192750756693,2022,1.0,0.0,0.013209540582027094,2.0
2022-08-10,0.18999336858888313,0.7397153561435625,0.3458687846191353,0.8833422946662859,0.4641391610087431,0.7115539316065523,0.0,0.47967863894139884,0.2332167413198066,1.0,0.46313799621928164,0.7012525424106432,0.31888317413665895,0.4006292551142536,0.3859693959045508,0.3661192750756693,2022,0.0,1.0,0.012476305263141111,3.0
2022-08-11,0.5386394577145442,0.607494076270813,0.38985078750288193,0.8699552060494333,0.4262702264899811,0.6660744290535668,1.0,0.47967863894139884,0.41963408817241066,0.0,0.46313799621928164,0.6412562654548617,0.5847028868092934,0.4006292551142536,0.2111041301544237,0.3661192750756693,2022,0.0,0.0,0.012071012247042016,4.0
2022-08-12,0.8705797981344955,0.17965140781057432,0.36816692804785256,0.6846662601433583,0.3742702908327702,0.6934057589531072,1.0,0.47967863894139884,0.9074851748710022,1.0,0.46313799621928164,0.12217791381357689,0.017372057146684803,0.4006292551142536,1.3611241531960572,0.3661192750756693,2022,1.0,0.0,0.011819800564153866,0.0
2022-08-15,0.09060358357126397,0.6550660216228295,0.36751968166728693,0.7686855167675611,0.37853109370657356,0.6695987153639354,0.0,0.47967863894139884,0.09414216493265756,1.0,0.46313799621928164,0.6667396800231662,0.16599022083026235,0.4006292551142536,0.3583778083154901,0.3661192750756693,2022,0.0,1.0,0.012560815041988456,1.0
2022-08-16,0.503768172141752,0.7110872170028267,0.402803200724535,0.9789532467485209,0.516191950113065,0.755985837921052,0.0,0.47967863894139884,0.44459959777950336,1.0,0.46313799621928164,0.7239447222094856,0.3275961180806751,0.4006292551142536,0.7389848848611986,0.3661192750756693,2022,0.0,0.0,0.01189805643218431,2.0
2022-08-17,0.14081622540143826,0.8008979411141155,0.45766289210828603,0.9782724144047527,0.40638978831780087,0.7953331879478717,0.0,0.47967863894139884,0.09933083332958263,1.0,0.46313799621928164,0.7910910592610791,0.49733654531266147,0.4006292551142536,0.3130322668204874,0.3661192750756693,2022,0.0,0.0,0.011948206735232446,3.0
2022-08-18,0.28402930153326417,0.7498783521979699,0.44609730099582723,0.8639647231272848,0.4104144554478177,0.7222614575130328,0.0,0.47967863894139884,0.21911069764470903,1.0,0.46313799621928164,0.773843650233535,0.04873267995945528,0.4006292551142536,0.6079756674552178,0.3661192750756693,2022,0.0,0.0,0.012020129146314897,4.0
2022-08-19,0.27861859185175486,0.7813158860018773,0.38774859718763993,0.859639073030148,0.2680138660230068,0.7168213608126822,0.0,0.47967863894139884,0.19772722858634612,1.0,0.46313799621928164,0.8483132149839517,0.08698323831631838,0.4006292551142536,0.9300515481514385,0.3661192750756693,2022,0.0,0.0,0.011975281690774197,0.0
2022-08-22,0.30654528570742595,0.49055716139899397,0.3215774650604647,0.6975735818248464,0.3783249949050341,0.763500598196952,1.0,0.47967863894139884,0.2779358432104696,0.0,0.46313799621928164,0.5691966295300418,0.8832745925951859,0.4006292551142536,0.25599330006630217,0.3661192750756693,2022,1.0,0.0,0.011790655688332024,1.0
2022-08-23,0.514621509734049,0.18441918449789266,0.39540543574566367,0.8830739597443457,0.3570385273164646,0.690429538398629,1.0,0.47967863894139884,0.6745537496106182,0.0,0.46313799621928164,0.19566036710425586,0.3877410941039164,0.4006292551142536,0.25609170155809946,0.3661192750756693,2022,1.0,0.0,0.011908099452941792,2.0
2022-08-24,0.6725675452766209,0.3687318609613302,0.4545813067362644,0.8954683412475585,0.3470913728553836,0.7758488066793348,1.0,0.47967863894139884,0.7252506806116248,0.0,0.46313799621928164,0.3851795486210703,0.729716860188273,0.4006292551142536,0.06717702648254369,0.3661192750756693,2022,0.0,0.0,0.011135375097481939,3.0
2022-08-25,0.5533910122630227,0.4024700008292818,0.3788607435767229,0.8796500161055218,0.415105221550313,0.6973161716211745,0.0,0.47967863894139884,0.6023415399213622,1.0,0.46313799621928164,0.40855526099699063,0.018406805877811443,0.4006292551142536,1.3198762567672022,0.3661192750756693,2022,0.0,0.0,0.01050384328558268,4.0
2022-08-26,0.10463630714641795,0.632395572374644,0.3925571705865517,0.6874575124163537,0.33709994837297746,0.6700117740142693,0.0,0.47967863894139884,0.07011059352047105,1.0,0.46313799621928164,0.7275585188120082,0.4079836078014757,0.4006292551142536,0.9296501479851258,0.3661192750756693,2022,0.0,1.0,0.010832063961541526,0.0
2022-08-29,0.4590645760260565,0.14453221431564658,0.4204729893036334,0.7445561932141115,0.38756768787477736,0.7450983943278883,0.0,0.47967863894139884,0.5020508113475639,0.0,0.46313799621928164,0.21745500354794137,0.15728019448229902,0.4006292551142536,0.8405466131349197,0.3661192750756693,2022,0.0,0.0,0.011161202477837105,1.0
2022-08-30,0.18339650713957306,0.705206274310917,0.41432492243307195,0.7027931207563912,0.43393149978520873,0.7297006253923789,0.0,0.47967863894139884,0.13375457752939138,1.0,0.46313799621928164,0.7698928485555329,0.11964926560360824,0.4006292551142536,0.7608864552887675,0.3661192750756693,2022,0.0,0.0,0.011197065705138814,2.0
2022-08-31,0.16406746140889014,0.7785762003788069,0.43171278529521334,0.8605336741026149,0.4078140159866879,0.6570388391781474,0.0,0.47967863894139884,0.12301286642461465,1.0,0.46313799621928164,0.8377089082029949,0.022170662541895543,0.4006292551142536,1.1456560969322016,0.3661192750756693,2022,0.0,0.0,0.011335608832365066,3.0
2022-09-01,0.3257290280839275,0.37566959072084194,0.35118827031141286,0.758098881448466,0.3725021182269467,0.7725935565017965,1.0,0.47967863894139884,0.23475088846345318,0.0,0.46313799621928164,0.5470093538083525,1.0305787212534798,0.4006292551142536,0.1293909527419735,0.3661192750756693,2022,0.0,0.0,0.011654894938058519,4.0
2022-09-02,0.5653324072225858,0.1636895309548217,0.3574573509624044,0.8239940571448886,0.38116231581302956,0.6780842132050791,0.0,0.47967863894139884,0.6937267989144421,0.0,0.46313799621928164,0.15890813711544471,0.17747061867100622,0.4006292551142536,0.23904205780175342,0.3661192750756693,2022,0.0,0.0,0.011286911470869196,0.0
2022-09-05,0.6194058330571899,0.6699272955481621,0.4205949448265636,0.8721927195521322,0.4687735452910292,0.7784387604166553,1.0,0.47967863894139884,0.5289724698371682,1.0,0.46313799621928164,0.7360253628498993,0.8460529766587916,0.4006292551142536,0.5654340414371984,0.3661192750756693,2022,1.0,0.0,0.0111449515970631,1.0
2022-09-06,0.03325059320915784,0.7164037797261413,0.4156286750996106,0.7571589017086912,0.3785844678363895,0.7417366166427265,0.0,0.47967863894139884,0.06121835933003672,1.0,0.46313799621928164,0.7206631954738699,0.9087692137565019,0.4006292551142536,0.5392753142393646,0.3661192750756693,2022,0.0,1.0,0.011386482282517745,2.0
2022-09-07,0.8345892226572121,0.02434661483676495,0.3199999597181084,0.7709607649933378,0.35514000090374226,0.7129906007051244,1.0,0.47967863894139884,0.7872733922255423,0.0,0.46313799621928164,0.06455155127831787,0.49445605582911295,0.4006292551142536,0.7062240957880195,0.3661192750756693,2022,1.0,0.0,0.011735151161417887,3.0
2022-09-08,0.12825591477106282,0.5643437654081425,0.43788205987170514,0.6717416720823702,0.3542993234995666,0.6571569921356843,1.0,0.47967863894139884,0.1279655075523544,0.0,0.46313799621928164,0.6982414876656218,1.0013669605631905,0.4006292551142536,0.0028706171826916676,0.3661192750756693,2022,1.0,0.0,0.012233932250555218,4.0
2022-09-09,0.20448796892277968,0.538836868999595,0.39795629512118375,0.6747409968334711,0.37454307978112,0.6749014697657609,1.0,0.47967863894139884,0.3959386134569467,0.0,0.46313799621928164,0.4864910552460542,0.8673074949543271,0.4006292551142536,0.2428077857216128,0.3661192750756693,2022,1.0,0.0,0.012161303151879636,0.0
2022-09-12,0.2778910041619785,0.33653436876922516,0.38769992866481556,0.8011798079577923,0.31195923378844254,0.6697890308196482,0.0,0.47967863894139884,0.4886578282422042,1.0,0.46313799621928164,0.33379912702191655,0.3430644443683836,0.4006292551142536,1.3238646086450656,0.3661192750756693,2022,0.0,0.0,0.012101420163925593,1.0
2022-09-13,0.03650863210540277,0.6294298052503767,0.4360123891752246,0.7387054651343248,0.3580984150071498,0.6392801749914144,0.0,0.47967863894139884,0.05172692380633297,1.0,0.46313799621928164,0.6513062909675074,0.21206709611582378,0.4006292551142536,0.38841762867529017,0.3661192750756693,2022,0.0,1.0,0.013157596604989294,2.0
2022-09-14,0.3644180120442925,0.7130348053973197,0.3329266501208774,0.7538010255172204,0.42634203220356054,0.7297659932443409,0.0,0.47967863894139884,0.36275862640408896,1.0,0.46313799621928164,0.7571574525505503,0.039102378888573194,0.4006292551142536,1.6661209027577113,0.3661192750756693,2022,0.0,0.0,0.013108094118716426,3.0
2022-09-15,0.02571803597227368,0.6977958768977941,0.5150510294976852,0.7495175056429829,0.3493558544474175,0.7291264348425717,0.0,0.47967863894139884,0.033205902858160864,1.0,0.46313799621928164,0.6888473269891658,0.679067475593607,0.4006292551142536,0.4540051122540104,0.3661192750756693,2022,0.0,1.0,0.013933252891693849,4.0
2022-09-16,0.6423077172089658,0.11004809016567287,0.3763311283686185,0.7718877116680577,0.38113677388600364,0.7263262335546639,0.0,0.47967863894139884,0.7210564148657993,0.0,0.46313799621928164,0.16153838593659842,0.2049660845277917,0.4006292551142536,0.6634541604002264,0.3661192750756693,2022,0.0,0.0,0.013893070137809214,0.0
2022-09-19,0.773851355976689,0.1683710996154268,0.39008075271456466,0.954994100648067,0.36954713476002105,0.5647178085051163,0.0,0.47967863894139884,0.7626069439080445,0.0,0.46313799621928164,0.2407276422295429,0.16071264578932887,0.4006292551142536,0.67327884409343,0.3661192750756693,2022,0.0,0.0,0.013924837336825289,1.0
2022-09-20,0.3480591350475918,0.6643806857824718,0.4332796307372516,0.7338531062316339,0.43586145749098865,0.7212806195869302,1.0,0.47967863894139884,0.24413468529954252,1.0,0.46313799621928164,0.736274907900443,0.988545559505364,0.4006292551142536,0.4721538601768265,0.3661192750756693,2022,1.0,1.0,0.014120963278545028,2.0
2022-09-21,0.5176475839013145,0.18054353338815823,0.5608456856826624,1.079053953142249,0.3941509683768269,0.988008297265124,0.0,0.47967863894139884,0.4038131967324554,0.0,0.46313799621928164,0.23130386710125322,0.4563699313420633,0.4006292551142536,0.7455548383310794,0.3661192750756693,2022,0.0,0.0,0.014544321731560329,3.0
2022-09-22,0.4016403344529642,0.21615817200318202,0.5587389385818874,0.9170953785511026,0.35870650860061587,0.6254613502453086,0.0,0.47967863894139884,0.39428095282154213,1.0,0.46313799621928164,0.3634560469550392,0.18995765275257287,0.4006292551142536,1.270820729985886,0.3661192750756693,2022,0.0,0.0,0.014836644327429368,4.0
2022-09-23,0.05513697680665695,0.7095200922446574,0.4072020231291538,0.707307198726658,0.39278968066948944,0.5978717727362407,0.0,0.47967863894139884,0.05951548348658359,1.0,0.46313799621928164,0.7393986985443192,0.22494004796162997,0.4006292551142536,0.8438049560351774,0.3661192750756693,2022,0.0,0.0,0.016308726407100207,0.0
2022-09-26,0.0784397212785066,0.7862274335895689,0.5472212664248761,0.8169314424932499,0.27169887231168877,0.6295614201752343,0.0,0.47967863894139884,0.07878108413191286,0.0,0.46313799621928164,0.8280795302489679,0.7422554636112892,0.4006292551142536,0.013367281986000927,0.3661192750756693,2022,0.0,0.0,0.016599337153564098,1.0
2022-09-27,0.34743963985230486,0.6253593558298879,0.45853115352650636,0.7872252801455164,0.40599181660863976,0.6832904141940247,1.0,0.47967863894139884,0.4148045120950034,1.0,0.46313799621928164,0.6242923055965663,1.2691089269758768,0.4006292551142536,0.5450951723391051,0.3661192750756693,2022,0.0,1.0,0.016192533888444112,2.0
2022-09-28,0.8248331711323102,0.0071262596733597805,0.3287749096339796,0.6893551763939507,0.2828441053545776,0.5823470308943061,1.0,0.47967863894139884,0.7039652660000265,0.0,0.46313799621928164,0.04256289708268449,0.17776986106163203,0.4006292551142536,0.6544353402208728,0.3661192750756693,2022,1.0,0.0,0.01691096290673365,3.0
2022-09-29,0.7436068884198831,0.13457949847611914,0.3932700464973396,0.7567440725287589,0.3186357282114048,0.6155238741358559,1.0,0.47967863894139884,0.7859621589399001,0.0,0.46313799621928164,0.2378973462788682,0.5269255090426167,0.4006292551142536,0.04355634248134632,0.3661192750756693,2022,1.0,0.0,0.017006905143325157,4.0
2022-09-30,0.22204746734110956,0.7577765835465917,0.4253145938500611,0.6375844724264601,0.4180106134583579,0.5945224442932139,1.0,0.47967863894139884,0.24625501240118022,0.0,0.46313799621928164,0.8487390846105785,1.4613680848871948,0.4006292551142536,0.04471000309055356,0.3661192750756693,2022,0.0,0.0,0.016698448250206634,0.0
2022-10-03,0.8790988474703841,0.01912318741216001,0.2736103353867536,0.507362230514849,0.3668492597027766,0.5657091498252749,1.0,0.47967863894139884,0.802764348260133,0.0,0.46313799621928164,0.048930346923495446,1.06011233112382,0.4006292551142536,0.15655517886959944,0.3661192750756693,2022,0.0,0.0,0.016611569344875603,1.0
2022-10-04,0.8111760198758973,0.060065472213053715,0.3976844086919786,0.8310996308414521,0.3412868528730242,0.3412868528730242,0.0,0.47967863894139884,0.8221893199946779,0.0,0.46313799621928164,0.09773003662473,0.04642445213379838,0.4006292551142536,0.8716359092656625,0.3661192750756693,2022,0.0,0.0,0.017218722795775087,2.0
2022-10-05,0.6305985886196712,0.29735255024241486,0.3608546669014268,0.632597889879668,0.3637270940681987,0.597813380000281,0.0,0.47967863894139884,0.507877666745962,0.0,0.46313799621928164,0.4150748760871384,0.32038667357155115,0.4006292551142536,0.3231486276540698,0.3661192750756693,2022,0.0,0.0,0.016877206884898195,3.0
2022-10-06,0.4638615043485111,0.6829559268272211,0.3509143074187139,0.7315393801689103,0.4159216317728261,0.7499816795087587,0.0,0.47967863894139884,0.37268747664139523,1.0,0.46313799621928164,0.7236224701626656,0.08374594716866905,0.4006292551142536,0.7706034634428365,0.3661192750756693,2022,0.0,0.0,0.016595687882440775,4.0
2022-10-07,0.18137430962324158,0.775295932475173,0.3904246992453419,0.7281264749866558,0.2761566731950731,0.6550531489369757,0.0,0.47967863894139884,0.18006409607815438,1.0,0.46313799621928164,0.7892737166484345,0.17624521072797533,0.4006292551142536,1.0160222918843553,0.3661192750756693,2022,0.0,0.0,0.016939552172758655,0.0
2022-10-10,0.06835782061764212,0.7898962524005022,0.38665122843388283,0.6633489120187527,0.3137404536557667,0.6601865585828899,0.0,0.47967863894139884,0.07212598139648123,1.0,0.46313799621928164,0.8046304733697213,0.5335125146984749,0.4006292551142536,0.2371913321014596,0.3661192750756693,2022,0.0,1.0,0.017844296299848926,1.0
2022-10-11,0.2362073671125606,0.708297500391159,0.397111509312342,0.9068443585044729,0.3757692197845275,0.876434368085986,0.0,0.47967863894139884,0.26955435185193005,0.0,0.46313799621928164,0.7363229582671875,0.41933334978164405,0.4006292551142536,0.1699439934864696,0.3661192750756693,2022,0.0,0.0,0.0173752936536516,2.0
2022-10-12,0.7698948351927545,0.3953199960176584,0.3721716332947003,0.8034727138986777,0.43722788490818587,0.6418974903741943,1.0,0.47967863894139884,0.7827149142165762,1.0,0.46313799621928164,0.3708166343866777,0.33227340947826844,0.4006292551142536,1.0933326549820592,0.3661192750756693,2022,1.0,1.0,0.016782589243022453,3.0
2022-10-13,0.35032558383602846,0.12629155755792273,0.3724322701937547,0.9012141216041892,0.3562141986932968,0.6461974290565975,0.0,0.47967863894139884,0.3494345570554248,1.0,0.46313799621928164,0.2628910732441533,0.19963720648997563,0.4006292551142536,0.9149450770936146,0.3661192750756693,2022,0.0,1.0,0.017016540667440072,4.0
2022-10-14,0.1272515174090096,0.6800932727558257,0.39617325228507677,0.8283781871770325,0.37590240360863236,0.5636824059155203,0.0,0.47967863894139884,0.09878367989854912,0.0,0.46313799621928164,0.7737123921906847,0.851826843724216,0.4006292551142536,0.026258534023557663,0.3661192750756693,2022,0.0,0.0,0.017372615159232677,0.0
2022-10-17,0.2615116933824521,0.6966321697171984,0.3809778198767438,0.7918998227403472,0.4261543046848837,0.6989615305140933,0.0,0.47967863894139884,0.31948395973826627,0.0,0.46313799621928164,0.6496282807768988,0.35743944636678743,0.4006292551142536,0.16332179930795945,0.3661192750756693,2022,0.0,0.0,0.017509208995734778,1.0
2022-10-18,0.5637328004151849,0.6025310628848612,0.43695622531377803,0.783519550941235,0.4570829528970097,0.7750762567398448,0.0,0.47967863894139884,0.5303625484779937,1.0,0.46313799621928164,0.6529387577184476,0.0918798246321869,0.4006292551142536,0.9146561230802321,0.3661192750756693,2022,0.0,0.0,0.016075806514379107,2.0
2022-10-19,0.1229390406914567,0.7817521332431455,0.3544492479667386,0.770265179067767,0.26966655720344335,0.5729689224802292,0.0,0.47967863894139884,0.08643736303040189,1.0,0.46313799621928164,0.839965642939851,0.6224544194477045,0.4006292551142536,0.2462949141699507,0.3661192750756693,2022,0.0,1.0,0.016449552105302395,3.0
2022-10-20,0.2342792152419973,0.6541235679068049,0.4316183741089672,0.841690384038422,0.4046433398168483,0.625449627001775,1.0,0.47967863894139884,0.26379895828810707,1.0,0.46313799621928164,0.7089763282394557,1.0944995161248168,0.4006292551142536,0.39913164020609954,0.3661192750756693,2022,0.0,1.0,0.016774024282915186,4.0
2022-10-21,0.8966087611566728,0.00920899337648036,0.32977931358599344,0.6111531092633354,0.3267137492243905,0.6389408162702647,1.0,0.47967863894139884,0.8039321598422773,0.0,0.46313799621928164,0.045610725022896904,0.47394781696604454,0.4006292551142536,0.5069883309295901,0.3661192750756693,2022,1.0,0.0,0.01643128160980457,0.0
2022-10-24,0.15940039525752955,0.6115283063141761,0.3944332254461864,0.7893152762270725,0.2811302052138567,0.6651914682180086,0.0,0.47967863894139884,0.1772061334277087,1.0,0.46313799621928164,0.7171104773940806,0.48699561168789435,0.4006292551142536,0.41731777801563014,0.3661192750756693,2022,0.0,1.0,0.016184436402942762,1.0
2022-10-25,0.5571474702258343,0.2627328677960554,0.3585828372595719,0.7518274068593326,0.3766134686966965,0.6357281330881552,1.0,0.47967863894139884,0.6090535758590493,0.0,0.46313799621928164,0.3530041920991253,0.8235960817119546,0.4006292551142536,0.12996195050867776,0.3661192750756693,2022,0.0,0.0,0.01601161778824759,2.0
2022-10-26,0.4744650123025706,0.26958686529514836,0.38946040280897204,0.6318806135135611,0.40200675218222753,0.61905119137972,0.0,0.47967863894139884,0.6057233063463973,0.0,0.46313799621928164,0.3444340806840245,0.22790783996605815,0.4006292551142536,0.3637616989686413,0.3661192750756693,2022,0.0,0.0,0.016184011225010845,3.0
2022-10-27,0.6794809763322123,0.4322259030695579,0.40758083844887916,0.9007607806299927,0.3960011858262648,0.5421249995796352,0.0,0.47967863894139884,0.6232674082064948,1.0,0.46313799621928164,0.5426384559402496,0.1408236857088644,0.4006292551142536,0.9610931865629118,0.3661192750756693,2022,0.0,0.0,0.015839185224375947,4.0
2022-10-28,0.1685410763402672,0.584981604379534,0.39393667825271156,0.7301452625330426,0.33359927456187904,0.5177965533148416,0.0,0.47967863894139884,0.14344006081905616,1.0,0.46313799621928164,0.6929856359018952,0.038500673761790796,0.4006292551142536,0.49588867805186965,0.3661192750756693,2022,0.0,0.0,0.01579295733908019,0.0
2022-10-31,0.3138209955503857,0.7812066525936667,0.3971753830632181,0.6691864797998387,0.36685144164248873,0.617520853943862,1.0,0.47967863894139884,0.24050648242375228,1.0,0.46313799621928164,0.8599941413948697,0.9259102574949947,0.4006292551142536,0.11213582649405987,0.3661192750756693,2022,0.0,1.0,0.015503825125143,1.0
2022-11-01,0.4988739266660848,0.23244943278361396,0.3774135925489276,0.7389586927260015,0.34936861054682794,0.5674378418107451,1.0,0.47967863894139884,0.6379955043047171,0.0,0.46313799621928164,0.2753507373105074,0.8385376580538734,0.4006292551142536,0.49873556899395355,0.3661192750756693,2022,1.0,0.0,0.01577109286130457,2.0
2022-11-02,0.036717453257260606,0.8926378597019013,0.5639963988670135,0.8559512881232473,0.33268040308358565,0.8927797196924342,0.0,0.47967863894139884,0.04993112621030429,1.0,0.46313799621928164,0.7737991756043168,0.2307821042061839,0.4006292551142536,0.7200714046636095,0.3661192750756693,2022,0.0,0.0,0.015662064271603944,3.0
2022-11-03,0.3968691389265397,0.34864911732352366,0.3927308605801799,0.8414656679513642,0.32453812497894746,0.6854376290510856,1.0,0.47967863894139884,0.464437195016138,0.0,0.46313799621928164,0.4369432547545314,2.078059612264072,0.4006292551142536,0.04264525863295781,0.3661192750756693,2022,0.0,0.0,0.015397138070604097,4.0
2022-11-04,0.8563385316390045,0.004107424191790958,0.2385487519004751,0.5513576508939649,0.45558244258085273,0.648910039049253,1.0,0.47967863894139884,0.7217044186435586,0.0,0.46313799621928164,0.020769519419778133,0.04059040590405565,0.4006292551142536,0.5125461254612494,0.3661192750756693,2022,1.0,0.0,0.01612356241484559,0.0
2022-11-07,0.5471013430644057,0.4579520021341496,0.36866179010936445,0.6907281980037246,0.3294001128971733,0.8076732549916326,1.0,0.47967863894139884,0.6558025283547518,1.0,0.46313799621928164,0.5436160690201116,1.5364053355828589,0.4006292551142536,0.39231296462276155,0.3661192750756693,2022,0.0,1.0,0.01617393869985989,1.0
2022-11-08,0.7631443960615382,0.009683866357450237,0.3464353230279054,0.7124084599120425,0.43080032577491906,0.6824581947305395,1.0,0.47967863894139884,0.6624990580096782,0.0,0.46313799621928164,0.0389176648268594,0.34371526662878854,0.4006292551142536,0.3527058068021851,0.3661192750756693,2022,1.0,0.0,0.01688816030967397,2.0
2022-11-09,0.2527885518052397,0.6790477038598346,0.23043059899839757,0.6216217610096428,0.4218780727543738,0.7055127168949654,1.0,0.47967863894139884,0.292048191802773,0.0,0.46313799621928164,0.7624013659368203,1.7529186269384902,0.4006292551142536,0.1073357727827202,0.3661192750756693,2022,0.0,0.0,0.016811276649344706,3.0
2022-11-10,0.8505843985109365,0.006984822895992866,0.4257731924148446,0.9305412159622544,0.3445007607716941,0.5659364893804476,1.0,0.47967863894139884,0.7401045228853214,0.0,0.46313799621928164,0.028884649388342044,0.577476346785091,0.4006292551142536,0.27775632361459834,0.3661192750756693,2022,0.0,0.0,0.0168582300648744,4.0
2022-11-11,0.8503841414152017,0.1435574229487468,0.4561193155608884,1.049231583610074,0.33802603311343843,0.5613525916206354,1.0,0.47967863894139884,0.876755427242816,0.0,0.46313799621928164,0.13914764425004975,0.13833523043762322,0.4006292551142536,0.600130779104407,0.3661192750756693,2022,1.0,0.0,0.016653907987470944,0.0
2022-11-14,0.672348178758311,0.265607143145585,0.5605664605195239,0.7150087200813756,0.2823049268222756,0.6024414118564188,1.0,0.47967863894139884,0.8122471211388093,0.0,0.46313799621928164,0.25298965350981195,0.5220801364023855,0.4006292551142536,0.1398124467178223,0.3661192750756693,2022,0.0,0.0,0.016557132694196945,1.0
2022-11-15,0.7058774400653047,0.4903993492895598,0.5526892151491944,0.9139101873753509,0.4214151771901277,0.7020438035149522,0.0,0.47967863894139884,0.6914209391265934,0.0,0.46313799621928164,0.4330687532139919,0.21896619885352597,0.4006292551142536,0.28953350464519106,0.3661192750756693,2022,0.0,0.0,0.016253005874406246,2.0
2022-11-16,0.44335529262360923,0.7864957963377027,0.4246816824007829,0.7536206128226296,0.564660974902752,0.9296770420070433,0.0,0.47967863894139884,0.36240275919210446,1.0,0.46313799621928164,0.8024183612835429,0.03643303261623716,0.4006292551142536,0.6689798750867447,0.3661192750756693,2022,0.0,0.0,0.01624824522334289,3.0
2022-11-17,0.3718317460025232,0.694856379845116,0.41506178297613133,0.7095732035120751,0.37030883275982923,0.7013265669936624,0.0,0.47967863894139884,0.299307924865456,1.0,0.46313799621928164,0.7433439389738536,0.26703480419474057,0.4006292551142536,0.44895891382542497,0.3661192750756693,2022,0.0,0.0,0.016020550196614726,4.0
2022-11-18,0.21748814980686887,0.8307828403612499,0.28307621136184685,0.6091076040932144,0.38677646980654223,0.5881758935309289,0.0,0.47967863894139884,0.2219334751873487,1.0,0.46313799621928164,0.8155698166894265,0.0806302824802395,0.4006292551142536,0.6321274526914208,0.3661192750756693,2022,0.0,0.0,0.016365035480901666,0.0
2022-11-21,0.31623208378390344,0.7196082694704244,0.31813550814077723,0.756857088171029,0.2794185153409495,0.6524253914496602,0.0,0.47967863894139884,0.2788156247177161,0.0,0.46313799621928164,0.7594259516417347,0.42543393552957837,0.4006292551142536,0.024796315975913773,0.3661192750756693,2022,0.0,0.0,0.016245518527257127,1.0
2022-11-22,0.47750371989967977,0.789697623251226,0.35497425716640313,0.7564577338391866,0.34245902288231905,0.8730331645723589,1.0,0.47967863894139884,0.39715800352548997,1.0,0.46313799621928164,0.7979958306466206,0.5057077013773523,0.4006292551142536,0.5368454901120084,0.3661192750756693,2022,1.0,1.0,0.0153199042988346,2.0
2022-11-23,0.8023022896628831,0.0974225042403079,0.3971500628571536,0.8395746897043775,0.3548293601757545,0.6367205210944415,1.0,0.47967863894139884,0.7836040517334295,0.0,0.46313799621928164,0.15490817151290429,0.34310445541925627,0.4006292551142536,0.02193192076895024,0.3661192750756693,2022,0.0,0.0,0.015377429288404984,3.0
2022-11-24,0.7614389315927786,0.5738440638185935,0.4590468668815441,1.089906055234252,0.48400693133503736,0.9894075743075583,1.0,0.47967863894139884,0.8189608791873244,1.0,0.46313799621928164,0.4500468151869386,0.23779371605197,0.4006292551142536,0.39828346787504204,0.3661192750756693,2022,1.0,1.0,0.013559229618634205,4.0
2022-11-25,0.6586088672262991,0.42197760821045244,0.3207496450258517,0.7231512534704606,0.4456457175039207,0.9682514575263447,1.0,0.47967863894139884,0.704323188198842,1.0,0.46313799621928164,0.43941644091865717,0.34645149679044923,0.4006292551142536,0.6651868738376686,0.3661192750756693,2022,1.0,0.0,0.013565178612118416,0.0
2022-11-28,0.07707907720159513,0.7820967604319718,0.3558501776758422,0.5974210991500042,0.34415676789019534,0.8108897026743841,0.0,0.47967863894139884,0.0882087129393998,1.0,0.46313799621928164,0.7950201474001765,0.8022672913731527,0.4006292551142536,0.09128141279774615,0.3661192750756693,2022,0.0,1.0,0.0125184982231862,1.0
2022-11-29,0.4698000911312565,0.48722144656533045,0.3526489607837531,0.7637550859297688,0.3942519589779536,0.9490147727708329,1.0,0.47967863894139884,0.5498693568053608,0.0,0.46313799621928164,0.41985410445109167,0.9322607125266762,0.4006292551142536,0.22341159087178358,0.3661192750756693,2022,0.0,0.0,0.01243281462920372,2.0
2022-11-30,0.9045676333413457,0.0877148884985435,0.5128858475176226,1.1781903122335704,0.3654485370905303,0.8422308433577972,1.0,0.47967863894139884,0.8174389443711169,0.0,0.46313799621928164,0.0748126508665241,1.7987043538055056,0.4006292551142536,0.022293800441535793,0.3661192750756693,2022,0.0,0.0,0.011159919124816144,3.0
2022-12-01,0.8619657302285362,0.024025869886065403,0.49755770057632975,1.0321000134365523,0.3816453927089171,0.7854128023937827,1.0,0.47967863894139884,0.7572313077501187,0.0,0.46313799621928164,0.030520635628995044,0.07611347319998042,0.4006292551142536,1.184149996514948,0.3661192750756693,2022,1.0,0.0,0.011368633917626355,4.0
2022-12-02,0.5532045939247431,0.20411180812588506,0.3691199314538112,0.7678778693977367,0.49340758300740134,0.9206389590985744,1.0,0.47967863894139884,0.5647934745926706,1.0,0.46313799621928164,0.20229423746560302,0.5898484484002868,0.4006292551142536,1.5390906904017287,0.3661192750756693,2022,1.0,0.0,0.011561288456511006,0.0
2022-12-05,0.006535322162218774,0.8458404744135849,0.46732966426122535,0.6493919217202109,0.37606232625953173,0.7419234482894977,0.0,0.47967863894139884,0.017293937116706574,0.0,0.46313799621928164,0.6267146363806922,0.5412405407972548,0.4006292551142536,0.060728873127953706,0.3661192750756693,2022,0.0,0.0,0.012755087617270662,1.0
2022-12-06,0.36730922617272793,0.8248679466337994,0.34813625899019435,0.9220802307640046,0.5351918288397447,0.890208500447666,1.0,0.47967863894139884,0.39025656896139777,0.0,0.46313799621928164,0.7410714372229458,0.8701344094563211,0.4006292551142536,0.1018715642972878,0.3661192750756693,2022,0.0,0.0,0.012693133583826892,2.0
2022-12-07,0.7105996337162476,0.22822325130995139,0.30237361913300737,0.715586205069625,0.42894874045668824,0.7003096608546722,1.0,0.47967863894139884,0.7833151426131506,0.0,0.46313799621928164,0.1832155931822099,0.3891471397400604,0.4006292551142536,0.20807640008854483,0.3661192750756693,2022,1.0,0.0,0.01264675158889241,3.0
2022-12-08,0.6434956501810588,0.4837416128004143,0.38062422416855657,0.783069371174488,0.5242403436497591,0.8219493318935011,1.0,0.47967863894139884,0.6669487514384288,0.0,0.46313799621928164,0.4984106799967038,0.7775013730494532,0.4006292551142536,0.019448841792397774,0.3661192750756693,2022,0.0,0.0,0.012359082186519021,4.0
2022-12-09,0.4107073111125035,0.4851426541815198,0.355416510091848,0.725607038285076,0.35548072800256364,0.7293209879623509,0.0,0.47967863894139884,0.5409614023814967,1.0,0.46313799621928164,0.48991017577654944,0.010041404492551689,0.4006292551142536,0.8886642975907154,0.3661192750756693,2022,0.0,0.0,0.01219268844149196,0.0
2022-12-12,0.21564439737204016,0.7480905149629237,0.20351476233285193,0.6088759135771169,0.391270339025787,0.8153865029375291,1.0,0.47967863894139884,0.17876466031189617,0.0,0.46313799621928164,0.7742901380802489,1.9270026457556355,0.4006292551142536,0.03971821108666669,0.3661192750756693,2022,0.0,0.0,0.012579284659696497,1.0
2022-12-13,0.39050922057153536,0.054318614049326384,0.4272892934112539,0.7404364731760226,0.358476909517827,0.5935115737904268,0.0,0.47967863894139884,0.4094491681280452,0.0,0.46313799621928164,0.08090337284770127,0.15188339040576668,0.4006292551142536,0.6520803660717037,0.3661192750756693,2022,0.0,0.0,0.013018969608069806,2.0
2022-12-14,0.6226516894273412,0.548052424283069,0.39691288797567265,1.0121336416111804,0.38034967049689644,0.919270186115419,0.0,0.47967863894139884,0.6521643698724338,1.0,0.46313799621928164,0.3927236347384693,0.05119131870724263,0.4006292551142536,1.3862939372493477,0.3661192750756693,2022,0.0,0.0,0.013403083752673744,3.0
2022-12-15,0.06158402689936234,0.7113408770872603,0.4323628745599805,0.8240695648276458,0.24181033946485006,0.5951048336359612,0.0,0.47967863894139884,0.050184154813533506,0.0,0.46313799621928164,0.7643527769807766,0.6840022296544022,0.4006292551142536,0.09442586399108417,0.3661192750756693,2022,0.0,0.0,0.01442473528520211,4.0
2022-12-16,0.851926475166687,0.19512201049326158,0.2766318046866314,0.6605174242960729,0.3362453988705561,0.7462216274480729,1.0,0.47967863894139884,0.8924956527138651,0.0,0.46313799621928164,0.14651970207163117,0.2289516720239084,0.4006292551142536,0.3611909998308274,0.3661192750756693,2022,1.0,0.0,0.014129227493868812,0.0
2022-12-19,0.3032414177076762,0.7581280079943951,0.3231620813991346,0.6903953114878286,0.3795394276167624,0.808180493257596,1.0,0.47967863894139884,0.3469942199155362,0.0,0.46313799621928164,0.7719409410190313,1.341501727929624,0.4006292551142536,0.12195470253906417,0.3661192750756693,2022,0.0,0.0,0.013990191322748957,1.0
2022-12-20,0.7540500679498717,0.03774749486029598,0.3282908268691269,0.8165555063829674,0.41925576023054034,0.4853058349353167,1.0,0.47967863894139884,0.7691738384732134,0.0,0.46313799621928164,0.06749455079606288,0.2400508863630007,0.4006292551142536,0.22417655355513882,0.3661192750756693,2022,1.0,0.0,0.014209634052506368,2.0
2022-12-21,0.4540619534937352,0.7435226366671284,0.41623868499598504,0.9326111010474889,0.5115168179465641,0.8585743383440619,0.0,0.47967863894139884,0.33325336125595784,1.0,0.46313799621928164,0.8258067359422528,0.2595664020850606,0.4006292551142536,1.2136595190143338,0.3661192750756693,2022,0.0,0.0,0.01329383453341649,3.0
2022-12-22,0.06474694047473317,0.7404391530199029,0.4040172263593572,0.7591243077801613,0.4411211518619871,0.8090699435384207,0.0,0.47967863894139884,0.08084589821360647,0.0,0.46313799621928164,0.6291315025665282,0.4377267230955221,0.4006292551142536,0.04997984683595362,0.3661192750756693,2022,0.0,0.0,0.013841776389198836,4.0
2022-12-23,0.6561693587743709,0.6460652469422679,0.33356579688836374,0.7687729613112454,0.5505682807606561,0.8199512427063739,1.0,0.47967863894139884,0.7327946763719968,0.0,0.46313799621928164,0.47864219603573455,1.5523969669088515,0.4006292551142536,0.0,0.3661192750756693,2022,0.0,0.0,0.012518945833187693,0.0
2022-12-27,0.19280151054791664,0.36970585351617097,0.39809362252349695,0.6979926617950166,0.36444366038409937,0.6867957280610109,0.0,0.47967863894139884,0.2797602030243342,1.0,0.46313799621928164,0.3445829834395179,0.0415973377703827,0.4006292551142536,0.6851081530782043,0.3661192750756693,2022,0.0,1.0,0.013256134546457125,2.0
2022-12-28,0.5603322528255688,0.5595537833738377,0.406187111242972,0.8435278733760232,0.32277104942231866,0.738673355139739,1.0,0.47967863894139884,0.42280515728480034,0.0,0.46313799621928164,0.6303896731198828,0.670540068637489,0.4006292551142536,0.023601661749651497,0.3661192750756693,2022,0.0,0.0,0.013150768665556058,3.0
2022-12-29,0.6773893404025447,0.41479519414881033,0.3163603666621448,0.756044643366741,0.36382199960858963,0.802742572568796,1.0,0.47967863894139884,0.7628752989071191,0.0,0.46313799621928164,0.34656752721009837,0.47034252297410145,0.4006292551142536,0.0672514619882999,0.3661192750756693,2022,0.0,0.0,0.013191318195092656,4.0
2022-12-30,0.7633627536283909,0.44080054517158485,0.28370429427244975,0.7811490388487229,0.4487939680567174,0.8672222205822829,1.0,0.47967863894139884,0.8699321992806875,0.0,0.46313799621928164,0.285902012861153,1.1156441996307584,0.4006292551142536,0.0,0.3661192750756693,2022,0.0,0.0,0.012941400417684377,0.0
2023-01-03,0.4963068385950023,0.27350731890479657,0.3960470213028004,0.7528246978032614,0.47559545163225053,0.7254384873661638,1.0,0.4806234203875316,0.5817008090115231,0.0,0.4654591406908172,0.2882792426600155,1.0670820353063273,0.4042520039821611,0.1370716510903408,0.3672984810834352,2023,0.0,0.0,0.013088293656186968,2.0
2023-01-04,0.5540592624100413,0.23684376198389331,0.4727496602311878,0.7685328691750025,0.50984607935156,0.6870446681083323,0.0,0.4806234203875316,0.553367037715157,1.0,0.4654591406908172,0.2220029224174715,0.18871323415225666,0.4042520039821611,1.2866416125725972,0.3672984810834352,2023,0.0,0.0,0.01240037374049376,3.0
2023-01-05,0.10024679667806466,0.6015077104548324,0.4044291752103313,0.7208477776805219,0.325263610448905,0.6385919731712599,1.0,0.4806234203875316,0.08952876426462184,0.0,0.4654591406908172,0.620968231967945,1.533165158035312,0.4042520039821611,0.11716871939456636,0.3672984810834352,2023,0.0,0.0,0.013130595944732634,4.0
2023-01-06,0.8047281941180284,0.03360209464298417,0.6029210550380282,0.8920800066262518,0.3143514984836191,0.4770145077340344,1.0,0.4806234203875316,0.7244109973590476,0.0,0.4654591406908172,0.054060158061192416,0.6392862366535088,0.4042520039821611,0.0,0.3672984810834352,2023,0.0,0.0,0.013086650200367188,0.0
2023-01-09,0.5063730701142634,0.67733929965069,0.45248595198570296,0.8204420647416147,0.5767685847256023,0.8378649618055275,0.0,0.4806234203875316,0.4827752423474472,0.0,0.4654591406908172,0.6628190117687625,0.3745666795057916,0.4042520039821611,0.16301739207727456,0.3672984810834352,2023,0.0,0.0,0.012880399398856168,1.0
2023-01-10,0.7977276312294207,0.475482161579104,0.4895339062068124,0.9381462804102386,0.49983502091463033,1.0776925997076052,1.0,0.4806234203875316,0.8030714444247012,1.0,0.4654591406908172,0.3841539879657407,0.4043276108726684,0.4042520039821611,0.4097520267048236,0.3672984810834352,2023,1.0,1.0,0.012768843291676265,2.0
2023-01-11,0.4927326805790056,0.4858761218205696,0.43920791693686556,0.7351349080562221,0.4876202119247712,1.0057000466589525,1.0,0.4806234203875316,0.44056761485461926,0.0,0.4654591406908172,0.5421809792439944,1.1387118047922573,0.4042520039821611,0.23213893163332508,0.3672984810834352,2023,0.0,0.0,0.0121262042235124,3.0
2023-01-12,0.7250451729561933,0.10596787048407204,0.4740798155250246,0.9320981217460385,0.4199159030526564,0.8567974521386562,1.0,0.4806234203875316,0.7429920596295786,0.0,0.4654591406908172,0.10827571662221196,1.0441324566080252,0.4042520039821611,0.18701498726378762,0.3672984810834352,2023,0.0,0.0,0.012714095164787637,4.0
2023-01-13,0.8535750624544667,0.07695596013425532,0.6262799790302376,1.3347004944476253,0.40706829545221984,0.994831801523061,1.0,0.4806234203875316,0.8250405955914517,0.0,0.4654591406908172,0.08000700951431929,0.36542287057689227,0.4042520039821611,0.39580444873109205,0.3672984810834352,2023,1.0,0.0,0.012341527540227678,0.0
2023-01-16,0.3579921792669525,0.7003652643871484,0.4518515114482267,0.7846194972579925,0.552535052065255,1.2126826283289864,0.0,0.4806234203875316,0.30304861214467305,1.0,0.4654591406908172,0.7325704679778915,0.14591969679023978,0.4042520039821611,0.4870898969560586,0.3672984810834352,2023,0.0,0.0,0.01259337263137797,1.0
2023-01-17,0.5033254669914897,0.66541591322149,0.31790416420004836,0.8983375456239444,0.5946716734712879,1.1766234717455832,1.0,0.4806234203875316,0.36115403159845433,1.0,0.4654591406908172,0.7213124063011308,0.7650609986165317,0.4042520039821611,0.5269148534775516,0.3672984810834352,2023,1.0,1.0,0.011903077718818785,2.0
2023-01-18,0.12056736156238551,0.5842732384376506,0.32793682213676884,0.7496516860429735,0.38331136666343024,0.8792881921864867,1.0,0.4806234203875316,0.1673703713198239,0.0,0.4654591406908172,0.5927253927475408,1.31377303588749,0.4042520039821611,0.13918525703200665,0.3672984810834352,2023,0.0,0.0,0.012375455846045002,3.0
2023-01-19,0.8868513693620814,0.05063276106302364,0.579678485103715,1.060194480586897,0.49268276332232924,1.196843845777406,1.0,0.4806234203875316,0.7852638917152833,0.0,0.4654591406908172,0.0739502297932203,0.21501912623313554,0.4042520039821611,0.46184819810751093,0.3672984810834352,2023,1.0,0.0,0.012853623443435769,4.0
2023-01-20,0.42094681968899184,0.6734353850781041,0.38632701326724306,0.8265120113667885,0.5214937550951347,1.2366665290976873,0.0,0.4806234203875316,0.3672952346986031,1.0,0.4654591406908172,0.7196086271987789,0.38261809288172743,0.4042520039821611,0.5745243579899263,0.3672984810834352,2023,0.0,1.0,0.013041668953832866,0.0
2023-01-23,0.7952665513643794,0.18484435788249076,0.406578967767425,0.8334513493190019,0.49538314472572426,1.2800908340139485,1.0,0.4806234203875316,0.7544167491499342,0.0,0.4654591406908172,0.2037110466568914,0.4632736016488214,0.4042520039821611,0.551039102307208,0.3672984810834352,2023,0.0,0.0,0.012922982222113707,1.0
2023-01-24,0.6940001105038801,0.21353691830154714,0.4430539516921456,0.9606281395646219,0.4688771927264011,1.2658482895575929,1.0,0.4806234203875316,0.7296003505365464,0.0,0.4654591406908172,0.19754192096597142,0.43742405832320586,0.4042520039821611,0.7039287160793887,0.3672984810834352,2023,0.0,0.0,0.012744936094650123,2.0
2023-01-25,0.8669375863375615,0.09031885959781526,0.5042216346480137,1.0015709743496624,0.43763898051589345,1.2151885218838416,1.0,0.4806234203875316,0.794423972887742,1.0,0.4654591406908172,0.10962338773156607,0.1256214880409595,0.4042520039821611,1.1334765084875398,0.3672984810834352,2023,1.0,1.0,0.012475931593238607,3.0
2023-01-26,0.24160515706473842,0.49941407848059044,0.383755883994238,0.7283070024519278,0.3932455369893732,1.0682629440249247,0.0,0.4806234203875316,0.16359349419542665,1.0,0.4654591406908172,0.5472225149163507,0.25184423751360663,0.4042520039821611,0.5231587858265763,0.3672984810834352,2023,0.0,1.0,0.01224726772921232,4.0
2023-01-27,0.611240028847091,0.47487679978460806,0.42050775281242825,0.7514468565914838,0.44979643702004807,0.8242661175867133,0.0,0.4806234203875316,0.6461573159153199,0.0,0.4654591406908172,0.4068637153428538,0.26533917111498295,0.4042520039821611,0.3127811431655892,0.3672984810834352,2023,0.0,0.0,0.012353326018002837,0.0
2023-01-30,0.3945750770728775,0.8011137461906803,0.3656984790799876,0.763282463369093,0.5369999824427533,0.8969762002286037,0.0,0.4806234203875316,0.29555431556789147,1.0,0.4654591406908172,0.818656923170141,0.33380201633409257,0.4042520039821611,0.9343943518712484,0.3672984810834352,2023,0.0,1.0,0.012415335634134064,1.0
2023-01-31,0.7543405300384809,0.0906264011951004,0.30485564954609634,0.7408833089645318,0.433603097586475,0.8035753642332919,1.0,0.4806234203875316,0.7412326606476517,0.0,0.4654591406908172,0.11686820969888875,1.0707744029677753,0.4042520039821611,0.3099930442847153,0.3672984810834352,2023,0.0,0.0,0.012782251252885868,2.0
2023-02-01,0.9312942284360849,0.03767406395231338,0.6239309295246037,1.058451551108971,0.38947439781868115,1.0059905837651524,1.0,0.4806234203875316,0.7359192925967366,1.0,0.4654591406908172,0.09259746739942244,0.39357268101986115,0.4042520039821611,1.5577912558567364,0.3672984810834352,2023,1.0,0.0,0.012743354144291601,3.0
2023-02-02,0.010594198164013222,0.7958008372150526,0.5236990163103823,0.7714411074187426,0.2991903405633776,0.6774340828020553,0.0,0.4806234203875316,0.01687982548800514,1.0,0.4654591406908172,0.7008623011159341,0.22983991927787195,0.4042520039821611,1.9559300771768975,0.3672984810834352,2023,0.0,0.0,0.013694450440572242,4.0
2023-02-03,0.007842839798936147,0.769423164598026,0.47809412393751377,0.7362985880048999,0.4908235971151324,0.7654699975991354,0.0,0.4806234203875316,0.015130402215943242,1.0,0.4654591406908172,0.6434918360267579,0.5422025129342132,0.4042520039821611,0.20625769894062634,0.3672984810834352,2023,0.0,1.0,0.015540518292939731,0.0
2023-02-06,0.3622179902429492,0.5935504481518278,0.4461936761094867,0.6487653802277208,0.3944823759686811,0.7408282358241541,1.0,0.4806234203875316,0.43106618365062294,0.0,0.4654591406908172,0.6350120039168637,0.5710959668226963,0.4042520039821611,0.08861833967937964,0.3672984810834352,2023,1.0,0.0,0.015770048649144813,1.0
2023-02-07,0.27973709121851226,0.6902275010810038,0.3459141691875843,0.7865701181342115,0.4113606808753447,0.8898882868994201,1.0,0.4806234203875316,0.5499417279737516,0.0,0.4654591406908172,0.5723762199264216,0.4421858303720101,0.4042520039821611,0.1631669193111523,0.3672984810834352,2023,1.0,0.0,0.01534062274366166,2.0
2023-02-08,0.3716119717263374,0.6097997506701998,0.3829961974645692,0.7528056919682087,0.32975938424721396,0.6977129012835869,1.0,0.4806234203875316,0.4755107850473517,1.0,0.4654591406908172,0.6618332758716164,0.5359338122779259,0.4042520039821611,0.6005653966854255,0.3672984810834352,2023,1.0,0.0,0.014684934887660645,3.0
2023-02-09,0.06863875892666917,0.7647439312487501,0.4959946012003422,0.6457272915866045,0.340758673889885,0.6531175123953755,0.0,0.4806234203875316,0.1014114807207672,1.0,0.4654591406908172,0.7832316206222097,0.37339399090136743,0.4042520039821611,0.31110333449982064,0.3672984810834352,2023,0.0,1.0,0.015349917966993415,4.0
2023-02-10,0.63139147365647,0.37460079476738944,0.37022166869149586,0.6189887814444274,0.34936259552767407,0.6371722010384752,0.0,0.4806234203875316,0.7060164619035495,1.0,0.4654591406908172,0.40112261465766025,0.04813185702007631,0.4042520039821611,0.5244956772334273,0.3672984810834352,2023,0.0,1.0,0.015148242776266448,0.0
2023-02-13,0.3877788270097704,0.6793273689366977,0.34963962405725546,0.6859430861774016,0.28828998006231,0.6193298050888274,1.0,0.4806234203875316,0.27496018576240877,1.0,0.4654591406908172,0.8240910482027328,0.6212964160952208,0.4042520039821611,0.3702419459179722,0.3672984810834352,2023,1.0,1.0,0.01489299549414146,1.0
2023-02-14,0.29422148860193575,0.42046968789444494,0.3578880507751989,0.6918733855849687,0.3061673519922062,0.574672509487636,0.0,0.4806234203875316,0.3671486428514105,1.0,0.4654591406908172,0.5244703070508102,0.20620267607094114,0.4042520039821611,0.871641945856239,0.3672984810834352,2023,0.0,0.0,0.01485432637455674,2.0
2023-02-15,0.17039169427625647,0.6241444252746977,0.3469343616375449,0.6750397072014315,0.39695788834603263,0.5764866394059871,0.0,0.4806234203875316,0.13263350454293676,1.0,0.4654591406908172,0.7333853895336889,0.34203139619503437,0.4042520039821611,0.30055099282669717,0.3672984810834352,2023,0.0,1.0,0.014970099486808351,3.0
2023-02-16,0.5348514295786001,0.5009212107594189,0.44772684026335186,0.7424690239091096,0.37694763482831095,0.5869446884832185,0.0,0.4806234203875316,0.587127082021561,1.0,0.4654591406908172,0.552063514892615,0.2635182629975714,0.4042520039821611,0.6374736403634385,0.3672984810834352,2023,0.0,1.0,0.014940414928979436,4.0
2023-02-17,0.8029011818665416,0.11273171306555652,0.3012628761798223,0.6019440365415932,0.3066546863990191,0.664319831100977,1.0,0.4806234203875316,0.8587206107667704,0.0,0.4654591406908172,0.14618908177530482,0.1807320407026751,0.4042520039821611,0.17966891105149188,0.3672984810834352,2023,1.0,0.0,0.015316285601078701,0.0
2023-02-20,0.5550701747492269,0.6420505456878849,0.4048935403344961,0.8824200961850195,0.36110587020011803,0.6755771454859277,0.0,0.4806234203875316,0.5709495022398066,1.0,0.4654591406908172,0.7278158484821895,0.09819975996799143,0.4042520039821611,0.4092278970529422,0.3672984810834352,2023,0.0,0.0,0.014546183891386408,1.0
2023-02-21,0.508147857638277,0.6316593847350435,0.39588620663119795,0.8186850760066775,0.26813429346523543,0.6070320671699917,1.0,0.4806234203875316,0.45188416495420053,1.0,0.4654591406908172,0.72618023179094,0.4375617048884352,0.4042520039821611,0.44901413218245423,0.3672984810834352,2023,1.0,0.0,0.013800209741700042,2.0
2023-02-22,0.09312555123646664,0.8154554508370185,0.40195636298905824,0.7446183845032377,0.3595974982621425,0.7125280969839769,0.0,0.4806234203875316,0.12137271221871145,1.0,0.4654591406908172,0.815045512666217,0.36782658994732703,0.4042520039821611,0.3337291076810738,0.3672984810834352,2023,0.0,0.0,0.012854630398557314,3.0
2023-02-23,0.3643203664231462,0.5794833674348769,0.4957697210441981,0.8773949264841511,0.3050525475967923,0.628565336686998,0.0,0.4806234203875316,0.3217100324817321,1.0,0.4654591406908172,0.687435549673276,0.2696051167964391,0.4042520039821611,0.6472469410456049,0.3672984810834352,2023,0.0,0.0,0.011276483154655728,4.0
2023-02-24,0.16789481375018453,0.7710005036484202,0.3865918953035876,0.6439858422388656,0.2602665237096129,0.7702432731281258,0.0,0.4806234203875316,0.1266835166236079,1.0,0.4654591406908172,0.8174050216331615,0.4659785127448929,0.4042520039821611,0.20349694543922991,0.3672984810834352,2023,0.0,1.0,0.011235591602300598,0.0
2023-02-27,0.7212108915410536,0.32735839510442477,0.4128654541507402,0.6789679151245495,0.34200354624104473,0.8367793322104868,1.0,0.4806234203875316,0.8203898916055147,1.0,0.4654591406908172,0.2783299451022093,0.700978459553423,0.4042520039821611,0.626715888319416,0.3672984810834352,2023,0.0,1.0,0.010967029338700031,1.0
2023-02-28,0.6935937902314084,0.07279531050819517,0.40120303470989016,0.79682099636208,0.32930261819223705,0.7430812921731698,1.0,0.4806234203875316,0.6946206896632268,0.0,0.4654591406908172,0.12741443328098237,0.8650675183115202,0.4042520039821611,0.1783594265282781,0.3672984810834352,2023,0.0,0.0,0.011264139316057497,2.0
2023-03-01,0.5354952019636591,0.2197463271434144,0.4088452471971291,0.6619991162821296,0.3025129119208013,0.5919455253955903,0.0,0.4806234203875316,0.5971086726077006,0.0,0.4654591406908172,0.2781230902660196,0.11924956871765988,0.4042520039821611,0.3346032202415115,0.3672984810834352,2023,0.0,0.0,0.010821355843080997,3.0
2023-03-02,0.7912308399064368,0.46149117901421377,0.4143878631865344,0.9049176568043721,0.36715874539566473,0.7820690153701222,1.0,0.4806234203875316,0.7490643989726675,0.0,0.4654591406908172,0.49276172502368426,1.0851699663802772,0.4042520039821611,0.004183787822185215,0.3672984810834352,2023,0.0,0.0,0.010416934191592201,4.0
2023-03-03,0.9057035555509061,0.07549278669915976,0.416822240754441,0.6383889821732038,0.3362828510822569,0.562329301724249,1.0,0.4806234203875316,0.8661376319617059,0.0,0.4654591406908172,0.09627698846639439,0.15524141729392252,0.4042520039821611,0.5202129612630756,0.3672984810834352,2023,1.0,0.0,0.010485687335168524,0.0
2023-03-06,0.22968925510404864,0.7789384930812948,0.35637534207176863,0.6587330509788555,0.38020956084288987,0.7825349870191001,0.0,0.4806234203875316,0.18815563498722654,1.0,0.4654591406908172,0.8396970801141384,0.27119169378583635,0.4042520039821611,1.8419339841934026,0.3672984810834352,2023,0.0,0.0,0.009984210619963303,1.0
2023-03-07,0.004831144532386494,0.8222589445594959,0.4569894540560195,0.5462001483682306,0.4489316034183411,0.7149976899538263,0.0,0.4806234203875316,0.009951794800493238,1.0,0.4654591406908172,0.6879797331386228,0.5895508433374469,0.4042520039821611,0.18901230412505562,0.3672984810834352,2023,0.0,1.0,0.010534688947145713,2.0
2023-03-08,0.27727065595636524,0.713037585923283,0.44577529429296,0.7506137964234805,0.3895580111341925,0.7420454646611072,1.0,0.4806234203875316,0.34176955450884755,0.0,0.4654591406908172,0.6832158241347608,1.1624338624338653,0.4042520039821611,0.09735449735449314,0.3672984810834352,2023,0.0,0.0,0.010420572083893864,3.0
2023-03-09,0.6755520920271346,0.10651881453644614,0.3717698364616034,0.7324354672179383,0.3617758687088409,0.6433715938810851,1.0,0.4806234203875316,0.7160928715959559,0.0,0.4654591406908172,0.13047699747958105,2.089195646402982,0.4042520039821611,0.16299442527209654,0.3672984810834352,2023,0.0,0.0,0.010287964692644659,4.0
2023-03-10,0.8027185324787698,0.008004008588668813,0.327177734226233,0.6684328560295916,0.47846430032285026,0.6052104463026684,1.0,0.4806234203875316,0.654626437442621,0.0,0.4654591406908172,0.028193061115915602,2.251807798878148,0.4042520039821611,0.0,0.3672984810834352,2023,0.0,0.0,0.011322394804721778,0.0
2023-03-13,0.8121302786694471,0.012793440632529147,0.4675792144933043,0.927316347497945,0.44452787817786893,0.7802538234615456,0.0,0.4806234203875316,0.7741268396708895,0.0,0.4654591406908172,0.02749044729274384,0.0297014699196771,0.4042520039821611,0.7641763903621761,0.3672984810834352,2023,0.0,0.0,0.012317266197793001,1.0
2023-03-14,0.5240332211418947,0.5209158520932363,0.37157942830224977,0.9259791594850328,0.3313096323141312,0.699081677836749,1.0,0.4806234203875316,0.43034712498338185,1.0,0.4654591406908172,0.575873548104307,1.4360074798442755,0.4042520039821611,0.7798044204653387,0.3672984810834352,2023,0.0,1.0,0.012238605727131716,2.0
2023-03-15,0.1842172162896425,0.10219167106398086,0.3320474713082822,0.6856050508978283,0.5370323676154243,0.8666368055002907,0.0,0.4806234203875316,0.2596330773618664,0.0,0.4654591406908172,0.1086861004123525,0.5935026841551814,0.4042520039821611,0.4121976866456407,0.3672984810834352,2023,0.0,0.0,0.01345730328124637,3.0
2023-03-16,0.4294600283160603,0.4353548435716502,0.523502867656079,0.828663543729691,0.37501134842886164,0.707822990683929,1.0,0.4806234203875316,0.4168182108248306,0.0,0.4654591406908172,0.48092324930634456,2.5978833107191392,0.4042520039821611,0.0429308005427364,0.3672984810834352,2023,0.0,0.0,0.013713648597151415,4.0
2023-03-17,0.8427591728624256,0.0028411815937628986,0.5148142788083901,1.3740827931465924,0.5521059922365973,1.2176151114356417,1.0,0.4806234203875316,0.6300562812963131,0.0,0.4654591406908172,0.015427483978971411,0.8194349536982477,0.4042520039821611,0.6323900186149565,0.3672984810834352,2023,1.0,0.0,0.015271936112574503,0.0
2023-03-20,0.09939479362162525,0.44830205942437895,0.5689805276429332,0.6940315930690554,0.5011669348281529,0.6542612067262775,0.0,0.4806234203875316,0.1506134135948612,1.0,0.4654591406908172,0.5210316967037817,0.20686065981807428,0.4042520039821611,1.3710458433271568,0.3672984810834352,2023,0.0,0.0,0.015953879087834032,1.0
2023-03-21,0.02986607483905366,0.7587778342723559,0.5812971661659997,0.7385643832741298,0.36777324923938737,0.6203942284599692,0.0,0.4806234203875316,0.045428018857564964,1.0,0.4654591406908172,0.7196009106766378,1.1365994726545918,0.4042520039821611,0.19022709874967744,0.3672984810834352,2023,0.0,1.0,0.017310172615857555,2.0
2023-03-22,0.8710867494451155,0.05840057411600039,0.47195035509669003,0.8769873009780755,0.3848931183677505,0.6808333908009616,1.0,0.4806234203875316,0.7180288499281122,0.0,0.4654591406908172,0.137420750763906,0.930510250479408,0.4042520039821611,0.1439218709843242,0.3672984810834352,2023,0.0,0.0,0.0183436300101105,3.0
2023-03-23,0.6410659259314377,0.17070319011801896,0.2851494320560601,0.7114153145491012,0.43624725427843064,0.6365381799244444,0.0,0.4806234203875316,0.7335357253931423,0.0,0.4654591406908172,0.19817470804047901,0.24374785231568433,0.4042520039821611,0.49711733038066314,0.3672984810834352,2023,0.0,0.0,0.01876612596397527,4.0
2023-03-24,0.26484417825170964,0.7509647796155372,0.330710475388272,0.6156998923915549,0.3951915934009107,0.7073841539359548,0.0,0.4806234203875316,0.19950265929491154,1.0,0.4654591406908172,0.8287087582441878,0.016381872213964244,0.4042520039821611,0.903343239227341,0.3672984810834352,2023,0.0,0.0,0.019435461920717455,0.0
2023-03-27,0.28422119933473755,0.596700150131324,0.29937173306860226,0.6088607893439598,0.3492549260856834,0.6133526985379916,0.0,0.4806234203875316,0.27849176069842585,0.0,0.4654591406908172,0.6401371547426098,0.4942315962678308,0.4042520039821611,0.19057235279819543,0.3672984810834352,2023,0.0,0.0,0.01952622409026582,1.0
2023-03-28,0.8656747805895445,0.21950042509560705,0.2184436194561987,0.6521763316020188,0.300218938995734,0.693363938418738,0.0,0.4806234203875316,0.8988297831086606,0.0,0.4654591406908172,0.17841959003202953,0.0202527009705173,0.4042520039821611,0.38275041201244797,0.3672984810834352,2023,0.0,0.0,0.01976476276855791,2.0
2023-03-29,0.6073949123344007,0.7277183288348471,0.2692941653087936,0.7963123227571669,0.3893683685844417,0.829978330252391,1.0,0.4806234203875316,0.52511016067884,1.0,0.4654591406908172,0.7406558863002779,0.5175740227876776,0.4042520039821611,0.23783944536347187,0.3672984810834352,2023,0.0,1.0,0.019562662625245968,3.0
2023-03-30,0.8129813610379947,0.19448231897099658,0.24352178113933995,0.6744773590026634,0.35416210160881356,0.6771865195364886,1.0,0.4806234203875316,0.8477019933419454,0.0,0.4654591406908172,0.2019114969632591,0.19667568907018143,0.4042520039821611,0.3567915824787501,0.3672984810834352,2023,1.0,0.0,0.018923678368888704,4.0
2023-03-31,0.26029472785266555,0.8221637754116036,0.3051445672204416,0.6847245206313037,0.3211030657589886,0.5873164701118028,1.0,0.4806234203875316,0.23616928435234136,1.0,0.4654591406908172,0.8534230562628972,0.5982401157184185,0.4042520039821611,0.5490196078431372,0.3672984810834352,2023,1.0,1.0,0.018054826082288436,0.0
2023-04-03,0.6792215673597911,0.12274257478779259,0.31325727488496874,0.7569869427800091,0.28393197555139754,0.8226621315520325,1.0,0.4806234203875316,0.7623400212798256,0.0,0.4654591406908172,0.14893401579808177,1.092336103416435,0.4042520039821611,0.20306248076331093,0.3672984810834352,2023,0.0,0.0,0.018711476689122538,1.0
2023-04-04,0.8164369540237086,0.05285081205892048,0.389653376041597,0.8117885603621955,0.3103865155192938,0.651654975177041,1.0,0.4806234203875316,0.7915858969924047,0.0,0.4654591406908172,0.08465266192256864,0.3139974046599955,0.4042520039821611,0.287695376808504,0.3672984810834352,2023,1.0,0.0,0.018252012172014536,2.0
2023-04-05,0.5177877348308293,0.5529532774981601,0.4402088528085577,0.5702565879501476,0.6135826144295538,0.9234550062696169,0.0,0.4806234203875316,0.5864352606642927,1.0,0.4654591406908172,0.5773727234678313,0.017754711827365856,0.4042520039821611,0.5424747336793264,0.3672984810834352,2023,0.0,0.0,0.018117573700072737,3.0
2023-04-06,0.4586710126351622,0.7060172330909072,0.3267177472127808,0.6358728785103166,0.4283146432493841,0.7830808690004138,0.0,0.4806234203875316,0.36496471038406353,1.0,0.4654591406908172,0.743589796921304,0.0,0.4042520039821611,0.7692540018121358,0.3672984810834352,2023,0.0,0.0,0.016496437646355427,4.0
2023-04-10,0.40401558020902684,0.5711658434185044,0.3317783311602264,0.6784431340890686,0.38601886645193323,0.7082979434502049,1.0,0.4806234203875316,0.3660446480734607,0.0,0.4654591406908172,0.6468094157378874,0.5118651685393258,0.4042520039821611,0.07644943820224927,0.3672984810834352,2023,1.0,0.0,0.015963094759800248,1.0
2023-04-11,0.6744683167124956,0.4508129565474536,0.29056906641041513,0.6926948281705616,0.43720579401193893,0.8196025427087997,1.0,0.4806234203875316,0.8436648914684047,0.0,0.4654591406908172,0.27747842478775986,0.8341346734639679,0.4042520039821611,0.07948971949068297,0.3672984810834352,2023,0.0,0.0,0.01475537359554966,2.0
2023-04-12,0.5851821098621538,0.3260363560126177,0.4081943258700189,0.8961076631067767,0.2152462289212529,0.6649228144754182,1.0,0.4806234203875316,0.5174012244886211,0.0,0.4654591406908172,0.4210852143858807,1.1960739787550678,0.4042520039821611,0.04062271339540609,0.3672984810834352,2023,0.0,0.0,0.014050110038456718,3.0
2023-04-13,0.704085339800711,0.18289463226743782,0.4920704469461052,0.9292356647266715,0.3669024435436642,0.9803557474354598,0.0,0.4806234203875316,0.6854346757650298,1.0,0.4654591406908172,0.15208763443431084,0.2628655864669282,0.4042520039821611,1.6991745643534153,0.3672984810834352,2023,0.0,0.0,0.013743697478991573,4.0
2023-04-14,0.040274107123427993,0.5684230206898943,0.4515694662151823,0.7557152933149828,0.34606325185013653,0.5416104383974267,0.0,0.4806234203875316,0.03883678114632947,1.0,0.4654591406908172,0.5314969977001331,0.3604964150449001,0.4042520039821611,0.7686810700078606,0.3672984810834352,2023,0.0,1.0,0.014961869169803521,0.0
2023-04-17,0.275149343455681,0.4814653311148592,0.3809402647199997,0.6688734288491167,0.36542241333169934,0.6292326103462232,0.0,0.4806234203875316,0.2865685644306289,0.0,0.4654591406908172,0.5031447601502714,0.5595983743724618,0.4042520039821611,0.128854888835761,0.3672984810834352,2023,0.0,0.0,0.014976051921753594,1.0
2023-04-18,0.6542630746697538,0.44688641519814365,0.41297071439937516,0.698241901759496,0.3970233093814593,0.7756613255117211,0.0,0.4806234203875316,0.753660031122312,1.0,0.4654591406908172,0.3515321763488782,0.09871338227811595,0.4042520039821611,1.2222141455259157,0.3672984810834352,2023,0.0,1.0,0.014701199221179441,2.0
2023-04-19,0.4559523930946629,0.18922726962382805,0.3878417903841656,0.7307082628828099,0.36445689598465425,0.6672560675042245,1.0,0.4806234203875316,0.45253134582371757,0.0,0.4654591406908172,0.2704532147843512,0.5661918197875776,0.4042520039821611,0.13552634597297838,0.3672984810834352,2023,1.0,0.0,0.01561060889718403,3.0
2023-04-20,0.6773600740633813,0.3369286838506946,0.4190132541685825,0.8608276879739262,0.30914586705360314,0.5956125094382244,0.0,0.4806234203875316,0.7283231458423186,1.0,0.4654591406908172,0.3697867824661997,0.026448979591834995,0.4042520039821611,1.0817959183673522,0.3672984810834352,2023,0.0,0.0,0.015276371381682296,4.0
2023-04-21,0.3011660935385633,0.44390341148970347,0.36399750555835236,0.5865860655685445,0.2857200358381303,0.5446536462289736,0.0,0.4806234203875316,0.21006238031322244,0.0,0.4654591406908172,0.6229986322180013,0.2546894445072964,0.4042520039821611,0.2749632311347462,0.3672984810834352,2023,0.0,0.0,0.015921008454219378,0.0
2023-04-24,0.8263423313552989,0.3459918153870211,0.39112789447066076,0.737040832285066,0.33054073907473036,0.7466589986095427,1.0,0.4806234203875316,0.8890098920274747,0.0,0.4654591406908172,0.23839383205034861,0.49583612520340686,0.4042520039821611,0.4335215851440629,0.3672984810834352,2023,0.0,0.0,0.015006747793410484,1.0
2023-04-25,0.7297477704184203,0.18523782908690045,0.47982575855817905,0.8360659119693055,0.32901764247067933,0.6246316626794822,1.0,0.4806234203875316,0.7187846087761575,0.0,0.4654591406908172,0.2287712162565824,0.4310726504326835,0.4042520039821611,0.48460454819883303,0.3672984810834352,2023,1.0,0.0,0.014218043380912782,2.0
2023-04-26,0.23060178750068958,0.6602384942815679,0.43906335197167845,0.7631393080753984,0.3400426934861914,0.6108193176707855,0.0,0.4806234203875316,0.22656336618208975,1.0,0.4654591406908172,0.7177401108793804,0.487329628983631,0.4042520039821611,0.5291904417810732,0.3672984810834352,2023,0.0,1.0,0.014410237002492589,3.0
2023-04-27,0.4501779872187612,0.3991965536995087,0.40731332682998156,0.7383668998361402,0.2912317371410179,0.5680720183283219,0.0,0.4806234203875316,0.41185867645354635,0.0,0.4654591406908172,0.47606427585289424,0.24621914333105832,0.4042520039821611,0.392721241096693,0.3672984810834352,2023,0.0,0.0,0.014731437655503676,4.0
2023-04-28,0.6645515134928472,0.46405957239662343,0.3814594555402256,0.7151399350073103,0.31225307110521766,0.6952483166404266,1.0,0.4806234203875316,0.7541402500836227,0.0,0.4654591406908172,0.3715249644700278,0.5791666666666694,0.4042520039821611,0.42569444444444454,0.3672984810834352,2023,1.0,0.0,0.014477236054349944,0.0
2023-05-01,0.15901851350560056,0.6397112136014573,0.38445093582779094,0.7561258755510415,0.32575297393816,0.5887191712506881,1.0,0.4806234203875316,0.18328592184705825,0.0,0.4654591406908172,0.7290977771253729,1.248839009287923,0.4042520039821611,0.13680340557275433,0.3672984810834352,2023,0.0,0.0,0.01489620504188115,1.0
2023-05-02,0.8350167109524064,0.048213559679949045,0.2971320437726515,0.8322431483639064,0.37473109297271445,0.7135333927373945,1.0,0.4806234203875316,0.8081575467909491,0.0,0.4654591406908172,0.07194634884016142,0.7787059787059866,0.4042520039821611,0.3161343161343121,0.3672984810834352,2023,0.0,0.0,0.015136788967623865,2.0
2023-05-03,0.9093836776511053,0.06265840838331231,0.4735984476611306,0.8705829130206195,0.33987518574445047,0.6452042846893143,1.0,0.4806234203875316,0.8401495872583821,0.0,0.4654591406908172,0.10306796758478363,1.340943254415633,0.4042520039821611,0.26700488538143957,0.3672984810834352,2023,0.0,0.0,0.014919191218365567,3.0
2023-05-04,0.11200199826916786,0.37838537732712085,0.36526709441577043,0.6140559248868964,0.609095024347916,0.866143666858916,0.0,0.4806234203875316,0.199285100342303,1.0,0.4654591406908172,0.31068323547111804,0.09341117597997424,0.4042520039821611,1.6897414512093447,0.3672984810834352,2023,0.0,0.0,0.014621024032622316,4.0
2023-05-05,0.06204751320586724,0.466937123559955,0.41889356575917946,0.7260150052867839,0.33134184899347013,0.6035680281276444,0.0,0.4806234203875316,0.07330799394039224,0.0,0.4654591406908172,0.4676012786851506,0.4063837537564887,0.4042520039821611,0.07585830070120746,0.3672984810834352,2023,0.0,0.0,0.015557934213499734,0.0
2023-05-08,0.5321403720223313,0.7209018659560112,0.4119712416221543,0.7759669570998802,0.4999212125225879,0.8134196147062133,1.0,0.4806234203875316,0.6383057047962897,0.0,0.4654591406908172,0.6107256092307994,0.52282157676348,0.4042520039821611,0.06002766251729322,0.3672984810834352,2023,0.0,0.0,0.015328914403313692,1.0
2023-05-09,0.8135261011499753,0.3030254518104524,0.3032768359931079,0.6430947876691508,0.4453674461022212,0.7386787983228543,1.0,0.4806234203875316,0.8642401928683174,0.0,0.4654591406908172,0.25848154586547983,0.46788724208078936,0.4042520039821611,0.43737285672769893,0.3672984810834352,2023,1.0,0.0,0.014497709760709831,2.0
2023-05-10,0.34305818417400963,0.4830910766204334,0.39557586399896044,0.7551028284085497,0.3163131967073884,0.5527261596908717,0.0,0.4806234203875316,0.31250714455941697,1.0,0.4654591406908172,0.6392497304004501,0.36560787035928394,0.4042520039821611,0.637719319242645,0.3672984810834352,2023,0.0,0.0,0.014698555933815851,3.0
2023-05-11,0.18225922748227774,0.6621334530743376,0.49757939081887537,0.7426887409252524,0.28868230360590513,0.5344921510179966,0.0,0.4806234203875316,0.12942943755992614,1.0,0.4654591406908172,0.7765861335489332,0.255455929622736,0.4042520039821611,0.47809169345288866,0.3672984810834352,2023,0.0,0.0,0.014667493796526038,4.0
2023-05-12,0.4659559833939323,0.5605916127832916,0.39352294371098157,0.6751546561662942,0.29631033968633613,0.5762364642323135,0.0,0.4806234203875316,0.500349128924296,0.0,0.4654591406908172,0.5729346931977565,0.3771404007355646,0.4042520039821611,0.12170133498912968,0.3672984810834352,2023,0.0,0.0,0.01487395166933669,0.0
2023-05-15,0.6669075643719161,0.5956968571720886,0.47472558358389705,0.9246339844828168,0.3532509078729822,0.7702816659610362,0.0,0.4806234203875316,0.7457997874557359,1.0,0.4654591406908172,0.47634801627819884,0.06760119238254916,0.4042520039821611,1.0657534921534293,0.3672984810834352,2023,0.0,0.0,0.014379235464364523,1.0
2023-05-16,0.12358577893644607,0.734520798475967,0.4072958965537369,0.6845333351433499,0.2848922835804147,0.590881764583903,0.0,0.4806234203875316,0.08560730625866185,1.0,0.4654591406908172,0.7928319436588938,0.1414346972890498,0.4042520039821611,0.4687356154759293,0.3672984810834352,2023,0.0,0.0,0.01482458099916604,2.0
2023-05-17,0.47669408839804184,0.6969651673781748,0.3697356209585081,0.8698445812291673,0.3677239570786114,0.8008190747517655,0.0,0.4806234203875316,0.4319888318107417,1.0,0.4654591406908172,0.6906199415533647,0.15616752153777277,0.4042520039821611,1.032866889099145,0.3672984810834352,2023,0.0,0.0,0.014477269007858996,3.0
2023-05-18,0.12847061163466456,0.69989559029625,0.44143759471219274,0.683768324207092,0.3149411323989129,0.5575717971417704,0.0,0.4806234203875316,0.10569424015477623,0.0,0.4654591406908172,0.742152115578706,0.899381324636708,0.4042520039821611,0.11447892187425351,0.3672984810834352,2023,0.0,0.0,0.015217786367122964,4.0
2023-05-19,0.7277268597166343,0.1794275254080264,0.3568615328505824,0.762259267079811,0.3565329559671266,0.59475986758275,0.0,0.4806234203875316,0.7645288585551928,0.0,0.4654591406908172,0.1861606721484638,0.16668260495361278,0.4042520039821611,0.2935354308119037,0.3672984810834352,2023,0.0,0.0,0.0151074729764481,0.0
2023-05-22,0.5476498304473791,0.7182939370000702,0.43526357004521365,0.7927617114961755,0.40599539893779957,0.7443371851420724,0.0,0.4806234203875316,0.34499665002914737,1.0,0.4654591406908172,0.8210746951032573,0.21477333742425425,0.4042520039821611,0.6253483674669545,0.3672984810834352,2023,0.0,1.0,0.014168773271370522,1.0
2023-05-23,0.8367367720680239,0.1584318535615326,0.3234686476072427,0.870315581061399,0.32934731490547786,0.8183796692277995,1.0,0.4806234203875316,0.8203298335888444,0.0,0.4654591406908172,0.1867573954304097,0.3801553153531296,0.4042520039821611,0.6677510756637662,0.3672984810834352,2023,1.0,0.0,0.013785800003906131,2.0
2023-05-24,0.08834957707791133,0.7919425227173745,0.43291789090426025,0.6906179483160307,0.3072736528470851,0.5690724425614236,0.0,0.4806234203875316,0.07112493563116364,1.0,0.4654591406908172,0.830282731317406,0.29335624601568605,0.4042520039821611,0.7104964106543961,0.3672984810834352,2023,0.0,0.0,0.013167201082017715,3.0
2023-05-25,0.1320052314447726,0.7915986830733953,0.47806561336017656,0.7290851622584537,0.34065912750423477,0.693624109229904,0.0,0.4806234203875316,0.08858404680162757,1.0,0.4654591406908172,0.8049537105410157,0.694937126736892,0.4042520039821611,0.16638156117763744,0.3672984810834352,2023,0.0,1.0,0.012263921083373742,4.0
2023-05-26,0.5438419879149466,0.44280673204392074,0.41612400707264335,0.7125422325788543,0.3546463305844388,0.716500813010748,0.0,0.4806234203875316,0.5217049167217616,0.0,0.4654591406908172,0.48356210969799607,0.12487447575166809,0.4042520039821611,0.2671156004489355,0.3672984810834352,2023,0.0,0.0,0.012423285533025645,0.0
2023-05-29,0.5661521612974887,0.7109673338606639,0.3941009598541453,0.9556286468455689,0.3717964224924597,0.9300170519987067,1.0,0.4806234203875316,0.4846279174903748,1.0,0.4654591406908172,0.7744702743031198,0.862484848484846,0.4042520039821611,0.47557575757575943,0.3672984810834352,2023,0.0,1.0,0.01213033716455941,1.0
2023-05-30,0.7670618925971873,0.05372039740789677,0.34258529201643495,0.7291028728513584,0.35183503583599046,0.6807403605994047,1.0,0.4806234203875316,0.7314064728416836,0.0,0.4654591406908172,0.1041315139684528,0.6497431609126738,0.4042520039821611,0.23581412017679576,0.3672984810834352,2023,1.0,0.0,0.012207108150515922,2.0
2023-05-31,0.42044843513328367,0.43709436075090286,0.4576190697992977,0.7865457352664278,0.3270327974413444,0.597665560873867,1.0,0.4806234203875316,0.42256023417948996,1.0,0.4654591406908172,0.5313009898862762,0.8827281648675156,0.4042520039821611,0.3937070657507395,0.3672984810834352,2023,0.0,1.0,0.011868062435442287,3.0
2023-06-01,0.7481319548901872,0.09241998084320634,0.3521805883887641,0.6490760921137294,0.4313195180414482,0.8361490882492346,1.0,0.4806234203875316,0.7072251462103687,1.0,0.4654591406908172,0.13625596773465629,0.2501421602370349,0.4042520039821611,1.252805794151982,0.3672984810834352,2023,1.0,0.0,0.01206929559353134,4.0
2023-06-02,0.024459115689098317,0.7627189904689851,0.41832385949530476,0.6150495174824648,0.3459881874821885,0.7581109315989454,0.0,0.4806234203875316,0.035616560921173525,1.0,0.4654591406908172,0.796495169358446,0.6312380308662838,0.4042520039821611,0.3907288498366601,0.3672984810834352,2023,0.0,1.0,0.01301988036142377,0.0
2023-06-05,0.8165508972272454,0.08739195820240374,0.36570040453295716,0.6709242199152093,0.31192738127900516,0.605476984822262,1.0,0.4806234203875316,0.8271125857311378,0.0,0.4654591406908172,0.12517839717842613,0.18417877865226348,0.4042520039821611,0.2995921181134046,0.3672984810834352,2023,1.0,0.0,0.012675806082814,1.0
2023-06-06,0.685768513434481,0.4168232698665727,0.37940659149013656,0.7848529818475033,0.4096936726878668,0.7619881432306489,1.0,0.4806234203875316,0.8242632278577302,1.0,0.4654591406908172,0.3789919824258912,0.2835349815886403,0.4042520039821611,0.962709684961131,0.3672984810834352,2023,1.0,0.0,0.012449409946430203,2.0
2023-06-07,0.0391100217013807,0.7570834606274621,0.4784691449606532,0.6401355445415428,0.31500659058435354,0.5852833507097933,1.0,0.4806234203875316,0.04802636342468742,1.0,0.4654591406908172,0.8208656445920806,1.265471302395648,0.4042520039821611,0.01612855581485068,0.3672984810834352,2023,1.0,1.0,0.012464928236359751,3.0
2023-06-08,0.7048181878954072,0.08320939785116821,0.355680723424719,0.76587248212636,0.44672680511930035,0.8038745838748986,1.0,0.4806234203875316,0.7604429076032292,0.0,0.4654591406908172,0.10618634481746084,0.3086172344689387,0.4042520039821611,0.3713308970882943,0.3672984810834352,2023,1.0,0.0,0.012330909693493384,4.0
2023-06-09,0.3054722447409737,0.6544973053176778,0.3959046361345752,0.7268815068651279,0.4224104241768611,0.7076647024478394,0.0,0.4806234203875316,0.312653126492732,1.0,0.4654591406908172,0.7621018104593056,0.26399649174097545,0.4042520039821611,0.4649612629732455,0.3672984810834352,2023,0.0,1.0,0.012461945615566555,0.0
2023-06-12,0.534200078193051,0.4561583350188108,0.4158743586042911,0.7017497897432747,0.35678168308349334,0.722255664163078,1.0,0.4806234203875316,0.4971558141703242,1.0,0.4654591406908172,0.565230699522223,0.5572698356074743,0.4042520039821611,0.7245756413686532,0.3672984810834352,2023,1.0,0.0,0.012275269049492256,1.0
2023-06-13,0.05083027161831732,0.659900843956656,0.40954952178851817,0.6605160329040042,0.46431183933639736,0.704437878463725,0.0,0.4806234203875316,0.0822724901574369,1.0,0.4654591406908172,0.7312900642698398,0.6928482844150474,0.4042520039821611,0.15832988838362666,0.3672984810834352,2023,0.0,1.0,0.012446809058025074,2.0
2023-06-14,0.14194922997478962,0.8187199536437774,0.4327988970480547,0.7733256228587098,0.420074686366901,0.916615396107679,1.0,0.4806234203875316,0.1746830420016621,1.0,0.4654591406908172,0.7996221094639986,0.7764712940188381,0.4042520039821611,0.7193592896994374,0.3672984810834352,2023,1.0,1.0,0.012263479785379902,3.0
2023-06-15,0.729417600539883,0.03858488690633336,0.2976720498599733,0.6748935311646903,0.3128281742686509,0.7993857712325185,1.0,0.4806234203875316,0.7462155204939119,0.0,0.4654591406908172,0.07347538238415452,0.3989096126255408,0.4042520039821611,0.1892109038737462,0.3672984810834352,2023,1.0,0.0,0.01271366991299982,4.0
2023-06-16,0.40457292696607033,0.6226916238675027,0.38639838779773666,0.6511088112410367,0.3984979050452422,0.6743213347254352,0.0,0.4806234203875316,0.40288830967225303,1.0,0.4654591406908172,0.7464237228487256,0.052649437312670334,0.4042520039821611,0.38200531584007613,0.3672984810834352,2023,0.0,0.0,0.01290573550942002,0.0
2023-06-19,0.46732017325133984,0.7156020624349412,0.36371492717798515,0.7334157645778584,0.43928944805369835,0.7851370899781804,0.0,0.4806234203875316,0.36541544219420435,1.0,0.4654591406908172,0.8191804003265797,0.274452116481536,0.4042520039821611,0.8595016511558112,0.3672984810834352,2023,0.0,0.0,0.012200088781192449,1.0
2023-06-20,0.1252815040301418,0.6322839097601747,0.3526785140964381,0.6491131262308837,0.36519634575430304,0.6865539748464881,0.0,0.4806234203875316,0.15633758357855454,1.0,0.4654591406908172,0.6794418128723391,0.13797580407199422,0.4042520039821611,0.7043375627028695,0.3672984810834352,2023,0.0,1.0,0.012502656214952721,2.0
2023-06-21,0.5462113555081461,0.33976719740601036,0.416623158926065,0.8687920226283519,0.3977525239068801,0.6750259387702763,0.0,0.4806234203875316,0.6338905806471531,1.0,0.4654591406908172,0.35220704385672325,0.09770603228546955,0.4042520039821611,0.8619371282922761,0.3672984810834352,2023,0.0,0.0,0.012180230151502614,3.0
2023-06-22,0.11966047220296859,0.7975373055296436,0.4766891144409085,0.6348363138033257,0.3327831508955164,0.7727048886638516,1.0,0.4806234203875316,0.0905174754039258,1.0,0.4654591406908172,0.8336412296737025,1.0450866320981358,0.4042520039821611,0.1615657012773531,0.3672984810834352,2023,1.0,1.0,0.011805166234567033,4.0
2023-06-23,0.2301419195120344,0.37157069240643686,0.3668797301863173,0.6897205863250216,0.34120165458626456,0.7263815132849943,0.0,0.4806234203875316,0.3241903110952515,0.0,0.4654591406908172,0.4381782330540993,0.5381902902839785,0.4042520039821611,0.0,0.3672984810834352,2023,0.0,0.0,0.011809269990652826,0.0
2023-06-26,0.37955164465057617,0.7800315353460492,0.41411435924394085,0.7147868495376452,0.4557722897812717,0.8111527169966134,0.0,0.4806234203875316,0.3029762108829597,1.0,0.4654591406908172,0.8414063812650369,0.336123348017626,0.4042520039821611,0.5374449339207069,0.3672984810834352,2023,0.0,0.0,0.011804226641151508,1.0
2023-06-27,0.18362695938430168,0.7047707242048983,0.4197813422119617,0.712129285529593,0.39503908741769234,0.6557929781997692,0.0,0.4806234203875316,0.16058078066804696,1.0,0.4654591406908172,0.7890877740295997,0.16453429696911084,0.4042520039821611,0.49177979620405465,0.3672984810834352,2023,0.0,0.0,0.011465734188469991,2.0
2023-06-28,0.38116550868978377,0.714478000809649,0.3932347670183443,0.7896424691626613,0.39903462915080296,0.7774163500160655,0.0,0.4806234203875316,0.3610286629102859,1.0,0.4654591406908172,0.70967346112044,0.2751049624888061,0.4042520039821611,0.6957120242274095,0.3672984810834352,2023,0.0,1.0,0.010881792975555105,3.0
2023-06-29,0.6303934343406569,0.20765652821129182,0.3857347412852218,0.7191005570640381,0.4119387419031351,0.755041785342903,1.0,0.4806234203875316,0.6995876961380854,0.0,0.4654591406908172,0.2471650657999788,0.6932200509770573,0.4042520039821611,0.3635004248088408,0.3672984810834352,2023,0.0,0.0,0.01101466700705762,4.0
2023-06-30,0.6988474015846193,0.15601811834240012,0.3860158113743856,0.7195069739029338,0.3030759298631599,0.6536072552142045,1.0,0.4806234203875316,0.7841301573763629,0.0,0.4654591406908172,0.15622640692881598,0.5465930018416243,0.4042520039821611,0.43596182822701934,0.3672984810834352,2023,1.0,0.0,0.011114543248654647,0.0
2023-07-03,0.40111016298591484,0.34406743708986504,0.3979044665551388,0.6597841367760882,0.3633223719555554,0.6771247631275867,0.0,0.4806234203875316,0.4952631277250844,0.0,0.4654591406908172,0.3899251231559959,0.4498459194626209,0.4042520039821611,0.0780443890447068,0.3672984810834352,2023,0.0,0.0,0.01073642324429499,1.0
2023-07-04,0.7235035969227678,0.5393538008137067,0.4115089190341161,0.8042033855437439,0.39959672501030863,0.7880404580117395,1.0,0.4806234203875316,0.6797402832528263,1.0,0.4654591406908172,0.5316834724534113,0.46899072050445545,0.4042520039821611,0.548744222707895,0.3672984810834352,2023,1.0,0.0,0.01035292913226943,2.0
2023-07-05,0.06692657166008599,0.8379190787233298,0.46328394390824224,0.6958717050471362,0.3402333642969795,0.598209456888411,0.0,0.4806234203875316,0.07942530710669228,1.0,0.4654591406908172,0.8287057820977884,0.6623701569489726,0.4042520039821611,0.6650238835393105,0.3672984810834352,2023,0.0,0.0,0.009838249598682382,3.0
2023-07-06,0.17833379941734442,0.42923783805485805,0.45591285166446793,0.7808301443745519,0.3781198773278149,0.6087813128316184,1.0,0.4806234203875316,0.19490378331079009,0.0,0.4654591406908172,0.5269507538065451,1.226117089184751,0.4042520039821611,0.06587634506656746,0.3672984810834352,2023,1.0,0.0,0.01024808476883776,4.0
2023-07-07,0.4103438084257415,0.21473596974692072,0.2907037532695566,0.6497558976292164,0.36436188506603107,0.6635897952195586,0.0,0.4806234203875316,0.55964947354072,0.0,0.4654591406908172,0.23468189132441433,0.13394807085658764,0.4042520039821611,0.615869934481913,0.3672984810834352,2023,0.0,0.0,0.010702061464787865,0.0
2023-07-10,0.7398571429686704,0.2822557688853966,0.38690603961884185,0.6715282329982666,0.381094969086873,0.654777055432228,1.0,0.4806234203875316,0.7908344789007246,0.0,0.4654591406908172,0.25154753608044267,0.6703257023181911,0.4042520039821611,0.043980645627217645,0.3672984810834352,2023,0.0,0.0,0.010274892516922,1.0
2023-07-11,0.578243308666003,0.44368685912409145,0.36989153748634945,0.6730520957146574,0.4385533904056049,0.7676398241033655,1.0,0.4806234203875316,0.6430867035036094,0.0,0.4654591406908172,0.44962000933913554,1.422343726910004,0.4042520039821611,0.002068863602776306,0.3672984810834352,2023,0.0,0.0,0.010006513771710418,2.0
2023-07-12,0.8060107198312594,0.05660559939692273,0.2807534355990225,0.5593698684298053,0.37995169635621917,0.5153266088730852,1.0,0.4806234203875316,0.7954559530518476,0.0,0.4654591406908172,0.06800546861266608,0.31440699488444945,0.4042520039821611,0.2534557196241344,0.3672984810834352,2023,0.0,0.0,0.010058424473322163,3.0
2023-07-13,0.802221493641958,0.397390596552293,0.4516374450477008,0.7297991828093688,0.5711014375776093,0.7850188918020425,1.0,0.4806234203875316,0.7873550376454669,1.0,0.4654591406908172,0.36363182499338104,0.1850125216721283,0.4042520039821611,0.5108071662492791,0.3672984810834352,2023,1.0,1.0,0.009457178710981621,4.0
2023-07-14,0.41968649243031714,0.6556845334375349,0.37171022734453346,0.7511174983475578,0.42257329124620185,0.8052126637699664,0.0,0.4806234203875316,0.3822463000672859,1.0,0.4654591406908172,0.6924087266964106,0.24746387949584486,0.4042520039821611,0.5110667076544724,0.3672984810834352,2023,0.0,1.0,0.009507053573255174,0.0
2023-07-17,0.6397634012372133,0.3989677484854995,0.3725545000991691,0.7479544495109756,0.3831896552058563,0.7487201868181655,1.0,0.4806234203875316,0.6608455029829795,0.0,0.4654591406908172,0.38825244757525995,1.62657655887784,0.4042520039821611,0.034654826922314814,0.3672984810834352,2023,0.0,0.0,0.009299913910662948,1.0
2023-07-18,0.6793691938650955,0.06306502933767086,0.4207040265720212,0.6823436352690601,0.44053086177178974,0.5804538311436298,0.0,0.4806234203875316,0.6667680113015693,0.0,0.4654591406908172,0.07946032436029436,0.11342532647701081,0.4042520039821611,0.4687210979985923,0.3672984810834352,2023,0.0,0.0,0.00975750448149968,2.0
2023-07-19,0.750441930968664,0.4688010811208159,0.4743435011016351,0.8837859556086901,0.5373307897571739,0.7379709056611545,1.0,0.4806234203875316,0.7059171237151483,1.0,0.4654591406908172,0.4532147186322151,0.5666411629686391,0.4042520039821611,0.6164498852333588,0.3672984810834352,2023,1.0,0.0,0.009445088409496247,3.0
2023-07-20,0.14689892400590698,0.6234033366770655,0.45637943953032983,0.7441634119775217,0.3322532351075469,0.5458029569189853,0.0,0.4806234203875316,0.12959659187301484,1.0,0.4654591406908172,0.6889143131558286,0.23093998775259966,0.4042520039821611,0.677281077770979,0.3672984810834352,2023,0.0,0.0,0.00947632152758535,4.0
2023-07-21,0.2938614224245803,0.6573357076750446,0.3842735340417926,0.7269625259835893,0.3938101898252404,0.6615573084352987,0.0,0.4806234203875316,0.2523710990190984,1.0,0.4654591406908172,0.6761674024806718,0.3335795079099838,0.4042520039821611,0.45112138997939716,0.3672984810834352,2023,0.0,0.0,0.009367365144095103,0.0
2023-07-24,0.20783881372564728,0.8176945613188364,0.4050536052279686,0.7022780751394593,0.3472779697130296,0.8244635201688972,0.0,0.4806234203875316,0.16704927889355953,1.0,0.4654591406908172,0.8372316549315555,0.5861963190184089,0.4042520039821611,0.1878834355828221,0.3672984810834352,2023,0.0,1.0,0.009529850942607495,1.0
2023-07-25,0.8738097377594929,0.1804392912594359,0.3986910356940522,0.8437237206930546,0.34957559396707,0.6262407176561094,1.0,0.4806234203875316,0.8880119746183492,0.0,0.4654591406908172,0.14993822019413947,0.7402816459420241,0.4042520039821611,0.15541521201898156,0.3672984810834352,2023,0.0,0.0,0.009267566679366117,2.0
2023-07-26,0.6567518590807175,0.36455128911886375,0.4757443566893523,1.2258070281728841,0.35060267646757026,0.7371981083150556,1.0,0.4806234203875316,0.6333534363163471,1.0,0.4654591406908172,0.3335506306643688,0.5714169678755738,0.4042520039821611,1.6789993095885944,0.3672984810834352,2023,1.0,0.0,0.008918429852164792,3.0
2023-07-27,0.009434013238803983,0.7078183839519849,0.5063613154963439,0.7869331973683921,0.3921290576230578,0.6748844479002843,0.0,0.4806234203875316,0.01304306045704324,0.0,0.4654591406908172,0.5850273085925441,0.9662584929561246,0.4042520039821611,0.0069862961114795065,0.3672984810834352,2023,0.0,0.0,0.009564661236742171,4.0
2023-07-28,0.6981249813739598,0.30383363617809966,0.307788280456613,0.6945188958032912,0.3832282013254834,0.7266650840378176,1.0,0.4806234203875316,0.7680326066019846,0.0,0.4654591406908172,0.20478440110552737,0.7016757229167353,0.4042520039821611,0.4378158604704185,0.3672984810834352,2023,0.0,0.0,0.0095948555211709,0.0
2023-07-31,0.49192725758992345,0.31461278531441783,0.3672338346202986,0.6743323616073318,0.35859479539822375,0.7647255924443489,0.0,0.4806234203875316,0.6092271814039831,1.0,0.4654591406908172,0.24890677902556865,0.025881830954669796,0.4042520039821611,1.2516453449678346,0.3672984810834352,2023,0.0,0.0,0.009829183144946118,1.0
2023-08-01,0.09830092095771552,0.7101522201540095,0.4670766631839011,0.673274646579544,0.34084568205663585,0.6666833826129502,0.0,0.4806234203875316,0.06319810832864312,1.0,0.4654591406908172,0.7577546854907475,0.5582212257100181,0.4042520039821611,0.5807174887892321,0.3672984810834352,2023,0.0,0.0,0.00983214803775899,2.0
2023-08-02,0.12086799359024895,0.7961846700292721,0.44143986220309844,0.5747544773488504,0.3176028328868275,0.835146694078825,0.0,0.4806234203875316,0.09969490406951961,1.0,0.4654591406908172,0.7864573747582715,0.20885006650130497,0.4042520039821611,0.2647111686257586,0.3672984810834352,2023,0.0,1.0,0.010270642259415782,3.0
2023-08-03,0.6137595777775794,0.6372135636535218,0.4054342288434909,0.8285373337533272,0.46947736444881266,0.6825880707382148,1.0,0.4806234203875316,0.6312963186729723,1.0,0.4654591406908172,0.6165382974086127,0.6477611940298525,0.4042520039821611,0.44746996723698435,0.3672984810834352,2023,0.0,1.0,0.010145411408066397,4.0
2023-08-04,0.6650340298714326,0.15301856788550913,0.35016274212049076,0.6649699676368445,0.3970906006579359,0.6861900394158996,0.0,0.4806234203875316,0.7354045623652272,0.0,0.4654591406908172,0.17952897739651927,0.212910773157501,0.4042520039821611,0.5454287638696872,0.3672984810834352,2023,0.0,0.0,0.010373343276798268,0.0
2023-08-07,0.460956939309553,0.5678916926635434,0.4139627949810179,0.7223751115150328,0.3676914775805979,0.7910670736955764,0.0,0.4806234203875316,0.3314433071535413,1.0,0.4654591406908172,0.6732066782530759,0.08279372684058449,0.4042520039821611,0.7194670060261259,0.3672984810834352,2023,0.0,0.0,0.009854875096088454,1.0
2023-08-08,0.2820472376380364,0.7216497095490003,0.4432288451368897,0.6989064351375889,0.37861925407714025,0.5928511133376416,0.0,0.4806234203875316,0.18025479393820812,1.0,0.4654591406908172,0.8138654979457061,0.3757557882318225,0.4042520039821611,0.56982745907683,0.3672984810834352,2023,0.0,0.0,0.010064564007421159,2.0
2023-08-09,0.1229675892219097,0.79187702237872,0.4427440649728775,0.703254942349685,0.3264190823645148,0.6637875672499796,0.0,0.4806234203875316,0.1003721794554084,1.0,0.4654591406908172,0.840165951255215,0.8071185553520058,0.4042520039821611,0.1324260664747434,0.3672984810834352,2023,0.0,0.0,0.009978585605348375,3.0
2023-08-10,0.10654708727463898,0.829993800893725,0.5023725361474298,0.8275527128294612,0.36053093319406965,0.6515703649924134,0.0,0.4806234203875316,0.11520962864226444,1.0,0.4654591406908172,0.8373582744145414,0.4479457667523449,0.4042520039821611,0.08187134502923644,0.3672984810834352,2023,0.0,1.0,0.010027991869135212,4.0
2023-08-11,0.48516459409774815,0.6591733721597183,0.4150287089717136,0.6789320058859653,0.36326188797779946,0.7191395052826418,0.0,0.4806234203875316,0.44276266709487705,1.0,0.4654591406908172,0.7413202700357675,0.1319405018735102,0.4042520039821611,0.5860489761931768,0.3672984810834352,2023,0.0,0.0,0.009861496382513041,0.0
2023-08-14,0.4186901695614917,0.6306337669010035,0.43752902665602117,0.6396904473780021,0.3535471851429463,0.6079179946810779,0.0,0.4806234203875316,0.37172281637735793,1.0,0.4654591406908172,0.6839553191191172,0.2286018075491857,0.4042520039821611,0.5869218500797431,0.3672984810834352,2023,0.0,0.0,0.009861850211025766,1.0
2023-08-15,0.3735593248817358,0.5784226342740695,0.43426106230544015,0.8485211068839047,0.33187483501421905,0.6652675849546478,0.0,0.4806234203875316,0.35212785257844315,1.0,0.4654591406908172,0.6433271122561235,0.28600830887678375,0.4042520039821611,0.537866371917517,0.3672984810834352,2023,0.0,0.0,0.009854094649185671,2.0
2023-08-16,0.12470993040644526,0.8524762777064905,0.4074728064420657,0.7140526625956789,0.42358960621981756,0.5327667115820619,0.0,0.4806234203875316,0.09546070629442595,1.0,0.4654591406908172,0.8636931205194993,0.6822818284850849,0.4042520039821611,0.40490282500104186,0.3672984810834352,2023,0.0,0.0,0.008994787304977018,3.0
2023-08-17,0.19963537016444505,0.6014365889594724,0.42125626891457735,0.810039041653465,0.3366585781925662,0.6790940503674404,0.0,0.4806234203875316,0.19124160861867442,0.0,0.4654591406908172,0.6602881542980589,0.44413712178358544,0.4042520039821611,0.14609001760120754,0.3672984810834352,2023,0.0,0.0,0.009021720637441158,4.0
2023-08-18,0.4130072150014562,0.7162402889243756,0.3732179491015677,0.7696555599238731,0.3963968865376289,0.8523604085760036,1.0,0.4806234203875316,0.3812708322584308,1.0,0.4654591406908172,0.7427946115841831,0.5710639795828556,0.4042520039821611,0.29323242101557634,0.3672984810834352,2023,1.0,1.0,0.008591177013176717,0.0
2023-08-21,0.6883714808657901,0.20845584936926476,0.3488266152236662,0.7300955251612504,0.3315260341674353,0.6523947834500554,1.0,0.4806234203875316,0.7077123784915086,0.0,0.4654591406908172,0.275846110875271,0.6321037809888725,0.4042520039821611,0.36000184663682344,0.3672984810834352,2023,1.0,0.0,0.008166270561765216,1.0
2023-08-22,0.4244468859964999,0.36517992243520947,0.6230600554087677,0.8575636896999261,0.30565734249924714,0.6323448956457952,1.0,0.4806234203875316,0.4929004881632262,0.0,0.4654591406908172,0.39046974838913495,1.5352776059755424,0.4042520039821611,0.007326704410288781,0.3672984810834352,2023,0.0,0.0,0.007913124665878582,2.0
2023-08-23,0.6375986838656622,0.10985761386275307,0.3677971838098573,0.5819821958803887,0.27893311149180344,0.6826699618190201,1.0,0.4806234203875316,0.6712394226341069,0.0,0.4654591406908172,0.10273914781245569,0.49575779226577515,0.4042520039821611,0.2300616236491957,0.3672984810834352,2023,1.0,0.0,0.008351109055922673,3.0
2023-08-24,0.46592322320647145,0.5142599937792297,0.44961805756973916,0.8124648902721204,0.34372228118083825,0.668182392745247,0.0,0.4806234203875316,0.48641189563360915,1.0,0.4654591406908172,0.5708106697428702,0.3688685415304038,0.4042520039821611,0.8502289077828649,0.3672984810834352,2023,0.0,1.0,0.007977127712301678,4.0
2023-08-25,0.5044139074687811,0.21867301990081164,0.4121805909439113,0.7117760049048485,0.32339844507183646,0.6861779788472706,1.0,0.4806234203875316,0.40900340743326236,0.0,0.4654591406908172,0.34042874202277384,0.7585318737926582,0.4042520039821611,0.09723116548615532,0.3672984810834352,2023,1.0,0.0,0.008112880307589429,0.0
2023-08-28,0.4695203805265395,0.4537094530058319,0.4361184692808884,0.7525727513812243,0.32190110017928253,0.7233991982121902,1.0,0.4806234203875316,0.5999015245533479,0.0,0.4654591406908172,0.4038813021466921,1.1686165273908877,0.4042520039821611,0.3737233054781804,0.3672984810834352,2023,0.0,0.0,0.008012808589849842,1.0
2023-08-29,0.824710209684736,0.03441500439155179,0.38638541360697887,0.693877884374474,0.3098357053510878,0.6569599676555782,1.0,0.4806234203875316,0.7850974724297085,0.0,0.4654591406908172,0.05337503316080747,0.7405461709161772,0.4042520039821611,0.15280105067704364,0.3672984810834352,2023,0.0,0.0,0.008141133129519256,2.0
2023-08-30,0.5304693923618926,0.45907032847285983,0.46151996491702546,0.7389193385925668,0.28039440332964766,0.5702677174956344,0.0,0.4806234203875316,0.5364620102327811,0.0,0.4654591406908172,0.4304609546650363,0.3620188983636725,0.4042520039821611,0.20649919336252925,0.3672984810834352,2023,0.0,0.0,0.007978719491833337,3.0
2023-08-31,0.4301765937444467,0.7885648513316833,0.5480928958710615,0.886339084202453,0.5208092417942897,0.8064096300023945,1.0,0.4806234203875316,0.25534144363978495,1.0,0.4654591406908172,0.8480863610727788,0.8324675324675305,0.4042520039821611,0.3688311688311739,0.3672984810834352,2023,1.0,1.0,0.007937939743821015,4.0
2023-09-01,0.1846724577071308,0.5046129815850489,0.3617296745473939,0.7041860812898549,0.4357206210226009,0.6658872218990385,0.0,0.4806234203875316,0.21053237250375106,0.0,0.4654591406908172,0.5809741960675554,0.41831784175923403,0.4042520039821611,0.18408524144185612,0.3672984810834352,2023,0.0,0.0,0.008121779183351495,0.0
2023-09-04,0.38379812319541307,0.7860368066473736,0.5112664147367686,0.7136279595395449,0.4734730313492625,0.7666562259245374,0.0,0.4806234203875316,0.2948474195689709,1.0,0.4654591406908172,0.8044754704767012,0.028691197019100056,0.4042520039821611,0.8594317652538492,0.3672984810834352,2023,0.0,0.0,0.007911205834320829,1.0
2023-09-05,0.17465445962617052,0.7864073148997013,0.5287593294316304,0.7540753786283519,0.33146245004964153,0.6454557868510398,0.0,0.4806234203875316,0.1019348521489298,1.0,0.4654591406908172,0.8551018660858778,0.2084742577978257,0.4042520039821611,0.7043404735062049,0.3672984810834352,2023,0.0,0.0,0.007895135042116266,2.0
2023-09-06,0.1595877003203931,0.8234666770795798,0.5435113349219957,0.7035549195920081,0.3450901673260487,0.6133367464219547,0.0,0.4806234203875316,0.11813976458198157,0.0,0.4654591406908172,0.8240153613096117,0.47997695188705675,0.4042520039821611,0.01613367905502802,0.3672984810834352,2023,0.0,0.0,0.007762241202718742,3.0
2023-09-07,0.6858174287236405,0.6250697593195799,0.5934601625476229,1.0310400616316522,0.4232927515765522,0.7050375843952814,1.0,0.4806234203875316,0.6300399907566158,0.0,0.4654591406908172,0.6115545122099519,0.6878100982585965,0.4042520039821611,0.15526802218114458,0.3672984810834352,2023,1.0,0.0,0.007649699005665625,4.0
2023-09-08,0.177884234491168,0.7759218753407124,0.5302398878856001,0.9480535396774222,0.3664629835983189,0.6364778202595487,1.0,0.4806234203875316,0.19592834109708776,1.0,0.4654591406908172,0.7850880037480508,0.8059628303829767,0.4042520039821611,0.15858382778405572,0.3672984810834352,2023,1.0,1.0,0.00759091189956306,0.0
2023-09-11,0.34026659738025783,0.559480924091722,0.5409161665019196,0.8944742226489121,0.3708968767529387,0.7774833011817383,0.0,0.4806234203875316,0.3948805127579482,1.0,0.4654591406908172,0.5197174699380733,0.1520011844248171,0.4042520039821611,1.0197897645955694,0.3672984810834352,2023,0.0,0.0,0.007529338148027303,1.0
2023-09-12,0.3019027633166201,0.5246358803610359,0.5601940801600745,0.9292150181695357,0.33019283295975516,0.5635925146625128,0.0,0.4806234203875316,0.18748648203497986,1.0,0.4654591406908172,0.5691908863771339,0.17034057934124844,0.4042520039821611,0.5908466120246377,0.3672984810834352,2023,0.0,1.0,0.007333215362755786,2.0
2023-09-13,0.42000731813510195,0.6467831190015191,0.618298487460792,0.9827080784989629,0.39967769243582824,0.6471167930734245,0.0,0.4806234203875316,0.3022141960188299,1.0,0.4654591406908172,0.718871334704434,0.34158567774935933,0.4042520039821611,0.5127365728900152,0.3672984810834352,2023,0.0,1.0,0.007318462815845014,3.0
2023-09-14,0.7503512005814671,0.2395297698671997,0.5674544158428223,0.9792250051228655,0.3738216999292592,0.5968613425823994,1.0,0.4806234203875316,0.7700045899106609,0.0,0.4654591406908172,0.22577689329174935,1.4734890619206447,0.4042520039821611,0.05784204671857418,0.3672984810834352,2023,0.0,0.0,0.007058361685422663,4.0
2023-09-15,0.46498080856579155,0.14789126924173782,0.5041401185598504,0.8275393222571304,0.3038273143990686,0.7239668965329759,1.0,0.4806234203875316,0.5385024757936341,0.0,0.4654591406908172,0.1493245347675807,0.7508539383125152,0.4042520039821611,0.08850369615090563,0.3672984810834352,2023,0.0,0.0,0.007283363112875599,0.0
2023-09-18,0.9061758516550303,0.15552187570324985,0.6003061968022678,0.8969790806301225,0.27958448724837853,0.6957905956714451,1.0,0.4806234203875316,0.883495043987063,0.0,0.4654591406908172,0.1253395299682068,0.2850472363991746,0.4042520039821611,0.2903681181452877,0.3672984810834352,2023,1.0,0.0,0.006803882106432845,1.0
2023-09-19,0.47274882988843964,0.7201488524191462,0.5823921004919994,0.9659444128441961,0.5774503893348809,0.7575066649671578,1.0,0.4806234203875316,0.3083409469654949,1.0,0.4654591406908172,0.8021771860385205,1.2710795902285343,0.4042520039821611,0.265563435776193,0.3672984810834352,2023,1.0,1.0,0.006570839762642009,2.0
2023-09-20,0.0342144856764217,0.850798333441779,0.6366370004086077,1.1308175788615182,0.31746315235591505,0.9287650143451912,0.0,0.4806234203875316,0.08284492731589133,1.0,0.4654591406908172,0.6425470649911585,0.08770905229626164,0.4042520039821611,1.2227236527740932,0.3672984810834352,2023,0.0,0.0,0.006969679028426379,3.0
2023-09-21,0.23702924807006767,0.41975713103512086,0.5767327915136256,0.9903206468021081,0.3134826681675912,0.588107936008555,0.0,0.4806234203875316,0.1575221102787091,0.0,0.4654591406908172,0.5405838325853936,0.6795391508427489,0.4042520039821611,0.0664604224450682,0.3672984810834352,2023,0.0,0.0,0.006974811362379927,4.0
2023-09-22,0.6126251680937336,0.5268301387849819,0.554801291338649,1.008124342383648,0.35945036701002164,0.7588753917949402,0.0,0.4806234203875316,0.6962743849173064,1.0,0.4654591406908172,0.38700161956496437,0.14001489520162513,0.4042520039821611,0.7559314820725668,0.3672984810834352,2023,0.0,0.0,0.006974233401970068,0.0
2023-09-25,0.16323536446769946,0.7765394148520309,0.5432563990908144,0.7771199088308685,0.47331405160046974,0.6659967555556243,0.0,0.4806234203875316,0.10706331227125082,1.0,0.4654591406908172,0.8478651891744989,0.07811577874349196,0.4042520039821611,1.250603573153071,0.3672984810834352,2023,0.0,0.0,0.006949607423056199,1.0
2023-09-26,0.07933786960802253,0.7357469033435269,0.5990078648948369,0.833241013359293,0.40224485998005327,0.6387988273371908,0.0,0.4806234203875316,0.05528395116801504,1.0,0.4654591406908172,0.7762822135589693,0.24658254468979315,0.4042520039821611,2.063932702418501,0.3672984810834352,2023,0.0,0.0,0.007148419530293975,2.0
2023-09-27,0.009132926955257241,0.6779310685515402,0.4942331680566364,0.5812936799749084,0.49203577282472327,0.8421526656373816,0.0,0.4806234203875316,0.013274874247718801,1.0,0.4654591406908172,0.6218772126223422,0.3052145091265476,0.4042520039821611,1.1319732972316978,0.3672984810834352,2023,0.0,0.0,0.008160685617977366,3.0
2023-09-28,0.14887805785526959,0.49914851267508364,0.40556362211343416,0.6945769247026418,0.5107193921144032,0.8049407915394712,1.0,0.4806234203875316,0.14318108184215517,1.0,0.4654591406908172,0.5317069224987951,0.9407559646144193,0.4042520039821611,1.1571798766866224,0.3672984810834352,2023,1.0,0.0,0.008573297827679094,4.0
2023-09-29,0.00630048763575496,0.7123430903909623,0.6018185198429223,0.6335147707393967,0.47649019147176064,0.927327279566856,0.0,0.4806234203875316,0.02235485456604355,1.0,0.4654591406908172,0.6083557413707553,0.11795651637828025,0.4042520039821611,1.2388311207924034,0.3672984810834352,2023,0.0,0.0,0.009400967027260523,0.0
2023-10-02,0.04814667093839055,0.7626808565822639,0.6132517705331814,0.6132517705331814,0.3973076145672375,0.7357024829272351,0.0,0.4806234203875316,0.042868248963135576,1.0,0.4654591406908172,0.8079646664866883,0.31200736206137386,0.4042520039821611,0.7063577801784449,0.3672984810834352,2023,0.0,0.0,0.009767278269535136,1.0
2023-10-03,0.338154346174956,0.4488039361078592,0.5128678251554449,0.8095705586753256,0.36614974186385646,0.8219203795580482,0.0,0.4806234203875316,0.3524216383742776,0.0,0.4654591406908172,0.5319378825558674,0.4149477527871596,0.4042520039821611,0.345336596356299,0.3672984810834352,2023,0.0,0.0,0.010087200622559295,2.0
2023-10-04,0.33695998211975914,0.653411647451269,0.33946607237583737,0.7965055748606562,0.4455221417978082,0.8511290750083493,0.0,0.4806234203875316,0.3631049102411804,1.0,0.4654591406908172,0.6789618673130277,0.43702790195775715,0.4042520039821611,0.4321720363804531,0.3672984810834352,2023,0.0,1.0,0.010177969332728744,3.0
2023-10-05,0.4817126912637331,0.4326308845706576,0.42679088667239035,0.8393477241641458,0.439296249942971,0.8727615859072843,1.0,0.4806234203875316,0.4280672123581626,1.0,0.4654591406908172,0.5358599968778619,0.8083470620538187,0.4042520039821611,0.5326743547501277,0.3672984810834352,2023,0.0,1.0,0.010004999752759472,4.0
2023-10-06,0.775447537336698,0.05167756192373677,0.3253811943218609,0.6084524724099851,0.4424550584130178,0.7144161684492764,1.0,0.4806234203875316,0.7477462502883082,0.0,0.4654591406908172,0.10639836715692069,1.653736920777288,0.4042520039821611,0.0,0.3672984810834352,2023,0.0,0.0,0.01043447337883532,0.0
2023-10-09,0.8682417508528714,0.14146885525749725,0.42048477248171573,0.5255993615851529,0.31705304265655465,0.8140786266508664,1.0,0.4806234203875316,0.887427106014158,0.0,0.4654591406908172,0.12208050713111254,0.19537786311891076,0.4042520039821611,0.3998765601426383,0.3672984810834352,2023,1.0,0.0,0.0111919907651877,1.0
2023-10-10,0.5862342992273134,0.4788029330434479,0.48855201552089644,0.7524473671920957,0.34263873419571445,0.739993841247309,1.0,0.4806234203875316,0.6799745795036485,0.0,0.4654591406908172,0.4783651864258009,0.8270893371758017,0.4042520039821611,0.08807197582062104,0.3672984810834352,2023,0.0,0.0,0.010924920829455427,2.0
2023-10-11,0.7665620551770336,0.20418531566334103,0.3401196053237112,0.6062478025509926,0.4305575980185788,0.5992439485951544,1.0,0.4806234203875316,0.8255925281589245,0.0,0.4654591406908172,0.1736838884928522,0.5256558439284106,0.4042520039821611,0.3113726314314804,0.3672984810834352,2023,1.0,0.0,0.01088115602230882,3.0
2023-10-12,0.13979897637382452,0.7886194762951024,0.5023694090874509,0.6560142795652578,0.30897752499904163,0.650766535217911,1.0,0.4806234203875316,0.14404951864235854,0.0,0.4654591406908172,0.8458311028983991,3.0589562185993984,0.4042520039821611,0.0,0.3672984810834352,2023,0.0,0.0,0.011183983193637063,4.0
2023-10-13,0.8442621788154814,0.0007130968108424309,0.3665639448868813,0.7893039566778827,0.5131986692179924,0.7229143167530331,0.0,0.4806234203875316,0.5981454893372543,0.0,0.4654591406908172,0.008383114856488039,0.0,0.4042520039821611,0.9790124531916817,0.3672984810834352,2023,0.0,0.0,0.012734928357017151,0.0
2023-10-16,0.6303273050865232,0.35176578117327767,0.3920627522270583,0.7378472020102032,0.3528513903447019,0.7064977059801476,1.0,0.4806234203875316,0.5602834170021839,0.0,0.4654591406908172,0.4529894981826515,0.45604035452706276,0.4042520039821611,0.31001168457351264,0.3672984810834352,2023,1.0,0.0,0.013053263594902038,1.0
2023-10-17,0.4593258810627168,0.4941205395330485,0.3301402634931674,0.6865876743499101,0.4082640093578728,0.7422460983977927,1.0,0.4806234203875316,0.5948920950508628,0.0,0.4654591406908172,0.44609871724871186,1.6351933864777075,0.4042520039821611,0.0062001771479222745,0.3672984810834352,2023,0.0,0.0,0.012580723523464324,2.0
2023-10-18,0.4003951418148868,0.14328497440897642,0.4534828257072362,0.7577503117407095,0.23988156459367638,0.3397207046028276,1.0,0.4806234203875316,0.4554561101737526,0.0,0.4654591406908172,0.16001510894951398,1.1842769766006438,0.4042520039821611,0.09269962403905116,0.3672984810834352,2023,0.0,0.0,0.01307237006668588,3.0
2023-10-19,0.8953787855577262,0.05411021607646488,0.44666716545626955,1.3765208480405104,0.3648489387300693,0.6481613111135013,1.0,0.4806234203875316,0.7960576394806593,0.0,0.4654591406908172,0.08858252076183623,0.8985621429978315,0.4042520039821611,0.0925743549340126,0.3672984810834352,2023,0.0,0.0,0.012857851976416715,4.0
2023-10-20,0.29691335184881507,0.6194147107967439,0.36136122983935404,0.7676364798820742,0.45762017834824215,0.7637271398485527,0.0,0.4806234203875316,0.34268398450237164,1.0,0.4654591406908172,0.5620093856425264,0.08039891307392605,0.4042520039821611,0.7251589769448421,0.3672984810834352,2023,0.0,1.0,0.012873089519847494,0.0
2023-10-23,0.5602190538324826,0.47122152502169773,0.3654297535449663,0.716185777594825,0.4551511207272698,0.7368107503295224,0.0,0.4806234203875316,0.49716533790838846,1.0,0.4654591406908172,0.5185565952015838,0.3159769571146262,0.4042520039821611,0.7465004313583647,0.3672984810834352,2023,0.0,1.0,0.013010811867708503,1.0
2023-10-24,0.4958821115006084,0.35777429727965615,0.38459180497876605,0.7677820160314803,0.4080100856203419,0.8292487525172288,1.0,0.4806234203875316,0.5601636609413535,0.0,0.4654591406908172,0.3227538445353688,0.6086629810530855,0.4042520039821611,0.330631742794266,0.3672984810834352,2023,1.0,0.0,0.013504002783284345,2.0
2023-10-25,0.6037783232631555,0.3376213218002598,0.4102313088870229,0.8187695935745335,0.4430429483132666,0.8327594503106966,1.0,0.4806234203875316,0.689852803277269,0.0,0.4654591406908172,0.28546981263727733,0.5115462242143083,0.4042520039821611,0.28329532646588657,0.3672984810834352,2023,1.0,0.0,0.01376681112718901,3.0
2023-10-26,0.577644649734172,0.4512238480380423,0.4019659305703988,0.8024667834491034,0.3735100655715589,0.7646359891466754,1.0,0.4806234203875316,0.6449116803932582,0.0,0.4654591406908172,0.3955417160811665,0.9081980198019857,0.4042520039821611,0.2979273927392717,0.3672984810834352,2023,0.0,0.0,0.01363017055796791,4.0
2023-10-27,0.9222141236154207,0.0635611510360989,0.6301441752274094,1.0502117901596772,0.3079852501443999,0.6918536196802625,0.0,0.4806234203875316,0.7931233883806446,0.0,0.4654591406908172,0.10508538552756658,0.028016957632250747,0.4042520039821611,0.5548094899544441,0.3672984810834352,2023,0.0,0.0,0.013523050824764743,0.0
2023-10-30,0.5543436004356154,0.7210709806044251,0.37172892470515717,0.8850549138702402,0.4068191002405637,0.8991157219036248,1.0,0.4806234203875316,0.40687085147791857,1.0,0.4654591406908172,0.7349448872605643,0.43259042747534293,0.4042520039821611,0.6339057362075227,0.3672984810834352,2023,1.0,0.0,0.01371187527554007,1.0
2023-10-31,0.13123750913494003,0.7590769089231743,0.34586458428880856,0.7516652212206999,0.43521545069226797,0.7765244513363002,0.0,0.4806234203875316,0.15195156395163553,1.0,0.4654591406908172,0.73387068128627,0.28762983467506104,0.4042520039821611,0.5020189450694608,0.3672984810834352,2023,0.0,1.0,0.014177270426293827,2.0
2023-11-01,0.6133377831414544,0.4968905687204706,0.32888859874617016,0.9051115657186986,0.4297493680832579,0.797743507505416,0.0,0.4806234203875316,0.6016510928146531,0.0,0.4654591406908172,0.4431523365539067,0.2926976009626202,0.4042520039821611,0.1361710661552769,0.3672984810834352,2023,0.0,0.0,0.014371530599892787,3.0
2023-11-02,0.7354788691991084,0.679610510939665,0.34333603008495417,0.942240962614927,0.5420794088400075,1.0277433849483204,1.0,0.4806234203875316,0.7180319034442708,0.0,0.4654591406908172,0.5222565795235772,0.7362903225806442,0.4042520039821611,0.1056451612903181,0.3672984810834352,2023,0.0,0.0,0.012488795334830655,4.0
2023-11-03,0.4670534810379497,0.5872660664626508,0.33345153989988524,0.8322381939238577,0.4104387049865826,0.9481404082662771,0.0,0.4806234203875316,0.48712123887332703,1.0,0.4654591406908172,0.5155807757767734,0.0231983487892064,0.4042520039821611,0.6157737143521659,0.3672984810834352,2023,0.0,0.0,0.012331724426701541,0.0
2023-11-06,0.2817062399866052,0.8614495578333792,0.36564011513135797,0.6644315868221975,0.38353962298943284,0.8442372444844314,0.0,0.4806234203875316,0.1466286176751649,1.0,0.4654591406908172,0.8909924056192915,0.01973626244530017,0.4042520039821611,0.8683955475931701,0.3672984810834352,2023,0.0,0.0,0.012297163082146017,1.0
2023-11-07,0.6485766381654857,0.43347347555118554,0.4112732859018671,0.8536773926130703,0.29335178098039505,0.6475025663855003,0.0,0.4806234203875316,0.49695879042154284,1.0,0.4654591406908172,0.42283392372935685,0.08077424157826724,0.4042520039821611,0.9419318816303768,0.3672984810834352,2023,0.0,0.0,0.01169448511327377,2.0
2023-11-08,0.13579486834433963,0.8499829807763553,0.3857765522003799,0.6413963621502237,0.351798379735725,0.8158107966329258,0.0,0.4806234203875316,0.10247659093625344,1.0,0.4654591406908172,0.7923791431060851,0.6878948375981049,0.4042520039821611,0.2572905366600723,0.3672984810834352,2023,0.0,1.0,0.011479761892552771,3.0
2023-11-09,0.6584292113707241,0.3607796379227837,0.4181453196555415,0.927622516763814,0.39098016787199696,0.7567184524456889,0.0,0.4806234203875316,0.659111729954707,1.0,0.4654591406908172,0.29198505400518626,0.10632796845710916,0.4042520039821611,1.1533191131794973,0.3672984810834352,2023,0.0,0.0,0.011285278805690567,4.0
2023-11-10,0.15218706805667467,0.702387693384945,0.2931790775355917,0.706345129335815,0.45311433347033375,0.79076992536949,0.0,0.4806234203875316,0.0997530244904688,1.0,0.4654591406908172,0.7051708980167777,0.4826976509219531,0.4042520039821611,0.29483455418035176,0.3672984810834352,2023,0.0,1.0,0.011671915687435003,0.0
2023-11-13,0.7853998114917885,0.22957935903836826,0.39426641229243176,0.6965000441758428,0.39243581897204954,0.83960842002774,1.0,0.4806234203875316,0.8208977767228621,0.0,0.4654591406908172,0.21832061913174935,1.123501823866601,0.4042520039821611,0.11125586242834014,0.3672984810834352,2023,0.0,0.0,0.011269367390038892,1.0
2023-11-14,0.6466183595434805,0.12531006614310966,0.3070298057946301,0.6377949348330699,0.42204459632726665,0.7392528777917853,1.0,0.4806234203875316,0.6485653219649108,0.0,0.4654591406908172,0.1794179117956585,0.5507246376811629,0.4042520039821611,0.3464673913043518,0.3672984810834352,2023,1.0,0.0,0.011248032358469905,2.0
2023-11-15,0.1928287712515161,0.661062837973344,0.4289222993976472,0.6990124427687261,0.41938994903759763,0.7384659233620342,1.0,0.4806234203875316,0.21135759842439766,0.0,0.4654591406908172,0.7394572574652614,1.3081003677547443,0.4042520039821611,0.12757509682038384,0.3672984810834352,2023,0.0,0.0,0.011202458729510595,3.0
2023-11-16,0.6617159792199339,0.08483281066034212,0.3079549877277858,0.5820335852829496,0.33721090188378744,0.643632057350252,1.0,0.4806234203875316,0.660547092430862,0.0,0.4654591406908172,0.10703867661208229,0.5546954107463605,0.4042520039821611,0.11981055038380416,0.3672984810834352,2023,1.0,0.0,0.011037738502040264,4.0
2023-11-17,0.2466790487776507,0.7328164764305836,0.36854013132843966,0.6203944822371121,0.42464544807534976,0.7641603382735799,0.0,0.4806234203875316,0.24613489473253733,1.0,0.4654591406908172,0.8169199218640116,0.20879084860204966,0.4042520039821611,0.6965813366547602,0.3672984810834352,2023,0.0,0.0,0.011003131901977676,0.0
2023-11-20,0.58646481508453,0.29649609063550386,0.39005004742401456,0.7534600938364275,0.3623239212832401,0.6635267117000466,1.0,0.4806234203875316,0.5702124337512234,0.0,0.4654591406908172,0.36734907019188234,1.4150120082535649,0.4042520039821611,0.017048337448833332,0.3672984810834352,2023,0.0,0.0,0.01067775171617689,1.0
2023-11-21,0.4963941481849877,0.18574267667189337,0.28500116793092417,0.6472617467108917,0.3970215369720298,0.7022970839942805,0.0,0.4806234203875316,0.5903420429949129,0.0,0.4654591406908172,0.15204374383799743,0.37344398340249585,0.4042520039821611,0.5260488704472144,0.3672984810834352,2023,0.0,0.0,0.010854334727865967,2.0
2023-11-22,0.23849929256921676,0.7471716129622453,0.35888566844724973,0.710243847914619,0.3979703807814687,0.6844796521865505,0.0,0.4806234203875316,0.175669438829134,0.0,0.4654591406908172,0.7849002561462047,0.3917028461167407,0.4042520039821611,0.05222704614889193,0.3672984810834352,2023,0.0,0.0,0.01116228479531325,3.0
2023-11-23,0.6239140348618832,0.7003840975268145,0.3418479278763267,0.9000769420808729,0.575017066378052,0.8187932074165604,1.0,0.4806234203875316,0.558982149074384,0.0,0.4654591406908172,0.6971023985542972,0.5199879971993401,0.4042520039821611,0.04621078251592076,0.3672984810834352,2023,0.0,0.0,0.010752753705905223,4.0
2023-11-24,0.8041795044564879,0.3444396015345048,0.39084241354121685,0.7730181399277303,0.4212983092604539,0.8390236772125204,1.0,0.4806234203875316,0.8831419010674026,0.0,0.4654591406908172,0.24827743838495472,0.7681198542313395,0.4042520039821611,0.060939398029421936,0.3672984810834352,2023,0.0,0.0,0.010575138219725656,0.0
2023-11-27,0.7837319865023308,0.27877470069385724,0.5210665199806964,0.823256330880748,0.4236363765918588,0.7534461081244191,1.0,0.4806234203875316,0.8013135296008869,0.0,0.4654591406908172,0.22688115519537752,1.3798364749751941,0.4042520039821611,0.12165167117102615,0.3672984810834352,2023,0.0,0.0,0.010366404211389397,1.0
2023-11-28,0.8471744131068079,0.03910341867985065,0.48376100696586705,1.1094369222931393,0.33917621661226316,0.6675912588887438,1.0,0.4806234203875316,0.7944490140129784,0.0,0.4654591406908172,0.057943163290549826,0.5019492852620593,0.4042520039821611,0.2724334410716137,0.3672984810834352,2023,0.0,0.0,0.010502132901270647,2.0
2023-11-29,0.616143857336876,0.5089031206158557,0.5163736097530233,0.756848269372684,0.4478934997157337,0.8106353711471191,0.0,0.4806234203875316,0.5782632666991572,1.0,0.4654591406908172,0.4678488352582605,0.1444763999323273,0.4042520039821611,0.6077482659448555,0.3672984810834352,2023,0.0,1.0,0.010327380224403443,3.0
2023-11-30,0.4504981189292559,0.646190950896665,0.3986180684320215,0.8283018192638418,0.4081161006592722,0.8368243550889072,1.0,0.4806234203875316,0.2976523586165324,0.0,0.4654591406908172,0.7114957355073264,1.9406184985366146,0.4042520039821611,0.10367079234105113,0.3672984810834352,2023,0.0,0.0,0.009949227679755496,4.0
2023-12-01,0.7986969057008031,0.01953792217686635,0.5936033598278364,1.4290230832088544,0.43466203290896016,0.9545842351289888,1.0,0.4806234203875316,0.6755058830842621,1.0,0.4654591406908172,0.035197981484658886,3.3254611105689453,0.4042520039821611,2.3513223382453448,0.3672984810834352,2023,1.0,0.0,0.010599416464902731,0.0
2023-12-04,5.9361341302170706e-06,0.633035990306519,0.6679887860895551,0.7278764443854181,0.5194594129602513,0.855672996776476,0.0,0.4806234203875316,0.0004018268539208523,1.0,0.4654591406908172,0.08769592520226198,0.4200207417650283,0.4042520039821611,0.6640821768976254,0.3672984810834352,2023,0.0,0.0,0.014256917410703293,1.0
2023-12-05,0.2111861747170949,0.6324920524881464,0.5128850696706717,0.6451981304061738,0.36584426736189535,0.6840464347202871,0.0,0.4806234203875316,0.22852200341506065,0.0,0.4654591406908172,0.6253778900149668,0.5559263438407783,0.4042520039821611,0.07327203322690053,0.3672984810834352,2023,0.0,0.0,0.014734181263008662,2.0
2023-12-06,0.42140865881941686,0.6669704345689599,0.417501227980921,0.8966442267964483,0.35363493422573444,0.858606878674511,1.0,0.4806234203875316,0.5509121281564148,0.0,0.4654591406908172,0.5892347551468077,0.5059196512607093,0.4042520039821611,0.177193243176298,0.3672984810834352,2023,1.0,0.0,0.014239300950274257,3.0
2023-12-07,0.39933806835101565,0.6024670970894336,0.5402233716861814,0.8315514801894814,0.3561112027243584,0.7228143417348363,0.0,0.4806234203875316,0.5128800561037226,1.0,0.4654591406908172,0.6034227402291068,0.1897770926619185,0.4042520039821611,1.1609288213560434,0.3672984810834352,2023,0.0,0.0,0.0143912125183724,4.0
2023-12-08,0.16988712780613022,0.5358568440884126,0.4531389504470109,0.7564058657626264,0.3377761398928446,0.5596617235958514,0.0,0.4806234203875316,0.11624944370170245,1.0,0.4654591406908172,0.6380983433483223,0.11078689978757998,0.4042520039821611,0.9320479002777835,0.3672984810834352,2023,0.0,0.0,0.01526697153805143,0.0
2023-12-11,0.2157546316885454,0.686949771736109,0.35513726368300963,0.6417665654694185,0.34264548531768413,0.6556935895212626,0.0,0.4806234203875316,0.13810254003908692,0.0,0.4654591406908172,0.7451022789841234,0.48765288564386405,0.4042520039821611,0.14844440310654144,0.3672984810834352,2023,0.0,0.0,0.01550096453009075,1.0
2023-12-12,0.3049772801034262,0.7839720632801278,0.3594382881974681,0.6646741425675287,0.3579027064750304,0.6760854487124301,1.0,0.4806234203875316,0.23874443109856736,1.0,0.4654591406908172,0.8372746012861134,1.5748331744518627,0.4042520039821611,0.20735194959194236,0.3672984810834352,2023,0.0,1.0,0.015520607414410933,2.0
2023-12-13,0.9819889666767508,0.002698018562036268,0.4201138112075281,0.731043905265668,0.3062011171448821,0.762344258626197,1.0,0.4806234203875316,0.7973352093326745,0.0,0.4654591406908172,0.03928771680953929,0.6071834603562227,0.4042520039821611,0.1016884921470391,0.3672984810834352,2023,0.0,0.0,0.016735549565738247,3.0
2023-12-14,0.5902384660071742,0.39864278771714173,0.30922748553966606,0.6891580666948239,0.45615708082364714,0.8226353584221564,0.0,0.4806234203875316,0.6168390796164313,1.0,0.4654591406908172,0.4991871436076704,0.245265968371328,0.4042520039821611,0.5963442185253648,0.3672984810834352,2023,0.0,0.0,0.017079212609362737,4.0
2023-12-15,0.17096994158322096,0.7718173028317626,0.43747064060978513,0.7011384827459852,0.37592219085677386,0.6264330296887518,0.0,0.4806234203875316,0.17191528188546032,0.0,0.4654591406908172,0.8115625477427715,0.3992619630179301,0.4042520039821611,0.09742890377441812,0.3672984810834352,2023,0.0,0.0,0.017636605701495625,0.0
2023-12-18,0.6540705063551275,0.5825182302509072,0.32079817688125506,0.654075256541195,0.48626964255476496,0.8351497589796469,1.0,0.4806234203875316,0.7636172197829872,0.0,0.4654591406908172,0.45766347921887457,0.5715935334872966,0.4042520039821611,0.15762124711316503,0.3672984810834352,2023,0.0,0.0,0.017088198586178487,1.0
2023-12-19,0.6633002521589295,0.29187705132604913,0.2845781009258616,0.7118003036128435,0.4244336755871979,0.7745794916878194,0.0,0.4806234203875316,0.7843329030576263,0.0,0.4654591406908172,0.3052533757874729,0.09444511972773015,0.4042520039821611,0.360479721243056,0.3672984810834352,2023,0.0,0.0,0.01728268153607964,2.0
2023-12-20,0.4976915100392672,0.761145910517406,0.3313079544951456,0.7920805985028451,0.3593595068217094,0.6795120531116362,1.0,0.4806234203875316,0.3860222798320359,0.0,0.4654591406908172,0.8105793550756752,0.4170683300255185,0.4042520039821611,0.00085058123050674,0.3672984810834352,2023,0.0,0.0,0.017363606825320243,3.0
2023-12-21,0.8954351740432015,0.27223340464017964,0.44215286536095566,0.893467025795354,0.22861357304450003,0.6849898028010649,1.0,0.4806234203875316,0.9382477723828213,0.0,0.4654591406908172,0.19663611826006608,0.7444927319046879,0.4042520039821611,0.008392027573804065,0.3672984810834352,2023,0.0,0.0,0.016309820599305865,4.0
2023-12-22,0.28757710521063123,0.6399761796544075,0.45152584580172617,0.8653167815948148,0.2386080967008369,0.5894771616040996,0.0,0.4806234203875316,0.31683514254035355,0.0,0.4654591406908172,0.6095322380265991,0.6082485445345156,0.4042520039821611,0.022471298764900265,0.3672984810834352,2023,0.0,0.0,0.012788825381980829,0.0
2023-12-26,0.9192640723469416,0.26309217415371466,0.5150387386705279,0.9276381121898974,0.2792325209071424,0.8268062557958041,1.0,0.4806234203875316,0.9021117873923361,0.0,0.4654591406908172,0.18182842675411767,0.6635296785531986,0.4042520039821611,0.24842678156358955,0.3672984810834352,2023,0.0,0.0,0.012186822700004067,2.0
2023-12-27,0.6968660009478667,0.3826187341597563,0.44036477729122825,0.7963122170794074,0.2703403057250492,0.8476231234969478,1.0,0.4806234203875316,0.7104822738965071,0.0,0.4654591406908172,0.27800323177732944,0.42505041451936976,0.4042520039821611,0.5089625812233934,0.3672984810834352,2023,1.0,0.0,0.012275448072420458,3.0
2023-12-28,0.10613102001234878,0.877827936925629,0.5491539156202582,0.7861683374352564,0.21881588852137007,0.54985774074095,0.0,0.4806234203875316,0.10756517361011109,1.0,0.4654591406908172,0.8447862709865336,0.3643814375899741,0.4042520039821611,0.2775501162919604,0.3672984810834352,2023,0.0,0.0,0.012490627533332766,4.0
2023-12-29,0.3778484743344579,0.7523113283547437,0.44339739726235095,0.780217137211518,0.2473613557951257,0.6963959142601539,1.0,0.4806234203875316,0.3519320887019264,1.0,0.4654591406908172,0.7276482414917126,0.6667060805817556,0.4042520039821611,0.2892784297496145,0.3672984810834352,2023,1.0,1.0,0.011714023932911927,0.0
2024-01-02,0.14930652029035607,0.7938987520102151,0.5370894364057062,0.7737718587164741,0.2691319202757831,0.5738529537392292,0.0,0.4815659445077917,0.16125146317317732,1.0,0.46826301786393004,0.7665915971609681,0.2987131237100784,0.40743473849275647,1.2029258225082045,0.3688311688311739,2024,0.0,0.0,0.011430403179475485,2.0
2024-01-03,0.1857296718626868,0.47788786713271514,0.3742500438390663,0.7905227839182665,0.3888867098022454,0.6760483888004694,0.0,0.4815659445077917,0.12275949644160389,0.0,0.46826301786393004,0.5478639565459247,0.3851946246524568,0.40743473849275647,0.21003243744206979,0.3688311688311739,2024,0.0,0.0,0.012081522283004596,3.0
2024-01-04,0.6094135707918312,0.6074277055031226,0.4309519288864492,0.8541342701748207,0.4937451482537694,0.8225489308468468,1.0,0.4815659445077917,0.5724805231404373,1.0,0.46826301786393004,0.5489167952767386,0.9485927721896454,0.40743473849275647,0.8651092690278802,0.3688311688311739,2024,1.0,1.0,0.010669469816038049,4.0
2024-01-05,0.21403641490060898,0.20176123162345955,0.3968463936455954,0.7280740949925746,0.4282617337137894,0.8128536591287837,0.0,0.4815659445077917,0.23570258068651767,1.0,0.46826301786393004,0.22433306563467434,0.0454006859993749,0.40743473849275647,1.2541939507327764,0.3688311688311739,2024,0.0,1.0,0.011198908254855972,0.0
2024-01-08,0.2720867696450168,0.42291332456502223,0.46078959780274664,0.7013134452177768,0.31742908542497644,0.7087526704196178,0.0,0.4815659445077917,0.18174189819214615,0.0,0.46826301786393004,0.5266568267653452,0.6080323785803273,0.40743473849275647,0.0854296388542982,0.3688311688311739,2024,0.0,0.0,0.011313436431660403,1.0
2024-01-09,0.45573124956656325,0.6974682927281878,0.3830375665947679,0.7978373046954921,0.3865541572348734,0.7800079968426742,0.0,0.4815659445077917,0.3572319895243012,1.0,0.46826301786393004,0.7265936396970131,0.4391709974328474,0.40743473849275647,0.4277753428088418,0.3688311688311739,2024,0.0,0.0,0.011238437694610854,2.0
2024-01-10,0.26174332521888366,0.7163399359549968,0.35820237748724953,0.750514061108102,0.39046429720351605,0.7033383059664017,1.0,0.4815659445077917,0.21406428380299755,1.0,0.46826301786393004,0.7520108966137782,0.9993629355927949,0.40743473849275647,0.49187742880805263,0.3688311688311739,2024,1.0,1.0,0.011077660063966276,3.0
2024-01-11,0.39352165377344717,0.2339374823742156,0.4124444436919484,0.8501104058228622,0.31012267348648437,0.6271886344319187,1.0,0.4815659445077917,0.283594855922749,0.0,0.46826301786393004,0.3496897921741623,1.4184221645439832,0.40743473849275647,0.01267580129172262,0.3688311688311739,2024,0.0,0.0,0.011666852111892459,4.0
2024-01-12,0.46749102425765265,0.169935814136552,0.2834342334112112,0.7020466453361388,0.3847044452457803,0.6228779160340755,0.0,0.4815659445077917,0.5108911109742502,0.0,0.46826301786393004,0.21472509023171443,0.38508288869234125,0.40743473849275647,0.12662995406168265,0.3688311688311739,2024,0.0,0.0,0.01221787539280082,0.0
2024-01-15,0.7279637182404406,0.5005455105236467,0.32316539310992415,0.7978458960775018,0.4753751363404234,0.8785523582681055,0.0,0.4815659445077917,0.769141106072303,1.0,0.46826301786393004,0.4319929073434481,0.06003075467233698,0.40743473849275647,1.2345635202271101,0.3688311688311739,2024,0.0,0.0,0.011759403767349073,1.0
2024-01-16,0.11916929210142331,0.6433991804560995,0.4190619740208119,0.6874158937504325,0.3141243440963316,0.845882319954435,0.0,0.4815659445077917,0.07667741660329584,1.0,0.46826301786393004,0.7626267091347375,0.18686768498314002,0.40743473849275647,1.04860146796271,0.3688311688311739,2024,0.0,0.0,0.01242721414449192,2.0
2024-01-17,0.08658786098181012,0.7061316785968773,0.3618277351393742,0.717899218393262,0.40659240965766813,0.672168610133826,0.0,0.4815659445077917,0.09044924971994235,0.0,0.46826301786393004,0.7518710921873577,0.6646539068775407,0.40743473849275647,0.04381907320721699,0.3688311688311739,2024,0.0,0.0,0.012854401287469586,3.0
2024-01-18,0.909597678204627,0.16332019078542914,0.37256768472871565,0.7389050323617515,0.35241391719034043,0.6022104929921752,1.0,0.4815659445077917,0.9171219086711849,0.0,0.46826301786393004,0.1333350280650269,0.6435242489028891,0.40743473849275647,0.10475976144931126,0.3688311688311739,2024,0.0,0.0,0.012551621668954677,4.0
2024-01-19,0.492170583415005,0.47331206392536734,0.3526588114717289,0.7068306542730555,0.3727688769189715,0.7882968716417562,0.0,0.4815659445077917,0.5631422867994065,1.0,0.46826301786393004,0.5171277188476161,0.1032632990612378,0.40743473849275647,0.510058113544925,0.3688311688311739,2024,0.0,1.0,0.012597361002101197,0.0
2024-01-22,0.5215453419699904,0.5836696364311513,0.3737321240922295,0.7371060270818484,0.40836229377663613,0.7672158453498774,1.0,0.4815659445077917,0.40209110697825146,0.0,0.46826301786393004,0.7162479672560166,0.6462767475035602,0.40743473849275647,0.08388017118402832,0.3688311688311739,2024,1.0,0.0,0.012383924994046521,1.0
2024-01-23,0.6143352131233675,0.39248110971810524,0.435709010642977,0.8806904541552482,0.32036395449621,0.7255106538212523,0.0,0.4815659445077917,0.6036250357081693,1.0,0.46826301786393004,0.4630483552346113,0.31112044145872725,0.40743473849275647,0.7574376199616112,0.3688311688311739,2024,0.0,0.0,0.01173738171624006,2.0
2024-01-24,0.12276406529991987,0.756606307084559,0.3992572717247833,0.7418905974615005,0.3573291409700811,0.6746471259495763,0.0,0.4815659445077917,0.10810265491200101,1.0,0.46826301786393004,0.8049459201200213,0.4791261148717344,0.40743473849275647,0.17977397518956756,0.3688311688311739,2024,0.0,1.0,0.012210609512363144,3.0
2024-01-25,0.8057606498947658,0.276223643383465,0.38700776483379756,0.8240009164930481,0.32434658436256975,0.7611954679155517,1.0,0.4815659445077917,0.7773164737076671,0.0,0.46826301786393004,0.31416674496639807,0.2596066942998743,0.40743473849275647,0.2116121793872869,0.3688311688311739,2024,1.0,0.0,0.011341969919230834,4.0
2024-01-26,0.4375639952581245,0.7068853213368106,0.3754499623944803,0.7769878557331423,0.4073329396917005,0.877021858821194,1.0,0.4815659445077917,0.378236720801287,0.0,0.46826301786393004,0.8008656842550158,0.8861874792977764,0.40743473849275647,0.0,0.3688311688311739,2024,0.0,0.0,0.010683904356584062,0.0
2024-01-29,0.6938954500926856,0.28889837375584965,0.4623907210937384,0.8772125466841147,0.2766419162805732,0.7731584996425835,1.0,0.4815659445077917,0.7834222997474048,0.0,0.46826301786393004,0.24648696540155005,0.7250081940347518,0.40743473849275647,0.17115699770567128,0.3688311688311739,2024,1.0,0.0,0.010720874255494832,1.0
2024-01-30,0.41528806944056273,0.474766727933534,0.42072406342331053,0.8748183532339194,0.3207505227246794,0.7442281483500301,1.0,0.4815659445077917,0.41786835020754776,0.0,0.46826301786393004,0.5510984705667197,0.8780711825488001,0.40743473849275647,0.2796785304247954,0.3688311688311739,2024,1.0,0.0,0.010690579525146795,2.0
2024-01-31,0.14598402850775913,0.6858070344567618,0.3840094645013395,0.8986855260084791,0.4666659726916833,0.9930254800902911,1.0,0.4815659445077917,0.25011005954662957,1.0,0.46826301786393004,0.5340809517102603,1.2389589373609338,0.40743473849275647,0.43044973366596495,0.3688311688311739,2024,1.0,1.0,0.01039043835865963,3.0
2024-02-01,0.49801242749198826,0.09029104703677127,0.40199603281376123,0.7943297570272307,0.33832188677392805,0.7324681738843077,0.0,0.4815659445077917,0.47047907505955666,1.0,0.46826301786393004,0.12073115683749752,0.12961223668322522,0.40743473849275647,1.2693546222997454,0.3688311688311739,2024,0.0,1.0,0.010362939248259333,4.0
2024-02-02,0.26333016782750474,0.36581845856981177,0.26901430542978805,0.6043936503794557,0.3966818171571877,0.6965374106292305,0.0,0.4815659445077917,0.19216797445576375,1.0,0.46826301786393004,0.4957666668042252,0.11285306251983347,0.40743473849275647,1.097873690891783,0.3688311688311739,2024,0.0,0.0,0.011035347433082217,0.0
2024-02-05,0.2287056328360622,0.4509166349993435,0.3411412233383536,0.6147793515798277,0.37522190172407305,0.6962164033553097,0.0,0.4815659445077917,0.20489713746523183,0.0,0.46826301786393004,0.5430715097689989,0.6242124212421194,0.40743473849275647,0.09675967596760088,0.3688311688311739,2024,0.0,0.0,0.010973002069166455,1.0
2024-02-06,0.7698024583204953,0.3116330632447704,0.3567917541181664,0.7884639549652337,0.37163171925323996,0.7423863000198222,1.0,0.4815659445077917,0.8332334917566712,0.0,0.46826301786393004,0.22548142868278037,0.41154210028382454,0.40743473849275647,0.2483443708609273,0.3688311688311739,2024,1.0,0.0,0.010384226193400067,2.0
2024-02-07,0.40889993057575386,0.6611936776227858,0.3866808200865938,0.8291147345745336,0.3723036955844591,0.7433094715532315,0.0,0.4815659445077917,0.40853670026830663,1.0,0.46826301786393004,0.6950714679628032,0.17233575641202187,0.40743473849275647,0.7171855712522317,0.3688311688311739,2024,0.0,1.0,0.010236322729873253,3.0
2024-02-08,0.7969673755909356,0.1822625405140759,0.43004771889415155,0.9123672952727427,0.33841104309033976,0.6878656049785923,0.0,0.4815659445077917,0.7237592702010419,0.0,0.46826301786393004,0.2581344025853537,0.13847580451282185,0.40743473849275647,0.6726654531716869,0.3688311688311739,2024,0.0,0.0,0.010223895480797324,4.0
2024-02-09,0.3327568172855638,0.7055652953073833,0.3309352433513855,0.657531037651378,0.42371207784453324,0.7782307448030265,0.0,0.4815659445077917,0.24112285169509734,1.0,0.46826301786393004,0.7557940055884911,0.16089752360103496,0.40743473849275647,0.5904364482145372,0.3688311688311739,2024,0.0,0.0,0.010316699672389388,0.0
2024-02-12,0.528642068661639,0.5194131987245412,0.3823126546286705,0.8305916015210028,0.32989787126321723,0.7582045201154344,1.0,0.4815659445077917,0.5347250534452812,1.0,0.46826301786393004,0.5176262677120936,0.4797598095040812,0.40743473849275647,1.4431445629292246,0.3688311688311739,2024,1.0,0.0,0.010246920478069396,1.0
2024-02-13,0.01161434923209305,0.7527812697388557,0.4755366973083821,0.7494093023017092,0.3789129150793535,0.6567654575364497,0.0,0.4815659445077917,0.02330635763857846,1.0,0.46826301786393004,0.6752766016217921,0.14684992766012603,0.40743473849275647,0.40280152571353367,0.3688311688311739,2024,0.0,1.0,0.010899959929780358,2.0
2024-02-14,0.6793725323039255,0.5211578786159868,0.42181151155533764,0.7630889869109576,0.49929054147089685,0.7386927051992876,1.0,0.4815659445077917,0.7532082728019028,0.0,0.46826301786393004,0.42561321319009954,0.7502834656172954,0.40743473849275647,0.08870806376308304,0.3688311688311739,2024,0.0,0.0,0.010751647204270545,3.0
2024-02-15,0.7340402503605175,0.2648650157106014,0.4069204292719358,0.722632574335785,0.3626381928335288,0.613127220610347,1.0,0.4815659445077917,0.8082776283377612,0.0,0.46826301786393004,0.22602684915745216,0.4915480571931066,0.40743473849275647,0.42360681366641506,0.3688311688311739,2024,0.0,0.0,0.010941723021131505,4.0
2024-02-16,0.7567779282741306,0.14191716178791688,0.3356410921747151,0.6330863987351077,0.40403182188240955,0.6396417500944522,1.0,0.4815659445077917,0.8482110518046256,0.0,0.46826301786393004,0.14501231207550183,0.43410500340920954,0.40743473849275647,0.10954901133153004,0.3688311688311739,2024,0.0,0.0,0.010926598545863767,0.0
2024-02-19,0.6660982390708803,0.5025536597462879,0.3659371958592693,0.6961701488369247,0.4781617981532055,0.8433746934557966,1.0,0.4815659445077917,0.7227398589525316,0.0,0.46826301786393004,0.4724772175420032,0.5983622927901004,0.40743473849275647,0.1449304307303062,0.3688311688311739,2024,0.0,0.0,0.010633320001274219,1.0
2024-02-20,0.5457166024529352,0.4896464925808038,0.3879266151514547,0.6945588882202026,0.3655294652917212,0.8848097681168446,1.0,0.4815659445077917,0.6463480839611259,0.0,0.46826301786393004,0.41942446590780896,0.3856298942162375,0.40743473849275647,0.19954664102212274,0.3688311688311739,2024,1.0,0.0,0.010274506759451059,2.0
2024-02-21,0.5958784939917171,0.5784875332075655,0.45734943536057787,0.8126524673768378,0.38220700681112385,0.7349397555020132,1.0,0.4815659445077917,0.5898817159585384,1.0,0.46826301786393004,0.5572034476254507,0.468129571577837,0.40743473849275647,0.33228840125392484,0.3688311688311739,2024,1.0,1.0,0.009447606260890177,3.0
2024-02-22,0.38014726961306167,0.6309754825536295,0.464008411744315,0.8405376856566027,0.2966529102650022,0.7779481016393082,1.0,0.4815659445077917,0.3269516406573706,1.0,0.46826301786393004,0.6630164707972125,0.9377884729180648,0.40743473849275647,0.4578484358357311,0.3688311688311739,2024,0.0,1.0,0.008944449776432863,4.0
2024-02-23,0.6292128113724494,0.14133417712964647,0.37485221630291626,0.8822505011796237,0.3079737423833495,0.6574474162013219,0.0,0.4815659445077917,0.6144915045541325,0.0,0.46826301786393004,0.13274990579541665,0.08627887559142525,0.40743473849275647,0.5755635958808876,0.3688311688311739,2024,0.0,0.0,0.008826361662195756,0.0
2024-02-26,0.6730431955476137,0.5572414126075722,0.5076730838162025,0.9511461420237971,0.34178875169235423,0.790579151196697,1.0,0.4815659445077917,0.5540240152583056,0.0,0.46826301786393004,0.5548554835564918,0.474250141482745,0.40743473849275647,0.12903225806451452,0.3688311688311739,2024,1.0,0.0,0.008700019202079738,1.0
2024-02-27,0.3194557829262762,0.8369745998094419,0.4408908237788553,0.8750897012632469,0.4489609705529651,0.8701403168715662,0.0,0.4815659445077917,0.2677572660432447,1.0,0.46826301786393004,0.8306800593028552,0.44164037854889826,0.40743473849275647,0.33151706337826037,0.3688311688311739,2024,0.0,1.0,0.008587823859718258,2.0
2024-02-28,0.7682035906209954,0.31206090895381167,0.4381275893997056,0.8013662787252244,0.3625005444089719,0.7829288779992012,1.0,0.4815659445077917,0.7622289094874519,0.0,0.46826301786393004,0.28232411769491966,0.9528949129852735,0.40743473849275647,0.37190428380188223,0.3688311688311739,2024,0.0,0.0,0.008392869431613421,3.0
2024-02-29,0.5970975818107777,0.20552358554024835,0.40967447730089507,0.8740981639641329,0.34553472116010764,0.7645293502019612,1.0,0.4815659445077917,0.5964277285603493,0.0,0.46826301786393004,0.18122420095971092,2.5284529596797127,0.40743473849275647,0.2871032313411483,0.3688311688311739,2024,0.0,0.0,0.008554179733174178,4.0
2024-03-01,0.6661498495238372,0.005394477260227888,0.49231656799738194,0.9934095091607149,0.5130950779714986,0.7171521043015747,1.0,0.4815659445077917,0.47198126176361643,0.0,0.46826301786393004,0.017685731212771148,1.857579132684239,0.40743473849275647,0.17655301261091763,0.3688311688311739,2024,0.0,0.0,0.00954459068990042,0.0
2024-03-04,0.6955906326224042,0.022297665896097496,0.6378483798458792,1.3340039195905988,0.4827676006931893,0.9788557217489235,1.0,0.4815659445077917,0.5742083570844305,0.0,0.46826301786393004,0.03697335122635136,1.3760619421442972,0.40743473849275647,0.19421443165933552,0.3688311688311739,2024,0.0,0.0,0.009424687634290904,1.0
2024-03-05,0.35626857090907404,0.2904784564938911,0.6527856758970412,1.3106013552214557,0.38818135735902987,1.0441750902315188,1.0,0.4815659445077917,0.3939799637603201,0.0,0.46826301786393004,0.23503742037508465,1.1436712255296269,0.40743473849275647,0.19804237060873278,0.3688311688311739,2024,0.0,0.0,0.010014414687808214,2.0
2024-03-06,0.8052227467682893,0.12539226142220838,0.5295121140050671,1.34049909842397,0.4639736654016388,1.2114812792569212,1.0,0.4815659445077917,0.7570730271146989,0.0,0.46826301786393004,0.10198715790382967,0.7531559526121532,0.40743473849275647,0.17763967113355683,0.3688311688311739,2024,0.0,0.0,0.010272913545122803,3.0
2024-03-07,0.7833247278756497,0.28527488575460397,0.856932343253536,1.3862683042307524,0.44084582980636605,0.996689395237172,1.0,0.4815659445077917,0.7639150277239396,0.0,0.46826301786393004,0.21791380859834522,1.5940661258524305,0.40743473849275647,0.2665072234252436,0.3688311688311739,2024,0.0,0.0,0.01023247538530936,4.0
2024-03-08,0.24581880394697428,0.22712821344410083,0.6894900044920836,1.5401098356525762,0.4636085591589575,1.0375085758987794,0.0,0.4815659445077917,0.3607996762344447,0.0,0.46826301786393004,0.1609139807075382,0.43045751247894937,0.40743473849275647,0.15547744927194682,0.3688311688311739,2024,0.0,0.0,0.011100866836156234,0.0
2024-03-11,0.7272065842124603,0.6276265969784941,0.6667336649936036,1.2895493600325554,0.5425531286909625,1.0268673370094905,0.0,0.4815659445077917,0.6825531074792103,1.0,0.46826301786393004,0.4956298372327633,0.08355354968972666,0.40743473849275647,1.3372724843374042,0.3688311688311739,2024,0.0,0.0,0.011021307621421249,1.0
2024-03-12,0.1339762187138715,0.6586447361230602,0.4079604047213619,0.6479626947679282,0.5249291572173355,1.0109204191185608,0.0,0.4815659445077917,0.09719745633891815,0.0,0.46826301786393004,0.6629309000321525,0.8412486064660134,0.40743473849275647,0.09754738015607582,0.3688311688311739,2024,0.0,0.0,0.011874755091450176,2.0
2024-03-13,0.7627095861015141,0.30961063062686683,0.4368229737249424,0.8002027114389529,0.527258780577581,1.1427366384529043,0.0,0.4815659445077917,0.7760488601755537,1.0,0.46826301786393004,0.21456955590669252,0.10398868150405455,0.40743473849275647,0.8189584807095817,0.3688311688311739,2024,0.0,1.0,0.012074720422618515,3.0
2024-03-14,0.4998489731917953,0.5313821880358413,0.419777408919097,0.7400452683937739,0.5182691225754232,0.8969275112992114,0.0,0.4815659445077917,0.326019874201863,0.0,0.46826301786393004,0.6012229224269913,0.40300136425646926,0.40743473849275647,0.26701227830833063,0.3688311688311739,2024,0.0,0.0,0.012107881388352795,4.0
2024-03-15,0.2913512091248764,0.8419028538287033,0.3967288205034508,0.6669853760146595,0.42490537982221566,0.8005880890476678,0.0,0.4815659445077917,0.18317134172789462,1.0,0.46826301786393004,0.8701312738723773,0.2821442966545745,0.40743473849275647,0.3743114335617458,0.3688311688311739,2024,0.0,1.0,0.012329322617772124,0.0
2024-03-18,0.8007961615259903,0.3244265323960524,0.33070904826926756,0.6772230496439422,0.4763151596477391,0.8637203972482302,0.0,0.4815659445077917,0.8372623017917553,0.0,0.46826301786393004,0.2672688783132573,0.09384071356942904,0.40743473849275647,0.4865677943737815,0.3688311688311739,2024,0.0,0.0,0.012529634466910262,1.0
2024-03-19,0.7484458045023299,0.49012501308946976,0.4127025975367987,0.8408214996940236,0.40513597850051825,0.6776523459527996,1.0,0.4815659445077917,0.7420531464716917,0.0,0.46826301786393004,0.42431902990913223,1.1477818296298223,0.40743473849275647,0.29273027782879923,0.3688311688311739,2024,0.0,0.0,0.012619258397996137,2.0
2024-03-20,0.9715173635790026,0.019615508482828562,0.5859496102830728,1.1582619071344222,0.34331175394237684,0.6963763108151056,1.0,0.4815659445077917,0.7912989814189106,0.0,0.46826301786393004,0.07042635421003632,1.285717877165185,0.40743473849275647,0.6986449455715571,0.3688311688311739,2024,1.0,0.0,0.012996428816477782,3.0
2024-03-21,0.024508958560826168,0.5215394771390316,0.42774295259305867,0.7620894399926874,0.499821143123139,0.8774030140288305,0.0,0.4815659445077917,0.06379042599333122,1.0,0.46826301786393004,0.39312520635523795,0.16768744443348071,0.40743473849275647,0.8335967598537859,0.3688311688311739,2024,0.0,0.0,0.013260188128837226,4.0
2024-03-22,0.3095666254831289,0.6007391650655622,0.477211076798457,0.7255276235531115,0.33863921460179364,0.7013356232503578,0.0,0.4815659445077917,0.20282416139693216,0.0,0.46826301786393004,0.674233952607295,0.5739629930866076,0.40743473849275647,0.06049206994714261,0.3688311688311739,2024,0.0,0.0,0.012979874991504901,0.0
2024-03-25,0.53308965274318,0.6872201628354482,0.3473491420310869,0.7298445193106048,0.4269496318169167,0.8897015228669749,1.0,0.4815659445077917,0.5727834325449278,0.0,0.46826301786393004,0.5650992171181518,1.0471077425127653,0.40743473849275647,0.15032370124743122,0.3688311688311739,2024,1.0,0.0,0.01249847050139926,1.0
2024-03-26,0.21421102830909608,0.5340519171842749,0.33664368557566554,0.7343177682948776,0.34652389710699105,0.8493581250342962,0.0,0.4815659445077917,0.2723526452484034,0.0,0.46826301786393004,0.5150888362033949,0.6910833832608219,0.40743473849275647,0.19547266143947908,0.3688311688311739,2024,0.0,0.0,0.012586450082720631,2.0
2024-03-27,0.8867815150539285,0.19711968143552605,0.4466842093254818,0.8583926643201787,0.3963640414595031,0.7761997070628327,1.0,0.4815659445077917,0.8509473149028498,0.0,0.46826301786393004,0.1575606837667172,1.495846876128566,0.40743473849275647,0.2683279162152337,0.3688311688311739,2024,0.0,0.0,0.012616586094872742,3.0
2024-03-28,0.9094630405017993,0.021698754538009395,0.5705663711212191,1.1446406615981046,0.43414098301655996,0.9631662341364164,1.0,0.4815659445077917,0.7167504795876718,0.0,0.46826301786393004,0.043654591799437995,1.163509446369411,0.40743473849275647,0.15190065504944344,0.3688311688311739,2024,0.0,0.0,0.012649096113807646,4.0
2024-04-01,0.5496471702721457,0.30297895353758353,0.7208470526936055,0.8641565737346756,0.4543024030953655,1.1430714183292472,1.0,0.4815659445077917,0.5352214533897698,0.0,0.46826301786393004,0.2456649800474828,0.9955302722470531,0.40743473849275647,0.15459999521953874,0.3688311688311739,2024,0.0,0.0,0.013274271702959905,1.0
2024-04-02,0.9177842311220756,0.0732937214805225,0.814028314728487,1.5074667330797658,0.4170232827926312,0.9510382069485157,1.0,0.4815659445077917,0.8666377048562415,0.0,0.46826301786393004,0.07741693641096364,0.6917048929663547,0.40743473849275647,0.5023891437308857,0.3688311688311739,2024,0.0,0.0,0.013110596855411327,2.0
2024-04-03,0.863125711092422,0.0973474316822891,0.7923980045617619,1.5876265549113648,0.41054721129993527,0.940903330411186,1.0,0.4815659445077917,0.8320809163811858,0.0,0.46826301786393004,0.09094155676894852,0.19265457926546037,0.40743473849275647,0.649558344955836,0.3688311688311739,2024,1.0,0.0,0.013362572372835023,3.0
2024-04-04,0.5089017195972713,0.5985699790593823,0.5754028428527983,1.3366075291435746,0.4782062148467923,0.9206551124715585,1.0,0.4815659445077917,0.41560970287637206,1.0,0.46826301786393004,0.5746397184242857,1.2831307166840318,0.40743473849275647,0.749195322449929,0.3688311688311739,2024,0.0,1.0,0.013465293311723175,4.0
2024-04-05,0.8183751463785857,0.011449687927617306,0.8054975598726708,1.5568272038462463,0.3690849976969125,0.806230088158458,1.0,0.4815659445077917,0.7017064297751361,0.0,0.46826301786393004,0.03399315661891119,0.7217190775681385,0.40743473849275647,0.7760167714884713,0.3688311688311739,2024,0.0,0.0,0.014627262395914914,0.0
2024-04-08,0.5587857294046433,0.10537061000189905,0.7819031114059094,1.4319917435443312,0.4186947198701786,0.8841231033447264,1.0,0.4815659445077917,0.5185939648182342,0.0,0.46826301786393004,0.1775305181720981,0.7260762270359206,0.40743473849275647,0.05703317795448115,0.3688311688311739,2024,1.0,0.0,0.01559353340830087,1.0
2024-04-09,0.5515718144284667,0.45726803389241466,0.6330100116699079,1.3090032311222661,0.5136801196672565,1.013845025855139,0.0,0.4815659445077917,0.6215890119940066,1.0,0.46826301786393004,0.4489454785202576,0.2107636169115289,0.40743473849275647,0.8780925816250486,0.3688311688311739,2024,0.0,0.0,0.01589518404134818,2.0
2024-04-10,0.25452060198630927,0.5854041002499795,0.515954524289138,0.7969620609816755,0.4393616100223856,0.866402832827645,1.0,0.4815659445077917,0.24033979007114298,0.0,0.46826301786393004,0.5937674388510236,1.1785795930808527,0.40743473849275647,0.20776499276080082,0.3688311688311739,2024,0.0,0.0,0.01606790074707228,3.0
2024-04-11,0.8830922303479075,0.04381710902901454,0.7136706995373987,1.3868469911694996,0.5128240173992424,0.9719688178778276,1.0,0.4815659445077917,0.7659112330085052,0.0,0.46826301786393004,0.07721217012073986,1.590640129101664,0.40743473849275647,1.0357719203873108,0.3688311688311739,2024,1.0,0.0,0.015672289806688753,4.0
2024-04-12,0.0015640374360171383,0.8135206842710575,0.44378474338204993,0.8585258553112605,0.6870966164177602,1.063431352699189,0.0,0.4815659445077917,0.015835220512468134,1.0,0.46826301786393004,0.4684286920100246,1.0395275029276487,0.40743473849275647,0.46570832131158446,0.3688311688311739,2024,0.0,1.0,0.017956416506213633,0.0
2024-04-15,0.8253563495189293,0.042175753515414055,0.4135028568887596,0.8316785717665417,0.5108139775838785,1.0317201797843798,1.0,0.4815659445077917,0.7726481633475571,0.0,0.46826301786393004,0.07298263184577718,0.3365840593638288,0.40743473849275647,0.44267641359318494,0.3688311688311739,2024,1.0,0.0,0.01902521868825414,1.0
2024-04-16,0.42988056598699825,0.5438622613681477,0.31111537601789174,0.6856680318638885,0.5299050357767969,1.114596050430715,0.0,0.4815659445077917,0.5891094189104218,1.0,0.46826301786393004,0.4598591752088334,0.2850241545893722,0.40743473849275647,0.6179183135704943,0.3688311688311739,2024,0.0,0.0,0.01911381407471765,2.0
2024-04-17,0.15630931970456882,0.8240419511603237,0.37384354234764916,0.6628823005409529,0.41505772678929165,0.7857704616896093,0.0,0.4815659445077917,0.17909389077846158,0.0,0.46826301786393004,0.7857565045312824,0.677995629383988,0.40743473849275647,0.0,0.3688311688311739,2024,0.0,0.0,0.01979624422860388,3.0
2024-04-18,0.6047977291938975,0.5724764708803908,0.32422036063504756,0.6286577569024038,0.407175134486815,0.7938272631321247,1.0,0.4815659445077917,0.6616005106821555,0.0,0.46826301786393004,0.4562793159872807,0.8588377457980905,0.40743473849275647,0.12984730308689105,0.3688311688311739,2024,1.0,0.0,0.019134481584401525,4.0
2024-04-19,0.2492590267440538,0.538522014833186,0.29271288770014586,0.6730451827303129,0.3837050364956483,0.7966329388269959,0.0,0.4815659445077917,0.4053460134705156,1.0,0.46826301786393004,0.5128447805718136,0.0,0.40743473849275647,1.4441447307227206,0.3688311688311739,2024,0.0,0.0,0.019268786215227582,0.0
2024-04-22,0.03746058962714171,0.8366845145594333,0.4550955119924054,0.6289314164513792,0.28867238938243517,0.6791717612273269,0.0,0.4815659445077917,0.04339853937887768,1.0,0.46826301786393004,0.8172243886102825,0.15132229818524842,0.40743473849275647,0.7398668103893785,0.3688311688311739,2024,0.0,0.0,0.020787151089374064,1.0
2024-04-23,0.550728684680125,0.3411808354744388,0.3584552103163419,0.6224500073705194,0.3497539061913513,0.7267688936755743,1.0,0.4815659445077917,0.6815486545338016,0.0,0.46826301786393004,0.30040429457485845,0.31082028511334014,0.40743473849275647,0.21164407571863303,0.3688311688311739,2024,1.0,0.0,0.02106002710635648,2.0
2024-04-24,0.3046571296853562,0.8101373917457599,0.398635107644748,0.6300209608540346,0.457192982810077,0.8197422789814439,1.0,0.4815659445077917,0.31108361027236014,1.0,0.46826301786393004,0.8342755529161858,0.5914570881618035,0.40743473849275647,0.22463503382969716,0.3688311688311739,2024,1.0,1.0,0.021105865821334068,3.0
2024-04-25,0.6567382956296939,0.28771216720568626,0.3309624396469157,0.5986690076557448,0.35635092237873806,0.6690512632832804,1.0,0.4815659445077917,0.716837917167425,0.0,0.46826301786393004,0.30173488577831253,0.42623694275218477,0.40743473849275647,0.13058003658297057,0.3688311688311739,2024,1.0,0.0,0.02025884377804119,4.0
2024-04-26,0.5016366620664904,0.5800316396002433,0.3851076781501202,0.6354009833280959,0.4454406109471787,0.7382847698490462,0.0,0.4815659445077917,0.5667481465744586,1.0,0.46826301786393004,0.6176918401105013,0.2000659558096053,0.40743473849275647,0.39397603605584364,0.3688311688311739,2024,0.0,1.0,0.01945790786315941,0.0
2024-04-29,0.5693421901228313,0.5254720009507063,0.37677566716578764,0.640070238517957,0.3939403613615937,0.8020073836570442,0.0,0.4815659445077917,0.6747211351225626,1.0,0.46826301786393004,0.4916523742260063,0.018071625344346177,0.40743473849275647,1.1098622589531693,0.3688311688311739,2024,0.0,0.0,0.019429219833861464,1.0
2024-04-30,0.04725523602158487,0.881910121323885,0.43181935566282875,0.5654774599472134,0.2158867845732174,0.5254679378148069,0.0,0.4815659445077917,0.06193459309106198,1.0,0.46826301786393004,0.8500606931214328,0.9155980920522822,0.40743473849275647,0.09604782258563718,0.3688311688311739,2024,0.0,1.0,0.020175874937821383,2.0
2024-05-01,0.8368099938431748,0.10964219694957791,0.5108304982574309,0.7918514038264425,0.37710945011780816,0.6285636311149562,0.0,0.4815659445077917,0.783585565803706,0.0,0.46826301786393004,0.16763175473517997,0.15630855715177205,0.40743473849275647,0.7391317926296146,0.3688311688311739,2024,0.0,0.0,0.01972303973804454,3.0
2024-05-02,0.4487813423018141,0.46887815179220227,0.3788901499101883,0.6007882777690042,0.3976016628001735,0.6222555190156962,0.0,0.4815659445077917,0.35986278336956495,1.0,0.46826301786393004,0.531172469643866,0.4103750149903232,0.40743473849275647,0.6293536173784869,0.3688311688311739,2024,0.0,1.0,0.018100096127011706,4.0
2024-05-03,0.44377734804049535,0.2868708213302689,0.3776085314029502,0.6853393476908528,0.36980678934580974,0.5541201018572997,1.0,0.4815659445077917,0.4756819289396324,0.0,0.46826301786393004,0.368086547225758,0.754501428039242,0.40743473849275647,0.24711287718863192,0.3688311688311739,2024,0.0,0.0,0.017493667696344875,0.0
2024-05-06,0.6775743175816052,0.16550255170408495,0.38002830519750797,0.6632076806447929,0.3612915445118033,0.6748262945612089,0.0,0.4815659445077917,0.7694630493440588,0.0,0.46826301786393004,0.1858345893538398,0.14893355137063902,0.40743473849275647,0.3426702537321321,0.3688311688311739,2024,0.0,0.0,0.017480460465407938,1.0
2024-05-07,0.4929561692134537,0.7367580700213987,0.4221700289520925,0.7346248699834624,0.39997072618475604,0.7841657741351675,0.0,0.4815659445077917,0.33315937099676646,1.0,0.46826301786393004,0.8224588814475792,0.1889473299729794,0.40743473849275647,0.26437285411643596,0.3688311688311739,2024,0.0,0.0,0.016902451898886568,2.0
2024-05-08,0.516135508947872,0.6974546371093279,0.4462248485274662,0.6260090319889995,0.3141064667816773,0.608238839770162,1.0,0.4815659445077917,0.4455999914182758,0.0,0.46826301786393004,0.7714939948600491,1.0082833583208355,0.40743473849275647,0.0571964017991081,0.3688311688311739,2024,0.0,0.0,0.01650840951250691,3.0
2024-05-09,0.9359400482549223,0.04375678649857268,0.4845508080016424,0.6690823255184077,0.257461775039169,0.4875819471061531,1.0,0.4815659445077917,0.87462024498694,0.0,0.46826301786393004,0.08777506975496474,0.8563330246971873,0.40743473849275647,0.021428166512347153,0.3688311688311739,2024,0.0,0.0,0.01611324854246668,4.0
2024-05-10,0.3862611479919215,0.5189633671227519,0.38707545054054737,0.5704175177876445,0.317162223647653,0.6971894483463136,0.0,0.4815659445077917,0.4848329762466033,1.0,0.46826301786393004,0.46745773374928434,0.11491378441061269,0.40743473849275647,0.8007260260159231,0.3688311688311739,2024,0.0,0.0,0.015004959792094229,0.0
2024-05-13,0.1906801841224515,0.7350649966843411,0.4561221695521449,0.6723495890409513,0.2866508028970613,0.6683022415275041,0.0,0.4815659445077917,0.13674050480842115,0.0,0.46826301786393004,0.8053890333787052,0.6734958880392349,0.40743473849275647,0.042995238782289315,0.3688311688311739,2024,0.0,0.0,0.014833410378892943,1.0
2024-05-14,0.8820732143014897,0.19212398348152354,0.43393361450779844,0.6185409979846138,0.3175698171555787,0.6320502084844799,1.0,0.4815659445077917,0.8993057924854468,0.0,0.46826301786393004,0.1589321331665707,0.9337186500154803,0.40743473849275647,0.17512643203632836,0.3688311688311739,2024,0.0,0.0,0.014675713534434073,2.0
2024-05-15,0.8414945435550569,0.08127300584289508,0.592270342350969,0.8495485177356711,0.3216166044865603,0.5079375467584382,1.0,0.4815659445077917,0.8152133481886802,0.0,0.46826301786393004,0.11613648863982377,0.33222206116828673,0.40743473849275647,0.4322365560226215,0.3688311688311739,2024,1.0,0.0,0.014458341366909471,3.0
2024-05-16,0.2856017234575473,0.7323918489289831,0.4414675952856054,0.6612590120684945,0.4306069933099681,0.9558978961822482,1.0,0.4815659445077917,0.2610358376851978,0.0,0.46826301786393004,0.7644871268095682,1.333650800223614,0.40743473849275647,0.07942193420152997,0.3688311688311739,2024,0.0,0.0,0.01451611352016128,4.0
2024-05-17,0.780083343818474,0.08220822703789742,0.6899713713759957,1.0551939581259555,0.3014055206743275,0.600711941242746,1.0,0.4815659445077917,0.7217192299377182,0.0,0.46826301786393004,0.10568487569491285,1.0032889522903812,0.40743473849275647,0.18085275003962548,0.3688311688311739,2024,0.0,0.0,0.014935363539034878,0.0
2024-05-20,0.2782542523346457,0.4736285081228399,0.5889900571239568,0.9324812061620739,0.3627570407680853,0.7886758330169491,0.0,0.4815659445077917,0.355514765696178,1.0,0.46826301786393004,0.41320956159325317,0.22146988291719308,0.40743473849275647,0.565100860488073,0.3688311688311739,2024,0.0,1.0,0.01461010857109882,1.0
2024-05-21,0.5492189251238571,0.46570845202094185,0.5616818951265872,0.9750214717677052,0.39661140762412644,0.7319452209346637,0.0,0.4815659445077917,0.5304924661930847,1.0,0.46826301786393004,0.4833623214582999,0.16860404230809517,0.40743473849275647,1.3450204209864882,0.3688311688311739,2024,0.0,0.0,0.014088076963478696,2.0
2024-05-22,0.033619173263362834,0.8480536999121524,0.5434862391605357,0.6562601842779596,0.2958321314552968,0.7385351392733182,0.0,0.4815659445077917,0.04030304894028633,1.0,0.46826301786393004,0.7586567847197802,0.14828624695252035,0.40743473849275647,1.480567904775574,0.3688311688311739,2024,0.0,0.0,0.014658090012822925,3.0
2024-05-23,0.01976337592285623,0.8663759690339703,0.5690410508270849,0.7587282868336203,0.23620514936427137,0.5652355674888075,0.0,0.4815659445077917,0.026952304257959327,1.0,0.46826301786393004,0.7745966601937648,0.5256106071179326,0.40743473849275647,0.08904396371249285,0.3688311688311739,2024,0.0,1.0,0.015385110905928572,4.0
2024-05-24,0.4432595363679157,0.6310594451256977,0.4043706777325898,0.5968987418753561,0.41300019867436266,0.696377648626044,1.0,0.4815659445077917,0.49172940115658553,0.0,0.46826301786393004,0.6486724895483679,0.7179041470076917,0.40743473849275647,0.04548464531082345,0.3688311688311739,2024,0.0,0.0,0.014791053867179228,0.0
2024-05-27,0.6445983499714365,0.33713369729650583,0.25378321264716247,0.6509338700651396,0.3779061284160315,0.8438232002653,1.0,0.4815659445077917,0.8136478539593736,0.0,0.46826301786393004,0.251756642484535,0.3322576692128562,0.40743473849275647,0.346554470814098,0.3688311688311739,2024,0.0,0.0,0.014867199669631263,1.0
2024-05-28,0.8391230689116388,0.2179144268487457,0.29552569948899465,0.6795414032407414,0.3384563605898518,0.6761564763491534,0.0,0.4815659445077917,0.8692498302895304,1.0,0.46826301786393004,0.21226648294231784,0.03333131569920653,0.40743473849275647,0.7550390412202669,0.3688311688311739,2024,0.0,0.0,0.014993855795427911,2.0
2024-05-29,0.26554273564789044,0.7540186186790635,0.4592657107233409,0.6702200260790351,0.29966394476945385,0.641170729332954,0.0,0.4815659445077917,0.16341860853592263,1.0,0.46826301786393004,0.8271683451146277,0.3988983910711769,0.40743473849275647,0.4464415132627953,0.3688311688311739,2024,0.0,1.0,0.014754063301967463,3.0
2024-05-30,0.6657644594126719,0.3166559443031616,0.403729133639858,0.8124912420639648,0.3220861185610086,0.6297319462099766,1.0,0.4815659445077917,0.7020192563400955,1.0,0.46826301786393004,0.3052531961449013,0.490238249357917,0.40743473849275647,0.6545279906454211,0.3688311688311739,2024,1.0,1.0,0.014600522912799882,4.0
2024-05-31,0.09004774201674308,0.7390589092680308,0.34638317286922404,0.6727774133961951,0.36859358394148495,0.5401160781312171,0.0,0.4815659445077917,0.13061822740993367,1.0,0.46826301786393004,0.7279049836687429,0.7970924964994551,0.40743473849275647,0.35631331850754056,0.3688311688311739,2024,0.0,1.0,0.014906544035448605,0.0
2024-06-03,0.8031547941663726,0.08503496157748315,0.38896228282825324,0.7710938365807747,0.3568743796105306,0.584374562992169,0.0,0.4815659445077917,0.8098103205056719,0.0,0.46826301786393004,0.1156397578949767,0.06038097520066692,0.40743473849275647,0.9789545145960633,0.3688311688311739,2024,0.0,0.0,0.015218412571462583,1.0
2024-06-04,0.30257146109267896,0.5441400475428325,0.3805858885022297,0.5870461759578968,0.3311962758641245,0.6124770038456215,1.0,0.4815659445077917,0.20723385367932304,0.0,0.46826301786393004,0.658504141814085,0.8563136721173668,0.40743473849275647,0.02661969857695463,0.3688311688311739,2024,0.0,0.0,0.015337741594832852,2.0
2024-06-05,0.8447453012189264,0.11718582124776221,0.3554084348623954,0.6498772415884709,0.29208536338061464,0.6027748011142944,1.0,0.4815659445077917,0.8823825197696552,0.0,0.46826301786393004,0.13033467450592962,0.6470669810012473,0.40743473849275647,0.04881431146859579,0.3688311688311739,2024,0.0,0.0,0.015309133678395644,3.0
2024-06-06,0.8582153736305228,0.19895104089773658,0.3294095156476164,0.6978905295873041,0.42314247607294647,0.7977949493598064,1.0,0.4815659445077917,0.8802044364636968,1.0,0.46826301786393004,0.17993812042752239,0.35006547359232415,0.40743473849275647,2.588680343372623,0.3688311688311739,2024,1.0,0.0,0.014465575592261432,4.0
2024-06-07,0.0007871382097172978,0.8038477561932743,0.48882263170115886,0.6220788696832055,0.5460322389522553,0.7920089555366251,0.0,0.4815659445077917,0.004471643248343391,0.0,0.46826301786393004,0.517661996790207,0.5211620103446463,0.40743473849275647,0.15598524313601303,0.3688311688311739,2024,0.0,0.0,0.01679772845608255,0.0
2024-06-10,0.7824427871569599,0.297235589561928,0.3425279562432379,0.657039194031596,0.3019052804986686,0.7693036816838618,1.0,0.4815659445077917,0.8807901191956258,0.0,0.46826301786393004,0.19666668913365803,0.23644953684758568,0.40743473849275647,0.3434768051783803,0.3688311688311739,2024,0.0,0.0,0.016617952160871613,1.0
2024-06-11,0.7857190249151029,0.274480067375087,0.30987158716310254,0.6601533400437769,0.33371736136282193,0.701859852898142,1.0,0.4815659445077917,0.8665040148118641,0.0,0.46826301786393004,0.24122737413117115,0.6842032777854204,0.40743473849275647,0.1699490428315679,0.3688311688311739,2024,0.0,0.0,0.015670321132596685,2.0
2024-06-12,0.3722072555625534,0.5641267118528078,0.41779485836449753,0.8028081186360636,0.4751624376827273,0.9037303496641386,0.0,0.4815659445077917,0.47546247538186087,1.0,0.46826301786393004,0.4949483316469382,0.05251922319633411,0.40743473849275647,0.8507533834898184,0.3688311688311739,2024,0.0,0.0,0.014824316684691762,3.0
2024-06-13,0.3937768996901541,0.5244758541206418,0.40644550956074915,0.6292101065498275,0.31788866414803535,0.5681901511317979,1.0,0.4815659445077917,0.2343766604383122,0.0,0.46826301786393004,0.7182289297831151,0.9309601301871457,0.40743473849275647,0.06777868185516993,0.3688311688311739,2024,0.0,0.0,0.015241435373647692,4.0
2024-06-14,0.7760996523108175,0.1344064360309646,0.4054916717439706,0.6741388104316379,0.28028174448687065,0.5038373519686586,0.0,0.4815659445077917,0.8453060808377953,0.0,0.46826301786393004,0.13224013541822582,0.0,0.40743473849275647,0.6354732970898632,0.3688311688311739,2024,0.0,0.0,0.015320405057399468,0.0
2024-06-17,0.5542223713637688,0.6172697315947596,0.39638714265436975,0.6973756818822302,0.276811441398284,0.6224971445792463,1.0,0.4815659445077917,0.45826224917367964,1.0,0.46826301786393004,0.662730388543845,0.39255743155280465,0.40743473849275647,0.351619299405154,0.3688311688311739,2024,1.0,1.0,0.01537839367874685,1.0
2024-06-18,0.7705798138805308,0.2324129958228608,0.3771599623801782,0.6471573426354529,0.26955152866993454,0.5830309955123841,1.0,0.4815659445077917,0.8465183610618964,0.0,0.46826301786393004,0.20903738298392383,0.15970437017994382,0.40743473849275647,0.15801735218509955,0.3688311688311739,2024,1.0,0.0,0.015268973367613304,2.0
2024-06-19,0.6207934075477759,0.675585336403802,0.413329460430615,0.8413484682317922,0.42016769370218154,0.7830593980436006,1.0,0.4815659445077917,0.6314286653463707,0.0,0.46826301786393004,0.7054140949529025,1.0796150481189837,0.40743473849275647,0.01983085447653224,0.3688311688311739,2024,0.0,0.0,0.01472685105651951,3.0
2024-06-20,0.8342290385006057,0.08627766867332073,0.34409621356880316,0.7138430696940274,0.28436956560256826,0.6819977351469007,1.0,0.4815659445077917,0.8074149758262009,1.0,0.46826301786393004,0.1258596465671847,0.25595486836606723,0.40743473849275647,1.266318428750519,0.3688311688311739,2024,1.0,0.0,0.014485717675602276,4.0
2024-06-21,0.023868430472853176,0.7814210952812738,0.35432863310584267,0.7663599496412276,0.34818942949452003,0.6570925386251983,0.0,0.4815659445077917,0.04455765679522535,0.0,0.46826301786393004,0.7404581217154307,0.3837922670851702,0.40743473849275647,0.10329576259095116,0.3688311688311739,2024,0.0,0.0,0.015097599117709177,0.0
2024-06-24,0.838286086808147,0.35810670901157166,0.32583997542557713,0.7198875978433222,0.35315794220563335,0.7340310201082708,1.0,0.4815659445077917,0.9284781288772134,1.0,0.46826301786393004,0.18339689269369946,0.08628751168919747,0.40743473849275647,0.5575958513984587,0.3688311688311739,2024,1.0,1.0,0.014398510574881647,1.0
2024-06-25,0.32245492107720386,0.7313294990879923,0.3890513540728767,0.7248401771028394,0.3606354832566114,0.6618871667245143,0.0,0.4815659445077917,0.2545361461006787,1.0,0.46826301786393004,0.8133603839166865,0.13129273852165887,0.40743473849275647,0.7865407576250827,0.3688311688311739,2024,0.0,0.0,0.0141859369370202,2.0
2024-06-26,0.1488067833265191,0.799861096373334,0.3937633552921171,0.6649428247701455,0.3300690846709098,0.6517355731211278,1.0,0.4815659445077917,0.15494612460183316,0.0,0.46826301786393004,0.7963719068927264,0.984412572998968,0.40743473849275647,0.04869460666438682,0.3688311688311739,2024,0.0,0.0,0.014476492173382247,3.0
2024-06-27,0.8287542138951549,0.08352381859811264,0.3664336833678237,0.7847946745449372,0.37349694128267774,0.6957181266611854,1.0,0.4815659445077917,0.8186417148311254,0.0,0.46826301786393004,0.09356462824270284,0.42476324096808504,0.40743473849275647,0.3009470361276714,0.3688311688311739,2024,1.0,0.0,0.012248983905754598,4.0
2024-06-28,0.3756075776641633,0.6626697040988001,0.3951449157714254,0.7674679990589908,0.3442389012097879,0.7007670436125396,0.0,0.4815659445077917,0.41871944578783493,1.0,0.46826301786393004,0.6466959333602258,0.42667750292070833,0.40743473849275647,0.28551836237111444,0.3688311688311739,2024,0.0,1.0,0.012088875679911008,0.0
2024-07-01,0.7513189532214073,0.3469094893573925,0.41964625863489413,0.7517869192542879,0.36812217519578155,0.8215395161001332,0.0,0.4815659445077917,0.7219583818488299,0.0,0.46826301786393004,0.3679258418491788,0.183090676883776,0.40743473849275647,0.4520051085568271,0.3688311688311739,2024,0.0,0.0,0.011993243346736793,1.0
2024-07-02,0.7464592665110812,0.4648758386980746,0.4325682335953989,0.8966296454996933,0.4114283429940383,0.8097682923988815,1.0,0.4815659445077917,0.6444102991289918,0.0,0.46826301786393004,0.4807607206637524,1.3180171844018522,0.40743473849275647,0.090680766688691,0.3688311688311739,2024,0.0,0.0,0.011599280951910772,2.0
2024-07-03,0.6630384264646642,0.14557184614847843,0.35450340748589626,0.7330576984369644,0.42736967483049443,0.7683770104498313,0.0,0.4815659445077917,0.659471995214075,0.0,0.46826301786393004,0.12468340822815972,0.23988784464405874,0.40743473849275647,0.19699880575315662,0.3688311688311739,2024,0.0,0.0,0.011678278850060357,3.0
2024-07-04,0.7322559087854851,0.6485303677552064,0.31861704802155333,1.0217787993737197,0.5032739462480663,0.9566283697549547,1.0,0.4815659445077917,0.6516802212357827,0.0,0.46826301786393004,0.6057805804487703,1.41109546295529,0.40743473849275647,0.1882749288929345,0.3688311688311739,2024,0.0,0.0,0.010977095812013499,4.0
2024-07-05,0.885029780079552,0.028693212586692586,0.6297685911124934,1.0967644364476474,0.3206841706762105,0.6595815214608437,0.0,0.4815659445077917,0.7931447304207109,1.0,0.46826301786393004,0.05065296042571448,0.0,0.40743473849275647,1.479818272538668,0.3688311688311739,2024,0.0,1.0,0.011374457697734977,0.0
2024-07-08,0.12199168719105476,0.560117487352754,0.45165578019882174,0.7126360175563907,0.4177768249214512,0.7118601491304144,0.0,0.4815659445077917,0.07266446971919306,1.0,0.46826301786393004,0.6716758840996823,0.4421799746514583,0.40743473849275647,0.3449429657794763,0.3688311688311739,2024,0.0,1.0,0.01194477969223951,1.0
2024-07-09,0.7203781601406366,0.3389624715124718,0.3954411969967225,0.8104165576715151,0.3449051302671354,0.7833464337526655,1.0,0.4815659445077917,0.689560613351698,0.0,0.46826301786393004,0.3705311552441403,0.7929350239281663,0.40743473849275647,0.019339878632392386,0.3688311688311739,2024,1.0,0.0,0.012250475658608895,2.0
2024-07-10,0.3317919231240612,0.6607991872090927,0.3599232125633976,0.7257976907373295,0.4075068712975681,0.7629242295087894,1.0,0.4815659445077917,0.39706806290678587,0.0,0.46826301786393004,0.6104936165600514,1.9063905930470328,0.40743473849275647,0.026840490797545996,0.3688311688311739,2024,0.0,0.0,0.01178426836321574,3.0
2024-07-11,0.7397690048931931,0.02404802836378786,0.735145576056779,0.9424769904506476,0.4056013335566294,0.5734038093570569,0.0,0.4815659445077917,0.5844927495106901,0.0,0.46826301786393004,0.04678617340255455,0.10397273513402162,0.40743473849275647,0.8520779286840731,0.3688311688311739,2024,0.0,0.0,0.011627755669854316,4.0
2024-07-12,0.707088287530744,0.2849891183498734,0.5142507823470609,0.6956891084239942,0.36492892193262344,0.6891274206712099,1.0,0.4815659445077917,0.6847385988062,0.0,0.46826301786393004,0.2682346129034229,0.9846138574548222,0.40743473849275647,0.3477764542386413,0.3688311688311739,2024,0.0,0.0,0.011936655390394051,0.0
2024-07-15,0.3121561452219813,0.3428475477871186,0.423710011463751,0.7173079086245213,0.36056037127670004,0.8851761229958219,1.0,0.4815659445077917,0.4248048288247731,0.0,0.46826301786393004,0.30339319306525103,1.5839111682989018,0.40743473849275647,0.07505897490885695,0.3688311688311739,2024,0.0,0.0,0.012375958785140712,1.0
2024-07-16,0.9006141214169147,0.021769916457100576,0.7202513611830412,1.4222410207554141,0.40272981227038257,0.9563751505530832,1.0,0.4815659445077917,0.8039077072100319,0.0,0.46826301786393004,0.04151948843541769,0.4775045537340622,0.40743473849275647,0.5473132969034628,0.3688311688311739,2024,1.0,0.0,0.012708031811745214,2.0
2024-07-17,0.2256318672663507,0.6591655440360972,0.5950512420731674,0.8430993377308359,0.4183138138393361,0.744640540311586,0.0,0.4815659445077917,0.1865590558308372,1.0,0.46826301786393004,0.703725798885351,0.5225410773948447,0.40743473849275647,0.5846949517140373,0.3688311688311739,2024,0.0,0.0,0.012695688149412718,3.0
2024-07-18,0.13953702512330377,0.8140216681017843,0.5046517744917477,0.7859561930531898,0.41889789044603976,0.7446876295968106,0.0,0.4815659445077917,0.13057301047234918,1.0,0.46826301786393004,0.7578691899675907,0.01707885105911622,0.40743473849275647,1.593612066097363,0.3688311688311739,2024,0.0,0.0,0.013170656181166997,4.0
2024-07-19,0.04347012409836198,0.7164541316334562,0.4524272061383791,0.6107403212749823,0.3766950858572909,0.6959235033257165,0.0,0.4815659445077917,0.045512386936842265,1.0,0.46826301786393004,0.7201973324623225,0.343408813109868,0.40743473849275647,0.4756676127535302,0.3688311688311739,2024,0.0,1.0,0.014364157841766598,0.0
2024-07-22,0.44285826024518493,0.5386787638797944,0.4322872579233674,0.6805257179105044,0.30996742514822406,0.65808664528714,0.0,0.4815659445077917,0.45905135848625567,0.0,0.46826301786393004,0.5640783603130082,0.4445525883569518,0.40743473849275647,0.23022487174808234,0.3688311688311739,2024,0.0,0.0,0.014700157562367694,1.0
2024-07-23,0.8375004474820253,0.2725671847644085,0.4109043607691678,0.8204818079624191,0.3746688876714303,0.7373207205095993,1.0,0.4815659445077917,0.8772305011940229,0.0,0.46826301786393004,0.19365788140136303,0.6589542265285654,0.40743473849275647,0.36952890076845596,0.3688311688311739,2024,1.0,0.0,0.014196659065548676,2.0
2024-07-24,0.07761214007376976,0.8884225734279841,0.472515211777909,0.9185196837648596,0.3188211527197873,0.7554096117786394,0.0,0.4815659445077917,0.09857272514177257,1.0,0.46826301786393004,0.8463166795441431,0.11154489682097045,0.40743473849275647,1.2286670384829879,0.3688311688311739,2024,0.0,0.0,0.014959618208516887,3.0
2024-07-25,0.12982626958516952,0.5980984416750217,0.42475183987180004,0.7921216957633311,0.4045141283112915,0.5823210334976269,0.0,0.4815659445077917,0.10519529670756485,0.0,0.46826301786393004,0.6525107940852766,0.7237630963379446,0.40743473849275647,0.23831895111355325,0.3688311688311739,2024,0.0,0.0,0.015368548505499062,4.0
2024-07-26,0.7786679384335922,0.15926147396976412,0.3153865399990794,0.6620408285626183,0.3817828494428113,0.5880082651309919,1.0,0.4815659445077917,0.839974669307029,0.0,0.46826301786393004,0.1365921292988876,0.44466073414906104,0.40743473849275647,0.489154616240271,0.3688311688311739,2024,1.0,0.0,0.015064430182482364,0.0
2024-07-29,0.34954409019822696,0.5246875959755462,0.38531452502356656,0.5996607888707597,0.342466760575463,0.6491974897240281,1.0,0.4815659445077917,0.39484870073226086,0.0,0.46826301786393004,0.5524652788449346,0.7953927433765828,0.40743473849275647,0.19252583326858627,0.3688311688311739,2024,0.0,0.0,0.01542875603182129,1.0
2024-07-30,0.8925044175889146,0.08774232010938736,0.35436169136623563,0.6034905906712307,0.3675774247072546,0.5757234704760131,1.0,0.4815659445077917,0.8698256287662011,0.0,0.46826301786393004,0.11509357103999777,1.0655548185350217,0.40743473849275647,0.1825452477968258,0.3688311688311739,2024,0.0,0.0,0.015634166720987983,2.0
2024-07-31,0.9266379078971513,0.04196321772387976,0.4916774117269984,0.9074982230950787,0.30638801960280077,0.3646882885794396,1.0,0.4815659445077917,0.8109680616320993,0.0,0.46826301786393004,0.08392348375748027,0.4060153264063585,0.40743473849275647,0.45710334760981036,0.3688311688311739,2024,1.0,0.0,0.01519762428210658,3.0
2024-08-01,0.49364053902695243,0.39652397604097533,0.30850507861978094,0.7282327455672292,0.45932435147449246,0.8722545566991238,1.0,0.4815659445077917,0.5095964897583467,1.0,0.46826301786393004,0.48342087500794595,0.8321417706114934,0.40743473849275647,0.9484712503802887,0.3688311688311739,2024,1.0,1.0,0.015355884417421245,4.0
2024-08-02,0.12213263042631557,0.21649119333364303,0.3687148660943511,0.7748339924020046,0.4770240834151714,0.8159168278554424,0.0,0.4815659445077917,0.18385608782586305,1.0,0.46826301786393004,0.2951703146542118,0.431771453305917,0.40743473849275647,1.9535764527648494,0.3688311688311739,2024,0.0,0.0,0.01622062815952069,0.0
2024-08-05,0.07197451851740629,0.10069923348490176,0.41139221999591474,0.8319401444862166,0.5909142403293259,0.8995272403174251,0.0,0.4815659445077917,0.07443334520286612,0.0,0.46826301786393004,0.20172004234899363,0.1974299065420625,0.40743473849275647,0.6623831775700915,0.3688311688311739,2024,0.0,0.0,0.01776073632361057,1.0
2024-08-06,0.2605479888444165,0.7063010766014942,0.4042582325243001,0.627933684984504,0.3285787187731802,0.7155798253442902,0.0,0.4815659445077917,0.22404650848710914,1.0,0.46826301786393004,0.7505137025577278,0.40016560404073315,0.40743473849275647,0.25016146393971933,0.3688311688311739,2024,0.0,1.0,0.01804896070147793,2.0
2024-08-07,0.26258425230210564,0.7997244580010481,0.321186305875291,0.7006782521724954,0.34819741613836364,0.671300626813949,1.0,0.4815659445077917,0.24733765291095688,0.0,0.46826301786393004,0.8251918674269753,1.0474101851541853,0.40743473849275647,0.06351491612816909,0.3688311688311739,2024,0.0,0.0,0.01790562839960839,3.0
2024-08-08,0.9016925686563466,0.04169079592438785,0.3287155772558947,0.6621305381250939,0.4047432958111432,0.6252454930332808,1.0,0.4815659445077917,0.8788903023807506,0.0,0.46826301786393004,0.076440306781261,0.2325973653583395,0.40743473849275647,0.24227908310422702,0.3688311688311739,2024,0.0,0.0,0.01744785244297009,4.0
2024-08-09,0.6890107724968004,0.47233801701452954,0.47111857263704854,0.6431386746799198,0.4480185980503809,0.7958170950869081,1.0,0.4815659445077917,0.7984470221031371,0.0,0.46826301786393004,0.41908894785896716,1.01706741457742,0.40743473849275647,0.16544105072339502,0.3688311688311739,2024,0.0,0.0,0.017183457520649884,0.0
2024-08-12,0.89449935581436,0.05011883536827475,0.40338187972637163,0.6617282708354849,0.3412437438772695,0.5244252334246332,1.0,0.4815659445077917,0.8647630450825586,0.0,0.46826301786393004,0.08154860192986045,0.11560390589160419,0.40743473849275647,0.30827708237761464,0.3688311688311739,2024,1.0,0.0,0.017637169476450342,1.0
2024-08-13,0.5295021569430927,0.647153113504295,0.34401259616999896,0.810332159394278,0.40865273582839,0.7001665930942571,1.0,0.4815659445077917,0.5076380466237349,1.0,0.46826301786393004,0.7412962164137495,0.3502004514368473,0.40743473849275647,0.6331907152242003,0.3688311688311739,2024,1.0,0.0,0.01720338747293406,2.0
2024-08-14,0.1755291632101822,0.6164781915883272,0.35304534954451566,0.759540930414552,0.39672749024418275,0.61241487631323,0.0,0.4815659445077917,0.19868067906977138,1.0,0.46826301786393004,0.7058678427623493,0.5292014302741318,0.40743473849275647,0.3754469606674614,0.3688311688311739,2024,0.0,1.0,0.0171374179895909,3.0
2024-08-15,0.6137299793619961,0.288736611915489,0.3555705702527479,0.7292815326972198,0.3340854436774668,0.7201593697539193,1.0,0.4815659445077917,0.6453772491309225,0.0,0.46826301786393004,0.33304654235873415,1.2612783547070163,0.40743473849275647,0.13661081841128386,0.3688311688311739,2024,0.0,0.0,0.017164293245417774,4.0
2024-08-16,0.8642885984742924,0.0331120853889426,0.48203774302585567,0.7536039891052486,0.319373928352011,0.6165274189293085,1.0,0.4815659445077917,0.8300216430707863,0.0,0.46826301786393004,0.06344732516330155,0.05798749289368346,0.40743473849275647,0.4982376350199053,0.3688311688311739,2024,1.0,0.0,0.017537317897037278,0.0
2024-08-19,0.6838676866226023,0.41394373920439403,0.5009440778035158,0.6728088086736471,0.4256024916525505,0.7596688621499323,1.0,0.4815659445077917,0.8080148537440871,0.0,0.46826301786393004,0.3451046142990161,0.6383450925833861,0.40743473849275647,0.1586008148663456,0.3688311688311739,2024,0.0,0.0,0.017222405728593487,1.0
2024-08-20,0.511163656807153,0.49243863562177026,0.3293458199305914,0.6573215925822309,0.4221136835563264,0.7100372230291293,0.0,0.4815659445077917,0.535673480679771,1.0,0.46826301786393004,0.4950663658939502,0.14044763242035802,0.40743473849275647,0.4862377560860131,0.3688311688311739,2024,0.0,1.0,0.016795207068244587,2.0
2024-08-21,0.7805841322636963,0.36268261388827616,0.3826226652555994,0.6933109197211418,0.42465963222332576,0.6770727503062893,0.0,0.4815659445077917,0.7656948406718522,1.0,0.46826301786393004,0.3614081274806179,0.055715920542468475,0.40743473849275647,0.9930824807419738,0.3688311688311739,2024,0.0,0.0,0.016645816866729956,3.0
2024-08-22,0.2208182821829648,0.6052448975891803,0.33884077178671695,0.6482813156768454,0.3897551807629652,0.6070047854659962,1.0,0.4815659445077917,0.20172018980581413,0.0,0.46826301786393004,0.6343385181544376,0.8380982860394022,0.40743473849275647,0.0074674631960674615,0.3688311688311739,2024,1.0,0.0,0.01616931728016006,4.0
2024-08-23,0.7203472251329243,0.23892377560677802,0.33267414242110155,0.8216925457505885,0.35223070432074083,0.8021506430146057,1.0,0.4815659445077917,0.8171558922563361,0.0,0.46826301786393004,0.16781000769534093,0.40387297286528356,0.40743473849275647,0.10347850340678279,0.3688311688311739,2024,1.0,0.0,0.01427058906480644,0.0
2024-08-26,0.5941834618266063,0.6406158755496572,0.3799835330544771,0.8026546447961334,0.49696653838614735,0.732215968861343,0.0,0.4815659445077917,0.6582582691140988,1.0,0.46826301786393004,0.5632239938977446,0.23143607886950335,0.40743473849275647,0.41855461072146155,0.3688311688311739,2024,0.0,1.0,0.013711255978621627,1.0
2024-08-27,0.9164787422727217,0.19798797440413643,0.4966812465887125,0.7258498323522334,0.36533192634375333,0.6561947138834052,1.0,0.4815659445077917,0.8949348077175954,1.0,0.46826301786393004,0.17922705656065513,0.12748053252951258,0.40743473849275647,0.9102403081302843,0.3688311688311739,2024,1.0,1.0,0.013515876316660578,2.0
2024-08-28,0.30239274430828716,0.6146227829272446,0.36987655408867925,0.7280321629512816,0.3141349894962697,0.5946539264505466,0.0,0.4815659445077917,0.21145660168409658,0.0,0.46826301786393004,0.6411284852008928,0.7241534794838261,0.40743473849275647,0.03006033538745628,0.3688311688311739,2024,0.0,0.0,0.013282450498466202,3.0
2024-08-29,0.7374808428601275,0.4467550204579375,0.5350497766006251,0.8505651157214502,0.27185604795513874,0.6417024144572072,0.0,0.4815659445077917,0.768360710632914,1.0,0.46826301786393004,0.3074451433580731,0.17161309511163947,0.40743473849275647,0.8030422128274316,0.3688311688311739,2024,0.0,0.0,0.013336298781144274,4.0
2024-08-30,0.2945939529654284,0.6464477886680047,0.3525320674093279,0.7102357673721331,0.33138733130619946,0.7024811141379795,0.0,0.4815659445077917,0.20982544985563134,1.0,0.46826301786393004,0.6778499019793665,0.12394018806844409,0.40743473849275647,0.4085093263449979,0.3688311688311739,2024,0.0,1.0,0.012957362746233828,0.0
2024-09-02,0.6159783937910424,0.6232098799202079,0.4096610747867546,0.7091166110116875,0.39658552371636885,0.7438898315794371,0.0,0.4815659445077917,0.6373506820167844,1.0,0.46826301786393004,0.5696369905887158,0.22288464935523888,0.40743473849275647,0.799417064122937,0.3688311688311739,2024,0.0,1.0,0.012944658213346755,1.0
2024-09-03,0.6087536181492477,0.28320931265767285,0.4023525838973081,0.8023676138165838,0.3369726756609765,0.7844189008685758,0.0,0.4815659445077917,0.508636678391594,1.0,0.46826301786393004,0.3554678331391987,0.22658413055710636,0.40743473849275647,0.666831738885773,0.3688311688311739,2024,0.0,1.0,0.012728445877530706,2.0
2024-09-04,0.7744523455404341,0.21056438903796454,0.39157329923415846,0.7790982654110498,0.4386453481735707,0.8060295224349129,1.0,0.4815659445077917,0.7801541147403127,0.0,0.46826301786393004,0.19953249497635187,0.8986540894972856,0.40743473849275647,0.05733348671345409,0.3688311688311739,2024,0.0,0.0,0.01244071590287854,3.0
2024-09-05,0.7906637487004341,0.18987377805578556,0.5782732494927841,0.8722481447575616,0.3594991766275399,0.777552767113788,1.0,0.4815659445077917,0.75691987058076,1.0,0.46826301786393004,0.18680990594215297,0.4323737635363477,0.40743473849275647,1.090258763166341,0.3688311688311739,2024,1.0,1.0,0.01150612473582658,4.0
2024-09-06,0.12804834752284014,0.5159049575151277,0.31509772091914456,0.6637275569755002,0.4006119489232204,0.7632885216919952,0.0,0.4815659445077917,0.11240232047383329,0.0,0.46826301786393004,0.5613237062761351,0.32709048985929573,0.40743473849275647,0.38769940238106426,0.3688311688311739,2024,0.0,0.0,0.012156703691860069,0.0
2024-09-09,0.8447061860702983,0.2596397372588071,0.42379308044338615,0.7077408849988018,0.38185673801140524,0.773003296645781,1.0,0.4815659445077917,0.89365058860696,0.0,0.46826301786393004,0.15363682861228778,0.4108160543227815,0.40743473849275647,0.21321692736753467,0.3688311688311739,2024,0.0,0.0,0.011751626446759573,1.0
2024-09-10,0.826103757191251,0.2800420940777186,0.5195878800571848,0.8627018364994107,0.36899456259851343,0.766888112483489,1.0,0.4815659445077917,0.88862070240365,0.0,0.46826301786393004,0.20127764888870944,0.4287233779404896,0.40743473849275647,0.544734954362185,0.3688311688311739,2024,1.0,0.0,0.011474381535177835,2.0
2024-09-11,0.2749757276654332,0.597719997850781,0.5579730064130685,0.8713184541783342,0.3466246165027428,0.7284869673613521,1.0,0.4815659445077917,0.3110572560449261,0.0,0.46826301786393004,0.5697377628928594,1.7537835890044318,0.40743473849275647,0.01837743230722502,0.3688311688311739,2024,0.0,0.0,0.011050358599097117,3.0
2024-09-12,0.9080271523925626,0.017015530495261486,0.7124285867234372,1.0673179353068538,0.3377158189813209,0.6032174365575944,1.0,0.4815659445077917,0.7789576954849149,0.0,0.46826301786393004,0.035710181871308436,0.9508334778193372,0.40743473849275647,0.07039357986772456,0.3688311688311739,2024,0.0,0.0,0.01127095174816585,4.0
2024-09-13,0.6948514540474535,0.2867204215802697,0.7111906829154955,0.8723584436277699,0.4129518991811613,0.9277381677173434,1.0,0.4815659445077917,0.7568499019227869,0.0,0.46826301786393004,0.19921767439001659,0.35759897828864595,0.40743473849275647,0.13055736282801633,0.3688311688311739,2024,1.0,0.0,0.011493702130346702,0.0
2024-09-16,0.6215182272158075,0.589982175613023,0.5663563556349135,0.8751995804570578,0.5874153850513801,0.9536052063620909,0.0,0.4815659445077917,0.6543391618264225,1.0,0.46826301786393004,0.5849378683654568,0.15787921969435328,0.40743473849275647,0.7433049972974345,0.3688311688311739,2024,0.0,0.0,0.011258425424756476,1.0
2024-09-17,0.46787490217121075,0.5018584144947476,0.5472818232185074,0.8964088612143446,0.416377583090152,0.6952414946121854,1.0,0.4815659445077917,0.28222186805362937,1.0,0.46826301786393004,0.6502622823376562,1.0797114200246454,0.40743473849275647,0.797818053844803,0.3688311688311739,2024,1.0,0.0,0.01105895906064038,2.0
2024-09-18,0.03491062406671068,0.7888918232800228,0.5652175627254422,0.991913017312321,0.5821388013814454,1.1912292357159422,0.0,0.4815659445077917,0.07034828308536085,0.0,0.46826301786393004,0.49284641343591507,1.176003943014057,0.40743473849275647,0.2638533574295219,0.3688311688311739,2024,0.0,0.0,0.011892480609509523,3.0
2024-09-19,0.6969133627807736,0.09648075250197366,0.5889797229121592,0.9218136415531559,0.36944991824435636,0.8518526744857736,1.0,0.4815659445077917,0.6866625307533697,0.0,0.46826301786393004,0.10583140905862705,1.2478038067349941,0.40743473849275647,0.06213396778915265,0.3688311688311739,2024,0.0,0.0,0.012070443319283546,4.0
2024-09-20,0.7620031565052665,0.10560669509877092,0.6523500669227982,0.9385264196881766,0.46199769855587686,0.8383378878070008,1.0,0.4815659445077917,0.818366828969998,0.0,0.46826301786393004,0.0860092156099184,0.38619641888225864,0.40743473849275647,0.25402061855669134,0.3688311688311739,2024,0.0,0.0,0.01255118540940699,0.0
2024-09-23,0.7357640652690554,0.4335138112639692,0.5676871742679399,0.883562832652477,0.440488835144537,0.9594073750715347,1.0,0.4815659445077917,0.7631238205612747,0.0,0.46826301786393004,0.35717195764676396,1.1224958217270213,0.40743473849275647,0.18063509749303527,0.3688311688311739,2024,0.0,0.0,0.012195367200807885,1.0
2024-09-24,0.7872018820159701,0.10801483135917342,0.7907008140471475,1.3754202003467269,0.39079473230696066,1.0739229227400033,1.0,0.4815659445077917,0.7389353460122484,0.0,0.46826301786393004,0.11833376720233155,0.40712292013761375,0.40743473849275647,0.2220395092714782,0.3688311688311739,2024,1.0,0.0,0.012424312155970443,2.0
2024-09-25,0.5445916107190963,0.6344710341371413,0.6198246867672713,0.9808945820904214,0.5378816022242253,1.0771139117630457,1.0,0.4815659445077917,0.4437086478026404,0.0,0.46826301786393004,0.6827425178673422,0.8830693200370698,0.40743473849275647,0.06733442174470303,0.3688311688311739,2024,0.0,0.0,0.012185430606007809,3.0
2024-09-26,0.6285785523556271,0.4124259910412946,0.7185190512341427,1.2652629888863978,0.45622004283707096,1.1118245825751183,0.0,0.4815659445077917,0.5812113851381713,1.0,0.46826301786393004,0.35292023811466433,0.06428149293085361,0.40743473849275647,0.9292176205846338,0.3688311688311739,2024,0.0,1.0,0.011759441713862317,4.0
2024-09-27,0.5120705734678986,0.4741263742628799,0.49584196975393413,0.8683297423142524,0.4865298003329813,1.133439716065233,0.0,0.4815659445077917,0.3926867416800281,1.0,0.46826301786393004,0.5019835980227992,0.24607306545631374,0.40743473849275647,1.0409825123481522,0.3688311688311739,2024,0.0,0.0,0.012078043736352222,0.0
2024-09-30,0.12147657216583908,0.7363324208229607,0.4884852488944365,0.7708435954654859,0.4460403684923387,0.6694951784629135,1.0,0.4815659445077917,0.13118804420547606,0.0,0.46826301786393004,0.6647369169921326,1.143649449618971,0.40743473849275647,0.07053344623199652,0.3688311688311739,2024,1.0,0.0,0.012808311846061663,1.0
2024-10-01,0.6231463709942586,0.23235643000260708,0.49173649401499037,0.8789550536096058,0.5300205529016103,1.12474358650811,0.0,0.4815659445077917,0.7143045710790243,0.0,0.46826301786393004,0.1585448951290289,0.0,0.40743473849275647,0.643077937600461,0.3688311688311739,2024,0.0,0.0,0.013014124425606864,2.0
2024-10-02,0.8618277254778426,0.3557402290464672,0.5860867999588901,0.9523685308106693,0.4664251626466882,0.8785767219998358,0.0,0.4815659445077917,0.791431497539721,1.0,0.46826301786393004,0.2977910731017661,0.13072408752754952,0.40743473849275647,0.6502607064162136,0.3688311688311739,2024,0.0,1.0,0.012315113438645536,3.0
2024-10-03,0.7584093788041926,0.3574996142493037,0.5602938057060268,0.9718408603799862,0.3730813822553817,0.8675517325863228,1.0,0.4815659445077917,0.7288977138606697,1.0,0.46826301786393004,0.30852937419395066,0.4355651389469478,0.40743473849275647,0.7392901934035956,0.3688311688311739,2024,1.0,1.0,0.012222730206540442,4.0
2024-10-04,0.4750089473325382,0.31280147150653875,0.5265116238014039,0.9797078001769285,0.35521053298404587,0.9021362374285475,0.0,0.4815659445077917,0.45651667890060044,0.0,0.46826301786393004,0.35913418496750893,0.17655178183035575,0.40743473849275647,0.46202108080976395,0.3688311688311739,2024,0.0,0.0,0.012871458235865095,0.0
2024-10-07,0.41220541645275294,0.7855383978397589,0.6113864259317879,0.8251288966579924,0.36133973154452237,0.8007815405978771,0.0,0.4815659445077917,0.30156328086298057,1.0,0.46826301786393004,0.7860081866262102,0.3052536040694834,0.40743473849275647,1.1208392257846598,0.3688311688311739,2024,0.0,0.0,0.01280564673421815,1.0
2024-10-08,0.22561520570085275,0.4575389328420686,0.5522967130178038,0.913506594225773,0.35779566583596106,0.7114061615017822,0.0,0.4815659445077917,0.14819139659775496,0.0,0.46826301786393004,0.49317230953193025,0.07437910728002772,0.40743473849275647,0.497652982845435,0.3688311688311739,2024,0.0,0.0,0.012768811711518764,2.0
2024-10-09,0.4188856634037236,0.8311847851434704,0.5993349152358117,0.8848304452142716,0.38729179923674517,0.8346773014722042,1.0,0.4815659445077917,0.23395606224146084,1.0,0.46826301786393004,0.8488107821452372,0.7498029323663956,0.40743473849275647,0.1690052025855173,0.3688311688311739,2024,0.0,1.0,0.0121620585190014,3.0
2024-10-10,0.9006076636204968,0.1262099849579925,0.5859107114603945,0.92640862823545,0.3934629495082747,0.8555514993035057,1.0,0.4815659445077917,0.876458179937774,0.0,0.46826301786393004,0.11481177693199125,1.0150607287449303,0.40743473849275647,0.06542510121457437,0.3688311688311739,2024,0.0,0.0,0.01173932054523677,4.0
2024-10-11,0.7549760250948306,0.16178665198843642,0.5072459056378785,0.8500074845367764,0.4136095402729586,0.8640836097035929,1.0,0.4815659445077917,0.8205602831279977,0.0,0.46826301786393004,0.1310498036196239,0.3098933729248261,0.40743473849275647,0.43460655958968014,0.3688311688311739,2024,1.0,0.0,0.011951047322964311,0.0
2024-10-14,0.32909443918854386,0.7047594304004322,0.5601028631140872,0.867898766167619,0.3744817067706949,0.825487530987796,1.0,0.4815659445077917,0.26684763940661166,1.0,0.46826301786393004,0.7531819872327973,0.6674796557303988,0.40743473849275647,0.3440819868201976,0.3688311688311739,2024,1.0,1.0,0.011499823353479112,1.0
2024-10-15,0.7446011667925341,0.21260110534190624,0.5458175326295469,0.969918799782577,0.3605385647803772,0.8084982630826625,1.0,0.4815659445077917,0.7641256389671193,0.0,0.46826301786393004,0.1899717298907961,0.7287890938251896,0.40743473849275647,0.12766639935846108,0.3688311688311739,2024,0.0,0.0,0.011708216595434624,2.0
2024-10-16,0.5604689224812781,0.48205449858940924,0.5325211589601234,0.9952800450247093,0.4000794543901244,0.7818463215134601,1.0,0.4815659445077917,0.6023507266306034,0.0,0.46826301786393004,0.4014176079892247,0.7453628752486247,0.40743473849275647,0.019751144826299624,0.3688311688311739,2024,0.0,0.0,0.011551313822357988,3.0
2024-10-17,0.8240324698548912,0.30172345093867414,0.5632073393054224,0.8186351045616993,0.4103028786660104,0.5656624388145662,1.0,0.4815659445077917,0.8501907217493796,0.0,0.46826301786393004,0.19854970891292567,0.9765295793215539,0.40743473849275647,0.021751924480326732,0.3688311688311739,2024,0.0,0.0,0.01126783651915388,4.0
2024-10-18,0.8738323107596686,0.11573253190345384,0.6983553440126915,1.1362599951026726,0.33538459188729486,0.7392985956680616,1.0,0.4815659445077917,0.8810981294739317,0.0,0.46826301786393004,0.09383490927525537,0.6462683681361316,0.40743473849275647,0.24632637277648084,0.3688311688311739,2024,1.0,0.0,0.010859916629352297,0.0
2024-10-21,0.19204444631829118,0.7428605343841653,0.47402986852010187,0.8303352525227158,0.4052799851369092,0.9027157946611978,1.0,0.4815659445077917,0.22134694254128942,0.0,0.46826301786393004,0.7271410735951719,1.0349976200616218,0.40743473849275647,0.028408948568277324,0.3688311688311739,2024,0.0,0.0,0.010484486941209945,1.0
2024-10-22,0.8934704381149614,0.121414816422513,0.6998669264765542,1.4903552853914672,0.3352842862956123,0.8041017074204252,1.0,0.4815659445077917,0.8934267879271943,1.0,0.46826301786393004,0.08115654247353182,0.3252455795677821,0.40743473849275647,1.3845284872298655,0.3688311688311739,2024,1.0,0.0,0.010580624776538839,2.0
2024-10-23,0.034418172652081844,0.7246979762610979,0.5597074338468886,0.9594586172496996,0.2931410912296055,0.7700434114193847,0.0,0.4815659445077917,0.043548221143659846,0.0,0.46826301786393004,0.6734994800125863,0.9051836053412448,0.40743473849275647,0.03148182492582438,0.3688311688311739,2024,0.0,0.0,0.011347338626092322,3.0
2024-10-24,0.7558705480754045,0.30021974440484106,0.6283421346015703,0.85852705390272,0.46789192762552606,1.0007461085936915,1.0,0.4815659445077917,0.756083552568075,0.0,0.46826301786393004,0.2158578954713692,0.3913949962092413,0.40743473849275647,0.6259003032600584,0.3688311688311739,2024,0.0,0.0,0.011019778580984171,4.0
2024-10-25,0.8642543571852794,0.1029246213809652,0.5456626708543667,0.898259810010444,0.448770689392565,0.9537714239522178,0.0,0.4815659445077917,0.8582169310602015,0.0,0.46826301786393004,0.11044112754911767,0.0,0.40743473849275647,0.7257622870933222,0.3688311688311739,2024,0.0,0.0,0.011205838040353893,0.0
2024-10-28,0.8182437884680136,0.3260844562600411,0.6167714884813326,0.9093229943758191,0.44702188408901744,0.8661717528705497,1.0,0.4815659445077917,0.7993286989913156,0.0,0.46826301786393004,0.2569758802584948,1.1258209471137153,0.40743473849275647,0.08606982371241764,0.3688311688311739,2024,0.0,0.0,0.010550115785059143,1.0
2024-10-29,0.8940657104430128,0.0948803001242399,0.7144101147535921,1.175117143571,0.4195345069602067,0.8399783121827034,1.0,0.4815659445077917,0.872204485904544,0.0,0.46826301786393004,0.0720703721648327,0.5198489059938757,0.40743473849275647,0.11707409783099297,0.3688311688311739,2024,0.0,0.0,0.010837209374174496,2.0
2024-10-30,0.852328608896691,0.3956626392685356,0.7320338356491789,0.9635950323511706,0.40851837017546366,0.9398431127669382,1.0,0.4815659445077917,0.8734866316435914,1.0,0.46826301786393004,0.21926441305409836,0.09266559595075594,0.40743473849275647,1.9003260816664185,0.3688311688311739,2024,1.0,0.0,0.010530966330326979,3.0
2024-10-31,0.045671923464399404,0.6063370134008369,0.5699718995427275,1.01896088766853,0.4245620332742213,0.7148665612334454,0.0,0.4815659445077917,0.03388735870146837,0.0,0.46826301786393004,0.5536103933186031,0.5903962575674154,0.40743473849275647,0.3438359933957088,0.3688311688311739,2024,0.0,0.0,0.01135226488201536,4.0
2024-11-01,0.17682617880795398,0.8271178271094292,0.6155388018875442,0.8026279998307415,0.2981961233635416,0.7422635961298065,0.0,0.4815659445077917,0.1562037205469161,1.0,0.46826301786393004,0.7980008427657849,0.37541332608597683,0.40743473849275647,0.2029261222086365,0.3688311688311739,2024,0.0,1.0,0.011525949701814267,0.0
2024-11-04,0.48690590077184104,0.7218847422686163,0.6037528896553706,0.8043282888872363,0.47523859299980614,0.7257721761680175,1.0,0.4815659445077917,0.47975196886504107,1.0,0.46826301786393004,0.6800362220316954,0.4370002564281845,0.40743473849275647,0.3880457840874614,0.3688311688311739,2024,1.0,1.0,0.011196881567860974,1.0
2024-11-05,0.7016964582144721,0.34744731610884505,0.5606448552715939,0.9058926712802857,0.375903557315737,0.816657480754439,0.0,0.4815659445077917,0.7642456172221268,1.0,0.46826301786393004,0.2595630737667812,0.19024675476552305,0.40743473849275647,2.996795696409781,0.3688311688311739,2024,0.0,0.0,0.011130207416771384,2.0
2024-11-06,0.0015154426546994237,0.700622641925479,0.532145641370107,0.7290988572407157,0.5301656767486586,0.7853507789370517,0.0,0.4815659445077917,0.0033943773864796743,1.0,0.46826301786393004,0.5091759421375555,1.4330972568578553,0.40743473849275647,0.4343142144638459,0.3688311688311739,2024,0.0,1.0,0.01346565901002354,3.0
2024-11-07,0.8445565344059434,0.018816234119807932,0.3918477585245569,0.9075222467605775,0.3868004155692057,0.79450186951973,1.0,0.4815659445077917,0.7140620793759926,0.0,0.46826301786393004,0.04232722016232196,0.09969878397976834,0.40743473849275647,0.6809713286973302,0.3688311688311739,2024,1.0,0.0,0.014194081673371956,4.0
2024-11-08,0.21301380088250693,0.7562581215622471,0.34672989423062295,0.7374064005747322,0.3925801499490783,0.7998158249003833,0.0,0.4815659445077917,0.18397019949352522,1.0,0.46826301786393004,0.8226241392156076,0.04085477347025286,0.40743473849275647,1.912417117632938,0.3688311688311739,2024,0.0,0.0,0.01440614017722773,0.0
2024-11-11,0.019237521070281212,0.7090043038627936,0.4964692485297131,0.6335238747042957,0.2908897770981724,0.7295662676074207,0.0,0.4815659445077917,0.024946407337919238,1.0,0.46826301786393004,0.667900351157425,0.18470979289184927,0.40743473849275647,0.7094860649450278,0.3688311688311739,2024,0.0,0.0,0.015997576298335633,1.0
2024-11-12,0.25294661170183697,0.6269610919654445,0.4821788433783342,0.6816479289823902,0.34323229479448303,0.6352973440053653,0.0,0.4815659445077917,0.20404270450027467,1.0,0.46826301786393004,0.739834163367771,0.5028290882501353,0.40743473849275647,0.6205539790038137,0.3688311688311739,2024,0.0,0.0,0.015791667331079277,2.0
2024-11-13,0.053874181421772215,0.8588818957232639,0.46076871356706883,0.6262937558795565,0.26171044985030145,0.5996640889687269,0.0,0.4815659445077917,0.07420569299680467,1.0,0.46826301786393004,0.8415893803672169,0.20185254048207113,0.40743473849275647,0.8533180081809265,0.3688311688311739,2024,0.0,0.0,0.01642493729806143,3.0
2024-11-14,0.49342130153372804,0.31571095074620503,0.4321811469185107,0.6102963111096454,0.32446241932121933,0.4840859665553761,0.0,0.4815659445077917,0.5358453386481192,0.0,0.46826301786393004,0.3385987220069284,0.26379760214024583,0.40743473849275647,0.23536017438979723,0.3688311688311739,2024,0.0,0.0,0.016865079365079354,4.0
2024-11-15,0.5635931329704916,0.6577947227319082,0.38967654486205383,0.7148462055247929,0.44827975532144043,0.6897505601102689,1.0,0.4815659445077917,0.5362834025129305,0.0,0.46826301786393004,0.6873381215996067,1.2074273714843136,0.40743473849275647,0.0,0.3688311688311739,2024,0.0,0.0,0.016855889792765002,0.0
2024-11-18,0.7915318885233368,0.08612497656854567,0.28484688735918434,0.617183566615597,0.32645649017880163,0.6159095953790319,1.0,0.4815659445077917,0.8501563464949402,0.0,0.46826301786393004,0.08676715001573684,0.6235829487530011,0.40743473849275647,0.0324173085272225,0.3688311688311739,2024,0.0,0.0,0.017008352523534203,1.0
2024-11-19,0.797604039718062,0.3391845585370536,0.3333200783913187,0.5158924077541581,0.3373356297889972,0.6550043702957784,1.0,0.4815659445077917,0.8221623775276715,0.0,0.46826301786393004,0.2963638025903361,0.5149078939039012,0.40743473849275647,0.29511932645439387,0.3688311688311739,2024,0.0,0.0,0.01714756819216738,2.0
2024-11-20,0.7966005181624155,0.2191838217546591,0.31138594745154063,0.5134465413119026,0.3565228313389826,0.5547845944261711,1.0,0.4815659445077917,0.8347769533258825,0.0,0.46826301786393004,0.18553552433525541,0.5357248253926549,0.40743473849275647,0.030068531330949354,0.3688311688311739,2024,0.0,0.0,0.016439624794686608,3.0
2024-11-21,0.8223577940204959,0.36639045402501264,0.515646461416293,0.515646461416293,0.2853219945958465,0.5034487160563118,1.0,0.4815659445077917,0.8793125860817628,0.0,0.46826301786393004,0.25021054596277337,1.066607210688867,0.40743473849275647,0.03121438834662628,0.3688311688311739,2024,0.0,0.0,0.0162014503681576,4.0
2024-11-22,0.8813398680347428,0.06333824624619508,0.385218177216952,0.6650012102432139,0.33065617850268153,0.5472151532086268,1.0,0.4815659445077917,0.891298663505592,1.0,0.46826301786393004,0.08176376821579599,0.13123690388039627,0.40743473849275647,2.2027948891654723,0.3688311688311739,2024,1.0,0.0,0.01669650518443148,0.0
2024-11-25,0.00460244433119621,0.7091492919706271,0.3975803507579043,0.6995969931792415,0.38966717586848304,0.8100373246610009,0.0,0.4815659445077917,0.013730053093632585,1.0,0.46826301786393004,0.6285991442587843,0.3211933955010059,0.40743473849275647,0.39635382442993583,0.3688311688311739,2024,0.0,1.0,0.019459793287137157,1.0
2024-11-26,0.7105141953155817,0.28319225130188513,0.3082812121337984,0.7188221009703094,0.3825671724479554,0.6320500956164217,1.0,0.4815659445077917,0.772007165763752,0.0,0.46826301786393004,0.27232679838643353,0.5368163764130748,0.40743473849275647,0.12939199511152238,0.3688311688311739,2024,1.0,0.0,0.017757517918925235,2.0
2024-11-27,0.3004284457171689,0.678138527208911,0.36120819916368296,0.6122034253511218,0.35573689469776326,0.6891368113261849,0.0,0.4815659445077917,0.3698926762969418,1.0,0.46826301786393004,0.7109548873931937,0.3108145227746504,0.40743473849275647,0.338638530271934,0.3688311688311739,2024,0.0,1.0,0.01677096865629012,3.0
2024-11-28,0.58333360652519,0.5054737510636059,0.3840191953758591,0.7719970962607229,0.3453512057086621,0.6333462419481107,1.0,0.4815659445077917,0.6556161639384482,0.0,0.46826301786393004,0.47786323623545635,0.6566927348974225,0.40743473849275647,0.07593788960671796,0.3688311688311739,2024,1.0,0.0,0.016727081074112554,4.0
2024-11-29,0.3649122598334712,0.6143063011597486,0.3299751513479116,0.6250126538085798,0.35963290546224297,0.6790345242712891,0.0,0.4815659445077917,0.5396893606537189,1.0,0.46826301786393004,0.5110606329665263,0.0870140496874985,0.40743473849275647,0.6673514511046524,0.3688311688311739,2024,0.0,1.0,0.015486827070280259,0.0
2024-12-02,0.5774746032483303,0.49024568526329704,0.3926523779799948,0.6984102332406329,0.3121860575782024,0.5556517292949203,1.0,0.4815659445077917,0.5588806194756942,0.0,0.46826301786393004,0.48897381804683054,0.41368623100357943,0.40743473849275647,0.11587159032876788,0.3688311688311739,2024,1.0,0.0,0.0153716098247073,1.0
2024-12-03,0.5028384593359123,0.6690236533068157,0.4157671591552787,0.7038517366694091,0.26747934099696596,0.6420212597824497,1.0,0.4815659445077917,0.5850838968688413,1.0,0.46826301786393004,0.6168541134058205,0.34996134447593924,0.40743473849275647,0.28862791296984364,0.3688311688311739,2024,1.0,1.0,0.014678687883206016,2.0
2024-12-04,0.7007848362282574,0.4447761747659844,0.40173118033908134,0.7205427367190115,0.28820153809807336,0.6770143560142038,0.0,0.4815659445077917,0.76536251159266,1.0,0.46826301786393004,0.3501119807637657,0.15245009074409668,0.40743473849275647,0.7031426115197236,0.3688311688311739,2024,0.0,0.0,0.014110495599315306,3.0
2024-12-05,0.36404639912358233,0.653063329291692,0.4113370521047624,0.6417688659948769,0.32946872924083287,0.6036781067371028,0.0,0.4815659445077917,0.2552741751247958,1.0,0.46826301786393004,0.7260794893215227,0.3587524585557698,0.40743473849275647,0.4859417439355677,0.3688311688311739,2024,0.0,1.0,0.014488446695217467,4.0
2024-12-06,0.5406918225522709,0.40066620916733975,0.3485791181567183,0.6409609081749755,0.34676177867321606,0.6350375110083919,1.0,0.4815659445077917,0.5979144670800699,0.0,0.46826301786393004,0.38554299382364743,1.1888694298501619,0.40743473849275647,0.14384121424402177,0.3688311688311739,2024,0.0,0.0,0.013942456911052606,0.0
2024-12-09,0.40532911150893564,0.3019849190270077,0.32873120687834867,0.7215070054295132,0.335960011378229,0.8480637009001191,1.0,0.4815659445077917,0.58511926755488,0.0,0.46826301786393004,0.19623182268708467,0.9252360965372498,0.40743473849275647,0.06190975865687634,0.3688311688311739,2024,0.0,0.0,0.014329372582482236,1.0
2024-12-10,0.8442448936089507,0.15037628008638465,0.3557915025409284,0.7215555670840926,0.2895887456522758,0.5989369244706062,1.0,0.4815659445077917,0.8796643433579588,0.0,0.46826301786393004,0.10340072097410707,0.7128938756428236,0.40743473849275647,0.4924544179523123,0.3688311688311739,2024,0.0,0.0,0.014178806482558292,2.0
2024-12-11,0.8176883600725885,0.10013425794005307,0.3994436997093044,0.8172198452086747,0.3075255545354939,0.5233193121135541,1.0,0.4815659445077917,0.8152396024953207,0.0,0.46826301786393004,0.10098931590320687,0.20390549142303185,0.40743473849275647,1.0771748120976707,0.3688311688311739,2024,1.0,0.0,0.014615639738435417,3.0
2024-12-12,0.06109966386569613,0.7981887610468291,0.44311575651090895,0.7337545675552932,0.35925712199451326,0.6830353262542541,0.0,0.4815659445077917,0.07170606721726554,1.0,0.46826301786393004,0.7617663611943833,0.2974890537038654,0.40743473849275647,0.8696988651594956,0.3688311688311739,2024,0.0,0.0,0.014909095947379753,4.0
2024-12-13,0.03928569757921086,0.8780514757379344,0.4624480911667733,0.5575025762141375,0.3224757491919544,0.7080736519455759,0.0,0.4815659445077917,0.054725063623886926,1.0,0.46826301786393004,0.7950395448401503,0.4521363763539791,0.40743473849275647,0.13150005995442937,0.3688311688311739,2024,0.0,1.0,0.013496600900025156,0.0
2024-12-16,0.4900445193893651,0.6845847076278626,0.3645840496278727,0.6860696235548717,0.43348394449812305,0.865960674460507,0.0,0.4815659445077917,0.5598688373716747,1.0,0.46826301786393004,0.6089038151806334,0.17392381030995846,0.40743473849275647,0.5636633785959033,0.3688311688311739,2024,0.0,1.0,0.013048800651012856,1.0
2024-12-17,0.5218904888236405,0.5116356635515552,0.3829598272859495,0.8279299352326109,0.32559135602099404,0.6712917828598542,0.0,0.4815659445077917,0.548328853662842,1.0,0.46826301786393004,0.5133556967366754,0.1560881910806656,0.40743473849275647,1.8335977952229818,0.3688311688311739,2024,0.0,0.0,0.01292782808385491,2.0
2024-12-18,0.00536718218928167,0.9671040554867264,0.5066544063169026,0.7584632465406417,0.34843611020807064,0.9514375231430213,0.0,0.4815659445077917,0.016330991614352183,1.0,0.46826301786393004,0.7318897946346216,1.1028322271955526,0.40743473849275647,0.09372588362401062,0.3688311688311739,2024,0.0,1.0,0.014318864922206511,3.0
2024-12-19,0.18539739589193122,0.5964674817669262,0.41917797966972875,0.626578606311094,0.4491289271486171,0.6356656344356171,1.0,0.4815659445077917,0.226791504444236,0.0,0.46826301786393004,0.5825193140473139,0.9894776541580247,0.40743473849275647,0.1240807090326183,0.3688311688311739,2024,1.0,0.0,0.014600746804933687,4.0
2024-12-20,0.5862926490394472,0.2070555666144735,0.2691865799061471,0.6312699144712096,0.38421776734333984,0.6039249237804767,1.0,0.4815659445077917,0.7440627252875154,0.0,0.46826301786393004,0.17050519317606785,0.27869185456023304,0.40743473849275647,0.3702103299909445,0.3688311688311739,2024,1.0,0.0,0.014749951108595555,0.0
2024-12-23,0.2902026324988844,0.7607017151203209,0.39313883379341047,0.6994433612816624,0.3204699868184003,0.7078785140999253,0.0,0.4815659445077917,0.2836021244867723,0.0,0.46826301786393004,0.8014889565316065,0.2152068238099637,0.40743473849275647,0.07601577547464106,0.3688311688311739,2024,0.0,0.0,0.014902251725725284,1.0
2024-12-24,0.7878191772627261,0.6052215347477402,0.3728914273716347,0.9100997783357598,0.34121829999801323,0.8358020692228746,1.0,0.4815659445077917,0.8298116085091493,0.0,0.46826301786393004,0.49349878253734875,0.5663613623968013,0.40743473849275647,0.0,0.3688311688311739,2024,0.0,0.0,0.014509644898333418,2.0
2024-12-26,0.8470420790059536,0.43713157916260836,0.4012551121704713,0.7421071525478039,0.4198904700709464,0.7463778639668517,0.0,0.4815659445077917,0.8321638828986775,1.0,0.46826301786393004,0.3901174121573112,0.11952496978300838,0.40743473849275647,0.5965504671642087,0.3688311688311739,2024,0.0,0.0,0.014135955548612737,4.0
2024-12-27,0.49344775927791634,0.5296454453612022,0.4074067532226676,0.7533636419824834,0.2580266026370515,0.5535254536246355,0.0,0.4815659445077917,0.40490232222680594,1.0,0.46826301786393004,0.6566655317225327,0.17456562209121496,0.40743473849275647,0.6950046540490203,0.3688311688311739,2024,0.0,0.0,0.014050146555496277,0.0
2024-12-30,0.2992557833516029,0.5941748479891159,0.3813580088704172,0.6635598115442521,0.24877195478592848,0.5908746124404611,0.0,0.4815659445077917,0.2655063974092047,0.0,0.46826301786393004,0.6822359845252042,0.6135648268810563,0.40743473849275647,0.08644920708113439,0.3688311688311739,2024,0.0,0.0,0.01367336130196693,1.0
2024-12-31,0.7942383194392141,0.2799671539856072,0.3567986049027273,0.6934327644097236,0.2632610605722303,0.6825218859666702,1.0,0.4815659445077917,0.8536367081590757,0.0,0.46826301786393004,0.21825247861694425,1.069656449290267,0.40743473849275647,0.0,0.3688311688311739,2024,0.0,0.0,0.013235580813553915,2.0
2025-01-02,0.8760681541344548,0.19953888469743247,0.41287005148758066,0.7065884709974134,0.31857390688779336,0.7618145008512733,1.0,0.48719723183391006,0.8901619956148507,0.0,0.4626297577854671,0.1333870271572392,0.2124056999161716,0.4109484300793789,0.6254819782062085,0.3648734017810251,2025,1.0,0.0,0.01282401326043817,4.0
2025-01-03,0.1946260404368685,0.758197861801308,0.3289926532266736,0.6501262690041438,0.3777072967650337,0.7387020236145837,0.0,0.48719723183391006,0.1574887874246912,1.0,0.4626297577854671,0.8064663388827472,0.2813111438432926,0.4109484300793789,0.7863785257326343,0.3648734017810251,2025,0.0,0.0,0.01230601662950357,0.0
2025-01-06,0.5145619831360462,0.26018737044801515,0.3617124367248654,0.7313948175952494,0.3355666354721367,0.6327496618999751,1.0,0.48719723183391006,0.5010847504065243,0.0,0.4626297577854671,0.3276281880988802,0.8954866677203033,0.4109484300793789,0.09482739156939346,0.3648734017810251,2025,1.0,0.0,0.012002135350896668,1.0
2025-01-07,0.4306162486537536,0.44672462556722214,0.41017170733448366,0.7774015848212303,0.34991412473129146,0.7596261058204845,1.0,0.48719723183391006,0.5173973403692712,0.0,0.4626297577854671,0.42247797964553924,0.6605055361948007,0.4109484300793789,0.10498919228903206,0.3648734017810251,2025,1.0,0.0,0.012226806203314792,2.0
2025-01-08,0.7282915347245551,0.3676684193644034,0.43132140366929284,0.857515188633059,0.3780726045828589,0.7710772168992682,1.0,0.48719723183391006,0.7248029716277969,0.0,0.4626297577854671,0.3429612342861066,0.518381053375745,0.4109484300793789,0.18805231530577401,0.3648734017810251,2025,0.0,0.0,0.012147685192888487,3.0
2025-01-09,0.7870550185604123,0.39232849151418775,0.42305400589547243,0.7605886681987356,0.41395939571305385,0.8578720731685368,1.0,0.48719723183391006,0.7005294630031389,0.0,0.4626297577854671,0.35306807739697965,0.9539284750006068,0.4109484300793789,0.2247367516752157,0.3648734017810251,2025,0.0,0.0,0.01089820513053716,4.0
2025-01-10,0.6321393095780579,0.2507726684168464,0.3188721434124641,0.6267422229563236,0.3795725111638843,0.7514391248054384,0.0,0.48719723183391006,0.6731263807121238,1.0,0.4626297577854671,0.17602288607391633,0.13985556478195638,0.4109484300793789,1.1399813794318272,0.3648734017810251,2025,0.0,0.0,0.010556068205253235,0.0
2025-01-13,0.13601263642763436,0.6726113813204792,0.4089846723855855,0.639652713621553,0.3902863877791916,0.7461750315775971,0.0,0.48719723183391006,0.0856493997703291,0.0,0.4626297577854671,0.7067339782945058,0.5438247011952212,0.4109484300793789,0.1126264174072973,0.3648734017810251,2025,0.0,0.0,0.01050281319605679,1.0
2025-01-14,0.8963628030032743,0.2782624667458281,0.39829124815711325,0.8579032753485429,0.4121790309493684,0.7931323133809752,1.0,0.48719723183391006,0.9046749627777467,0.0,0.4626297577854671,0.1659842538397686,0.7377994906709544,0.4109484300793789,0.28413284132841155,0.3648734017810251,2025,0.0,0.0,0.010267391892490403,2.0
2025-01-15,0.8835375872624277,0.11511088072299396,0.4963148882880775,0.9251364569436611,0.33106897506245464,0.7847523197094615,1.0,0.48719723183391006,0.8755716333955456,0.0,0.4626297577854671,0.10656069832758384,0.9772144333491135,0.4109484300793789,0.23358318599496383,0.3648734017810251,2025,0.0,0.0,0.010636860747369439,3.0
2025-01-16,0.6815947874668242,0.27175246723289737,0.402301826665978,0.8224944167568046,0.33869519180960483,0.7661294610103611,0.0,0.48719723183391006,0.650914604487105,0.0,0.4626297577854671,0.2038632068714382,0.09585573422696335,0.4109484300793789,0.5245063767207503,0.3648734017810251,2025,0.0,0.0,0.010914664631739575,4.0
2025-01-17,0.4258052194269256,0.8175169056710814,0.37082396910185395,0.718200045225163,0.4016456234012783,0.8349564038048792,0.0,0.48719723183391006,0.2630778225454056,1.0,0.4626297577854671,0.8155387311892145,0.39536542766475735,0.4109484300793789,0.44530269858059585,0.3648734017810251,2025,0.0,1.0,0.01074531816989924,0.0
2025-01-20,0.7584250521921563,0.2936385027521104,0.3929510745191542,0.7349065161946283,0.3901926181868131,0.7861090520881742,1.0,0.48719723183391006,0.7617321523150206,0.0,0.4626297577854671,0.24464535190349285,1.3263305673243255,0.4109484300793789,0.19128080423175295,0.3648734017810251,2025,0.0,0.0,0.010520732613717212,1.0
2025-01-21,0.8756979654361117,0.04075955986394149,0.4686769236226617,0.9189037019447905,0.31740006103234486,0.5448085657522276,1.0,0.48719723183391006,0.8181888150330658,0.0,0.4626297577854671,0.05526182149182094,0.6194779357127467,0.4109484300793789,0.10570723171696665,0.3648734017810251,2025,0.0,0.0,0.010856237281607957,2.0
2025-01-22,0.768723806076293,0.4166132111569932,0.5038486347250171,0.8493003201849506,0.4181732963785993,0.7560391392944037,0.0,0.48719723183391006,0.7373946394039853,1.0,0.4626297577854671,0.3368407894721063,0.0944579993028943,0.4109484300793789,0.7120948065528003,0.3648734017810251,2025,0.0,1.0,0.010409183592020954,3.0
2025-01-23,0.8276533251728738,0.2595486906885074,0.4253120576140834,0.8149631609345095,0.43384050048538414,0.8089036870776125,1.0,0.48719723183391006,0.7761833486579844,0.0,0.4626297577854671,0.23838402787268065,1.1048354532606501,0.4109484300793789,0.0473450434080407,0.3648734017810251,2025,0.0,0.0,0.010274574680216045,4.0
2025-01-24,0.4390623682894204,0.4294911925434972,0.47295676495691014,0.8121091205927246,0.5100017825795838,0.8861777392990112,0.0,0.48719723183391006,0.5024601405895289,1.0,0.4626297577854671,0.32559081147925684,0.05505378526487354,0.4109484300793789,1.4406332453825845,0.3648734017810251,2025,0.0,0.0,0.010160517408934013,0.0
2025-01-27,0.1512682757607068,0.5194919028030236,0.4019340662624441,0.7149710883534068,0.30669815135734646,0.7274811547814792,0.0,0.48719723183391006,0.08391317291005086,0.0,0.4626297577854671,0.6110615689557234,0.8383958117251937,0.4109484300793789,0.20467229713044155,0.3648734017810251,2025,0.0,0.0,0.01055341994500984,1.0
2025-01-28,0.8772271436389683,0.14787368916776714,0.4264043237340056,0.8635961826474436,0.39968616949400076,0.8040944599779464,1.0,0.48719723183391006,0.8607562509743008,0.0,0.4626297577854671,0.10776120416686151,0.09860596607525395,0.4109484300793789,0.6380386040163866,0.3648734017810251,2025,1.0,0.0,0.010606135801550084,2.0
2025-01-29,0.7545682549433482,0.4257987880675965,0.4981087901751969,0.8723455006491516,0.43926749559368977,0.913734520167537,1.0,0.48719723183391006,0.7123232136910035,0.0,0.4626297577854671,0.34682350210360363,1.3230987361576203,0.4109484300793789,0.07426601804092456,0.3648734017810251,2025,0.0,0.0,0.010587503293470055,3.0
2025-01-30,0.8519380627467976,0.08067334150112826,0.5427023256154887,0.9263834267959907,0.34180547906168024,0.6944372727941863,1.0,0.48719723183391006,0.7911364638313008,0.0,0.4626297577854671,0.07737581158453323,0.7609720885466837,0.4109484300793789,0.12261790182867703,0.3648734017810251,2025,0.0,0.0,0.010622603140978005,4.0
2025-01-31,0.3364831317525424,0.7414172837218876,0.5070685191190466,0.8772207933976303,0.5064024828097587,0.7688207689284613,1.0,0.48719723183391006,0.3224439670197926,1.0,0.4626297577854671,0.6443592277325374,1.1075709001233007,0.4109484300793789,0.9163008631319336,0.3648734017810251,2025,1.0,1.0,0.010349451593917647,0.0
2025-02-03,0.39530086620029975,0.0792114360549215,0.5538926791636732,0.9185832699169381,0.48749509440585836,0.993825954586493,1.0,0.48719723183391006,0.39331997156043425,0.0,0.4626297577854671,0.10328909651853499,0.9729899497487439,0.4109484300793789,0.2258165829145745,0.3648734017810251,2025,0.0,0.0,0.011313326558602609,1.0
2025-02-04,0.8120421788793347,0.12767069950630955,0.5025609344218056,0.9498010668343213,0.31569235240255467,0.7862186156087209,1.0,0.48719723183391006,0.8193144471160594,0.0,0.4626297577854671,0.10165455014348918,1.2392506142506097,0.4109484300793789,0.07125307125307619,0.3648734017810251,2025,0.0,0.0,0.011456680307247351,2.0
2025-02-05,0.5470816807052655,0.29596714778182037,0.6807788929020324,1.1256971908702014,0.3637410921294004,0.7830608955244576,0.0,0.48719723183391006,0.5760558898487447,1.0,0.4626297577854671,0.2094557286096464,0.1762904825563749,0.4109484300793789,1.0043123894950172,0.3648734017810251,2025,0.0,1.0,0.0115530246415369,3.0
2025-02-06,0.5602561212423472,0.2943628051372526,0.47316084054989216,0.8356977316972283,0.525809868831958,0.9051227056946967,1.0,0.48719723183391006,0.41158830581873296,0.0,0.4626297577854671,0.37765551591874535,0.8919939732926014,0.4109484300793789,0.10171100699675904,0.3648734017810251,2025,1.0,0.0,0.012118148635216994,4.0
2025-02-07,0.19193860108940766,0.6643773681169763,0.3970739407288238,0.7779930603406658,0.4266828233715959,0.9835367500596844,1.0,0.48719723183391006,0.26922577490382393,0.0,0.4626297577854671,0.6598873685977678,1.4402313494711685,0.4109484300793789,0.20356326720459608,0.3648734017810251,2025,0.0,0.0,0.012345454009819646,0.0
2025-02-10,0.7995947645559468,0.04580296503313398,0.8310128945912804,1.3094551982424807,0.36923521246267965,0.6893898708839665,1.0,0.48719723183391006,0.7587717339777263,0.0,0.4626297577854671,0.05384078619173862,0.9508158096247906,0.4109484300793789,0.7232137597926593,0.3648734017810251,2025,1.0,0.0,0.012510242821182446,1.0
2025-02-11,0.05443127697812677,0.6238594928690477,0.4198341736946564,0.9129257542863016,0.5080895614272469,0.8668162710875276,0.0,0.48719723183391006,0.10856717633133324,1.0,0.4626297577854671,0.5205976450427681,0.3006197593875255,0.4109484300793789,0.857965730951522,0.3648734017810251,2025,0.0,1.0,0.013524720704409656,2.0
2025-02-12,0.7741324952980594,0.12762625381162615,0.3977686108531119,0.9421762286735323,0.5349693678538113,0.9024220724802288,1.0,0.48719723183391006,0.7659362372249369,0.0,0.4626297577854671,0.1353884872701259,0.6204673650282074,0.4109484300793789,0.09196650667414075,0.3648734017810251,2025,0.0,0.0,0.014039918563258338,3.0
2025-02-13,0.8857943689222054,0.19943760471208893,0.5538548301712309,1.018800767997456,0.49551019690924286,0.7869513951534332,1.0,0.48719723183391006,0.9045259467675114,1.0,0.4626297577854671,0.15083773638160874,0.2894764674775255,0.4109484300793789,1.2652564780539388,0.3648734017810251,2025,1.0,0.0,0.013838293213747847,4.0
2025-02-14,0.021349836774112094,0.7996256681724501,0.34597615564484413,0.6584331795913627,0.30664717928203106,0.7660274600260878,0.0,0.48719723183391006,0.044078138741247296,0.0,0.4626297577854671,0.7304443616726142,0.5707679491320836,0.4109484300793789,0.1025858991142305,0.3648734017810251,2025,0.0,0.0,0.014575848483932346,0.0
2025-02-17,0.665758788703763,0.4819849847701897,0.3781115954552342,0.8454704399794758,0.35766517618498034,0.7963959635358943,1.0,0.48719723183391006,0.7784293279626535,0.0,0.4626297577854671,0.3334733483535705,0.9322031007487499,0.4109484300793789,0.14064232232095347,0.3648734017810251,2025,0.0,0.0,0.01445154808613301,1.0
2025-02-18,0.8429470172091622,0.09014118626618679,0.4747137675755338,0.9253459296637347,0.44202797799690463,0.8288631725553425,1.0,0.48719723183391006,0.8723259584201445,0.0,0.4626297577854671,0.09984040917368009,0.26890839005987144,0.4109484300793789,0.3837283687361612,0.3648734017810251,2025,1.0,0.0,0.014835780695696263,2.0
2025-02-19,0.6293701021369803,0.5284388036360141,0.4462968061374711,1.0239828141263096,0.43577996172224986,0.7962386018356368,1.0,0.48719723183391006,0.5911367163541853,0.0,0.4626297577854671,0.5271901896817297,0.5079699953117693,0.4109484300793789,0.2135489920299971,0.3648734017810251,2025,1.0,0.0,0.014543942069699093,3.0
2025-02-20,0.5021672732535605,0.5760262982299477,0.4048050682678734,0.9515034717840973,0.40751966544120505,0.7312383506263352,0.0,0.48719723183391006,0.5737885195426045,1.0,0.4626297577854671,0.5216978243399183,0.24357333953704335,0.4109484300793789,0.5220425729905798,0.3648734017810251,2025,0.0,1.0,0.014624678059750738,4.0
2025-02-21,0.5362438749713855,0.5005392092634905,0.37290756325520935,0.8804749158057908,0.395525892326362,0.9867739110279842,1.0,0.48719723183391006,0.5914433398607855,0.0,0.4626297577854671,0.43482379700338053,0.4964935425635293,0.4109484300793789,0.3565129843077371,0.3648734017810251,2025,0.0,0.0,0.01401627900979007,0.0
2025-02-24,0.7996781805207059,0.2048263509501085,0.4631948821887981,1.0047100856636404,0.4288647794251782,0.8021136685745082,0.0,0.48719723183391006,0.847841714427532,1.0,0.4626297577854671,0.16392292014063675,0.026875621716896295,0.4109484300793789,1.5714908989371974,0.3648734017810251,2025,0.0,0.0,0.01386249228262151,1.0
2025-02-25,0.18451124034710578,0.3824107577265302,0.3379415241191784,0.7047768256335064,0.32426353154167337,0.7108187054794662,0.0,0.48719723183391006,0.13750034658271054,0.0,0.4626297577854671,0.43128878856378744,0.36001074258090937,0.4109484300793789,0.5644554854303749,0.3648734017810251,2025,0.0,0.0,0.014599234162639215,2.0
2025-02-26,0.6081508582280865,0.41634204915912587,0.3653471547125216,0.8424035681586879,0.3677208590786973,0.7738756058909468,0.0,0.48719723183391006,0.6203454395284791,1.0,0.4626297577854671,0.33378662111284185,0.1059413748552773,0.4109484300793789,1.1397506669574993,0.3648734017810251,2025,0.0,0.0,0.01459785897741751,3.0
2025-02-27,0.12396731688031544,0.7390051274158623,0.48645047731724633,0.7172730413058953,0.35199758304136325,0.6443406478954969,0.0,0.48719723183391006,0.10108231353103779,1.0,0.4626297577854671,0.7223910722416133,0.1810845549354856,0.4109484300793789,1.0111123765517545,0.3648734017810251,2025,0.0,0.0,0.015259535999674258,4.0
2025-02-28,0.3347746281298517,0.41609213839365233,0.3793831643046032,0.708860488798902,0.37500897194244914,0.5924539004328053,1.0,0.48719723183391006,0.30915900972540256,0.0,0.4626297577854671,0.4294491296703854,0.8569082458819856,0.4109484300793789,0.06529700612570338,0.3648734017810251,2025,0.0,0.0,0.015218930048557809,0.0
2025-03-03,0.8333504360413344,0.14295173222868293,0.34003451694074394,0.688743292786668,0.3591764672367739,0.7733594663541621,1.0,0.48719723183391006,0.8823383991222256,0.0,0.4626297577854671,0.1105933928566433,0.8198326872066939,0.4109484300793789,0.27589607563082713,0.3648734017810251,2025,0.0,0.0,0.014518957692292497,1.0
2025-03-04,0.7266967301769045,0.15009980811685766,0.37566131267733305,0.6687100474218797,0.39080907906609275,0.8093695895285861,1.0,0.48719723183391006,0.7322779766673285,0.0,0.4626297577854671,0.17745205384413523,0.28891719745223143,0.4109484300793789,0.5569087048832181,0.3648734017810251,2025,1.0,0.0,0.01441316213638438,2.0
2025-03-05,0.6590054963350661,0.31324249242028457,0.3846313993135446,0.7174864826517607,0.40741424440271745,0.8330063088365899,0.0,0.48719723183391006,0.6907878597390463,1.0,0.4626297577854671,0.3182342120332352,0.17803685722445675,0.4109484300793789,0.6528802056209737,0.3648734017810251,2025,0.0,1.0,0.014566537413637578,3.0
2025-03-06,0.5927550215582027,0.4158958564834562,0.3913971691571432,0.8138996341839698,0.3509890732218937,0.9134805759868541,1.0,0.48719723183391006,0.5334714427951107,0.0,0.4626297577854671,0.4377038734893141,0.47628611698380174,0.4109484300793789,0.36405919661733066,0.3648734017810251,2025,1.0,0.0,0.013927515086914453,4.0
2025-03-07,0.3489808945949005,0.5892679152991626,0.3370843526896184,0.7269587242745134,0.40920675061088035,0.9237037538324742,0.0,0.48719723183391006,0.460466548081786,1.0,0.4626297577854671,0.5472247534210153,0.17457881335240388,0.4109484300793789,0.7542293069168874,0.3648734017810251,2025,0.0,0.0,0.014068665530469012,0.0
2025-03-10,0.2418088861305375,0.6742961619575318,0.35318163932262836,0.58207716466275,0.44416286095901314,0.6433599683258522,1.0,0.48719723183391006,0.20458429920646187,1.0,0.4626297577854671,0.7210238879471345,0.8153012409751217,0.4109484300793789,0.23354339882433475,0.3648734017810251,2025,1.0,1.0,0.014004967215684264,1.0
2025-03-11,0.7064308957242874,0.16465994804832526,0.3783292944979321,0.6922106336804726,0.3630965126179095,0.8332977770839435,1.0,0.48719723183391006,0.8001334065082362,0.0,0.4626297577854671,0.15419665525568668,0.5995417822259771,0.4109484300793789,0.23152055950801673,0.3648734017810251,2025,0.0,0.0,0.014221528647128421,2.0
2025-03-12,0.7561243932880594,0.2626450758530363,0.36202600885457187,0.7513904990653124,0.3478405095248488,0.8602350763846923,1.0,0.48719723183391006,0.797097216186646,0.0,0.4626297577854671,0.23185167509092905,1.341789486297272,0.4109484300793789,0.019890788955646246,0.3648734017810251,2025,0.0,0.0,0.014226246485993655,3.0
2025-03-13,0.920907705708741,0.031417162388607686,0.5323988258442653,1.2584956240991665,0.3996667554124386,0.6568191930389988,1.0,0.48719723183391006,0.8585469104641059,0.0,0.4626297577854671,0.06089511605996216,0.37710902812036673,0.4109484300793789,0.23160664364414654,0.3648734017810251,2025,1.0,0.0,0.01453414029161973,4.0
2025-03-14,0.3855691105508553,0.6574494955981985,0.4704180221907197,0.7826209406256404,0.46463581590189657,0.8875479280570233,0.0,0.48719723183391006,0.38819601411070737,0.0,0.4626297577854671,0.7399111199124617,0.3748498598692152,0.4109484300793789,0.08337781929801523,0.3648734017810251,2025,0.0,0.0,0.014340306202761376,0.0
2025-03-17,0.8808228447988732,0.34832248624829315,0.5899783381636241,1.0686152593078404,0.41967522011921654,0.6093031302180882,1.0,0.48719723183391006,0.9217532374960663,0.0,0.4626297577854671,0.1990473034453731,0.9459937865761094,0.4109484300793789,0.03565493822700299,0.3648734017810251,2025,0.0,0.0,0.013178346608320533,1.0
2025-03-18,0.8454591055472356,0.15712827444409572,0.6480955804547365,1.0944082903282992,0.3315173684397613,0.7412193355996364,1.0,0.48719723183391006,0.845850396278367,0.0,0.4626297577854671,0.13520075975682674,0.4581284350592974,0.4109484300793789,0.28474833670812827,0.3648734017810251,2025,0.0,0.0,0.013022929038315841,2.0
2025-03-19,0.9021581583809936,0.22952962796854484,0.6091825426553125,1.1048765505743257,0.444069650079658,0.9798211046050875,1.0,0.48719723183391006,0.8320359909273563,0.0,0.4626297577854671,0.21311615718482893,0.27368540344514697,0.4109484300793789,0.5669386521607745,0.3648734017810251,2025,1.0,0.0,0.012410904455445322,3.0
2025-03-20,0.63536266708303,0.4290606699491448,0.5019125071340664,1.0484582118912877,0.4709410483302217,0.9975768851578197,0.0,0.48719723183391006,0.572804168323103,1.0,0.4626297577854671,0.4042523796174201,0.08610898229478893,0.4109484300793789,1.2368881290652207,0.3648734017810251,2025,0.0,0.0,0.011940034462305451,4.0
2025-03-21,0.40673978076558565,0.3174707572885157,0.3655506399082052,0.8395237216716087,0.3569192003223448,0.7011236757534476,0.0,0.48719723183391006,0.27107932151908226,0.0,0.4626297577854671,0.4008762131756006,0.2760075067231498,0.4109484300793789,0.5579739586356437,0.3648734017810251,2025,0.0,0.0,0.012212595132163115,0.0
2025-03-24,0.41481045424020413,0.6944195798994899,0.4406325462273429,0.8146120949137574,0.38181492587348864,0.808375255122136,1.0,0.48719723183391006,0.30323675747583756,0.0,0.4626297577854671,0.6693629668918551,0.6689791280425761,0.4109484300793789,0.12559057472639207,0.3648734017810251,2025,1.0,0.0,0.011895868993905856,1.0
2025-03-25,0.4478848794461879,0.614817269715904,0.40491849507070515,0.8944471880888708,0.394554498046623,0.8127950660824866,0.0,0.48719723183391006,0.49709997654863397,0.0,0.4626297577854671,0.5413205263634578,0.3433967605605355,0.4109484300793789,0.21656926778960822,0.3648734017810251,2025,0.0,0.0,0.011696817948949617,2.0
2025-03-26,0.5962701791131448,0.7309874837522371,0.4743245820072808,1.0343802057337956,0.5390135463821613,0.8665993085372816,1.0,0.48719723183391006,0.4626634109112712,0.0,0.4626297577854671,0.7027624298796394,1.1913649839241798,0.4109484300793789,0.040335713390945716,0.3648734017810251,2025,0.0,0.0,0.011332700820767854,3.0
2025-03-27,0.8765011167559934,0.07996627150198002,0.5149655366822972,0.9015373511929526,0.3750600457794269,0.6563000078225614,1.0,0.48719723183391006,0.8373619279869863,0.0,0.4626297577854671,0.08667752545783278,0.8629093522225653,0.4109484300793789,0.07444820860281715,0.3648734017810251,2025,0.0,0.0,0.011381098193605535,4.0
2025-03-28,0.881775538203579,0.20907662371748303,0.5797487885495236,1.0257657477132882,0.3958555351924876,0.7539958902807229,1.0,0.48719723183391006,0.8792996571872467,0.0,0.4626297577854671,0.11480553144775282,1.2409368381711765,0.4109484300793789,0.24097836468585138,0.3648734017810251,2025,0.0,0.0,0.011150867096722784,0.0
2025-03-31,0.8294487724255392,0.08043636829373346,0.7255405990946312,1.3762382082252942,0.37066833055236104,0.9934964902698028,1.0,0.48719723183391006,0.7737861634440728,0.0,0.4626297577854671,0.06835050856763955,0.7183368695935926,0.4109484300793789,0.6563571078831415,0.3648734017810251,2025,1.0,0.0,0.011208104518730161,1.0
2025-04-01,0.15690203056204052,0.6447658074938972,0.43819978426503553,0.9519594386888311,0.45851672435829266,0.9586661784518534,0.0,0.48719723183391006,0.15431434284069775,0.0,0.4626297577854671,0.5676777931914059,0.8022150328483799,0.4109484300793789,0.25675326995216086,0.3648734017810251,2025,0.0,0.0,0.01155679420130285,2.0
2025-04-02,0.6891538680948188,0.42991694043736056,0.596995469358617,1.353833627672143,0.4847326009984965,1.102051599771438,1.0,0.48719723183391006,0.6763378900864551,1.0,0.4626297577854671,0.21478594500590872,1.0282404353562067,0.4109484300793789,2.2538753298153074,0.3648734017810251,2025,1.0,1.0,0.011063144667857053,3.0
2025-04-03,0.04680990997905158,0.07501018312034173,0.5640308628931532,1.022106273134556,0.638918227181297,1.0564000304186782,0.0,0.48719723183391006,0.04272803343046014,1.0,0.4626297577854671,0.0916090720485288,0.5490819517478812,0.4109484300793789,2.4115581488793043,0.3648734017810251,2025,0.0,0.0,0.013129031074249715,4.0
2025-04-04,0.005104985649084779,0.528898572967744,0.47322655782788436,0.7286387113197832,0.5795552571740094,0.84983445819439,0.0,0.48719723183391006,0.010569879013659227,1.0,0.4626297577854671,0.39477040661933316,0.3542383948711907,0.4109484300793789,1.7096936958328421,0.3648734017810251,2025,0.0,0.0,0.01584057494723644,0.0
2025-04-07,0.03998810611997305,0.373484017720265,0.5748563096153717,0.7651918165321259,0.490860595595236,0.6056927653871402,0.0,0.48719723183391006,0.04534344317604636,0.0,0.4626297577854671,0.47574041092367,0.7757230785990546,0.4109484300793789,0.13821558908437304,0.3648734017810251,2025,0.0,0.0,0.017590598673447116,1.0
2025-04-08,0.210487109728103,0.7291373044323981,0.45147281725792676,0.7939624065371325,0.28468322701199006,0.5785545150415815,1.0,0.48719723183391006,0.21200535176547136,1.0,0.4626297577854671,0.7615536115717985,2.1875290523939137,0.4109484300793789,0.22386612656882893,0.3648734017810251,2025,0.0,1.0,0.01803529211688026,2.0
2025-04-09,0.6271558684540621,0.008299588913813674,0.27577029084637117,0.597301412895797,0.46280622473629923,1.007333588210853,1.0,0.48719723183391006,0.5644955306153222,0.0,0.4626297577854671,0.03329519439012868,1.5381324557795175,0.4109484300793789,0.19481694775811947,0.3648734017810251,2025,0.0,0.0,0.019713517423473246,3.0
2025-04-10,0.8848470825876188,0.011928416964900646,0.4203692422333,0.7817413190592168,0.45746857726038337,0.703734558060004,1.0,0.48719723183391006,0.8004026827163904,0.0,0.4626297577854671,0.04112806451557995,1.0782750418465359,0.4109484300793789,0.0,0.3648734017810251,2025,0.0,0.0,0.020426865890544106,4.0
2025-04-11,0.7608798402661024,0.1381834459824466,0.49686733278334017,0.7273462755249243,0.34481969737126583,0.6461399236132148,1.0,0.48719723183391006,0.844162047124618,0.0,0.4626297577854671,0.12358623696947296,0.1172049027163458,0.4109484300793789,0.6510562376613885,0.3648734017810251,2025,1.0,0.0,0.020897330115293454,0.0
2025-04-14,0.27692187348924857,0.6625059141172571,0.4872004297910042,0.7588290641083208,0.41630175280163106,0.756506640344173,0.0,0.48719723183391006,0.3414894408401424,0.0,0.4626297577854671,0.6922720346314553,0.3338690071491869,0.4109484300793789,0.00692255392793154,0.3648734017810251,2025,0.0,0.0,0.021597638796989647,1.0
2025-04-15,0.8298247310101342,0.44952237917328297,0.5013741638097355,0.8672457285465652,0.3597450888428643,0.6766962686111158,1.0,0.48719723183391006,0.8983158074922875,0.0,0.4626297577854671,0.32953329822891564,1.6341641100360196,0.4109484300793789,0.0,0.3648734017810251,2025,0.0,0.0,0.02155652729762069,2.0
2025-04-16,0.8897995155953421,0.013848900331911256,0.6359720681983121,1.3666142034840705,0.44673706518126743,0.7967790035083978,1.0,0.48719723183391006,0.8373662250472744,0.0,0.4626297577854671,0.04386711030000361,0.19416751894935352,0.4109484300793789,0.7904531594995233,0.3648734017810251,2025,1.0,0.0,0.02235402610067206,3.0
2025-04-17,0.4919707217577812,0.3040208360371496,0.43836385764500024,0.6872772631643186,0.4186858711859202,0.8622062214958518,1.0,0.48719723183391006,0.5158865418460146,0.0,0.4626297577854671,0.40335357090126756,1.3424639894037793,0.4109484300793789,0.0,0.3648734017810251,2025,0.0,0.0,0.02334618485141442,4.0
2025-04-21,0.8012147689529524,0.0640831995262873,0.811154411667776,1.2640947061730854,0.4426527721971853,0.9371234896660615,1.0,0.48719723183391006,0.8398770082937089,0.0,0.4626297577854671,0.077547957136694,0.92940505940637,0.4109484300793789,0.7061072383708187,0.3648734017810251,2025,1.0,0.0,0.02378915108744444,1.0
2025-04-22,0.014872703799081491,0.7778611291726226,0.4910888079456311,0.8845961689574897,0.4208077060650763,0.7464934478444567,0.0,0.48719723183391006,0.06109517673233903,1.0,0.4626297577854671,0.6756653815489887,0.06282893394802337,0.4109484300793789,1.3807514993268324,0.3648734017810251,2025,0.0,0.0,0.025891613318668696,2.0
2025-04-23,0.04934351796419614,0.6500449593293958,0.5584785394409195,0.6432449888380883,0.29436825046912507,0.7226271663399534,0.0,0.48719723183391006,0.09310788366665647,0.0,0.4626297577854671,0.6566692615532108,0.8419330040112323,0.4109484300793789,0.003942731445189822,0.3648734017810251,2025,0.0,0.0,0.028538801874709998,3.0
2025-04-24,0.7399683586890246,0.23009214701330552,0.35458630158548166,0.7131958157305189,0.3671357366391265,0.7945411186189844,1.0,0.48719723183391006,0.7926445525028736,1.0,0.4626297577854671,0.22582622256439808,0.2431338220811884,0.4109484300793789,0.9130101761680718,0.3648734017810251,2025,1.0,1.0,0.02729208413093271,4.0
2025-04-25,0.29902206327567,0.3071607747363641,0.3782463526309294,0.735815881490631,0.4056740750073094,0.8919936829037658,0.0,0.48719723183391006,0.35583560374890777,0.0,0.4626297577854671,0.40724064601666715,0.37622916452411453,0.4109484300793789,0.5643991234662645,0.3648734017810251,2025,0.0,0.0,0.027204848048676747,0.0
2025-04-28,0.7802202212261488,0.11722178039162619,0.3362720397547697,0.8099180696999461,0.32584116028889276,0.7575811760830227,0.0,0.48719723183391006,0.8185471171420169,0.0,0.4626297577854671,0.15376143643384957,0.0498535601683638,0.4109484300793789,0.49730326648848894,0.3648734017810251,2025,0.0,0.0,0.026692771467788413,1.0
2025-04-29,0.480950162120619,0.6648578786424683,0.3352023892485508,0.6660896059348688,0.3178984856437333,0.7952338975005242,0.0,0.48719723183391006,0.45819133351923746,1.0,0.4626297577854671,0.711110355884402,0.12303288126919415,0.4109484300793789,0.561988229273284,0.3648734017810251,2025,0.0,0.0,0.026929182554947518,2.0
2025-04-30,0.34723617809602253,0.6713175399506425,0.46294017220502154,0.6305805068011167,0.3733384838087769,0.6205419361754512,0.0,0.48719723183391006,0.38161423094157404,1.0,0.4626297577854671,0.6725463597119357,0.0166996599157386,0.4109484300793789,1.0250748692959775,0.3648734017810251,2025,0.0,0.0,0.02567581304786405,3.0
2025-05-01,0.3798399568055791,0.4489544240509218,0.45253155824493996,0.7352708135500154,0.3026500605550478,0.5827075019679562,0.0,0.48719723183391006,0.28367381367412364,0.0,0.4626297577854671,0.5482652836255264,0.37623422340517093,0.4109484300793789,0.18282819610200096,0.3648734017810251,2025,0.0,0.0,0.02569298482466032,4.0
2025-05-02,0.5462910738169082,0.5975454494717592,0.335300549076764,0.6368383293844901,0.3646437838010639,0.6811830368912655,1.0,0.48719723183391006,0.5239826182699053,0.0,0.4626297577854671,0.6580933343985356,1.1857316848773773,0.4109484300793789,0.04330263653648692,0.3648734017810251,2025,0.0,0.0,0.025153053510654572,0.0
2025-05-05,0.8974203276564077,0.03292798663335537,0.39539504933033714,0.7374540826523234,0.28739685442113627,0.687999969034144,1.0,0.48719723183391006,0.8597097518263336,0.0,0.4626297577854671,0.08035304437744084,1.1907556243064203,0.4109484300793789,0.13040992702693527,0.3648734017810251,2025,0.0,0.0,0.025485212757432832,1.0
2025-05-06,0.8975886490630014,0.03175297079458854,0.294295736559011,0.7345657517823926,0.4496285933628678,0.8071651528699804,1.0,0.48719723183391006,0.8462400990480121,0.0,0.4626297577854671,0.0775357564394734,0.08083874501212858,0.4109484300793789,0.7693920663484838,0.3648734017810251,2025,1.0,0.0,0.026612657055487834,2.0
2025-05-07,0.11860358406586882,0.854998367845929,0.3665807961949875,0.571490850828247,0.3105499500674566,0.7446769472923581,0.0,0.48719723183391006,0.11526393228304334,1.0,0.4626297577854671,0.8516132393592963,0.5671197140004505,0.4109484300793789,0.8528777094270333,0.3648734017810251,2025,0.0,0.0,0.026367525032971073,3.0
2025-05-08,0.03975659795861252,0.7527562995978213,0.39820768636138476,0.6798634269406856,0.35059995991263176,0.6944025382573805,0.0,0.48719723183391006,0.0796695561454747,1.0,0.4626297577854671,0.7013141398592175,0.45082087534283455,0.4109484300793789,0.33649322053540537,0.3648734017810251,2025,0.0,1.0,0.02796707950528507,4.0
2025-05-09,0.5380980699599965,0.31783828512194734,0.32338940756520035,0.6102960690851676,0.3638343934114222,0.7292532692416835,0.0,0.48719723183391006,0.7362497286970572,1.0,0.4626297577854671,0.2985044675448316,0.0,0.4109484300793789,1.3181987346483057,0.3648734017810251,2025,0.0,0.0,0.02711670431414313,0.0
2025-05-12,0.2209601326268459,0.5066789994846984,0.46076427530973335,0.6650348898839543,0.2606969359493797,0.53416935369699,0.0,0.48719723183391006,0.1950821803417248,0.0,0.4626297577854671,0.6819836030020612,0.3435610338226918,0.4109484300793789,0.2139407482159583,0.3648734017810251,2025,0.0,0.0,0.02756936004691717,1.0
2025-05-13,0.6713490654286309,0.37711916648149174,0.42031830875921067,0.681856562033113,0.36892369306290146,0.6171920887673009,0.0,0.48719723183391006,0.7786241891841446,1.0,0.4626297577854671,0.373903512151569,0.0817120622568111,0.4109484300793789,0.9834118369854565,0.3648734017810251,2025,0.0,0.0,0.02575489859964661,2.0
2025-05-14,0.07703509520680112,0.7870957170885468,0.3305949987344735,0.6498009361259792,0.25870534728811156,0.59696175291902,0.0,0.48719723183391006,0.10085388896411486,1.0,0.4626297577854671,0.7983980620284497,0.748514851485147,0.4109484300793789,0.6720995176440726,0.3648734017810251,2025,0.0,1.0,0.026564679160181157,3.0
2025-05-15,0.9037441385064069,0.01258683098398974,0.3678100756815313,0.6259376650397793,0.37657751138247214,0.5843576513609591,1.0,0.48719723183391006,0.800813972261397,0.0,0.4626297577854671,0.06213547432804408,0.1423470880889653,0.4109484300793789,1.0026338893766478,0.3648734017810251,2025,1.0,0.0,0.026367042816929216,4.0
2025-05-16,0.3006415936028691,0.3034308188462891,0.37488561478628163,0.7434491465259897,0.31761471158525934,0.5653275973088644,0.0,0.48719723183391006,0.3402360063855323,0.0,0.4626297577854671,0.4424267720748844,0.5523191846661657,0.4109484300793789,0.0,0.3648734017810251,2025,0.0,0.0,0.026965285064707925,0.0
2025-05-19,0.5918746984464444,0.5435616054798386,0.3624396004248174,0.6966760401910821,0.2686229994200465,0.6742730648320893,1.0,0.48719723183391006,0.7225810882447847,1.0,0.4626297577854671,0.5075765115281463,0.7590752517223112,0.4109484300793789,0.29699920508743927,0.3648734017810251,2025,0.0,1.0,0.02670519602340949,1.0
2025-05-20,0.8665459111167508,0.05178407101572649,0.3896350359218584,0.5391480279833566,0.35066225549598634,0.6676661635349036,1.0,0.48719723183391006,0.8497790345202343,0.0,0.4626297577854671,0.11385042237881446,0.3964964164222423,0.4109484300793789,0.05011352709701739,0.3648734017810251,2025,0.0,0.0,0.026870635603358752,2.0
2025-05-21,0.819273996558534,0.36512529450617703,0.38768607212920503,0.5633891153462655,0.40350812860972834,0.621483981374857,1.0,0.48719723183391006,0.8539559240671314,1.0,0.4626297577854671,0.3456760096089604,0.35473589491300367,0.4109484300793789,0.42584790305354536,0.3648734017810251,2025,1.0,1.0,0.025619607506863207,3.0
2025-05-22,0.23433410706020624,0.6511432332452624,0.37774580497676224,0.652090041172938,0.28788519946798147,0.5799070346002407,1.0,0.48719723183391006,0.28179080850446264,0.0,0.4626297577854671,0.7447248979164577,0.8242038216560524,0.4109484300793789,0.08870874348581193,0.3648734017810251,2025,0.0,0.0,0.02620860042735041,4.0
2025-05-23,0.7362824111396326,0.13441284915002966,0.38650160093664565,0.634276112582304,0.32107263932657376,0.556520756985986,0.0,0.48719723183391006,0.8454189989007856,0.0,0.4626297577854671,0.1501645413643639,0.007191336712870125,0.4109484300793789,0.38373444262929796,0.3648734017810251,2025,0.0,0.0,0.025273906714226104,0.0
2025-05-26,0.6381563009303786,0.550337893117936,0.3754845127986328,0.7145006675517526,0.3116554880863043,0.752051668298731,0.0,0.48719723183391006,0.6839952169528576,1.0,0.4626297577854671,0.5869103719833242,0.10659930533627544,0.4109484300793789,0.7131038838017062,0.3648734017810251,2025,0.0,0.0,0.02369437769152267,1.0
2025-05-27,0.24802624083686206,0.6353911547411216,0.4956891900165086,0.6106278658603577,0.2454958458040959,0.5479004614680395,0.0,0.48719723183391006,0.2375214389120625,1.0,0.4626297577854671,0.7437900856841135,0.31903844925300723,0.4109484300793789,0.3097113339965171,0.3648734017810251,2025,0.0,1.0,0.023713291068836965,2.0
2025-05-28,0.32341193342962105,0.7173849466107616,0.4256551624462408,0.6255542341901337,0.38216798400902496,0.661766026743823,1.0,0.48719723183391006,0.3266029302668725,1.0,0.4626297577854671,0.7552500286497846,0.5883195776126902,0.4109484300793789,0.5892813331108854,0.3648734017810251,2025,1.0,1.0,0.022134170474189124,3.0
2025-05-29,0.713243825806502,0.08512661100981503,0.3050677672728834,0.6358373338863383,0.2859810800421675,0.6211786911406797,0.0,0.48719723183391006,0.7387256045768198,0.0,0.4626297577854671,0.1427873619208863,0.06770101464303076,0.4109484300793789,0.6266753239201867,0.3648734017810251,2025,0.0,0.0,0.02221618914709587,4.0
2025-05-30,0.38345703537903925,0.6278250806985686,0.35718791532224703,0.8218259796121659,0.2370446261018232,0.5642958015945999,1.0,0.48719723183391006,0.36716460740236995,0.0,0.4626297577854671,0.671417155351234,1.35533521407235,0.4109484300793789,0.0,0.3648734017810251,2025,0.0,0.0,0.02093543272481551,0.0
2025-06-02,0.8753452257014634,0.04829417907213893,0.3146751593635504,0.5439315348967617,0.348076535746328,0.6696263733341331,1.0,0.48719723183391006,0.8737295476398566,0.0,0.4626297577854671,0.06833271555103597,0.14586516898529459,0.4109484300793789,0.6736192422949494,0.3648734017810251,2025,1.0,0.0,0.021287238091858406,1.0
2025-06-03,0.3407856110274195,0.576412519855034,0.3833511695258753,0.581959991821887,0.37779124169468487,0.6434539967220979,0.0,0.48719723183391006,0.3245192422309222,0.0,0.4626297577854671,0.6515396105683492,0.4473767657859511,0.4109484300793789,0.13776454823497977,0.3648734017810251,2025,0.0,0.0,0.02082336657739008,2.0
2025-06-04,0.7559756560946187,0.39875347687305646,0.2904542557695227,0.532720447151237,0.48298143892225043,0.7340237779336428,1.0,0.48719723183391006,0.7801530963745604,1.0,0.4626297577854671,0.3510468474977336,0.484085648148151,0.4109484300793789,0.5135327635327644,0.3648734017810251,2025,1.0,1.0,0.019032538065711556,3.0
2025-06-05,0.17530926831218718,0.6873148914385685,0.41357259988305395,0.6058717524822754,0.36490307204652733,0.6522673147702891,0.0,0.48719723183391006,0.18309387249292816,1.0,0.4626297577854671,0.7057121550421197,0.3702444552371685,0.4109484300793789,0.7390318925044537,0.3648734017810251,2025,0.0,0.0,0.018423901858496555,4.0
2025-06-06,0.0628438698216852,0.8449667925007024,0.38489990563913357,0.5650940737978275,0.27816395551846024,0.6850573292823822,0.0,0.48719723183391006,0.09357062875802763,1.0,0.4626297577854671,0.8074665925112617,0.4187622090988171,0.4109484300793789,0.2875532119104356,0.3648734017810251,2025,0.0,1.0,0.01910167081653112,0.0
2025-06-09,0.6593529691351467,0.3856800151156919,0.32046008341550924,0.6853812924433568,0.39667259282406414,0.7304356680366393,1.0,0.48719723183391006,0.7587237998398142,0.0,0.4626297577854671,0.3091014387357782,0.3932125025321988,0.4109484300793789,0.3950476054290495,0.3648734017810251,2025,1.0,0.0,0.018024622202251903,1.0
2025-06-10,0.38661049303036044,0.5910330368107735,0.37053376731625576,0.6658709912811429,0.3432453728809907,0.645263325780302,1.0,0.48719723183391006,0.4719589191221519,0.0,0.4626297577854671,0.566938242523687,0.6306082931897625,0.4109484300793789,0.11587324076698197,0.3648734017810251,2025,0.0,0.0,0.018208429503606603,2.0
2025-06-11,0.8599988302555909,0.21777155508820498,0.4256054529450746,0.8627090121910878,0.3583320328943477,0.6890070800700536,1.0,0.48719723183391006,0.864903927007251,0.0,0.4626297577854671,0.18477157238925612,0.7440604490082638,0.4109484300793789,0.2765009324065767,0.3648734017810251,2025,0.0,0.0,0.017582122790844236,3.0
2025-06-12,0.7410754385945544,0.17818243486628607,0.39842316184818916,0.750864032400873,0.3521165815750613,0.812867960346647,1.0,0.48719723183391006,0.7586830792974557,0.0,0.4626297577854671,0.17656398569965828,1.0401268598471198,0.4109484300793789,0.12938713314089675,0.3648734017810251,2025,0.0,0.0,0.017023664705574697,4.0
2025-06-13,0.665624871750513,0.21613521037201922,0.5149910644666083,0.6543796922754865,0.4038707330542347,0.7909171977728926,1.0,0.48719723183391006,0.7586769139073406,0.0,0.4626297577854671,0.1545467780034551,0.2984812112280967,0.4109484300793789,0.842535592898063,0.3648734017810251,2025,1.0,0.0,0.017505201882122304,0.0
2025-06-16,0.05027504022586194,0.8810226519345182,0.3886680685183614,0.5822341329709882,0.3152849474820439,0.8177769756578703,0.0,0.48719723183391006,0.07262580501536488,1.0,0.4626297577854671,0.8216585218073894,0.2961876138864582,0.4109484300793789,0.3163972832903406,0.3648734017810251,2025,0.0,1.0,0.017832087122639558,1.0
2025-06-17,0.6430405204440325,0.47285279271407565,0.4072944874300599,0.6297374985287723,0.36094790955394473,0.7286393405737316,0.0,0.48719723183391006,0.6937127138285164,1.0,0.4626297577854671,0.4532191736722678,0.19279393932117161,0.4109484300793789,0.4371900925670197,0.3648734017810251,2025,0.0,1.0,0.017557391258889273,2.0
2025-06-18,0.31794325130204804,0.7986587886401154,0.43377577968372255,0.592630471275323,0.38492469841896165,0.7401593036050929,0.0,0.48719723183391006,0.2620305786221776,1.0,0.4626297577854671,0.8042588543487044,0.332033440383335,0.4109484300793789,0.3893051944741833,0.3648734017810251,2025,0.0,1.0,0.016635078926949647,3.0
2025-06-19,0.5933589849198687,0.4795510098980394,0.4470376433111174,0.8278108400211882,0.3672418326167622,0.7428141052754126,0.0,0.48719723183391006,0.6224036822954857,1.0,0.4626297577854671,0.4550167542284503,0.07253886010362265,0.4109484300793789,0.5452172677115477,0.3648734017810251,2025,0.0,1.0,0.016401436675403593,4.0
2025-06-20,0.7574215473467177,0.29175892421826144,0.35813882510716505,0.8183856501293958,0.2992789257359845,0.7304037119302945,1.0,0.48719723183391006,0.8200647990641952,0.0,0.4626297577854671,0.2643294661715813,0.5525645689341584,0.4109484300793789,0.4215239107927353,0.3648734017810251,2025,1.0,0.0,0.015156141721397065,0.0
2025-06-23,0.2947074254210257,0.6055399199790984,0.36117187417282826,0.8515531203167922,0.34948392895614167,0.8768071679586769,0.0,0.48719723183391006,0.4097838352473234,1.0,0.4626297577854671,0.4936468819649122,0.006151839882065028,0.4109484300793789,1.4641378919317294,0.3648734017810251,2025,0.0,0.0,0.014956851810392201,1.0
2025-06-24,0.19652652834273154,0.4348726653288505,0.3946151621854966,0.6983499813598054,0.3606696004529226,0.4754847726347822,0.0,0.48719723183391006,0.14868722741740487,0.0,0.4626297577854671,0.49929961926299865,0.26551691462143034,0.4109484300793789,0.20998768122809416,0.3648734017810251,2025,0.0,0.0,0.015878580692921813,2.0
2025-06-25,0.7999666233808697,0.49514478198329165,0.4133383328457478,0.7708700798596866,0.33189532818856726,0.6994851548835201,1.0,0.48719723183391006,0.8624489066497678,1.0,0.4626297577854671,0.30286265814549174,0.3617188504794511,0.4109484300793789,0.4451462623433417,0.3648734017810251,2025,1.0,1.0,0.015000081455777648,3.0
2025-06-26,0.42918025476917415,0.5534165252052189,0.4692134594060282,0.8307193591193611,0.3534598583651727,0.6840407069585305,0.0,0.48719723183391006,0.44852030260156855,1.0,0.4626297577854671,0.5475638688309991,0.003126954346468438,0.4109484300793789,1.497602668334379,0.3648734017810251,2025,0.0,0.0,0.014415058733025418,4.0
2025-06-27,0.08782354833319858,0.6020399095297934,0.2960005944388035,0.6485111526809137,0.33869259033663524,0.5751678851493832,0.0,0.48719723183391006,0.08874370303014176,1.0,0.4626297577854671,0.6044935520863888,0.6981069982400647,0.4109484300793789,0.5572836927127336,0.3648734017810251,2025,0.0,1.0,0.015244781603218177,0.0
2025-06-30,0.797366383724069,0.07248826652260947,0.37861033225455537,0.7081349249656732,0.3305273006368728,0.5792253817907025,1.0,0.48719723183391006,0.7713835530367068,0.0,0.4626297577854671,0.10840451817818027,1.0763954025563145,0.4109484300793789,0.01646344024302568,0.3648734017810251,2025,0.0,0.0,0.015447259258169978,1.0
2025-07-01,0.5761578962860877,0.23143707006161549,0.3778337597069902,0.664349545928221,0.3013092833574753,0.7335332880745882,1.0,0.48719723183391006,0.6553870384579287,0.0,0.4626297577854671,0.24922834724348839,0.41000951842297734,0.4109484300793789,0.22093777158543065,0.3648734017810251,2025,1.0,0.0,0.015507562426222959,2.0
2025-07-02,0.8751435435614031,0.213822664742335,0.45454471403939506,0.6696654737120898,0.34118671495749986,0.6686102550232521,1.0,0.48719723183391006,0.8849543743124463,1.0,0.4626297577854671,0.19618815321920124,0.17646046631678527,0.4109484300793789,0.9124150391465269,0.3648734017810251,2025,1.0,0.0,0.014838371162264576,3.0
2025-07-03,0.18905532062406644,0.597068658145763,0.4769414115132495,0.6944926959285036,0.3276758299005596,0.5670217778031013,0.0,0.48719723183391006,0.17281542877890743,0.0,0.4626297577854671,0.6620445564610515,0.3898040018123663,0.4109484300793789,0.05115538081527068,0.3648734017810251,2025,0.0,0.0,0.014693716787247658,4.0
2025-07-04,0.7151998491330711,0.5997353986857192,0.4248526299578115,0.7175468669073086,0.4999714644763805,0.7696785533340682,0.0,0.48719723183391006,0.7714208833025125,1.0,0.4626297577854671,0.46608897726231796,0.1223868416096465,0.4109484300793789,0.889886370770294,0.3648734017810251,2025,0.0,1.0,0.013638957637375305,0.0
2025-07-07,0.8112013354231896,0.1279285783641262,0.2870952934362361,0.5922541466978956,0.40533682549254896,0.6289142254730768,1.0,0.48719723183391006,0.7636826968300895,1.0,0.4626297577854671,0.17205527772612184,0.20406963249515628,0.4109484300793789,1.06584139264991,0.3648734017810251,2025,1.0,1.0,0.013835983276497852,1.0
2025-07-08,0.13623815991696112,0.6247474755060063,0.42811179072517797,0.6122753174615775,0.3327011851318625,0.6792739717311733,0.0,0.48719723183391006,0.13432506412849987,1.0,0.4626297577854671,0.6500440457030069,0.31822472617210484,0.4109484300793789,0.39814800940979084,0.3648734017810251,2025,0.0,1.0,0.014438495500937194,2.0
2025-07-09,0.8449610801499136,0.19755714625289522,0.39674325763759793,0.776930143714196,0.34682393057272753,0.6478601835466868,1.0,0.48719723183391006,0.8684453247484089,0.0,0.4626297577854671,0.18732407132117143,0.3532241230657592,0.4109484300793789,0.0756001270590309,0.3648734017810251,2025,0.0,0.0,0.014251094845195487,3.0
2025-07-10,0.8150807060730539,0.4415521528970981,0.444999324707006,0.8343810722730407,0.35219414004370514,0.6803782058331764,1.0,0.48719723183391006,0.8192135555497134,0.0,0.4626297577854671,0.41761273645682523,0.9662706076852962,0.4109484300793789,0.0482378208000498,0.3648734017810251,2025,0.0,0.0,0.013907936555689993,4.0
2025-07-11,0.6578819294354818,0.2501034659178922,0.3097602722977051,0.5509137039744784,0.4482044067281984,0.8924283496358085,1.0,0.48719723183391006,0.7120878572694537,0.0,0.4626297577854671,0.2299562076990531,0.43496073745305486,0.4109484300793789,0.303733821658028,0.3648734017810251,2025,1.0,0.0,0.013719051337755485,0.0
2025-07-14,0.19528266523974244,0.7973528776243962,0.4370407181709678,0.6585635004414586,0.29761487599086367,0.7938929930949227,0.0,0.48719723183391006,0.1683979907849587,1.0,0.4626297577854671,0.8401336905541607,0.5305399725297469,0.4109484300793789,0.5372586010028302,0.3648734017810251,2025,0.0,0.0,0.012910082977977954,1.0
2025-07-15,0.1163985418305281,0.7729543527526309,0.44514617645705645,0.7612022164119002,0.27015426428544076,0.5640900376690627,1.0,0.48719723183391006,0.12529833122390197,1.0,0.4626297577854671,0.7865442731462846,1.1723200434998071,0.4109484300793789,0.11709766668265949,0.3648734017810251,2025,1.0,1.0,0.013433218670431684,2.0
2025-07-16,0.30450513467239576,0.34868366538087336,0.38003184953057734,0.7403075869708051,0.34869952452787456,0.6750268861084309,0.0,0.48719723183391006,0.400927527623788,1.0,0.4626297577854671,0.3531091124088557,0.10175083651077893,0.4109484300793789,0.8205431483931177,0.3648734017810251,2025,0.0,1.0,0.013710822107337678,3.0
2025-07-17,0.6757284129413381,0.2488067407209463,0.41205183404657053,0.6798746569870605,0.30730548280948244,0.7061225317842166,1.0,0.48719723183391006,0.6179297778865517,0.0,0.4626297577854671,0.2998403733496774,0.5052782717942836,0.4109484300793789,0.16675096673138115,0.3648734017810251,2025,1.0,0.0,0.013110675673941223,4.0
2025-07-18,0.5564946453956288,0.49883461812631597,0.39229397216366396,0.7407097601007342,0.36851969259814094,0.8113635008438115,1.0,0.48719723183391006,0.7113393581253304,0.0,0.4626297577854671,0.38666676163028935,1.2339728107101007,0.4109484300793789,0.13356566144502882,0.3648734017810251,2025,0.0,0.0,0.012357475650247014,0.0
2025-07-21,0.8304643466858701,0.06909141490433746,0.4043967265811691,0.7237874310198383,0.3533985182660128,0.6666582276464323,1.0,0.48719723183391006,0.7991976196905286,0.0,0.4626297577854671,0.0750729208827969,0.8776227390180855,0.4109484300793789,0.3320930232558138,0.3648734017810251,2025,0.0,0.0,0.01220600455522622,1.0
2025-07-22,0.8783074965108837,0.07432339648019819,0.5332922639069527,0.9495540381045376,0.3207316533565353,0.6239200695872371,1.0,0.48719723183391006,0.8434343550376769,1.0,0.4626297577854671,0.08608824801216848,0.17137410324586694,0.4109484300793789,1.1757387247278446,0.3648734017810251,2025,1.0,1.0,0.012446948677333473,2.0
2025-07-23,0.06940233398257488,0.7615757923220404,0.5099792690389064,0.7294627521429795,0.2897000803739612,0.6950319456279442,0.0,0.48719723183391006,0.05999783530691163,1.0,0.4626297577854671,0.7544812284187019,0.14389063513446781,0.4109484300793789,0.8337740524538902,0.3648734017810251,2025,0.0,0.0,0.012680103483849407,3.0
2025-07-24,0.40253447381573415,0.5105339166990466,0.4505796160982636,0.8116026394012708,0.3380337305508149,0.6687371374298409,0.0,0.48719723183391006,0.3411805902286061,1.0,0.4626297577854671,0.5684922466022202,0.11101281906936734,0.4109484300793789,0.9790745178775364,0.3648734017810251,2025,0.0,0.0,0.013183619427607875,4.0
2025-07-25,0.18843899487965596,0.6226728417185825,0.3984190017511864,0.55916531641548,0.3427178503930745,0.6278788965764907,0.0,0.48719723183391006,0.16015983778045867,1.0,0.4626297577854671,0.6918738665390654,0.19292707548833504,0.4109484300793789,0.785392664284451,0.3648734017810251,2025,0.0,0.0,0.01335935546627482,0.0
2025-07-28,0.20581612225470897,0.6443903836614683,0.4772987494298783,0.6570968530076378,0.36430109854339093,0.6544473015689739,0.0,0.48719723183391006,0.22658194180355273,0.0,0.4626297577854671,0.6592516488564818,0.44961087577578474,0.4109484300793789,0.14872097987061583,0.3648734017810251,2025,0.0,0.0,0.013125444475572689,1.0
2025-07-29,0.7558933284322932,0.39914551311444657,0.4055312702420181,0.7673261414374897,0.44104833454982123,0.7616420939009692,0.0,0.48719723183391006,0.7949672536066358,1.0,0.4626297577854671,0.34914136733336265,0.1740273571404755,0.4109484300793789,1.3628648450760494,0.3648734017810251,2025,0.0,0.0,0.012903699587340983,2.0
2025-07-30,0.038145060942561364,0.8501188141140685,0.4246718520563575,0.8718542190245011,0.5014024213223297,0.9451331843142654,0.0,0.48719723183391006,0.05178878564419024,0.0,0.4626297577854671,0.7345593144329668,0.862091361766621,0.4109484300793789,0.035289023598183845,0.3648734017810251,2025,0.0,0.0,0.01410390292459799,3.0
2025-07-31,0.4008547111285421,0.5677012865839394,0.42241790611619967,0.8608035755049902,0.35598015777057607,0.6538547298586866,1.0,0.48719723183391006,0.44072209003311186,0.0,0.4626297577854671,0.5359084317288619,1.6030317680635089,0.4109484300793789,0.18362159043058923,0.3648734017810251,2025,0.0,0.0,0.013921105125717844,4.0
2025-08-01,0.8767780552417143,0.010478506308275844,0.29415203535566464,0.5704087811160043,0.3925499506435742,0.8015536312694287,1.0,0.48719723183391006,0.7959774669334755,0.0,0.4626297577854671,0.03859350713310983,0.4577673284569883,0.4109484300793789,0.3608498780912531,0.3648734017810251,2025,0.0,0.0,0.014635806237422732,0.0
2025-08-04,0.710539740458853,0.31593647652360934,0.39591597433958653,0.6689702560309265,0.37350798270999186,0.7592685876771531,1.0,0.48719723183391006,0.7266185656245461,0.0,0.4626297577854671,0.2975821830544515,0.3442421403899112,0.4109484300793789,0.4882910836602065,0.3648734017810251,2025,1.0,0.0,0.014466106575425974,1.0
2025-08-05,0.6918615204900672,0.2622650759597637,0.405333918138877,0.7072172674519523,0.3456683188609077,0.7643399403718977,0.0,0.48719723183391006,0.74989268691883,0.0,0.4626297577854671,0.2554907801294041,0.09476496367893847,0.4109484300793789,0.47550579336015164,0.3648734017810251,2025,0.0,0.0,0.014077097398352601,2.0
2025-08-06,0.625931141657251,0.6610318123518547,0.37589413818143025,0.8017090515323305,0.4392524287373602,0.7670136523221693,1.0,0.48719723183391006,0.49972546034361365,0.0,0.4626297577854671,0.6570122479459768,0.7007633353299886,0.4109484300793789,0.08966502326867413,0.3648734017810251,2025,0.0,0.0,0.013803199101114062,3.0
2025-08-07,0.8443061890403328,0.24761828945879658,0.42269443633853504,0.8244316154554256,0.4170288861697625,0.6702361262981043,1.0,0.48719723183391006,0.8376506659645393,0.0,0.4626297577854671,0.2116442066649255,0.2836444268942721,0.4109484300793789,0.3963367404279946,0.3648734017810251,2025,1.0,0.0,0.013851629385658584,4.0
2025-08-08,0.6227314681764018,0.48338306228333644,0.34297216908517986,0.9071307896913599,0.3312837948429818,0.8460060139982694,0.0,0.48719723183391006,0.7270412224244162,1.0,0.4626297577854671,0.3605171013154519,0.1404881743164167,0.4109484300793789,1.2632891020685089,0.3648734017810251,2025,0.0,0.0,0.013321027967453982,0.0
2025-08-11,0.04498660531274809,0.8314231987080452,0.3603031137089518,0.7225902424611581,0.28228759925569463,0.6259531036627298,0.0,0.48719723183391006,0.040030466084138835,1.0,0.4626297577854671,0.803317751958163,0.3532556630303858,0.4109484300793789,0.2518001174325505,0.3648734017810251,2025,0.0,1.0,0.01382919983042041,1.0
2025-08-12,0.6558902118122812,0.4968438568107796,0.4070569633721633,0.7539959829906282,0.43717577529156104,0.7283181383937425,1.0,0.48719723183391006,0.7001252713812216,0.0,0.4626297577854671,0.4413183339398847,0.5141108466507945,0.4109484300793789,0.12422078658052838,0.3648734017810251,2025,1.0,0.0,0.013176247808438913,2.0
2025-08-13,0.5271021536636681,0.611975850192775,0.3824868892481772,0.7756124386337064,0.4002163407384458,0.7628745368275223,1.0,0.48719723183391006,0.589138834061991,1.0,0.4626297577854671,0.5512572535456568,0.43545662327338186,0.4109484300793789,0.6075060452482643,0.3648734017810251,2025,1.0,0.0,0.012850757704750568,3.0
2025-08-14,0.14317336097974298,0.736578116389928,0.4335252663252977,0.6707240482206596,0.3576522844137828,0.6531394453934222,0.0,0.48719723183391006,0.12839626175054697,0.0,0.4626297577854671,0.7713376643983022,0.3115515949029758,0.4109484300793789,0.07508953110686017,0.3648734017810251,2025,0.0,0.0,0.012856671720676055,4.0
2025-08-15,0.48051980974088354,0.8022589816123709,0.38027486920295894,0.8723613888470664,0.4963465545645106,0.8589572912187126,1.0,0.48719723183391006,0.3959540943111409,1.0,0.4626297577854671,0.832479247992012,0.5633503104723395,0.4109484300793789,0.28863461940975715,0.3648734017810251,2025,1.0,1.0,0.012278221255551586,0.0
2025-08-18,0.23540469146329768,0.7157294385486244,0.36297111279368965,0.6298659224874628,0.38888002908036096,0.6783992429698944,0.0,0.48719723183391006,0.3023064765426066,1.0,0.4626297577854671,0.6944702695208465,0.30131574427152413,0.4109484300793789,0.4299701123363922,0.3648734017810251,2025,0.0,0.0,0.012477282079418457,1.0
2025-08-19,0.18199047897523093,0.8464894860103821,0.39475219744791734,0.6924824564846624,0.3612832715769066,0.772604103082089,1.0,0.48719723183391006,0.13571338818378664,1.0,0.4626297577854671,0.8691578553682444,0.8869415681826498,0.4109484300793789,0.10628956130401576,0.3648734017810251,2025,0.0,1.0,0.011775933681471177,2.0
2025-08-20,0.8721213326557048,0.09527979965257105,0.42443428997209887,0.736116549883375,0.2659722174620664,0.7615814905166611,1.0,0.48719723183391006,0.8736596474584649,0.0,0.4626297577854671,0.10691627128613426,0.09368508134939686,0.4109484300793789,0.5986579648864706,0.3648734017810251,2025,1.0,0.0,0.011603657706710254,3.0
2025-08-21,0.5818224355393384,0.5316899747686458,0.48249435781763644,1.0490703276546391,0.2784275043807169,0.7694959368871463,1.0,0.48719723183391006,0.5059615459862106,1.0,0.4626297577854671,0.5281575032243129,1.1505868880618353,0.4109484300793789,0.4906956770684171,0.3648734017810251,2025,0.0,1.0,0.010462594651586351,4.0
2025-08-22,0.775206790282145,0.03937082523160487,0.3923366643928089,0.7583597441061363,0.3591111815050536,0.9971684126082725,0.0,0.48719723183391006,0.6917495108170398,0.0,0.4626297577854671,0.06980565456716113,0.11121210923605808,0.4109484300793789,0.34553215033789736,0.3648734017810251,2025,0.0,0.0,0.010718998549082358,0.0
2025-08-25,0.64168218344298,0.71642592070726,0.4242423886239807,0.9145797525133164,0.5086853761536881,0.9380941365861979,1.0,0.48719723183391006,0.4992840547796282,1.0,0.4626297577854671,0.7203305252152971,0.8116363032742657,0.4109484300793789,0.4174378553346846,0.3648734017810251,2025,0.0,1.0,0.010228093661952133,1.0
2025-08-26,0.8930376892805738,0.08674437022062435,0.42998416677957807,0.8105793625901317,0.42775365761281553,0.8730119656601085,1.0,0.48719723183391006,0.8551167612642565,0.0,0.4626297577854671,0.07556989379451433,0.1461648327331991,0.4109484300793789,0.5601577115728865,0.3648734017810251,2025,0.0,0.0,0.010463244462442971,2.0
2025-08-27,0.8767207611637372,0.27917338306588646,0.479026485514748,0.9702376100108593,0.41164671674964265,0.8230791449994269,1.0,0.48719723183391006,0.8772215957539128,0.0,0.4626297577854671,0.17108833157058145,0.7391796963516901,0.4109484300793789,0.3703108584141931,0.3648734017810251,2025,0.0,0.0,0.010205853685611872,3.0
2025-08-28,0.802261493187512,0.19384677906814554,0.4492379839106255,0.8069291153475927,0.35390350147360233,0.9140190216611246,1.0,0.48719723183391006,0.7711456642094859,0.0,0.4626297577854671,0.1486958634897754,1.0535859489347836,0.4109484300793789,0.3580256952349948,0.3648734017810251,2025,0.0,0.0,0.010283309439564674,4.0
2025-08-29,0.780398060887243,0.08593059917143063,0.5520261933447969,1.0457277848798985,0.38505267897208234,0.9435598565520282,1.0,0.48719723183391006,0.7370496219682613,0.0,0.4626297577854671,0.07953396686676131,1.2085277318660212,0.4109484300793789,0.34328514341903665,0.3648734017810251,2025,0.0,0.0,0.009900106215337112,0.0
2025-09-01,0.6092950760839964,0.11087855264620138,0.5661745231652828,0.9831178304173472,0.19820658550394274,0.625261132139744,1.0,0.48719723183391006,0.6046156580637795,0.0,0.4626297577854671,0.12519302143449226,1.7568889419062341,0.4109484300793789,0.1859318461966758,0.3648734017810251,2025,0.0,0.0,0.010333155834294795,1.0
2025-09-02,0.8028864497605961,0.02744181083141904,0.7024782448764508,1.3641168292222874,0.3616153369239108,0.9663107527519517,1.0,0.48719723183391006,0.695351575298514,0.0,0.4626297577854671,0.04518556546297788,1.1536851382615294,0.4109484300793789,0.19562263596636484,0.3648734017810251,2025,0.0,0.0,0.011009287810542103,2.0
2025-09-03,0.5270611777299686,0.32352270297128377,0.7383302902470501,1.1915496189067436,0.31877257962410915,0.7571315128233105,0.0,0.48719723183391006,0.5278837319264358,1.0,0.4626297577854671,0.2175376469972988,0.12678173618531854,0.4109484300793789,1.2280078966910029,0.3648734017810251,2025,0.0,1.0,0.01108100676946297,3.0
2025-09-04,0.541558970218157,0.22372246913190177,0.5106344164311903,0.9324425031926115,0.5245440152668924,0.9811147851083313,1.0,0.48719723183391006,0.4540081117912199,0.0,0.4626297577854671,0.2603900260662468,1.2892797718088944,0.4109484300793789,0.13715236510577553,0.3648734017810251,2025,0.0,0.0,0.011864707922872359,4.0
2025-09-05,0.5967298661987951,0.15928204264504325,0.5934781755094578,1.2429137280645741,0.5247150662827419,0.8767292617439162,1.0,0.48719723183391006,0.6764035659560903,0.0,0.4626297577854671,0.1267174968874961,1.362156000651359,0.4109484300793789,0.20654616511968596,0.3648734017810251,2025,0.0,0.0,0.01223001266217563,0.0
2025-09-08,0.686240858133879,0.08472960342649699,0.7941355695185258,1.1685726534428382,0.3486557746242267,0.8493513662143392,1.0,0.48719723183391006,0.7097757518634348,0.0,0.4626297577854671,0.08713909073201051,0.8327049808429101,0.4109484300793789,0.20812260536399038,0.3648734017810251,2025,1.0,0.0,0.012818951223153883,1.0
2025-09-09,0.07353926026506755,0.866089927456349,0.5787737573823035,1.135819575332007,0.5243317652122418,0.8784267266355189,0.0,0.48719723183391006,0.1010694238567374,1.0,0.4626297577854671,0.8331549797377381,0.6600123824049096,0.4109484300793789,0.12832399619467894,0.3648734017810251,2025,0.0,1.0,0.0130442250501595,2.0
2025-09-10,0.612367136955076,0.5054321500562251,0.6720550684558362,1.1435136445255387,0.4960189043704356,0.9959123436326355,0.0,0.48719723183391006,0.6179547505642219,1.0,0.4626297577854671,0.44512462924159746,0.1790015164580277,0.4109484300793789,0.5790490916119084,0.3648734017810251,2025,0.0,1.0,0.01319702179190059,3.0
2025-09-11,0.6184945827326277,0.4546163310975835,0.5400257099257131,1.0030380895545776,0.42458584068483946,1.0039396802299314,1.0,0.48719723183391006,0.5940025474246761,0.0,0.4626297577854671,0.4405267830013039,0.48828466649276486,0.4109484300793789,0.07454235779718509,0.3648734017810251,2025,1.0,0.0,0.012810195792297587,4.0
2025-09-12,0.49833624963327966,0.6711681002437292,0.3942526758755655,0.8440119194860002,0.532987298096316,0.9570254057651725,1.0,0.48719723183391006,0.6499269929173923,1.0,0.4626297577854671,0.5555800829561622,0.8881765951012991,0.4109484300793789,0.35772603568188804,0.3648734017810251,2025,0.0,1.0,0.012966196924654937,0.0
2025-09-15,0.7740499266138678,0.10268874907456209,0.5096232793107971,1.046943397036349,0.3808088245693402,0.9955773573047598,1.0,0.48719723183391006,0.7831417650637013,0.0,0.4626297577854671,0.1090979595361629,0.4993288590603981,0.4109484300793789,0.08404749612803622,0.3648734017810251,2025,0.0,0.0,0.013163295540109688,1.0
2025-09-16,0.6468447730647797,0.6247729119270695,0.5122891507666956,0.9678563104617086,0.5497532454806889,1.037252201329133,1.0,0.48719723183391006,0.667100533945818,1.0,0.4626297577854671,0.5205163548819831,0.36463471928587665,0.4109484300793789,0.896171012450078,0.3648734017810251,2025,1.0,0.0,0.01318577673772829,2.0
2025-09-17,0.10993902679122962,0.8248900150234871,0.5400068347419186,1.2285744208273996,0.5590835157110127,1.1469829461128682,0.0,0.48719723183391006,0.13419858086538286,1.0,0.4626297577854671,0.663215219272933,0.2587252659838867,0.4109484300793789,0.6369692751317519,0.3648734017810251,2025,0.0,0.0,0.013739371352379308,3.0
2025-09-18,0.3438914076613432,0.6414897550095572,0.43800695009839763,0.9269384219681952,0.44839667491071444,0.7650520591737114,1.0,0.48719723183391006,0.3319102235332693,0.0,0.4626297577854671,0.6130214964870971,0.8210685844187392,0.4109484300793789,0.24019558783580874,0.3648734017810251,2025,0.0,0.0,0.013708771081182495,4.0
2025-09-19,0.8564118363934726,0.09388202753800583,0.295705905237164,0.7909118811098217,0.47013203394939046,0.8344324178601634,1.0,0.48719723183391006,0.8793337307292225,0.0,0.4626297577854671,0.08699055103017968,1.2721632092870283,0.4109484300793789,0.031023489213255956,0.3648734017810251,2025,0.0,0.0,0.013557585479445494,0.0
2025-09-22,0.8745687489319616,0.07212163105176754,0.6454490792171207,1.118197433024899,0.42517910519542096,0.9159552508958655,1.0,0.48719723183391006,0.8468092567267465,0.0,0.4626297577854671,0.06525521234072071,0.8924551656639496,0.4109484300793789,0.20271164973085792,0.3648734017810251,2025,0.0,0.0,0.013245207338833912,1.0
2025-09-23,0.41485215539024717,0.5962878283072216,0.6665799037117186,1.1926762919641012,0.57999483312824,1.104593053865923,0.0,0.48719723183391006,0.4630461097180422,1.0,0.4626297577854671,0.3899877298907836,0.303456591639869,0.4109484300793789,0.9358922829582009,0.3648734017810251,2025,0.0,0.0,0.013219768016450346,2.0
2025-09-24,0.19651255823613212,0.6873489435143397,0.44306915078536063,0.8798800102595007,0.5599378997496611,1.0733861750732856,0.0,0.48719723183391006,0.17150575481056385,0.0,0.4626297577854671,0.5958048016502759,0.5092498013846296,0.4109484300793789,0.27567812961071564,0.3648734017810251,2025,0.0,0.0,0.013476562275949877,3.0
2025-09-25,0.7698357818292356,0.4430635590798147,0.4064384295047554,1.0831068148992047,0.48040562402772996,1.0636273614184173,1.0,0.48719723183391006,0.7210404547797732,0.0,0.4626297577854671,0.31571149268126536,0.7049197095223483,0.4109484300793789,0.3047969724864493,0.3648734017810251,2025,1.0,0.0,0.013038433840983665,4.0
2025-09-26,0.37227639629566445,0.5764002958074557,0.3965432496024265,0.9102824348959841,0.49843246354750326,1.1434086979391156,1.0,0.48719723183391006,0.5036608520584814,0.0,0.4626297577854671,0.3806485545432475,1.541612777092673,0.4109484300793789,0.09958793274581189,0.3648734017810251,2025,0.0,0.0,0.012628648156905665,0.0
2025-09-29,0.8536336934905034,0.051090212060930645,0.6557473473685326,1.2248085767998114,0.4099134867511989,0.8379428249355225,1.0,0.48719723183391006,0.8196109993615587,0.0,0.4626297577854671,0.04226977749103448,0.7641349117197991,0.4109484300793789,0.8213946254212426,0.3648734017810251,2025,0.0,0.0,0.01293704782374108,1.0
2025-09-30,0.7295665734426118,0.08865479685507441,0.6201856765589119,1.3462271537350556,0.5431466588774541,1.0774129239613197,1.0,0.48719723183391006,0.6223348359461559,0.0,0.4626297577854671,0.1043267793531437,0.7033014828809484,0.4109484300793789,0.09552417327008508,0.3648734017810251,2025,1.0,0.0,0.01362029635756625,2.0
2025-10-01,0.322795733169107,0.7602420634884676,0.45953291371187305,1.0646802378242748,0.6346614118129651,0.9150636568058809,1.0,0.48719723183391006,0.36008329139298373,1.0,0.4626297577854671,0.6757487011977444,0.5899985161003072,0.4109484300793789,0.8736661765301066,0.3648734017810251,2025,1.0,1.0,0.013697665729578236,3.0
2025-10-02,0.27079090698291436,0.3670169653008002,0.45937716983138516,0.8567622327802334,0.5354637226777804,0.9512762668343752,0.0,0.48719723183391006,0.28321296262133744,0.0,0.4626297577854671,0.3667680241853971,0.6212291348616572,0.4109484300793789,0.32607022546334685,0.3648734017810251,2025,0.0,0.0,0.014680077331607613,4.0
2025-10-03,0.7991767121692823,0.19356293675575997,0.5426713144506171,0.979417547285501,0.4987517894134751,0.9590436480095085,1.0,0.48719723183391006,0.844568118996076,0.0,0.4626297577854671,0.13767987408288773,1.4793741109530558,0.4109484300793789,0.04889758179231866,0.3648734017810251,2025,0.0,0.0,0.014469188655168148,0.0
2025-10-06,0.7567583309160109,0.06685564106058536,0.7501981741205951,1.128809400779979,0.4085715698587085,1.0171814506703243,1.0,0.48719723183391006,0.7757488564105894,0.0,0.4626297577854671,0.0752811136147245,0.4978344732918406,0.4109484300793789,0.33282843821739977,0.3648734017810251,2025,0.0,0.0,0.015239129141097095,1.0
2025-10-07,0.8248939416895075,0.2316156851479169,0.6129416066219856,1.118832256826211,0.43889073709531823,0.9397854553845472,1.0,0.48719723183391006,0.837366344169015,0.0,0.4626297577854671,0.18057565624748792,1.2546710478977294,0.4109484300793789,0.02367303863957735,0.3648734017810251,2025,0.0,0.0,0.014948469317328251,2.0
2025-10-08,0.6455145947383562,0.22046120871697397,0.6493210595654777,0.9998295922756717,0.38667256595407806,0.8536737155276766,0.0,0.48719723183391006,0.7149046301900287,1.0,0.4626297577854671,0.14894442482579343,0.2651220865704718,0.4109484300793789,1.57001479837218,0.3648734017810251,2025,0.0,0.0,0.015286921389777958,3.0
2025-10-09,0.061919216565233276,0.5458939002310409,0.4865658043788201,0.9778644743528331,0.4897021735521153,1.142807855167582,0.0,0.48719723183391006,0.06610719957903761,0.0,0.4626297577854671,0.5036230293438546,0.7044481908961222,0.4109484300793789,0.4405827173302196,0.3648734017810251,2025,0.0,0.0,0.016622642377139164,4.0
2025-10-10,0.7382293996108196,0.1683714638914371,0.4011078048658682,1.047541760151705,0.4775380854417135,1.1614474486610968,1.0,0.48719723183391006,0.7542537733631247,0.0,0.4626297577854671,0.14631126047235443,1.5959781598264704,0.4109484300793789,0.14839350778403562,0.3648734017810251,2025,0.0,0.0,0.016669065204366087,0.0
2025-10-13,0.772022667839396,0.04790753348216733,0.5897333797446236,1.2176700566007674,0.5032642791912412,0.8083592928962755,1.0,0.48719723183391006,0.7665154593261594,0.0,0.4626297577854671,0.04791382069219696,0.9696137855031837,0.4109484300793789,0.28332414967690644,0.3648734017810251,2025,0.0,0.0,0.017344573059202808,1.0
2025-10-14,0.4151400536212765,0.35619922413027055,0.6475115652607912,1.1848753578263589,0.47465036971815816,1.0217165689419319,1.0,0.48719723183391006,0.4939869683588482,0.0,0.4626297577854671,0.29028633829386535,1.0403680993556388,0.4109484300793789,0.021017537360719346,0.3648734017810251,2025,0.0,0.0,0.017689911192613955,2.0
2025-10-15,0.7945637382804093,0.22044617967024877,0.617258185602472,1.1694948815801152,0.49426748881184285,1.0470924176521128,1.0,0.48719723183391006,0.8323956607115512,0.0,0.4626297577854671,0.1347473208129918,1.6112249309249491,0.4109484300793789,0.11367780012405752,0.3648734017810251,2025,0.0,0.0,0.018060953639263647,3.0
2025-10-16,0.9091898269746115,0.023584556779600998,0.7897060849539499,1.4577456743131678,0.47566201940076874,0.9214123065357036,1.0,0.48719723183391006,0.7916419948548988,1.0,0.4626297577854671,0.04593106475595731,0.6601675685110809,0.4109484300793789,1.7074183976261104,0.3648734017810251,2025,1.0,1.0,0.018918654738018403,4.0
2025-10-17,0.019253928359351,0.4116387535840103,0.49057427063809694,1.0430886013054486,0.6418643056453587,1.097846163400072,1.0,0.48719723183391006,0.04491192231628702,0.0,0.4626297577854671,0.32591409920167635,1.452687814080309,0.4109484300793789,0.350549293765161,0.3648734017810251,2025,1.0,0.0,0.021200953826143492,0.0
2025-10-20,0.5793341314551207,0.04359248564286796,0.5746530317849152,1.0848479975171739,0.5319582620881014,1.0979836159080036,0.0,0.48719723183391006,0.6406966256754121,1.0,0.4626297577854671,0.06855286069572564,0.1966584415970472,0.4109484300793789,2.854877069893273,0.3648734017810251,2025,0.0,0.0,0.022060709088130674,1.0
2025-10-21,0.001374146266428566,0.6797027565630633,0.534908413291255,0.6013921688081345,0.5172400019310733,0.854275655268282,0.0,0.48719723183391006,0.006573970357216962,1.0,0.4626297577854671,0.4468464011893878,0.31800447152689104,0.4109484300793789,1.0604532900793509,0.3648734017810251,2025,0.0,1.0,0.027648758587587304,2.0
2025-10-22,0.4231530574325575,0.13436713685243912,0.5067782916335216,0.6557984115951399,0.35779783784665964,0.8002015840160397,0.0,0.48719723183391006,0.3954329685134816,0.0,0.4626297577854671,0.2883490831700446,0.4691468484750907,0.4109484300793789,0.26989722575141895,0.3648734017810251,2025,0.0,0.0,0.029217974886856984,3.0
2025-10-23,0.6716865947099504,0.3193375052711313,0.3897011028235027,0.7698051327173392,0.3631171370278882,0.7685327168154349,0.0,0.48719723183391006,0.733404175800687,1.0,0.4626297577854671,0.35048051524935897,0.15199607329842885,0.4109484300793789,0.6674574607329823,0.3648734017810251,2025,0.0,1.0,0.029627403409187285,4.0
2025-10-24,0.5036832081700519,0.31261141366699446,0.2885768974615409,0.7864401486727955,0.41605866825310883,0.7980987790984292,0.0,0.48719723183391006,0.6784691758534321,1.0,0.4626297577854671,0.33811277484771013,0.0,0.4109484300793789,1.1503726283336624,0.3648734017810251,2025,0.0,0.0,0.029966695181898324,0.0
2025-10-27,0.049849900121270094,0.8021818423535876,0.5722901260669908,0.6766064509121946,0.23001017643432486,0.6790907603782818,0.0,0.48719723183391006,0.08374805217162529,1.0,0.4626297577854671,0.8224417743872552,0.29475630492563043,0.4109484300793789,0.732961705452804,0.3648734017810251,2025,0.0,0.0,0.032600989279812025,1.0
2025-10-28,0.26609005696770655,0.3640657686101628,0.3847129920148734,0.6964930246177684,0.3344556519140158,0.6083739543809669,1.0,0.48719723183391006,0.4243701752237098,0.0,0.4626297577854671,0.4596021809629647,0.5777038021008378,0.4109484300793789,0.2702174991597704,0.3648734017810251,2025,1.0,0.0,0.03387316244567523,2.0
2025-10-29,0.07875401126968806,0.841086484348031,0.44948671692799647,0.7557881636562759,0.3624366102434248,0.9070833955139559,0.0,0.48719723183391006,0.19018055271177609,1.0,0.4626297577854671,0.7980248839766558,0.7217172363760537,0.4109484300793789,0.1115734220970431,0.3648734017810251,2025,0.0,1.0,0.03406859297496103,3.0
2025-10-30,0.86680675530108,0.06838510788900407,0.3980578544912153,0.6457588622620932,0.33914288817235555,0.5810887101653901,1.0,0.48719723183391006,0.9023689875435225,0.0,0.4626297577854671,0.12408701969271257,0.16113768882096338,0.4109484300793789,0.3799449370335083,0.3648734017810251,2025,1.0,0.0,0.033910693474693256,4.0
2025-10-31,0.3368214584632997,0.5862940859928321,0.4133670566156785,0.6907879922382805,0.32828456904625924,0.69032071962001,0.0,0.48719723183391006,0.5080167401456678,1.0,0.4626297577854671,0.6718728774473811,0.21632213816476425,0.4109484300793789,0.2922522580403352,0.3648734017810251,2025,0.0,1.0,0.033339533203338365,0.0
2025-11-03,0.5101182627734332,0.4807143481338753,0.40055185341769317,0.7062326183051045,0.3413657517898793,0.7046552833711426,0.0,0.48719723183391006,0.6971336681065708,1.0,0.4626297577854671,0.5183931373608275,0.03366751702062015,0.4109484300793789,0.5502819167086441,0.3648734017810251,2025,0.0,0.0,0.03295858795169022,1.0
2025-11-04,0.14555984875655725,0.8201106748275163,0.4361205751979222,0.5781239047369222,0.2222486005239381,0.6189589585509319,0.0,0.48719723183391006,0.17982517521650945,0.0,0.4626297577854671,0.8882892720356931,0.44301636928145394,0.4109484300793789,0.017144126619451704,0.3648734017810251,2025,0.0,0.0,0.033526258326929737,2.0
2025-11-05,0.7315997612183107,0.33055936736893327,0.33497661711263765,0.6797086734791125,0.24999621790209448,0.8037289238040193,1.0,0.48719723183391006,0.8799506555226182,0.0,0.4626297577854671,0.2930889269625913,0.3196570314744587,0.4109484300793789,0.11467587558940653,0.3648734017810251,2025,1.0,0.0,0.03186476811343926,3.0
2025-11-06,0.354321289051888,0.7042653267383169,0.38708132394757605,0.7969725912230923,0.229020996785025,0.6266272714131893,1.0,0.48719723183391006,0.4058198363424993,0.0,0.4626297577854671,0.7990403788775651,0.43059417376053355,0.4109484300793789,0.02096077340976408,0.3648734017810251,2025,1.0,0.0,0.02938943101900624,4.0
2025-11-07,0.4540974022669045,0.5929384531326972,0.3439547220623427,0.6199867781492182,0.23333720613528894,0.7209616935254083,1.0,0.48719723183391006,0.6804315474522203,0.0,0.4626297577854671,0.5704962505164982,1.0565086102432142,0.4109484300793789,0.03117897122495451,0.3648734017810251,2025,0.0,0.0,0.027252766477028276,0.0
2025-11-10,0.8760213423395579,0.04467854750163247,0.3644702655090366,0.561818351305061,0.20041030794753967,0.767998328288323,1.0,0.48719723183391006,0.8702088179316764,0.0,0.4626297577854671,0.0667767036873296,0.34326669181440583,0.4109484300793789,0.1949837649129806,0.3648734017810251,2025,0.0,0.0,0.023463303803109632,1.0
2025-11-11,0.6509599427790992,0.557721191970586,0.3478936817696835,0.5458487177844503,0.3070409113105571,0.8859864392354024,1.0,0.48719723183391006,0.6881109342684342,0.0,0.4626297577854671,0.4890449708915981,0.9551400819718198,0.4109484300793789,0.31317725001402974,0.3648734017810251,2025,0.0,0.0,0.02158004037094746,2.0
2025-11-12,0.7700081565387191,0.0946729732472951,0.5748656536316653,0.7879554664578999,0.10803425432318803,0.6291069396888451,1.0,0.48719723183391006,0.7586880896964255,0.0,0.4626297577854671,0.11568011361730669,0.5458063907112797,0.4109484300793789,0.5538459118012614,0.3648734017810251,2025,1.0,0.0,0.02164206038979611,3.0
2025-11-13,0.12093159648994423,0.7672605613671067,0.4448293582445092,0.8193554787738834,0.4018275442486528,0.8752818175787556,0.0,0.48719723183391006,0.20196744017028523,1.0,0.4626297577854671,0.6446005533968904,0.4393107246832967,0.4109484300793789,1.5351640569675054,0.3648734017810251,2025,0.0,0.0,0.02176197884863737,4.0
2025-11-14,0.022930354762417702,0.5500232319605193,0.3107198669683089,0.6927225270513256,0.36114223172220633,0.6047630223575089,0.0,0.48719723183391006,0.05342708071058309,1.0,0.4626297577854671,0.42625839489088935,0.23252187870218236,0.4109484300793789,0.8348530591966979,0.3648734017810251,2025,0.0,1.0,0.022877811312044707,0.0
2025-11-17,0.2178103409373506,0.6173250830078089,0.42963663041551675,0.6656817963719663,0.3875032476383535,0.5798862965322793,0.0,0.48719723183391006,0.2731725070995052,1.0,0.4626297577854671,0.5452177411164053,0.4032948929159831,0.4109484300793789,0.524217462932455,0.3648734017810251,2025,0.0,1.0,0.022505821110237734,1.0
2025-11-18,0.725898944379105,0.14960727407473254,0.45252559277182086,0.7475252268860336,0.3600452424602547,0.6670725017009819,1.0,0.48719723183391006,0.7730352269440084,0.0,0.4626297577854671,0.19288423473208585,0.7344936658049845,0.4109484300793789,0.135097381223808,0.3648734017810251,2025,1.0,0.0,0.02187408903327773,2.0
2025-11-19,0.25126042458592135,0.6104034660558622,0.3820928790643117,0.6250449499875268,0.35355593625750203,0.6398542801370334,0.0,0.48719723183391006,0.3208182239888576,1.0,0.4626297577854671,0.6520449911187145,0.3730528887824954,0.4109484300793789,0.4514078635639454,0.3648734017810251,2025,0.0,1.0,0.02121934002336666,3.0
2025-11-20,0.59414181864868,0.3576782213328763,0.4145362412495543,0.7716295228558135,0.3531815602177601,0.74724291651433,0.0,0.48719723183391006,0.5563153466246509,1.0,0.4626297577854671,0.45635811471167065,0.27631502758683585,0.4109484300793789,0.6352003044064476,0.3648734017810251,2025,0.0,1.0,0.02117856170567912,4.0
2025-11-21,0.42482774596282863,0.41578265729454994,0.3467506931229293,0.6991990620683068,0.33151897157588134,0.6785245010215699,1.0,0.48719723183391006,0.5228724456361415,0.0,0.4626297577854671,0.4304280322726296,0.849455225165397,0.4109484300793789,0.29761348450937275,0.3648734017810251,2025,0.0,0.0,0.02142841332030522,0.0
2025-11-24,0.8721756488473444,0.0718633581239887,0.3767666264468235,0.7080023695954718,0.3281879315747497,0.774971914249171,1.0,0.48719723183391006,0.8426196689027771,0.0,0.4626297577854671,0.09679616068341901,0.2764625412408462,0.4109484300793789,0.2829967007322753,0.3648734017810251,2025,1.0,0.0,0.021468235924977434,1.0
2025-11-25,0.4579762216537448,0.6402065338621671,0.34695880254325107,0.6534441302495276,0.40024315857889214,0.7242061911492192,1.0,0.48719723183391006,0.547662308434377,0.0,0.4626297577854671,0.6362432753379837,0.48591377770561023,0.4109484300793789,0.009320451408618922,0.3648734017810251,2025,0.0,0.0,0.021298862273813064,2.0
2025-11-26,0.7577198964980987,0.4818969999583285,0.43875700447992483,0.6826728633347531,0.3403302048648771,0.7361261047819732,0.0,0.48719723183391006,0.8624940457471161,0.0,0.4626297577854671,0.3135422399512411,0.053696115390922866,0.4109484300793789,0.24243566628421698,0.3648734017810251,2025,0.0,0.0,0.020931914496508712,3.0
2025-11-27,0.7736891467745252,0.6219972705456055,0.3378454036712875,0.9026691157580188,0.3185538663232587,0.7765486160469754,1.0,0.48719723183391006,0.7680402818496114,0.0,0.4626297577854671,0.5681676420257766,0.806516765418232,0.4109484300793789,0.06781592819489657,0.3648734017810251,2025,0.0,0.0,0.02049859887387666,4.0
2025-11-28,0.8106563305500165,0.16093797804376245,0.5239797553244887,0.84307419803981,0.25470462369298613,0.6076710744789257,1.0,0.48719723183391006,0.8678533227814734,0.0,0.4626297577854671,0.13619331515535335,0.5406825974206705,0.4109484300793789,0.17470456167220896,0.3648734017810251,2025,0.0,0.0,0.019450114587670552,0.0
2025-12-01,0.45598268208953774,0.6280056644753547,0.3994525233767729,0.713305251059145,0.29253693669760783,0.7589112119294503,0.0,0.48719723183391006,0.5386649409989983,1.0,0.4626297577854671,0.5600163966647145,0.04529881994671569,0.4109484300793789,0.8273696231442658,0.3648734017810251,2025,0.0,0.0,0.01950812152053576,1.0
2025-12-02,0.5589493616357251,0.37842468180811967,0.4207560668824569,0.7816007163542313,0.2934631852968714,0.6362541071280482,1.0,0.48719723183391006,0.520634711772978,0.0,0.4626297577854671,0.4203656417670014,0.4496403522933087,0.4109484300793789,0.1381190694003481,0.3648734017810251,2025,1.0,0.0,0.0189368604873535,2.0
2025-12-03,0.30689491135015595,0.801329837600551,0.38412682022780975,0.6940323563211909,0.42806022994794246,0.7856015129322209,0.0,0.48719723183391006,0.31206154936070735,1.0,0.4626297577854671,0.7995056705056529,0.21343955402376275,0.4109484300793789,0.37295892423300736,0.3648734017810251,2025,0.0,1.0,0.018046583208116036,3.0
2025-12-04,0.7493942914665643,0.4311730404160031,0.4387450888142565,0.8377080661420137,0.4875762348145138,0.8231803548260611,1.0,0.48719723183391006,0.7941612414240559,0.0,0.4626297577854671,0.3017573210089714,0.7611682736901131,0.4109484300793789,0.2539744170495578,0.3648734017810251,2025,1.0,0.0,0.015735360554917602,4.0
2025-12-05,0.08327291741005993,0.853660873108714,0.3820786674914373,0.7285762992648561,0.397826640679243,0.7870315782653634,0.0,0.48719723183391006,0.13619779886654418,1.0,0.4626297577854671,0.7710418676011819,0.31828851183690154,0.4109484300793789,0.35287148190374323,0.3648734017810251,2025,0.0,0.0,0.015220017080116619,0.0
2025-12-08,0.3974083016621194,0.6970718974341742,0.429641233053961,0.7851243820660386,0.37419034265168094,0.7895279915152379,1.0,0.48719723183391006,0.40064067755714267,1.0,0.4626297577854671,0.6780434915199391,0.5038096354471903,0.4109484300793789,0.33822529597937934,0.3648734017810251,2025,1.0,1.0,0.01454108235014979,1.0
2025-12-09,0.6897300655389635,0.31751714825735766,0.4274082071155533,0.7926446913468704,0.24493057738414964,0.8071875712465187,1.0,0.48719723183391006,0.7476161796768815,0.0,0.4626297577854671,0.2565351691794548,0.5147755852195764,0.4109484300793789,0.44317082607853525,0.3648734017810251,2025,0.0,0.0,0.01403776536373535,2.0
2025-12-10,0.8391416705624297,0.22001148481988136,0.5244782698431083,1.0936782105149498,0.35243788921665764,0.9288916477108422,1.0,0.48719723183391006,0.7744180302109877,0.0,0.4626297577854671,0.1845327996160335,0.9870612712208634,0.4109484300793789,0.41985005355229804,0.3648734017810251,2025,0.0,0.0,0.013720924811514405,3.0
2025-12-11,0.8434764003332604,0.07880734730808765,0.4659191696572663,1.0451867818055232,0.40187586612981707,0.8958046417962309,1.0,0.48719723183391006,0.7693216687802642,0.0,0.4626297577854671,0.07635992293885177,1.2677469609057936,0.4109484300793789,0.3846861544877957,0.3648734017810251,2025,0.0,0.0,0.013606213116215153,4.0
2025-12-12,0.17446784618199104,0.36856906490224894,0.517621202598613,0.9709557962397534,0.5016061308057286,0.9689859559666444,0.0,0.48719723183391006,0.2297207916860862,0.0,0.4626297577854671,0.2813922320537283,0.848808981010255,0.4109484300793789,0.26965212140628886,0.3648734017810251,2025,0.0,0.0,0.013476954207352647,0.0
2025-12-15,0.22736791917358465,0.7279442272480597,0.4422165588681406,0.867271375646865,0.37699719754887584,0.7700290083935825,0.0,0.48719723183391006,0.26113553632407055,1.0,0.4626297577854671,0.5864953510143524,0.5082379696610505,0.4109484300793789,0.5705610529117117,0.3648734017810251,2025,0.0,1.0,0.013715849333719561,1.0
2025-12-16,0.4402690018717153,0.4766250807366464,0.45674285312705937,0.934100123124221,0.4179336919607777,0.8375465070115624,1.0,0.48719723183391006,0.4130056667401529,0.0,0.4626297577854671,0.4424224247976372,0.7681243283458582,0.4109484300793789,0.017525006199890926,0.3648734017810251,2025,0.0,0.0,0.014058857300913205,2.0
2025-12-17,0.7385128302104558,0.3646747998587645,0.4609772638106216,0.9613965636162877,0.40609422911405013,0.8224388445880875,1.0,0.48719723183391006,0.8196437404357317,0.0,0.4626297577854671,0.24186311984345954,0.5861139896373022,0.4109484300793789,0.47472654001151265,0.3648734017810251,2025,1.0,0.0,0.014299841244594913,3.0
2025-12-18,0.28340896717953223,0.6064298861557778,0.514399547873589,1.008344571511341,0.41896569820031304,0.8940738454445011,0.0,0.48719723183391006,0.29782804016954384,0.0,0.4626297577854671,0.5511965326095178,0.38704800009305435,0.4109484300793789,0.3829772386280306,0.3648734017810251,2025,0.0,0.0,0.014174434285450467,4.0
2025-12-19,0.615790705848268,0.5446261312189348,0.37184977349029963,0.9451480825970345,0.3712211147764135,0.8587331280157774,1.0,0.48719723183391006,0.6736943775892907,0.0,0.4626297577854671,0.37422721732194125,1.808171059455891,0.4109484300793789,0.020958083832342586,0.3648734017810251,2025,0.0,0.0,0.013964598961395675,0.0
2025-12-22,0.8106075175682245,0.032967131484899055,0.5807782488860043,0.9853864990796551,0.4231763183831719,0.9708384891414107,1.0,0.48719723183391006,0.7629792935686912,0.0,0.4626297577854671,0.03834024772187963,0.8835709857408687,0.4109484300793789,0.21035901482274638,0.3648734017810251,2025,0.0,0.0,0.014259899712149788,1.0
2025-12-23,0.7530220900023326,0.2476912009273692,0.7019838631984042,1.138603089526952,0.4014001507059026,0.9484075386503109,1.0,0.48719723183391006,0.7472580475352754,0.0,0.4626297577854671,0.17895391439857297,0.6331596420640737,0.4109484300793789,0.5608249235978223,0.3648734017810251,2025,1.0,0.0,0.01448817864262236,2.0
2025-12-24,0.25209830808668754,0.6054553262943944,0.49732651440474246,0.8904455930035092,0.5682623364993262,1.1048991857290233,1.0,0.48719723183391006,0.3158366081906841,0.0,0.4626297577854671,0.47775039859067553,1.031333531333543,0.4109484300793789,0.0,0.3648734017810251,2025,0.0,0.0,0.015029203612900912,3.0
2025-12-26,0.7003671284343492,0.5425706614744492,0.6213140145712048,1.0872130151254413,0.5025570366946405,1.0145428132586998,0.0,0.48719723183391006,0.7593340836117394,1.0,0.4626297577854671,0.3637925197755758,0.25541281296958357,0.4109484300793789,3.3990349002095206,0.3648734017810251,2025,0.0,0.0,0.014892292563309336,0.0
2025-12-29,0.0005638606882010268,0.6142909376953353,0.5501697793574276,0.7585947534374059,0.4893351877226402,0.8727890026867053,0.0,0.48719723183391006,0.0024069960669638427,0.0,0.4626297577854671,0.37858279754086754,0.883317664264072,0.4109484300793789,0.10590549810230797,0.3648734017810251,2025,0.0,0.0,0.018941957236646812,1.0
2025-12-30,0.1603582253486513,0.7715414887971679,0.5501274011726294,0.7544785929929461,0.26552265386415913,0.7277609556558363,0.0,0.48719723183391006,0.22260962653818117,1.0,0.4626297577854671,0.7151914493228141,0.4121769527074129,0.4109484300793789,0.7632994519013693,0.3648734017810251,2025,0.0,0.0,0.019404173884525856,2.0
2025-12-31,0.34567745171899616,0.3337853290001993,0.4855896931967399,0.6792931816513216,0.32504289141640064,0.6339140657866397,1.0,0.48719723183391006,0.3601466271148822,0.0,0.4626297577854671,0.4337902475748934,0.9227921604599609,0.4109484300793789,0.13621733183728096,0.3648734017810251,2025,1.0,0.0,0.020179591572298875,3.0
2026-01-02,0.11392326853687634,0.7559880739631593,0.3840637907635963,0.7375852848458518,0.3692176190903343,0.798707959550897,1.0,0.4952350698856417,0.23540258931856894,0.0,0.4552096569250318,0.6642085663229145,1.4107751761764022,0.4152478447164837,0.0,0.36086290905934393,2026,0.0,0.0,0.02031092006297817,0.0
2026-01-05,0.7829548616953063,0.08644938070624303,0.44304255523962593,0.868706281349347,0.25241337646743256,0.8438989693387767,1.0,0.4952350698856417,0.8599740594329792,0.0,0.4552096569250318,0.08333203304123438,0.5362728441911053,0.4152478447164837,0.23462631587303745,0.36086290905934393,2026,0.0,0.0,0.020223027748263588,1.0
2026-01-06,0.846471602553499,0.1847950373459171,0.4455782422644492,0.7665423254328162,0.40178655456015894,0.8028365340872545,1.0,0.4952350698856417,0.8990809431988098,1.0,0.4552096569250318,0.13974012711978034,0.06268243483763634,0.4152478447164837,0.7891784993869424,0.36086290905934393,2026,1.0,1.0,0.020089221155126635,2.0
2026-01-07,0.39865362666025295,0.4950904026952592,0.39792256269161563,0.6385284838093064,0.3811418221376312,0.8173561114109343,0.0,0.4952350698856417,0.39480108500643557,1.0,0.4552096569250318,0.5716798422809352,0.2531764484839885,0.4152478447164837,0.5350681478350116,0.36086290905934393,2026,0.0,1.0,0.02047376382780862,3.0
2026-01-08,0.8693870693926888,0.1544009713851557,0.3519710689461863,0.665315485273771,0.41518205990960305,0.9580565992486992,1.0,0.4952350698856417,0.8855214482857293,0.0,0.4552096569250318,0.14299354988946544,0.4267420512072055,0.4152478447164837,0.2631647679697669,0.36086290905934393,2026,0.0,0.0,0.02076740670404823,4.0
2026-01-09,0.8253513158392803,0.22643803619271138,0.4076373433703423,0.7897982399748744,0.39562211358004556,0.8269055766198069,1.0,0.4952350698856417,0.8693283497540422,0.0,0.4552096569250318,0.20211822031778903,1.3022128896785574,0.4152478447164837,0.0,0.36086290905934393,2026,0.0,0.0,0.020594653573377,0.0
2026-01-12,0.5381394256835123,0.23851371870526414,0.38678075784637317,0.7916187061141513,0.37474055961531383,0.8578228649744588,1.0,0.4952350698856417,0.6964785230657023,0.0,0.4552096569250318,0.18369020299122454,0.3774777070063688,0.4152478447164837,0.2821910828025435,0.36086290905934393,2026,1.0,0.0,0.02134316768497595,1.0
2026-01-13,0.3227759645725442,0.7014690646577777,0.38540560941519475,0.7022313460298519,0.4447822681446445,0.7345382333844088,1.0,0.4952350698856417,0.3444203121819428,0.0,0.4552096569250318,0.740691608451367,0.5943177367358682,0.4152478447164837,0.0,0.36086290905934393,2026,1.0,0.0,0.020676072885477386,2.0
2026-01-14,0.7221244333714696,0.46040605754474906,0.37461541944926163,0.728735922978262,0.42190806050673807,0.826480255113937,0.0,0.4952350698856417,0.8108455853621495,1.0,0.4552096569250318,0.3532268619349374,0.06591718136732465,0.4152478447164837,0.4842090851005594,0.36086290905934393,2026,0.0,1.0,0.020297092069640144,3.0
2026-01-15,0.7198736179763882,0.45544109828991314,0.40546713283424074,0.8572686018331924,0.38752632016269883,0.9451272333073834,0.0,0.4952350698856417,0.7482169535745364,1.0,0.4552096569250318,0.40740377449662923,0.05322946087712812,0.4152478447164837,0.861339582234085,0.36086290905934393,2026,0.0,1.0,0.019942868284470144,4.0
2026-01-16,0.6307514579488266,0.2397691245670269,0.4246959244389417,0.7681426673277019,0.3820871088524618,0.8431600303999959,1.0,0.4952350698856417,0.6574514236522142,0.0,0.4552096569250318,0.2911056727946696,1.0086229382431897,0.4152478447164837,0.0,0.36086290905934393,2026,0.0,0.0,0.020255522601806727,0.0
2026-01-19,0.6457888448536242,0.4981936359968493,0.5457448296377169,1.0263870633736294,0.32848641582063937,0.8464882232946459,1.0,0.4952350698856417,0.7889081884948955,0.0,0.4552096569250318,0.2617699635095497,1.1709856266402483,0.4152478447164837,0.12920381667448633,0.36086290905934393,2026,0.0,0.0,0.01760034309304993,1.0
2026-01-20,0.8733260767343319,0.07072119233503407,0.6416559219546902,0.8744894532796094,0.39830758075819206,0.7916708241094976,1.0,0.4952350698856417,0.8550127221187575,0.0,0.4552096569250318,0.07316756949617019,1.4878956852878138,0.4152478447164837,0.09377443813539278,0.36086290905934393,2026,0.0,0.0,0.017640394109352336,2.0
2026-01-21,0.3685773322707103,0.4255737890664853,0.7523349673220319,1.0290161329060021,0.42690869810925525,0.9928363502387074,1.0,0.4952350698856417,0.41949592442222905,0.0,0.4552096569250318,0.2224495004737108,1.2647989490990548,0.4152478447164837,0.6799957038640433,0.36086290905934393,2026,0.0,0.0,0.017895139294644192,3.0
2026-01-22,0.8866701118579717,0.01650921296599284,0.7481340086268181,1.0561038145127373,0.5371206969615496,1.0900856064820534,1.0,0.4952350698856417,0.7166269303925161,0.0,0.4552096569250318,0.04006116404200181,0.582784546366343,0.4152478447164837,0.39915407761027,0.36086290905934393,2026,0.0,0.0,0.01861069687124055,4.0
2026-01-23,0.8656891298219409,0.1651442199786586,0.7296946495868957,1.1523854534058366,0.39032709983544317,0.9550821868300083,1.0,0.4952350698856417,0.8712651130016191,0.0,0.4552096569250318,0.10325717331065568,1.3766789644323096,0.4152478447164837,0.0,0.36086290905934393,2026,0.0,0.0,0.017932178885892543,0.0
2026-01-26,0.041330751980832144,0.9472893668366937,0.7004648084241998,0.9540785484397933,0.5179168970102052,1.2685656061544737,1.0,0.4952350698856417,0.13928827667322935,0.0,0.4552096569250318,0.666935214809819,1.9538298980123057,0.4152478447164837,0.0,0.36086290905934393,2026,0.0,0.0,0.01862712854065055,1.0
2026-01-27,0.9245478641811065,0.02291855854545663,0.8728828435034371,1.1257302414920605,0.3489444058201087,1.002844402301826,1.0,0.4952350698856417,0.7766017824231496,0.0,0.4552096569250318,0.04285009612066286,2.361190032521131,0.4152478447164837,0.23568255407789696,0.36086290905934393,2026,0.0,0.0,0.01945787231883675,2.0
2026-01-28,0.9487498460137358,0.0033924006250233354,0.8331683471360206,1.343142790309532,0.5908047498907631,1.1292128384496347,1.0,0.4952350698856417,0.6895687767790146,1.0,0.4552096569250318,0.018937794959583105,1.5751497249058541,0.4152478447164837,2.7769707794438148,0.36086290905934393,2026,1.0,1.0,0.02111111433386219,3.0
2026-01-29,0.006037117162099917,0.046951030210498526,0.7921361359575805,1.0399685654177293,0.7013414439813497,1.2661725011023937,0.0,0.4952350698856417,0.01882913484062044,1.0,0.4552096569250318,0.044426654263188085,0.550533195734431,0.4152478447164837,4.0,0.36086290905934393,2026,0.0,0.0,0.027062553878407482,4.0
2026-01-30,4.3321029155735735e-05,0.3114757757157409,0.5149075256093801,0.8901781758091251,0.6117786070265143,0.9918494989286674,0.0,0.4952350698856417,0.000848518311274211,1.0,0.4552096569250318,0.09453656021238988,0.0,0.4152478447164837,2.5457205013676045,0.36086290905934393,2026,0.0,0.0,0.03914168634069992,0.0
2026-02-02,0.028190334866324704,0.08632894412701156,0.5606706943853023,0.7200635521941805,0.31353372046288874,0.8162077919978157,1.0,0.4952350698856417,0.08062215645772791,0.0,0.4552096569250318,0.18387914836405012,1.501830817034336,0.4152478447164837,0.0,0.36086290905934393,2026,0.0,0.0,0.04754548670049244,1.0
2026-02-03,0.6431396118454382,0.040185469918271516,0.300732597206918,0.6788596970601903,0.346736371411585,0.7214062217797204,1.0,0.4952350698856417,0.7769792862722905,0.0,0.4552096569250318,0.09848312922345731,0.5995460047530394,0.4152478447164837,0.3804444654901487,0.36086290905934393,2026,1.0,0.0,0.04878680209788635,2.0
2026-02-04,0.20598788280080027,0.36863737107381145,0.423353444092728,0.8982738327816188,0.3827954431024097,0.8086550785046579,0.0,0.4952350698856417,0.45972242663378776,1.0,0.4552096569250318,0.4912157847701285,0.23169975447211327,0.4152478447164837,0.8041529287969125,0.36086290905934393,2026,0.0,0.0,0.05127084067058448,3.0
2026-02-05,0.021801162750904515,0.8232338711713065,0.48982850122355037,0.7091452704427905,0.2866015182982594,0.6990247443646623,0.0,0.4952350698856417,0.10743780316330265,1.0,0.4552096569250318,0.819452329824308,0.7163740502879857,0.4152478447164837,0.4669110182622547,0.36086290905934393,2026,0.0,1.0,0.05593978795950475,4.0
