date,p_pdh_sweep,p_pdl_sweep,up_excursion_p50,up_excursion_q,down_excursion_p50,down_excursion_q,y_pdh_sweep,clim_pdh_sweep,core3_pdh_sweep,y_pdl_sweep,clim_pdl_sweep,core3_pdl_sweep,y_up_excursion_atr,ref_up_excursion,y_down_excursion_atr,ref_down_excursion,year,y_pdh_reject,y_pdl_reject,d1_atr_pct,next_weekday
2017-01-03,0.3582958865255956,0.22641969968411219,0.4710465045248826,0.954998995569266,0.5231389738759367,0.7846903915179941,1.0,0.42736077481840196,0.4714005508561237,0.0,0.4854721549636804,0.19044249556234877,0.6684065090574116,0.3709511982498698,0.17695220550609195,0.3938742859996046,2017,1.0,0.0,0.012048935621862412,2.0
2017-01-04,0.487347541368238,0.4603852670030605,0.43249127555865524,0.983905714241337,0.6067881550778065,0.8133117985639725,1.0,0.42736077481840196,0.5827540661824931,0.0,0.4854721549636804,0.3794269791675843,1.5614044001829248,0.3709511982498698,0.009958843554704567,0.3938742859996046,2017,0.0,0.0,0.012087997130474913,3.0
2017-01-05,0.5342237898695325,0.13559004947907874,0.29840991880295764,0.9322502913585731,0.3321350035718338,0.6303017133468467,0.0,0.42736077481840196,0.5032311531158852,0.0,0.4854721549636804,0.09122207890795532,0.20333004823903028,0.3709511982498698,0.6564655843145382,0.3938742859996046,2017,0.0,0.0,0.011671679452903996,4.0
2017-01-06,0.2482805164653046,0.7580322042437772,0.29887793413605085,0.7828096597406304,0.416944853970942,0.5425883337184905,1.0,0.42736077481840196,0.1356572791007866,0.0,0.4854721549636804,0.8119262357734776,1.0503251188459675,0.3709511982498698,0.05966887055351966,0.3938742859996046,2017,1.0,0.0,0.011150851196061452,0.0
2017-01-09,0.4224554662547431,0.4445516294711915,0.43246370996373695,0.8145974112149837,0.36753429790356296,0.6043296798344978,1.0,0.42736077481840196,0.5126498001024575,0.0,0.4854721549636804,0.27723663213292776,0.7741194486983266,0.3709511982498698,0.022970903522201765,0.3938742859996046,2017,0.0,0.0,0.011064327287206535,1.0
2017-01-10,0.7149817728548962,0.3582383276167333,0.3465675799770205,0.8558656446155007,0.3710547936900593,0.8632384844498123,1.0,0.42736077481840196,0.7195725613662641,1.0,0.4854721549636804,0.278028757445087,0.8149355943257823,0.3709511982498698,0.7883037121582801,0.3938742859996046,2017,0.0,1.0,0.01106781329027879,2.0
2017-01-11,0.46137081228339094,0.17419707855108418,0.41831726607898023,0.981054579411239,0.4415215084054258,0.7567737179493897,1.0,0.42736077481840196,0.36313418036474393,0.0,0.4854721549636804,0.15767004433001297,1.1245421245421183,0.3709511982498698,0.07912087912087383,0.3938742859996046,2017,1.0,0.0,0.01145653232168935,3.0
2017-01-12,0.1722049310454074,0.741293155071389,0.3258907433253557,0.6985229649409465,0.42952982500941833,0.6118250029044741,0.0,0.42736077481840196,0.20898736186469488,1.0,0.4854721549636804,0.579429675917949,0.3896676011213423,0.3709511982498698,0.5214257108530281,0.3938742859996046,2017,0.0,1.0,0.011937829581148062,4.0
2017-01-13,0.5941056509712693,0.3928162855331634,0.411571204397936,0.8577692555715619,0.47393660137117,0.7698848126972435,1.0,0.42736077481840196,0.6674057583970909,0.0,0.4854721549636804,0.26158304615500516,0.7622923024754166,0.3709511982498698,0.0,0.3938742859996046,2017,0.0,0.0,0.012316135013907324,0.0
2017-01-16,0.4887762114942162,0.6340562746952666,0.27174703953118906,0.7352498546799544,0.5088727016950702,1.1300463160488743,1.0,0.42736077481840196,0.5148348466234928,0.0,0.4854721549636804,0.559095461969175,1.0727662616154352,0.3709511982498698,0.01801286633310903,0.3938742859996046,2017,0.0,0.0,0.012463755032126014,1.0
2017-01-17,0.7439199804314407,0.18669351084283706,0.34425672458279494,0.9020087567625319,0.3721654551434818,0.7219752853626579,0.0,0.42736077481840196,0.767355097836335,1.0,0.4854721549636804,0.11002629519792556,0.057435204401750685,0.3709511982498698,0.9811284328394213,0.3938742859996046,2017,0.0,1.0,0.012163263293350744,2.0
2017-01-18,0.16744716170005086,0.904022859066548,0.4476025676394127,0.9168096325545821,0.42396642028112186,0.8947693139725166,0.0,0.42736077481840196,0.099432783727382,1.0,0.4854721549636804,0.8168222744696991,0.16435293021522282,0.3709511982498698,0.5276250815242653,0.3938742859996046,2017,0.0,1.0,0.012736835359818868,3.0
2017-01-19,0.81052354015359,0.3249110398782683,0.3801295522105516,0.9412966395415449,0.5665232211865794,1.0299186249193224,1.0,0.42736077481840196,0.7911477233422027,0.0,0.4854721549636804,0.22549883308267132,0.6980703196788666,0.3709511982498698,0.41098805435991254,0.3938742859996046,2017,0.0,0.0,0.012261858308732918,4.0
2017-01-20,0.496880299226743,0.3710788868615589,0.28310952361182745,0.7618741335394837,0.5955559024623526,1.1326352897654552,1.0,0.42736077481840196,0.5188669589144423,0.0,0.4854721549636804,0.27031313813604413,0.6975612084188307,0.3709511982498698,0.028730969312274576,0.3938742859996046,2017,0.0,0.0,0.012379896744582869,0.0
2017-01-23,0.6550143482512794,0.4254165929023557,0.3421437063932153,0.7982619437347818,0.42588084200097925,1.0286343269812441,1.0,0.42736077481840196,0.8350868827277395,1.0,0.4854721549636804,0.17605184067606142,0.1469525177006568,0.3709511982498698,0.7909095410209335,0.3938742859996046,2017,1.0,1.0,0.011845720010041035,1.0
2017-01-24,0.1837439845042245,0.848355045626821,0.31161654882093165,0.5791306442358178,0.46429797739965545,0.9256742417131468,0.0,0.42736077481840196,0.15368471128176758,1.0,0.4854721549636804,0.7734207893065346,0.05085910652921024,0.3709511982498698,1.0817869415807564,0.3938742859996046,2017,0.0,0.0,0.012035734965671273,2.0
2017-01-25,0.37548902932641515,0.5451008689832815,0.21483719896743161,0.5062100543996123,0.41265959065153457,0.7297234007922936,0.0,0.42736077481840196,0.21952418547823285,1.0,0.4854721549636804,0.512534896489051,0.17739411378666206,0.3709511982498698,1.1074763996163415,0.3938742859996046,2017,0.0,0.0,0.011791759281196159,3.0
2017-01-26,0.18565557822706868,0.7146004158480742,0.2746323729207766,0.6117780735321934,0.47311702340997813,0.8695539426522713,0.0,0.42736077481840196,0.10541286120495996,1.0,0.4854721549636804,0.6687479962626645,0.21161277698967318,0.3709511982498698,0.5519737807562458,0.3938742859996046,2017,0.0,1.0,0.012286505218594366,4.0
2017-01-27,0.7730188454443254,0.2217344004256303,0.4260686533684708,0.7338252770290921,0.3005387953487262,0.7592815532886005,1.0,0.42736077481840196,0.8493386865961252,0.0,0.4854721549636804,0.14093713580639824,0.5779081911771996,0.3709511982498698,0.19634953001441868,0.3938742859996046,2017,0.0,0.0,0.012059299100845399,0.0
2017-01-30,0.5427131635864182,0.46259063624176777,0.2747926971176889,0.9150751439768595,0.4247982927014087,0.9562106428128624,1.0,0.42736077481840196,0.6518089265090306,0.0,0.4854721549636804,0.35400180921371804,1.3848746159183327,0.3709511982498698,0.11239964317574443,0.3938742859996046,2017,0.0,0.0,0.012058748299775027,1.0
2017-01-31,0.5360709886519199,0.16832287407625932,0.29605696474420024,0.784465697606668,0.4052733554520309,0.9078716108083484,0.0,0.42736077481840196,0.5451822590310841,0.0,0.4854721549636804,0.10210861360641409,0.18063176627613173,0.3709511982498698,0.8588659844777378,0.3938742859996046,2017,0.0,0.0,0.011937119017130553,2.0
2017-02-01,0.7198361268913904,0.21952925669084464,0.47760538079888465,0.9208834400390834,0.4650610484525598,0.7970610743777169,1.0,0.42736077481840196,0.6171354406007682,0.0,0.4854721549636804,0.20731796997763113,1.0913978494623733,0.3709511982498698,0.08572281959378875,0.3938742859996046,2017,0.0,0.0,0.01186312757114154,3.0
2017-02-02,0.36630045503189873,0.5033656711746384,0.2914564878730718,0.5531073808065143,0.4836551265748852,0.683057075296354,0.0,0.42736077481840196,0.32043502591576667,1.0,0.4854721549636804,0.43153146084860555,0.3821848903647944,0.3709511982498698,0.6194266738291868,0.3938742859996046,2017,0.0,1.0,0.012031776063364088,4.0
2017-02-03,0.6815065804901442,0.22963389073004095,0.4287674504607498,0.8436842293225788,0.49144346527086874,1.0023887987205369,1.0,0.42736077481840196,0.7823727141480779,0.0,0.4854721549636804,0.12555431013307675,1.048419636852719,0.3709511982498698,0.06254203093477231,0.3938742859996046,2017,0.0,0.0,0.012188924227023827,0.0
2017-02-06,0.8181938744374492,0.13033401846746043,0.3703134545902435,0.8254226292754504,0.3264184943414926,0.7784865516565024,1.0,0.42736077481840196,0.8288681792431459,0.0,0.4854721549636804,0.07577049223756176,0.032925365970723,0.3709511982498698,0.5106791456683565,0.3938742859996046,2017,1.0,0.0,0.012048757130365972,1.0
2017-02-07,0.60506394451221,0.5175819024588582,0.45367843700975147,0.941022355114677,0.41145168984539615,0.8278003242480125,1.0,0.42736077481840196,0.7654433546023056,0.0,0.4854721549636804,0.34602973154115607,0.774953996120746,0.3709511982498698,0.2485701496991054,0.3938742859996046,2017,0.0,0.0,0.011643784846807236,2.0
2017-02-08,0.6519263909407884,0.3405605850094941,0.3636245804471505,0.9065696028557864,0.3650106173973656,0.6606212154182801,0.0,0.42736077481840196,0.7007878965972335,1.0,0.4854721549636804,0.183168562542869,0.20881263404173547,0.3709511982498698,1.087054006628962,0.3938742859996046,2017,0.0,0.0,0.011804929806814813,3.0
2017-02-09,0.14581275310821692,0.7667520711989745,0.3987584199957152,0.8742147910903879,0.369863119004797,0.6802578724666584,0.0,0.42736077481840196,0.07608380513313322,1.0,0.4854721549636804,0.7236937884665936,0.5720748905039232,0.3709511982498698,0.47032776628002243,0.3938742859996046,2017,0.0,1.0,0.012080451843901281,4.0
2017-02-10,0.6334874810816166,0.2616711697601676,0.348625820135638,0.8473688303741077,0.43166219825763924,0.802782198877791,0.0,0.42736077481840196,0.6599704245936986,1.0,0.4854721549636804,0.19988926152168213,0.0,0.3709511982498698,0.929509817770865,0.3938742859996046,2017,0.0,1.0,0.01229985300641838,0.0
2017-02-13,0.4693745679173639,0.5246269327824481,0.2762370685925322,0.5737252901879577,0.3157436568637848,0.5337773041815191,1.0,0.42736077481840196,0.35524615471688203,0.0,0.4854721549636804,0.5484632130832313,0.6002629848783765,0.3709511982498698,0.2287968441814607,0.3938742859996046,2017,1.0,0.0,0.012413793103448279,1.0
2017-02-14,0.4617586106884421,0.47944008392572207,0.46517573821305136,0.8280483918162008,0.33568889086224124,0.6480510285233283,0.0,0.42736077481840196,0.5103227648964151,1.0,0.4854721549636804,0.4460839478951249,0.3254412397761598,0.3709511982498698,0.7908356052996561,0.3938742859996046,2017,0.0,1.0,0.012157225777714728,2.0
2017-02-15,0.8236056633417705,0.08421771045633462,0.3893947273023314,0.8856782215982006,0.2775493723138713,0.7025231895191896,1.0,0.42736077481840196,0.7961693653988895,0.0,0.4854721549636804,0.0799130795024126,0.6111004047022506,0.3709511982498698,0.08296396222779072,0.3938742859996046,2017,0.0,0.0,0.012022344090655295,3.0
2017-02-16,0.6219769737328539,0.5284617746712462,0.3831805943592504,0.7873836824864784,0.42042386632684237,0.918133771683066,1.0,0.42736077481840196,0.7433372212448677,0.0,0.4854721549636804,0.30617665483914386,0.2993710691823945,0.3709511982498698,0.3264634736332802,0.3938742859996046,2017,1.0,0.0,0.011914176428951867,4.0
2017-02-17,0.18376262786424846,0.8862571131462861,0.3785222474656237,0.5082947007363804,0.40587668153396966,0.8161752127957707,0.0,0.42736077481840196,0.16916322674245513,1.0,0.4854721549636804,0.887484962029664,0.2768284347231679,0.3709511982498698,0.14217361585782115,0.3938742859996046,2017,0.0,1.0,0.011848456380187266,0.0
2017-02-20,0.7534612428207955,0.5770136720620419,0.3966540232898439,0.8831970404761356,0.4128943251325536,1.0609923743194707,0.0,0.42736077481840196,0.8545596016749258,1.0,0.4854721549636804,0.29577084193324743,0.08206157258278382,0.3709511982498698,0.8597982785023934,0.3938742859996046,2017,0.0,1.0,0.010929652446633038,1.0
2017-02-21,0.6210758783345705,0.2929424827148095,0.34759940260294203,1.0331589967546897,0.2917519832194888,0.6918655156021188,1.0,0.42736077481840196,0.6443120024077384,0.0,0.4854721549636804,0.2319914059615367,0.34496766262225964,0.3709511982498698,0.34197445079909267,0.3938742859996046,2017,1.0,0.0,0.010815188550432927,2.0
2017-02-22,0.6478084082995894,0.4693515702912919,0.4929208576343854,1.0829930920427804,0.35387112959909556,1.017396319858994,1.0,0.42736077481840196,0.6786722956008763,0.0,0.4854721549636804,0.35537957510967166,1.079384546772209,0.3709511982498698,0.11941130560822158,0.3938742859996046,2017,0.0,0.0,0.010356920568458569,3.0
2017-02-23,0.7671361456435758,0.1944668174584538,0.43899721244340895,0.9746173581749881,0.39152617530199163,0.9008091049618728,1.0,0.42736077481840196,0.7363437222168984,0.0,0.4854721549636804,0.1008225646438033,0.8457993225609496,0.3709511982498698,0.11583097340218841,0.3938742859996046,2017,0.0,0.0,0.01029835434482018,4.0
2017-02-24,0.647953400056577,0.36051319075003735,0.3300335703181828,0.7987149492755214,0.3937349968268437,0.889641103993138,1.0,0.42736077481840196,0.6927978889680679,0.0,0.4854721549636804,0.2005508520816985,0.5426850062521255,0.3709511982498698,0.4838012958963398,0.3938742859996046,2017,1.0,0.0,0.009998363346229574,0.0
2017-02-27,0.12194149440034117,0.8956936427647187,0.391904117560496,0.7967848743929049,0.46936772640529634,1.021337371703585,0.0,0.42736077481840196,0.13482950706514274,1.0,0.4854721549636804,0.7743315313860077,0.4329737206085685,0.3709511982498698,0.3973443983402569,0.3938742859996046,2017,0.0,0.0,0.01030639207283071,1.0
2017-02-28,0.21482969507862323,0.8783125864146092,0.44832566251976297,0.9090189948316576,0.5908576856435918,0.8915675639412409,0.0,0.42736077481840196,0.12687422367487938,1.0,0.4854721549636804,0.8526766722620961,0.18294959551959697,0.3709511982498698,0.901284154551118,0.3938742859996046,2017,0.0,1.0,0.010115952611766508,2.0
2017-03-01,0.767807185508075,0.1345997059824635,0.5088615865036366,0.9211202109566893,0.5063115418416227,0.9665002070648661,0.0,0.42736077481840196,0.7331587958945613,1.0,0.4854721549636804,0.10999209440667766,0.029392896716618565,0.3709511982498698,1.5161835889660091,0.3938742859996046,2017,0.0,0.0,0.009802834229368167,3.0
2017-03-02,0.11759796009826681,0.73310840060348,0.29389594773814187,0.6823975040123631,0.6120294994755978,0.8147857035092549,0.0,0.42736077481840196,0.04643870391066944,1.0,0.4854721549636804,0.6773859879284618,0.16886754701881723,0.3709511982498698,0.9027611044417719,0.3938742859996046,2017,0.0,1.0,0.010125279569543967,4.0
2017-03-03,0.7300198607691112,0.15073631230422524,0.3588532928984725,0.7945570779471859,0.3923161028025865,0.8616323427623837,1.0,0.42736077481840196,0.7117152080269632,0.0,0.4854721549636804,0.13444425430059362,0.1727700608426194,0.3709511982498698,0.7891172081276463,0.3938742859996046,2017,1.0,0.0,0.010080017588826509,0.0
2017-03-06,0.11618899654871186,0.8435108764663,0.33698784542890053,0.7463954818930141,0.3149726337735079,0.6084176914141147,0.0,0.42736077481840196,0.08743765108175992,1.0,0.4854721549636804,0.854880195150838,0.1475976494987838,0.3709511982498698,0.9001036985827895,0.3938742859996046,2017,0.0,0.0,0.010119465425451325,1.0
2017-03-07,0.1190646891176763,0.8422226899486939,0.28862089302684885,0.6615355276807031,0.38802493775298286,0.6484884078190327,0.0,0.42736077481840196,0.0937593936023209,1.0,0.4854721549636804,0.7968334635372012,0.23484402589759729,0.3709511982498698,0.7457327839905765,0.3938742859996046,2017,0.0,0.0,0.009983640697056768,2.0
2017-03-08,0.1748969347572357,0.7839918519496046,0.240562788381207,0.4844059842637187,0.38297355063262745,0.7881290746548835,0.0,0.42736077481840196,0.12002526115805859,1.0,0.4854721549636804,0.8030461634503845,0.07101626727303612,0.3709511982498698,0.7289370882164329,0.3938742859996046,2017,0.0,0.0,0.01014140372495992,3.0
2017-03-09,0.25398949931400167,0.7839370517697838,0.32623145040161583,0.5593850418841587,0.3809843158776176,0.9568350714402253,0.0,0.42736077481840196,0.18272086947342345,1.0,0.4854721549636804,0.8042026644916873,0.44342418783053617,0.3709511982498698,0.480037194165171,0.3938742859996046,2017,0.0,1.0,0.010235949735758225,4.0
2017-03-10,0.7277248512461311,0.1861430017054359,0.2921147510420261,0.6097876322857804,0.5994379173076395,0.7790423635862472,1.0,0.42736077481840196,0.7701577586911861,0.0,0.4854721549636804,0.16854386708650446,0.5180213209994855,0.3709511982498698,0.17135766258672722,0.3938742859996046,2017,1.0,0.0,0.010513550376564127,0.0
2017-03-13,0.2673243780368682,0.7043688590883606,0.3527742757448061,0.6472251139883696,0.34490818660221556,0.907730945447863,0.0,0.42736077481840196,0.24863679649210105,1.0,0.4854721549636804,0.7979588611474856,0.29328254847644325,0.3709511982498698,0.5502077562326981,0.3938742859996046,2017,0.0,0.0,0.010281043673076152,1.0
2017-03-14,0.2159357186837233,0.8074676939905352,0.4159201899830974,0.8526481867070002,0.30323105642369186,0.8243756808398551,1.0,0.42736077481840196,0.1576358186612657,0.0,0.4854721549636804,0.8187229030579241,1.880142087773553,0.3709511982498698,0.0802108399220805,0.3938742859996046,2017,0.0,0.0,0.010403156589738751,2.0
2017-03-15,0.8848790791429101,0.019748021215468634,0.35319804451135245,0.7727473231900146,0.5561261926142922,0.8286266430448107,1.0,0.42736077481840196,0.542635803673969,0.0,0.4854721549636804,0.03980441844223381,1.0887702864611644,0.3709511982498698,0.11360418255092071,0.3938742859996046,2017,0.0,0.0,0.010756492734300254,3.0
2017-03-16,0.35939447313943934,0.38306529453366844,0.301306418559214,0.6264309539831455,0.32066064976171854,0.58634351736275,0.0,0.42736077481840196,0.39183976370793927,0.0,0.4854721549636804,0.33874745694726427,0.40797775638969336,0.3709511982498698,0.13100203186824907,0.3938742859996046,2017,0.0,0.0,0.010895261708823547,4.0
2017-03-17,0.626014837035783,0.5713566938550861,0.38346271802308757,0.7480160874346022,0.37451458802996224,0.7767362524006743,1.0,0.42736077481840196,0.7028442546681791,0.0,0.4854721549636804,0.4465941292136144,0.5150011030222856,0.3709511982498698,0.0,0.3938742859996046,2017,0.0,0.0,0.010540671575415352,0.0
2017-03-20,0.7490516712947687,0.47956722021873394,0.46009536963038444,0.8470920359505406,0.37539574915373997,0.8405484743029321,1.0,0.42736077481840196,0.8391732062779487,1.0,0.4854721549636804,0.2908419295555067,1.0693292717323801,0.3709511982498698,0.566254865459473,0.3938742859996046,2017,0.0,1.0,0.010261637902590007,1.0
2017-03-21,0.5299513889468644,0.09041140193284815,0.2638935529095019,0.9324830035438761,0.2866451736398488,0.6502292003295607,1.0,0.42736077481840196,0.5442039781903683,0.0,0.4854721549636804,0.07869513458182321,0.525693200933316,0.3709511982498698,0.03418525150578231,0.3938742859996046,2017,0.0,0.0,0.010579437921794044,2.0
2017-03-22,0.6738443432295863,0.5608693614526701,0.40753640530538376,0.882091098080301,0.5204715494006955,0.9939656627897252,1.0,0.42736077481840196,0.7415824652981583,1.0,0.4854721549636804,0.3737418810069496,0.3614890291205948,0.3709511982498698,0.4919817055520295,0.3938742859996046,2017,1.0,1.0,0.009880640625661434,3.0
2017-03-23,0.26597178597239,0.7348990465517851,0.37562222258006783,0.620348218721297,0.549419491515833,0.7817963924208575,0.0,0.42736077481840196,0.2062650473822398,1.0,0.4854721549636804,0.7484979165654936,0.5612527226702708,0.3709511982498698,0.3321363395537918,0.3938742859996046,2017,0.0,1.0,0.009746623366191235,4.0
2017-03-24,0.3210974088221815,0.7137709462638998,0.4855196410267549,0.9348058367873857,0.49124412046613325,0.8931857017400607,1.0,0.42736077481840196,0.3018242911116578,0.0,0.4854721549636804,0.624091308754722,1.3590138674884473,0.3709511982498698,0.0,0.3938742859996046,2017,0.0,0.0,0.00968458799464637,0.0
2017-03-27,0.3883986006532754,0.46466847646173,0.3227547294755904,0.4944830929835057,0.7118806255300798,1.1888073904203527,0.0,0.42736077481840196,0.41930002720397075,0.0,0.4854721549636804,0.2798258346279448,0.3334688897925897,0.3709511982498698,0.5376169174461242,0.3938742859996046,2017,0.0,0.0,0.009803608876272839,1.0
2017-03-28,0.4301912885956865,0.7085346306785445,0.394502022467136,0.6669490991694943,0.6200840920680698,0.9096893526200583,0.0,0.42736077481840196,0.32736562146865966,1.0,0.4854721549636804,0.6024555293277166,0.23996723996724414,0.3709511982498698,0.3619983619983478,0.3938742859996046,2017,0.0,1.0,0.009755746782041799,2.0
2017-03-29,0.720172769825572,0.4811140877674977,0.3896923171407247,1.0001865512802985,0.3714465724664565,0.9111069584890217,1.0,0.42736077481840196,0.7864767683334094,1.0,0.4854721549636804,0.29547515573464334,0.17116742833402052,0.3709511982498698,0.8824262567511297,0.3938742859996046,2017,1.0,0.0,0.009606864897226142,3.0
2017-03-30,0.08380531872902343,0.8940947567057111,0.41007602992414693,0.8494875231651464,0.3638076641995563,0.9099422073622079,0.0,0.42736077481840196,0.08052372393860678,1.0,0.4854721549636804,0.834276099178272,0.6273701566364289,0.3709511982498698,0.27699917559770154,0.3938742859996046,2017,0.0,1.0,0.009759433582750042,4.0
2017-03-31,0.6395668630407783,0.38353907322396585,0.3724843295671281,0.8763221503433568,0.3907307039619513,0.7921359422426854,1.0,0.42736077481840196,0.754363077268034,0.0,0.4854721549636804,0.18777943156801236,0.41741253051260124,0.3709511982498698,0.3344182262001723,0.3938742859996046,2017,0.0,0.0,0.009844364521839453,0.0
2017-04-03,0.7517297888738679,0.2775796789495537,0.3266618683642418,0.8001212937768043,0.6416192359407648,1.3238305120618785,1.0,0.42736077481840196,0.8671571134773025,0.0,0.4854721549636804,0.133991483171898,0.6538686644035867,0.3709511982498698,0.00655507432987336,0.3938742859996046,2017,0.0,0.0,0.009738964293124264,1.0
2017-04-04,0.3974342897485947,0.7304298048601467,0.24633878473815563,0.5691785447139486,0.6701322151541416,1.090801019386647,0.0,0.42736077481840196,0.3950087435828626,1.0,0.4854721549636804,0.6525117821844195,0.1259709994821423,0.3709511982498698,1.110176074572757,0.3938742859996046,2017,0.0,1.0,0.008786588508043213,2.0
2017-04-05,0.8259379347255971,0.09849151251644933,0.38809342958084503,0.8718984412301899,0.37289173363438866,1.0851294745345883,1.0,0.42736077481840196,0.621274428915669,0.0,0.4854721549636804,0.12124693073782325,0.31611421069905205,0.3709511982498698,0.5228749589760241,0.3938742859996046,2017,1.0,0.0,0.008668681677587666,3.0
2017-04-06,0.2714279234032237,0.8296330112250125,0.35664313723741686,0.576492886546423,0.5411696661227917,0.9950749003799597,1.0,0.42736077481840196,0.19614676522838717,0.0,0.4854721549636804,0.7802865435507155,1.76225045372051,0.3709511982498698,0.08348457350270806,0.3938742859996046,2017,1.0,0.0,0.008806488991888784,4.0
2017-04-07,0.02513043156422166,0.8140365431754099,0.31253756434908003,0.758378123047537,0.689743570857339,1.0306039142260488,0.0,0.42736077481840196,0.05538238650086753,1.0,0.4854721549636804,0.5642044914557336,0.2784161952962118,0.3709511982498698,0.5543316463233172,0.3938742859996046,2017,0.0,1.0,0.009569277122163133,0.0
2017-04-10,0.6136178883483253,0.4345691934918087,0.458876052254604,0.7706959174266335,0.674857112290027,1.0772020698919922,1.0,0.42736077481840196,0.6516317629495488,0.0,0.4854721549636804,0.268359492305745,1.8538446861285929,0.3709511982498698,0.10684983781721434,0.3938742859996046,2017,0.0,0.0,0.008954769954163984,1.0
2017-04-11,0.7718562465688719,0.06005581948795012,0.4271853233262091,0.9361706641220904,0.6422503571364776,1.2888287030104217,1.0,0.42736077481840196,0.6364438127739467,0.0,0.4854721549636804,0.03299475401554312,1.0059343728182373,0.3709511982498698,0.19792878752618612,0.3938742859996046,2017,0.0,0.0,0.009635177254075393,2.0
2017-04-12,0.841010094280202,0.1343123685006769,0.5106734553638809,1.0714596963585525,0.5175616425388536,1.1073236491791083,1.0,0.42736077481840196,0.8031217099575945,0.0,0.4854721549636804,0.07385655841462031,0.1875887128825402,0.3709511982498698,0.3465621983761917,0.3938742859996046,2017,0.0,0.0,0.009782141440890046,3.0
2017-04-13,0.7497743997972662,0.48793118674857916,0.6240105348775205,1.0068547848350435,0.5647570292406838,1.0057436308523224,1.0,0.42736077481840196,0.8153124481398588,1.0,0.4854721549636804,0.2947061188681295,0.68286727515843,0.3709511982498698,0.4671821405732238,0.3938742859996046,2017,1.0,1.0,0.009546638724021598,4.0
2017-04-17,0.08582396522649481,0.8655452241636696,0.4342656061524158,0.7147745068539318,0.6905731673517068,1.1244239972620542,0.0,0.42736077481840196,0.13009308627825536,1.0,0.4854721549636804,0.6879387758749159,0.6680018850141498,0.3709511982498698,0.433788878416588,0.3938742859996046,2017,0.0,1.0,0.009442967281141865,1.0
2017-04-18,0.5312164884178585,0.3349957413773988,0.5075023459995801,0.8197182048701703,0.57705612933795,0.9200659792618767,0.0,0.42736077481840196,0.6372190235182192,1.0,0.4854721549636804,0.187929615106484,0.1299228583028754,0.3709511982498698,1.2228989037758797,0.3938742859996046,2017,0.0,1.0,0.009554214250248253,2.0
2017-04-19,0.257576263436967,0.6039345811569435,0.39415795505869783,0.7194006485995171,0.4820990273188155,0.9193863830118915,0.0,0.42736077481840196,0.1413574375169705,0.0,0.4854721549636804,0.5599818560022795,0.29506933744221353,0.3709511982498698,0.2257318952234258,0.3938742859996046,2017,0.0,0.0,0.010144904881746976,3.0
2017-04-20,0.7542687736116178,0.5359690862082916,0.474545560970144,0.9463332841622789,0.7029240043495381,1.0172950943986974,1.0,0.42736077481840196,0.7815517036308444,0.0,0.4854721549636804,0.3521790573370744,0.540728100113781,0.3709511982498698,0.2373151308304726,0.3938742859996046,2017,0.0,0.0,0.009799855510662776,4.0
2017-04-21,0.46259272246210487,0.5530596347133334,0.45041308238236183,0.9187530501115985,0.6136744965329548,0.9955559263246921,0.0,0.42736077481840196,0.5629266198784834,1.0,0.4854721549636804,0.43554604281059023,0.0,0.3709511982498698,1.4793814432989736,0.3938742859996046,2017,0.0,0.0,0.009714615098715173,0.0
2017-04-24,0.7142438580998504,0.17355796755854863,0.5004360408336704,0.8840505992726085,0.5278049421119914,0.6744101009574355,1.0,0.42736077481840196,0.6726640834732005,1.0,0.4854721549636804,0.21571132264327425,0.215548664381693,0.3709511982498698,1.040422175072092,0.3938742859996046,2017,1.0,0.0,0.010296106177439644,1.0
2017-04-25,0.08151627952695825,0.7275097101173551,0.319744092461614,0.6027750123333595,0.32439620511364586,0.7925734314622706,0.0,0.42736077481840196,0.07548417984239424,1.0,0.4854721549636804,0.7708220637069448,0.5075946733250124,0.3709511982498698,0.26144402829795493,0.3938742859996046,2017,0.0,1.0,0.010867942960259419,2.0
2017-04-26,0.7571769835535861,0.35050217265981404,0.3233668855880399,0.736704659992377,0.3467998716875873,1.0118284283832335,0.0,0.42736077481840196,0.7926660991061755,0.0,0.4854721549636804,0.20196046590397682,0.0629097060689465,0.3709511982498698,0.5536054134066416,0.3938742859996046,2017,0.0,0.0,0.010650744977832525,3.0
2017-04-27,0.515421277337844,0.7037091375410857,0.32587817599968644,0.8556668269915908,0.3338832988663151,1.0248670895128484,0.0,0.42736077481840196,0.3960610483029586,0.0,0.4854721549636804,0.7018415168657596,0.3240603100446047,0.3709511982498698,0.08398810787852164,0.3938742859996046,2017,0.0,0.0,0.0106440449631222,4.0
2017-04-28,0.7802693773128383,0.4988327590470838,0.4581010715553647,0.9370618307937454,0.29024416088139104,0.9703926395171817,1.0,0.42736077481840196,0.8953251546063886,1.0,0.4854721549636804,0.22828718034817305,0.2662670739438609,0.3709511982498698,1.10379805198548,0.3938742859996046,2017,1.0,0.0,0.009775960298929959,0.0
2017-05-01,0.07319310257183272,0.75289434374334,0.33514551366317863,0.6955436220456018,0.3306540139123619,0.7517207453940807,0.0,0.42736077481840196,0.05979658173840436,1.0,0.4854721549636804,0.7532033481014849,0.12565096952909488,0.3709511982498698,0.32576177285318875,0.3938742859996046,2017,0.0,1.0,0.010264931921606641,1.0
2017-05-02,0.7397992704936873,0.4876293514099941,0.3587165045664317,0.9260653411785941,0.20446383321821565,0.8487600996515812,0.0,0.42736077481840196,0.8494685150277342,1.0,0.4854721549636804,0.27237550208131833,0.015337796713334663,0.3709511982498698,1.7774802191113688,0.3938742859996046,2017,0.0,0.0,0.009339111494098705,2.0
2017-05-03,0.04796753285823941,0.89061958901821,0.5402707910011265,0.9427453970584506,0.30332435547284686,0.7794026801968403,0.0,0.42736077481840196,0.02080797839463238,1.0,0.4854721549636804,0.7146590812884337,0.2996013133208323,0.3709511982498698,0.9759615384615443,0.3938742859996046,2017,0.0,0.0,0.009844892154101215,3.0
2017-05-04,0.12412519471132684,0.7800383598815778,0.370583496592184,0.6293257224656088,0.33195225816631346,0.7321979010950678,0.0,0.42736077481840196,0.07402561220832789,0.0,0.4854721549636804,0.7703434882453836,0.6313970342290204,0.3709511982498698,0.1100457130114723,0.3938742859996046,2017,0.0,0.0,0.010439448521495242,4.0
2017-05-05,0.2682015378216884,0.7612895629110057,0.3851107030032585,0.637687174468987,0.4008134234267524,0.9287969351356192,1.0,0.42736077481840196,0.1950941944604854,1.0,0.4854721549636804,0.823473517605113,0.7506723891273323,0.3709511982498698,0.5023175965665209,0.3938742859996046,2017,1.0,0.0,0.010172398136311909,0.0
2017-05-08,0.1280033183286911,0.5840371471059028,0.43548040275794697,0.6437775190108185,0.2949313103098355,0.7670818955324867,0.0,0.42736077481840196,0.17143681384523135,1.0,0.4854721549636804,0.5628105357479749,0.22459470146302185,0.3709511982498698,0.9062870699881383,0.3938742859996046,2017,0.0,1.0,0.010317143020324264,1.0
2017-05-09,0.41647437173448837,0.40458909327647785,0.30020103154858624,0.7262954391680898,0.41129031840103314,0.7464508280051525,0.0,0.42736077481840196,0.2825569756199333,0.0,0.4854721549636804,0.44889036429520285,0.3719012995935261,0.3709511982498698,0.27171237190128855,0.3938742859996046,2017,0.0,0.0,0.010219544388641108,2.0
2017-05-10,0.38216937884497404,0.7800149750176538,0.24554113633931796,0.5027872140241467,0.3192041373117006,0.8352270506374254,1.0,0.42736077481840196,0.24116164184672476,1.0,0.4854721549636804,0.831233858943302,0.7113788791633353,0.3709511982498698,0.14163919518019055,0.3938742859996046,2017,1.0,1.0,0.010312432594648865,3.0
2017-05-11,0.5055858214676143,0.4055239134935421,0.3871310079873484,0.8931220469480501,0.34473018846234676,0.7218776186256376,1.0,0.42736077481840196,0.7102763660597127,0.0,0.4854721549636804,0.2521226265251454,0.5500593589236088,0.3709511982498698,0.0743965176098181,0.3938742859996046,2017,0.0,0.0,0.010317233495284397,4.0
2017-05-12,0.5296126493950244,0.48310413870274044,0.3967762703763625,0.9325485300848917,0.28767547753144446,0.703037953091135,1.0,0.42736077481840196,0.6030645668940342,0.0,0.4854721549636804,0.4852447304052404,0.7819395178260037,0.3709511982498698,0.09090362532316557,0.3938742859996046,2017,1.0,0.0,0.009675557887560419,0.0
2017-05-15,0.22135929861057801,0.6582940089611627,0.3088874510732886,0.5606834680291772,0.24498511050954555,0.6536110398546561,1.0,0.42736077481840196,0.2955453505120077,0.0,0.4854721549636804,0.6359489982452756,0.7768553773172775,0.3709511982498698,0.05854815554583239,0.3938742859996046,2017,1.0,0.0,0.00930326279089757,1.0
2017-05-16,0.6454767286039355,0.3774252691088733,0.42606826013161797,0.9257739567465925,0.2581751281187548,0.9072957084649159,1.0,0.42736077481840196,0.7507154763586967,0.0,0.4854721549636804,0.22064808951127293,2.1464732114816916,0.3709511982498698,0.08881351673889724,0.3938742859996046,2017,0.0,0.0,0.009195406282054864,2.0
2017-05-17,0.8253331641508191,0.019718841740514605,0.37909661953235785,0.8589915126894003,0.28184349253885466,0.8910430353985394,1.0,0.42736077481840196,0.5956358450230549,0.0,0.4854721549636804,0.021424468778705418,0.3128757799205935,0.3709511982498698,1.1998865570050943,0.3938742859996046,2017,1.0,0.0,0.009986484542190796,3.0
2017-05-18,0.06771285741167027,0.8655169158146331,0.6187269702919379,1.0068771168924973,0.4506284566577849,0.5884212571655024,0.0,0.42736077481840196,0.040123086378175944,0.0,0.4854721549636804,0.7812384361423079,0.687980617296949,0.3709511982498698,0.07005161698093654,0.3938742859996046,2017,0.0,0.0,0.010875766734107973,4.0
2017-05-19,0.7896089790779416,0.28699676715405203,0.48491765953185023,0.8359372116563646,0.4282142919224428,1.0582659291992698,1.0,0.42736077481840196,0.8450342776838556,0.0,0.4854721549636804,0.1522069064584084,0.5526315789473689,0.3709511982498698,0.26905437868530063,0.3938742859996046,2017,0.0,0.0,0.0104230093793427,0.0
2017-05-22,0.6013775477005248,0.3361425680559499,0.37208179090571153,0.797009296709921,0.45091956170906833,1.0110117323126626,1.0,0.42736077481840196,0.7631449159777477,1.0,0.4854721549636804,0.22258775808196252,0.2597692593970976,0.3709511982498698,0.7138072199479075,0.3938742859996046,2017,1.0,0.0,0.01066151380005397,1.0
2017-05-23,0.08678443751143504,0.8448204520340171,0.421250313874668,0.959067883048497,0.29888893359829094,0.6207482963670049,0.0,0.42736077481840196,0.07826804853243588,1.0,0.4854721549636804,0.8523866294753447,0.6124465663687233,0.3709511982498698,0.2456003997113255,0.3938742859996046,2017,0.0,1.0,0.010285490452246405,2.0
2017-05-24,0.8618553539645555,0.19942205218965903,0.35296982757782075,0.9804248886145088,0.319924004757306,0.9265733011283748,1.0,0.42736077481840196,0.8554060043581634,0.0,0.4854721549636804,0.1095802606583664,0.08688720605818394,0.3709511982498698,0.3770426464726995,0.3938742859996046,2017,1.0,0.0,0.00996884982756155,3.0
2017-05-25,0.45782565157346383,0.7464682000337513,0.35460971023780635,1.0172990546324068,0.3256140222643727,0.8630915976321794,1.0,0.42736077481840196,0.4181592787616738,1.0,0.4854721549636804,0.7712855174587976,1.1317243384704743,0.3709511982498698,0.19377726083164595,0.3938742859996046,2017,0.0,1.0,0.009783371852337372,4.0
2017-05-26,0.6085322600681994,0.16764906571625057,0.4284639388645559,0.6982408789117629,0.2808970396123561,0.6898536238659158,0.0,0.42736077481840196,0.6555440253319841,0.0,0.4854721549636804,0.10274319674786703,0.1914363520481987,0.3709511982498698,0.144388435019408,0.3938742859996046,2017,0.0,0.0,0.009732570021045219,0.0
2017-05-29,0.725264772015517,0.7408951726537661,0.4702544917137669,0.9216400037213404,0.36080817102260965,1.08258591675737,1.0,0.42736077481840196,0.6116636265887723,1.0,0.4854721549636804,0.6860488498665183,0.3189066059225359,0.3709511982498698,0.6403989410823184,0.3938742859996046,2017,1.0,0.0,0.009159779303624428,1.0
2017-05-30,0.2660290937276025,0.6339897993475226,0.3335985612180054,0.6967233612242006,0.2706472597354617,0.6031629882410492,1.0,0.42736077481840196,0.24761743242641668,0.0,0.4854721549636804,0.6489532164547148,0.9540264604603387,0.3709511982498698,0.27825771763426305,0.3938742859996046,2017,1.0,0.0,0.009363499266328835,2.0
2017-05-31,0.4515806410747474,0.4270232333690644,0.5019409385035853,1.0398940486374777,0.3877000068397864,0.7836390125267196,0.0,0.42736077481840196,0.47561298180183365,0.0,0.4854721549636804,0.24836232337553754,0.1305939308064837,0.3709511982498698,0.5975912150194855,0.3938742859996046,2017,0.0,0.0,0.00953702254358887,3.0
2017-06-01,0.6690759362603269,0.5880047864220187,0.39869261771917025,0.9618196996983173,0.36226857117277306,0.90950750672606,1.0,0.42736077481840196,0.4838909977651286,1.0,0.4854721549636804,0.5440406512310562,1.1262477980035086,0.3709511982498698,0.5540810334703473,0.3938742859996046,2017,0.0,1.0,0.009611249507585717,4.0
2017-06-02,0.7419919995645313,0.04445266410434814,0.3857711918396368,0.9078404028288792,0.3119252554393621,0.694846069543287,1.0,0.42736077481840196,0.6572471757157039,0.0,0.4854721549636804,0.04905501304511868,0.37489604701446533,0.3709511982498698,0.06209458335643059,0.3938742859996046,2017,1.0,0.0,0.010077572219714186,0.0
2017-06-05,0.48975918958378456,0.7331462536212544,0.41219874188898536,0.9203242039375489,0.40511161352166286,1.0645016038547075,1.0,0.42736077481840196,0.45884563044758386,0.0,0.4854721549636804,0.7648401488325735,1.322715937429163,0.3709511982498698,0.05157560643843862,0.3938742859996046,2017,0.0,0.0,0.009851369610612925,1.0
2017-06-06,0.7298421694213707,0.18051996416314617,0.413892992487867,0.8534192337112239,0.3883335578538786,0.9086710894552753,0.0,0.42736077481840196,0.669116571995405,0.0,0.4854721549636804,0.07315373839759007,0.07817512177734122,0.3709511982498698,0.9464179636450162,0.3938742859996046,2017,0.0,0.0,0.00929320007596197,2.0
2017-06-07,0.3229253221386233,0.8006717792387609,0.30838519926585145,0.660352396247362,0.41648699201216344,0.8949569859381171,0.0,0.42736077481840196,0.19884114187893578,1.0,0.4854721549636804,0.6172509028575044,0.1905822659488939,0.3709511982498698,1.334075861642218,0.3938742859996046,2017,0.0,0.0,0.008972291990059996,3.0
2017-06-08,0.21544098104910647,0.5974888440856416,0.25380726455907837,0.5881802890648856,0.4385121606511214,0.7719077598057449,0.0,0.42736077481840196,0.1210633906630751,1.0,0.4854721549636804,0.4749395479941708,0.3198958148345397,0.3709511982498698,1.0922867459894723,0.3938742859996046,2017,0.0,0.0,0.009444014597887207,4.0
2017-06-09,0.0900111888501355,0.8476575283710106,0.36694816826200183,0.7251820820679555,0.3200211680734111,0.9308785521212393,0.0,0.42736077481840196,0.05465835407320621,1.0,0.4854721549636804,0.7471412120926032,0.3108092683483712,0.3709511982498698,0.23170870905146812,0.3938742859996046,2017,0.0,1.0,0.009883297892142172,0.0
2017-06-12,0.41168736240111753,0.7902565929609747,0.3126476946476627,0.8711266636065524,0.4544009504984,0.9387335156246969,0.0,0.42736077481840196,0.41057153861987267,1.0,0.4854721549636804,0.7335546948175813,0.2676848398745071,0.3709511982498698,0.531225951577567,0.3938742859996046,2017,0.0,1.0,0.009534457924893732,1.0
2017-06-13,0.7074037980462258,0.373281963889337,0.43519589000973596,1.0420953558587023,0.3722548953764937,0.9063955284624934,1.0,0.42736077481840196,0.7030269764041485,1.0,0.4854721549636804,0.2696556050318032,1.2209156568972896,0.3709511982498698,0.7696531964424356,0.3938742859996046,2017,1.0,1.0,0.009450065207875434,2.0
2017-06-14,0.024978225462170527,0.8173849346746422,0.4171136490012742,0.9324819308483968,0.3893903572272375,1.0056527778503714,0.0,0.42736077481840196,0.037702577233979434,1.0,0.4854721549636804,0.5666547812429888,0.42936452325769997,0.3709511982498698,0.7229019565568884,0.3938742859996046,2017,0.0,0.0,0.0105103165727972,3.0
2017-06-15,0.1544928641007541,0.7104983991943182,0.33395065180651634,0.6616435845087373,0.382593590710713,0.5796416145898757,0.0,0.42736077481840196,0.10177615416310053,0.0,0.4854721549636804,0.7405840327973909,0.2534142640364136,0.3709511982498698,0.15022761760242986,0.3938742859996046,2017,0.0,0.0,0.010513133440219475,4.0
2017-06-16,0.5232460506128043,0.7392665147636996,0.41308512543419806,1.0512788628056196,0.3241310685082859,0.6908133398298009,0.0,0.42736077481840196,0.4770022501969461,1.0,0.4854721549636804,0.7725177654776247,0.1681206246634376,0.3709511982498698,0.7840603123317103,0.3938742859996046,2017,0.0,0.0,0.010583488162679061,0.0
2017-06-19,0.10977136873559597,0.8653269707888636,0.4413834926836639,0.6946940678522187,0.27453589031728814,0.7913670158929029,0.0,0.42736077481840196,0.09282590459409508,1.0,0.4854721549636804,0.8544941316055761,0.3357905982906001,0.3709511982498698,0.17275641025640676,0.3938742859996046,2017,0.0,1.0,0.010753145237539929,1.0
2017-06-20,0.45249501877973713,0.6812332669958258,0.36503047636485486,1.0094318942671958,0.3643436223413871,0.8437722283758351,0.0,0.42736077481840196,0.3811622667081502,1.0,0.4854721549636804,0.7763788144955007,0.36827732263278495,0.3709511982498698,0.1724349328428948,0.3938742859996046,2017,0.0,1.0,0.010311298581140453,2.0
2017-06-21,0.8091150271168821,0.3449516825697573,0.600238968180944,1.1819228301079248,0.24028528564186105,0.8302126053988181,1.0,0.42736077481840196,0.8433545866258737,0.0,0.4854721549636804,0.26008399163265183,0.6513094902844289,0.3709511982498698,0.1127569698676484,0.3938742859996046,2017,0.0,0.0,0.010175099974440428,3.0
2017-06-22,0.5347884588911851,0.5341786678170344,0.46570783810931077,1.294505212343351,0.21841633715527603,0.9133106148531712,1.0,0.42736077481840196,0.5589996503626526,0.0,0.4854721549636804,0.42343417247417475,0.7092326139088788,0.3709511982498698,0.06882494004795649,0.3938742859996046,2017,0.0,0.0,0.009529294009570399,4.0
2017-06-23,0.6853563588341406,0.3143477903265161,0.41744391593072283,0.9183345459864872,0.26667707339083735,0.9060946559762916,0.0,0.42736077481840196,0.7707479136128164,1.0,0.4854721549636804,0.24015532857722055,0.1174606899788837,0.3709511982498698,1.7101619338183514,0.3938742859996046,2017,0.0,0.0,0.009688582888430068,0.0
2017-06-26,0.1698026041129598,0.2940615902948243,0.34875782975840053,0.6086161320089223,0.3697394590841292,0.8389420812179177,0.0,0.42736077481840196,0.07146934161945774,0.0,0.4854721549636804,0.3806481990615949,0.6913383132805004,0.3709511982498698,0.24907338769458034,0.3938742859996046,2017,0.0,0.0,0.010066482293392279,1.0
2017-06-27,0.5285037704473631,0.45146418388753073,0.41451115255514326,0.6904349930053647,0.3559229744682502,0.5875156814067037,1.0,0.42736077481840196,0.4307792880367104,0.0,0.4854721549636804,0.4559691274097046,0.62220442715781,0.3709511982498698,0.06886689927359037,0.3938742859996046,2017,1.0,0.0,0.010014641321980754,2.0
2017-06-28,0.3319423134318898,0.727092308355743,0.2819842383874036,0.6894757997976481,0.3283257234728805,0.804393276373501,0.0,0.42736077481840196,0.3827060112819948,1.0,0.4854721549636804,0.6633018519873075,0.3452309176413776,0.3709511982498698,0.7858434824550784,0.3938742859996046,2017,0.0,0.0,0.00948545441651816,3.0
2017-06-29,0.26929462727707193,0.4978266051419946,0.26998303389815015,0.622251936283599,0.2909931441545411,0.6943496268031116,0.0,0.42736077481840196,0.23863666254618404,1.0,0.4854721549636804,0.5037116348464641,0.26063370731105784,0.3709511982498698,0.5195413635803221,0.3938742859996046,2017,0.0,1.0,0.00930619456842249,4.0
2017-06-30,0.35606228549777347,0.6999909791229452,0.35082248618792644,0.6239600310177501,0.30234053437658026,0.9601520481922194,0.0,0.42736077481840196,0.2512829971274115,1.0,0.4854721549636804,0.7528616806585734,0.11321213595183927,0.3709511982498698,1.9441843497294293,0.3938742859996046,2017,0.0,0.0,0.009464537476622058,0.0
2017-07-03,0.02857612090249997,0.8258715745719848,0.3188922182784874,0.46223730434394916,0.40903559858704464,0.8674519955783678,0.0,0.42736077481840196,0.014489270343351587,0.0,0.4854721549636804,0.6898119731358809,0.49586592178772154,0.3709511982498698,0.012513966480435562,0.3938742859996046,2017,0.0,0.0,0.010479406502618083,1.0
2017-07-04,0.6046517538469829,0.6978432946431461,0.41588328826892623,0.9037567083673298,0.41034742559848536,0.841888468874987,1.0,0.42736077481840196,0.6075667617383703,1.0,0.4854721549636804,0.5560244687618671,0.4857743691242081,0.3709511982498698,0.5004948045522007,0.3938742859996046,2017,0.0,1.0,0.009441972863087868,2.0
2017-07-05,0.6517003913018171,0.2070591485622116,0.39571380410101037,0.7034396429313738,0.3793864890887124,0.9740482289032818,1.0,0.42736077481840196,0.7061214818715598,0.0,0.4854721549636804,0.16990339127870072,0.2138149556400583,0.3709511982498698,0.37439797211658615,0.3938742859996046,2017,1.0,0.0,0.009189089092236778,3.0
2017-07-06,0.5015073376131859,0.6033579034424511,0.44319700147482505,0.87878217106221,0.3411798556492734,0.9077767126520868,0.0,0.42736077481840196,0.4529263415722113,1.0,0.4854721549636804,0.6794503598522121,0.29916410030795165,0.3709511982498698,1.5591728992520952,0.3938742859996046,2017,0.0,0.0,0.00927845993076871,4.0
2017-07-07,0.06958643429057765,0.5448819633651707,0.25149398252589883,0.5544015045635088,0.5998782245050192,0.8084166091782605,0.0,0.42736077481840196,0.04510239806413975,1.0,0.4854721549636804,0.5144452465502853,0.2372315035799649,0.3709511982498698,0.6615751789976018,0.3938742859996046,2017,0.0,1.0,0.009872610339379797,0.0
2017-07-10,0.7178054837313673,0.17714821337568973,0.41784834336878096,0.6271035268180645,0.3556714273219168,0.6526824104066004,1.0,0.42736077481840196,0.7727680469612465,0.0,0.4854721549636804,0.1693768306928537,0.2692935416180895,0.3709511982498698,0.48309629284216105,0.3938742859996046,2017,0.0,0.0,0.010094306095887655,1.0
2017-07-11,0.7953993097543,0.18762534678562665,0.4641160881953992,0.8450912006170685,0.3036923392453773,0.8161136126032706,1.0,0.42736077481840196,0.8765791953919216,0.0,0.4854721549636804,0.12614760063777417,0.6844981305723338,0.3709511982498698,0.3003738855335079,0.3938742859996046,2017,0.0,0.0,0.010202572562386202,2.0
2017-07-12,0.41670323984762103,0.4304638025478796,0.3671523231581285,0.8949209888477769,0.22792156613770556,0.5785193678523146,0.0,0.42736077481840196,0.4858639818360293,0.0,0.4854721549636804,0.3801851231835113,0.3254152729746519,0.3709511982498698,0.29842961619139396,0.3938742859996046,2017,0.0,0.0,0.010325844525177383,3.0
2017-07-13,0.4430558932194663,0.7443506870434103,0.36959514611199107,0.7557524944737346,0.2746575966909597,0.6402867477659264,1.0,0.42736077481840196,0.21070395232855,1.0,0.4854721549636804,0.857996351502472,1.240941821922508,0.3709511982498698,0.20402331695050552,0.3938742859996046,2017,0.0,1.0,0.010268128545843313,4.0
2017-07-14,0.5562192131958771,0.11387116973097627,0.31492003751322356,0.7263925503621906,0.3533598432909023,0.7322653325945805,1.0,0.42736077481840196,0.5264027519774321,0.0,0.4854721549636804,0.11130446818749248,0.6049534516072477,0.3709511982498698,0.0319690848410225,0.3938742859996046,2017,0.0,0.0,0.009929986011156161,0.0
2017-07-17,0.6780497497672884,0.44870137997460385,0.38585944635030883,0.7397430682276611,0.28475055442158853,0.7884717124937316,1.0,0.42736077481840196,0.7732730558927198,0.0,0.4854721549636804,0.29933694368003155,0.8906343686293453,0.3709511982498698,0.09065835232041627,0.3938742859996046,2017,0.0,0.0,0.009655576474620361,1.0
2017-07-18,0.7550974284497279,0.25852411465265185,0.3580805690827195,0.6491456152378648,0.35083655973796546,0.77401699454357,0.0,0.42736077481840196,0.7506425038871367,0.0,0.4854721549636804,0.16610894244508506,0.1409561940650058,0.3709511982498698,0.5300282618935538,0.3938742859996046,2017,0.0,0.0,0.009766004597796292,2.0
2017-07-19,0.7091366434087353,0.4480745478614925,0.4081802198742991,0.9323493806869897,0.2801629710365793,0.8162101022325017,1.0,0.42736077481840196,0.6494312601747817,1.0,0.4854721549636804,0.39549844576184945,0.5461173897192927,0.3709511982498698,0.4942277311945521,0.3938742859996046,2017,0.0,1.0,0.009473004412446927,3.0
2017-07-20,0.5664541011325233,0.2949356157229513,0.35481525528841584,0.92583478666029,0.4117990496670584,0.7890390760167368,1.0,0.42736077481840196,0.6458830699222703,0.0,0.4854721549636804,0.20915773905594962,0.9396197174703469,0.3709511982498698,0.08678548012159214,0.3938742859996046,2017,0.0,0.0,0.009630618674112296,4.0
2017-07-21,0.7792541885219398,0.18834425173669178,0.34751153066162155,0.7322531013636178,0.32229012602063767,0.6646876493475877,1.0,0.42736077481840196,0.7980040180717375,0.0,0.4854721549636804,0.09239190292257742,0.3565105837075076,0.3709511982498698,0.2595253367543389,0.3938742859996046,2017,1.0,0.0,0.008875200674037041,0.0
2017-07-24,0.4782581545193615,0.6677392667141455,0.3744858226399825,0.7911611556101091,0.41203566686045806,1.0369779411414928,0.0,0.42736077481840196,0.5396974541380253,1.0,0.4854721549636804,0.579405091666021,0.23384103417380392,0.3709511982498698,0.5384615384615377,0.3938742859996046,2017,0.0,0.0,0.00889356858281161,1.0
2017-07-25,0.2853165386502426,0.8212596613737727,0.31516509834221723,0.5546168403897667,0.37932206324418183,0.8111450883991458,1.0,0.42736077481840196,0.1448634691631727,1.0,0.4854721549636804,0.8531927907732794,1.250504918887229,0.3709511982498698,0.5509153690794163,0.3938742859996046,2017,0.0,1.0,0.008773032855005171,2.0
2017-07-26,0.8279006604699116,0.05072678901421833,0.36730173192377175,0.8013425663358622,0.35514395650692765,0.7651973988263516,1.0,0.42736077481840196,0.5344896334969893,0.0,0.4854721549636804,0.0656988632218424,0.37728827801452597,0.3709511982498698,0.5276994178020508,0.3938742859996046,2017,1.0,0.0,0.009440066541108846,3.0
2017-07-27,0.3129610917337806,0.6735772820198556,0.3923385085519469,0.675784853200211,0.46087093499220555,0.7799935456222509,1.0,0.42736077481840196,0.32175543611620266,0.0,0.4854721549636804,0.5460880517126749,1.0670677076667168,0.3709511982498698,0.1361832842698051,0.3938742859996046,2017,0.0,0.0,0.008866862018326134,4.0
2017-07-28,0.6843726632275754,0.26118449947454425,0.3285229000080814,0.6974020013862705,0.3972770896771091,0.9678321442293255,1.0,0.42736077481840196,0.7391966779977804,0.0,0.4854721549636804,0.10205104822902376,0.17089284590700782,0.3709511982498698,0.30126470773295044,0.3938742859996046,2017,1.0,0.0,0.008945245618557576,0.0
2017-07-31,0.6477484188046869,0.6659253153793073,0.5274282369650011,0.8021425630100332,0.4295183002797917,1.088265625769312,1.0,0.42736077481840196,0.7597907032578712,1.0,0.4854721549636804,0.41605759578048024,0.4261301347778449,0.3709511982498698,0.6121106597020678,0.3938742859996046,2017,1.0,1.0,0.008726819649103847,1.0
2017-08-01,0.2794471191755943,0.6344365636263227,0.47163313841060656,0.8878323550631795,0.3478820604158775,0.9341655406979373,0.0,0.42736077481840196,0.4113814822662612,0.0,0.4854721549636804,0.3913011600839743,0.36918491641829165,0.3709511982498698,0.533367889076076,0.3938742859996046,2017,0.0,0.0,0.008689845593931855,2.0
2017-08-02,0.4177248812106213,0.7570124248564022,0.45305994931624466,0.8675271648979368,0.3846352122623002,0.9999367804736043,0.0,0.42736077481840196,0.31120891809654716,1.0,0.4854721549636804,0.6119580001858159,0.38483666815827744,0.3709511982498698,0.861855142875417,0.3938742859996046,2017,0.0,1.0,0.008823237439450585,3.0
2017-08-03,0.7022745847992016,0.2245103112706496,0.37477078175058287,0.8394616522442054,0.4619228763454238,0.940810883465034,0.0,0.42736077481840196,0.6006852126594809,1.0,0.4854721549636804,0.1267198208243549,0.15994747209455087,0.3709511982498698,1.3099146421536425,0.3938742859996046,2017,0.0,1.0,0.008577150426210612,4.0
2017-08-04,0.20892690787831839,0.6628490291063672,0.3163569852331422,0.587018852810631,0.4740609011299227,0.9138482168484661,0.0,0.42736077481840196,0.09726975786639593,0.0,0.4854721549636804,0.5827046990537469,0.09942686269624583,0.3709511982498698,0.2607774732120414,0.3938742859996046,2017,0.0,0.0,0.009109750588513056,0.0
2017-08-07,0.6580413330398011,0.7836449671850241,0.3671378197082,0.9925437153151263,0.3796624984081837,0.8256619537288518,1.0,0.42736077481840196,0.6422803341100731,1.0,0.4854721549636804,0.6369683503610172,0.6827928870292919,0.3709511982498698,0.5720449790794977,0.3938742859996046,2017,0.0,1.0,0.00868768082769244,1.0
2017-08-08,0.5617764591691599,0.2727744058540211,0.39528808766599643,0.8751706668512321,0.33601777244366177,0.8094601163834331,1.0,0.42736077481840196,0.5022896166247448,0.0,0.4854721549636804,0.2177637270134453,1.5790071279883833,0.3709511982498698,0.06535040686305513,0.3938742859996046,2017,0.0,0.0,0.008981971467098775,2.0
2017-08-09,0.7672378863338039,0.10773933741873762,0.3535449822723652,0.8557718527564622,0.402367108834131,1.0205770584100629,1.0,0.42736077481840196,0.6625473285787803,0.0,0.4854721549636804,0.052174141688265674,0.8981324278438171,0.3709511982498698,0.21816638370118327,0.3938742859996046,2017,0.0,0.0,0.00922416763241143,3.0
2017-08-10,0.7820546589741283,0.2195260003839676,0.38637930499345263,0.9321376174028706,0.37001994068484434,0.967416710799023,1.0,0.42736077481840196,0.7607350960362081,0.0,0.4854721549636804,0.10889911633080691,0.49405803221329997,0.3709511982498698,0.4273390842733863,0.3938742859996046,2017,0.0,0.0,0.009205895060460021,4.0
2017-08-11,0.6819096654663462,0.43621882285458835,0.5178054391932313,0.7989357403853363,0.6283591007031514,1.026238605003358,0.0,0.42736077481840196,0.6481566605712078,1.0,0.4854721549636804,0.2716594726740875,0.10717230008243667,0.3709511982498698,0.8507831821929064,0.3938742859996046,2017,0.0,1.0,0.009411855990068265,0.0
2017-08-14,0.2780853654056964,0.7777233705945532,0.26165055604034726,0.5371274497647114,0.6808303558614399,1.1088693785317416,0.0,0.42736077481840196,0.20163435433604826,1.0,0.4854721549636804,0.7004990910947074,0.023492651313502474,0.3709511982498698,1.1730123828260652,0.3938742859996046,2017,0.0,0.0,0.00963170783633786,1.0
2017-08-15,0.21270815473687646,0.6529651034258227,0.2880860694880741,0.6169166580613725,0.5355035751880145,0.7017868107002424,1.0,0.42736077481840196,0.11979876383638471,0.0,0.4854721549636804,0.6394994502460141,1.0459961868446128,0.3709511982498698,0.2936129647283117,0.3938742859996046,2017,0.0,0.0,0.0094310573078332,2.0
2017-08-16,0.8234746512135089,0.10775928490531433,0.2558843831714578,0.7885352870075739,0.4122242084199572,0.9350063227419556,1.0,0.42736077481840196,0.752791942070651,0.0,0.4854721549636804,0.06959217312740576,0.5749436839369191,0.3709511982498698,0.10027147230404992,0.3938742859996046,2017,0.0,0.0,0.00963943298108079,3.0
2017-08-17,0.6688548655474947,0.5188276351233305,0.38920872290981856,0.9576528595551538,0.44709488894540655,1.1399852866505686,1.0,0.42736077481840196,0.7584857858499334,0.0,0.4854721549636804,0.2888381452300119,1.075513240107121,0.3709511982498698,0.3640583159773986,0.3938742859996046,2017,1.0,0.0,0.009321424688657176,4.0
2017-08-18,0.05695506505027527,0.8515566950364262,0.4208901744937402,0.5850655322861749,0.49645421596641615,0.7648889641506574,0.0,0.42736077481840196,0.05744241447586612,1.0,0.4854721549636804,0.7676445801574975,0.7312329832749981,0.3709511982498698,0.29249319330999574,0.3938742859996046,2017,0.0,1.0,0.01000988919430319,0.0
2017-08-21,0.6845042002628114,0.2758902186028204,0.4559510646970665,0.7643868117566613,0.5467015008867715,0.7224131687686841,0.0,0.42736077481840196,0.7549463713571883,0.0,0.4854721549636804,0.1403015174998864,0.053185046523155706,0.3709511982498698,0.7607774046137848,0.3938742859996046,2017,0.0,0.0,0.010043562840974058,1.0
2017-08-22,0.40548747458595863,0.7302751800915693,0.375488979174812,0.7438920812285746,0.59412346616561,0.7932672172279424,0.0,0.42736077481840196,0.25039159805313616,0.0,0.4854721549636804,0.7222344191156288,0.5008779631255473,0.3709511982498698,0.1659350307286982,0.3938742859996046,2017,0.0,0.0,0.010131570315566394,2.0
2017-08-23,0.851839410443122,0.3572773699939059,0.3155042277159066,0.9105282158015445,0.37707867565619857,0.8980893255679049,0.0,0.42736077481840196,0.8632014811874215,0.0,0.4854721549636804,0.16727940147919176,0.044296287925867255,0.3709511982498698,0.4848861517599777,0.3938742859996046,2017,0.0,0.0,0.009796237810743692,3.0
2017-08-24,0.6144317156631529,0.7699539138300798,0.26285331891649577,0.9379990081636661,0.7121038259915995,1.0706140224469498,1.0,0.42736077481840196,0.33964137864894356,1.0,0.4854721549636804,0.7844914401703492,0.7088079193750397,0.3709511982498698,0.8473969825272731,0.3938742859996046,2017,1.0,1.0,0.009313244701353007,4.0
2017-08-25,0.4407138090548951,0.15231232293994254,0.1994673760192671,0.717207895071391,0.6444484878704855,0.8362081005387938,1.0,0.42736077481840196,0.528294143035279,0.0,0.4854721549636804,0.11493740503528019,1.6120746432491817,0.3709511982498698,0.0,0.3938742859996046,2017,0.0,0.0,0.010081247551617958,0.0
2017-08-28,0.7714413953590599,0.08610109832498156,0.401789453521855,0.7816952041176367,0.4096211084795286,0.919030179523378,1.0,0.42736077481840196,0.67210252131861,0.0,0.4854721549636804,0.06404867184977703,1.19332875917031,0.3709511982498698,0.3554124663535092,0.3938742859996046,2017,1.0,0.0,0.010333336969207754,1.0
2017-08-29,0.048317013601526536,0.8290360874553905,0.330449868596004,0.5745089571613227,0.5247959523985173,0.9507779505677544,0.0,0.42736077481840196,0.08141958985258502,0.0,0.4854721549636804,0.5698747223675743,0.30655336009593237,0.3709511982498698,0.3138522496220193,0.3938742859996046,2017,0.0,0.0,0.010463832377926476,2.0
2017-08-30,0.5658693107912585,0.6877606410845755,0.39985787280549623,0.7981640341300157,0.4540805161851061,0.8510657293926355,1.0,0.42736077481840196,0.4735158301583217,1.0,0.4854721549636804,0.6275583817964232,1.1167984612096686,0.3709511982498698,0.7270784355631589,0.3938742859996046,2017,0.0,1.0,0.010216324503130477,3.0
2017-08-31,0.6324415899523449,0.05618440280274848,0.29592333257116804,0.8792237879043789,0.49280994599796313,0.7735972767186879,1.0,0.42736077481840196,0.546751861383292,0.0,0.4854721549636804,0.05260796776030805,0.5247386759581871,0.3709511982498698,0.3421602787456509,0.3938742859996046,2017,0.0,0.0,0.010861584807405537,4.0
2017-09-01,0.5809483194835431,0.340819422021689,0.38841047653296895,0.7696025757934087,0.4500405687451369,0.7591605410770771,1.0,0.42736077481840196,0.6586461992680462,0.0,0.4854721549636804,0.2852772100431763,1.0223081499107696,0.3709511982498698,0.0,0.3938742859996046,2017,0.0,0.0,0.010875460557316126,0.0
2017-09-04,0.460188194045844,0.7665901774922947,0.2826950529473388,0.7260834148182533,0.5409073936861425,1.0740285589759198,1.0,0.42736077481840196,0.5069258557930089,1.0,0.4854721549636804,0.6822596472314609,0.6872272907576428,0.3709511982498698,0.5650535501784922,0.3938742859996046,2017,1.0,1.0,0.010796296454909073,1.0
2017-09-05,0.4840075314519575,0.26956563479717693,0.4150280884065333,0.9212399363197677,0.4435561181642751,0.8733574666072095,0.0,0.42736077481840196,0.5505185900250563,0.0,0.4854721549636804,0.17397615364264904,0.19179023863301345,0.3709511982498698,0.5506235883334968,0.3938742859996046,2017,0.0,0.0,0.010860129046019296,2.0
2017-09-06,0.44490516666741564,0.8128729819990631,0.27621195698633166,0.5955263612286423,0.7960943334876804,0.9488874052629017,1.0,0.42736077481840196,0.24963917187226056,0.0,0.4854721549636804,0.7725225768200795,1.0725340837416892,0.3709511982498698,0.1012080927659994,0.3938742859996046,2017,0.0,0.0,0.011036668233822503,3.0
2017-09-07,0.8362185807431027,0.140290098517876,0.29687919287373815,0.8195707627365707,0.4283653023173053,0.8586521599780368,1.0,0.42736077481840196,0.7937244913346047,0.0,0.4854721549636804,0.07929139941654323,0.5855125903643775,0.3709511982498698,0.4163796031245378,0.3938742859996046,2017,1.0,0.0,0.010915074145821687,4.0
2017-09-08,0.18454089145218064,0.7481188695213783,0.35642469201412036,0.49303722380978576,0.4618708985493635,0.8169776351716898,0.0,0.42736077481840196,0.19002867614694424,1.0,0.4854721549636804,0.6986891667392271,0.0,0.3709511982498698,1.337987481945125,0.3938742859996046,2017,0.0,0.0,0.011021011555878151,0.0
2017-09-11,0.22165786295872383,0.8538907600633798,0.43091067604071454,0.7495509589775552,0.6438560562070208,0.7550923671800074,0.0,0.42736077481840196,0.09233297102412645,1.0,0.4854721549636804,0.8680940705227043,0.30453016268031025,0.3709511982498698,0.3013042075671743,0.3938742859996046,2017,0.0,1.0,0.011678535906963501,1.0
2017-09-12,0.850839210742983,0.33752264748045235,0.3639126913903779,0.9618456057048398,0.3672010921641999,0.9874951980334057,1.0,0.42736077481840196,0.8972290984050441,1.0,0.4854721549636804,0.15067927070212855,0.18713826366560027,0.3709511982498698,0.6996784565916329,0.3938742859996046,2017,1.0,1.0,0.011677680985280856,2.0
2017-09-13,0.20125893931777536,0.8092146378537733,0.21718022857035255,0.5400786010435635,0.4475700500847446,0.9377549187428489,0.0,0.42736077481840196,0.15756547787542421,1.0,0.4854721549636804,0.8058743491139705,0.4863879003558686,0.3709511982498698,0.44902135231316964,0.3938742859996046,2017,0.0,1.0,0.012139028596916209,3.0
2017-09-14,0.8129607562554003,0.18262480012407944,0.3943720133208557,0.7266842603957689,0.44147925637256263,0.8913088871199132,1.0,0.42736077481840196,0.798455595462928,0.0,0.4854721549636804,0.12810096622755557,0.3120535310606785,0.3709511982498698,0.6101817524188505,0.3938742859996046,2017,1.0,0.0,0.01188550621681081,4.0
2017-09-15,0.12143053041257638,0.8565320630596486,0.2429345751997173,0.5237549148724201,0.2797527190268601,0.5597864754628649,0.0,0.42736077481840196,0.08887341880600898,1.0,0.4854721549636804,0.8615858969499555,0.0,0.3709511982498698,1.005820179727153,0.3938742859996046,2017,0.0,0.0,0.011622369584534255,0.0
2017-09-18,0.20145913103913415,0.7859899528593708,0.27878706353244526,0.6683195160366373,0.3887999765077463,0.8048838233319586,0.0,0.42736077481840196,0.12145163995543007,0.0,0.4854721549636804,0.7674947452188425,0.2883769833683765,0.3709511982498698,0.14653030013382096,0.3938742859996046,2017,0.0,0.0,0.011433467426857854,1.0
2017-09-19,0.837023360468339,0.47338184735888955,0.4540460850508054,1.137533660470601,0.25599240259129635,0.7749940827846175,1.0,0.42736077481840196,0.8945953616884783,1.0,0.4854721549636804,0.2298995967529773,0.34587917390465883,0.3709511982498698,1.0072379849449946,0.3938742859996046,2017,1.0,0.0,0.011293166773110038,2.0
2017-09-20,0.05452309682370909,0.8751879963598772,0.4082378080871903,0.955974108152503,0.357545827678944,0.8536173189558531,0.0,0.42736077481840196,0.09241768924869927,1.0,0.4854721549636804,0.6118241565647651,0.05458493732110672,0.3709511982498698,0.8892508143322375,0.3938742859996046,2017,0.0,0.0,0.011125778068676536,3.0
2017-09-21,0.2477020405882702,0.7323112179974317,0.300224127868862,0.6557219056718517,0.370250016450562,0.7963826687486966,0.0,0.42736077481840196,0.16878892124170145,0.0,0.4854721549636804,0.745179925215767,0.5206043956043891,0.3709511982498698,0.01648351648351706,0.3938742859996046,2017,0.0,0.0,0.011278166368445955,4.0
2017-09-22,0.7513943424636594,0.4803612330036201,0.4443952849107944,0.9267429235667902,0.3050683972098595,0.6670403374404075,1.0,0.42736077481840196,0.8270936676957618,1.0,0.4854721549636804,0.2843450615803161,1.0805870106129085,0.3709511982498698,0.5502462804042038,0.3938742859996046,2017,0.0,1.0,0.010847030051996151,0.0
2017-09-25,0.6446561919034455,0.051844919782238486,0.33687373220213546,0.826625233842347,0.39176813391838944,0.7901492610729763,1.0,0.42736077481840196,0.6270299783403812,0.0,0.4854721549636804,0.05473624382715997,0.21641975920329745,0.3709511982498698,1.2714660853193194,0.3938742859996046,2017,1.0,0.0,0.011001799927828487,1.0
2017-09-26,0.05420582734403844,0.8122866164016386,0.4350042066089813,0.6549803788576023,0.30318164421454924,0.6570564363752532,0.0,0.42736077481840196,0.039149860849703774,1.0,0.4854721549636804,0.7787830790501538,0.18053463855421686,0.3709511982498698,0.7919804216867432,0.3938742859996046,2017,0.0,0.0,0.011734662319186389,2.0
2017-09-27,0.13617529275382798,0.8058714309205774,0.32817598690294864,0.6814561232985364,0.36942626245931515,0.634217687562007,0.0,0.42736077481840196,0.09495016582230204,1.0,0.4854721549636804,0.8354081243480336,0.4160792531910832,0.3709511982498698,0.322728138693093,0.3938742859996046,2017,0.0,1.0,0.01169459049995548,3.0
2017-09-28,0.6991210338258627,0.353979141059586,0.4138912057543547,0.8118154503667394,0.373503579519642,0.8344574983731827,1.0,0.42736077481840196,0.8141078837656522,1.0,0.4854721549636804,0.19146362159852706,0.21513403461147332,0.3709511982498698,0.7539871055310385,0.3938742859996046,2017,1.0,1.0,0.01144901749015164,4.0
2017-09-29,0.10273653324650493,0.7952262027109166,0.4001051598827212,0.7492883684914816,0.37605183704136697,0.6751991890351359,0.0,0.42736077481840196,0.1437399945414021,1.0,0.4854721549636804,0.7533013935192869,0.09206855320846068,0.3709511982498698,0.6375049820645564,0.3938742859996046,2017,0.0,0.0,0.011213244947280135,0.0
2017-10-02,0.23299269316806723,0.8031347045431162,0.34609526607972757,0.5043688364891878,0.3260661670973422,0.7433029673394917,0.0,0.42736077481840196,0.16968627946542064,1.0,0.4854721549636804,0.8495668714845679,0.27682243916943333,0.3709511982498698,0.16928490014370123,0.3938742859996046,2017,0.0,1.0,0.011343909514065383,1.0
2017-10-03,0.6179181810237928,0.6090121360070024,0.3837912512679913,0.9635942725683139,0.2871525296816005,0.641918616911612,1.0,0.42736077481840196,0.6641012679618624,0.0,0.4854721549636804,0.5578535361623326,0.7546160571928193,0.3709511982498698,0.08136604433471327,0.3938742859996046,2017,1.0,0.0,0.010921904701985893,2.0
2017-10-04,0.3162034880974368,0.6412113803266878,0.37726606482392705,0.8166977619741621,0.26225950648470886,0.7412408571656521,0.0,0.42736077481840196,0.3447481727020545,1.0,0.4854721549636804,0.619839492454595,0.3224793215370011,0.3709511982498698,0.6134436184692775,0.3938742859996046,2017,0.0,0.0,0.01070627086383276,3.0
2017-10-05,0.18126076306854408,0.8081587431232989,0.5022046444588564,0.9234039528915854,0.25025591570053457,0.660807303291515,0.0,0.42736077481840196,0.14099111869665706,1.0,0.4854721549636804,0.7882676681176742,0.6207589049783218,0.3709511982498698,0.5549096290032758,0.3938742859996046,2017,0.0,1.0,0.010659669134506089,4.0
2017-10-06,0.7887896403251783,0.07371720635715298,0.3937814266775207,0.8142416911240482,0.2183471075629091,0.6284853508013789,1.0,0.42736077481840196,0.7942934146205386,0.0,0.4854721549636804,0.07401635128719322,0.6783002952340654,0.3709511982498698,0.088570223534377,0.3938742859996046,2017,0.0,0.0,0.010616921025735178,0.0
2017-10-09,0.7971863334082169,0.22035758210308715,0.47030096055073534,0.8331909597177158,0.3063100212607779,0.8444890486691699,1.0,0.42736077481840196,0.8232573015121428,0.0,0.4854721549636804,0.1882348599051205,0.7478431575140719,0.3709511982498698,0.12873895748307912,0.3938742859996046,2017,0.0,0.0,0.010770679180989918,1.0
2017-10-10,0.3841771633588021,0.5728762760529961,0.38759590649974895,0.5416754479622723,0.3606077446984327,0.8836529327556565,0.0,0.42736077481840196,0.4269778404188653,0.0,0.4854721549636804,0.4857318188485547,0.44414521167726795,0.3709511982498698,0.23376063772486705,0.3938742859996046,2017,0.0,0.0,0.010300218697953804,2.0
2017-10-11,0.8057525878847872,0.377211875928273,0.46712535463494836,0.9972612471031855,0.29721856152165976,0.9888466639149479,1.0,0.42736077481840196,0.7909191985332833,0.0,0.4854721549636804,0.24692633622058446,0.45096414166528087,0.3709511982498698,0.15161058622023635,0.3938742859996046,2017,1.0,0.0,0.010010187726278668,3.0
2017-10-12,0.4840736421034381,0.6673781953767,0.34945320798144625,0.9939141672192084,0.4236683814517517,0.9264098913171686,1.0,0.42736077481840196,0.5668230902415666,0.0,0.4854721549636804,0.5646224987350336,0.8038240495136968,0.3709511982498698,0.19341290893015076,0.3938742859996046,2017,0.0,0.0,0.009994907546000522,4.0
2017-10-13,0.7891576150470752,0.15547539100643515,0.3703505688633271,0.7732100126519387,0.2665441518677677,0.8853364968766577,1.0,0.42736077481840196,0.8283882025961858,1.0,0.4854721549636804,0.08544861318023209,0.21379673512374192,0.3709511982498698,1.0607922298285724,0.3938742859996046,2017,1.0,1.0,0.009367313114128709,0.0
2017-10-16,0.11068528947191227,0.8040912302858031,0.45684912848721776,0.9334505050206064,0.3801577356912993,0.8099402148155597,0.0,0.42736077481840196,0.11755004406011103,1.0,0.4854721549636804,0.5887018164053995,0.10350260574476096,0.3709511982498698,1.1512543934068593,0.3938742859996046,2017,0.0,0.0,0.009103165531758987,1.0
2017-10-17,0.2096711563323847,0.6841226696134526,0.29394128858653523,0.5185353187099464,0.3816525543878015,0.6658987777557441,0.0,0.42736077481840196,0.10607707175265668,1.0,0.4854721549636804,0.6582234726398646,0.32571947894576847,0.3709511982498698,0.6819751590427335,0.3938742859996046,2017,0.0,0.0,0.009175398258425426,2.0
2017-10-18,0.25890131592377214,0.6576759102703843,0.3781395817305525,0.5417206289356021,0.34716590908923695,0.6242106002769049,1.0,0.42736077481840196,0.22847704302736613,1.0,0.4854721549636804,0.6307557424166534,0.8340066324992402,0.3709511982498698,0.3638227313837968,0.3938742859996046,2017,0.0,1.0,0.009250397122867094,3.0
2017-10-19,0.6957651058766079,0.12593532808313546,0.351352636937562,0.7630184932244647,0.3050353755314751,0.7704107702999787,1.0,0.42736077481840196,0.7531691013905529,0.0,0.4854721549636804,0.0887085807049796,0.12668918918918973,0.3709511982498698,0.9847972972973084,0.3938742859996046,2017,1.0,0.0,0.009182351891921197,4.0
2017-10-20,0.15242200651263116,0.7095960342714298,0.3679696853653635,0.7186103416059587,0.34736435920218783,0.8617706852844029,0.0,0.42736077481840196,0.120668228471223,1.0,0.4854721549636804,0.7319425958292604,0.22687878428113736,0.3709511982498698,0.658197791760645,0.3938742859996046,2017,0.0,1.0,0.009397953047054444,0.0
2017-10-23,0.6917967464496761,0.26811573143670264,0.3983566079155239,0.8406417655560728,0.3813504233713855,0.8837082052857884,1.0,0.42736077481840196,0.7803449388157144,0.0,0.4854721549636804,0.16897717923905758,0.14350243224461334,0.3709511982498698,0.660759786889053,0.3938742859996046,2017,1.0,0.0,0.00962322949964553,1.0
2017-10-24,0.2936751571502646,0.7447459646243155,0.4328634289870007,0.9575535416583895,0.32976515775479903,1.0729708371000282,0.0,0.42736077481840196,0.2612836476045865,1.0,0.4854721549636804,0.7128872898635278,0.28656646587519813,0.3709511982498698,0.4511374934206683,0.3938742859996046,2017,0.0,1.0,0.009568764829654807,2.0
2017-10-25,0.6022611697871544,0.44851902438713265,0.4076791568967951,0.9831000651390219,0.3124547978016979,1.0208536404205337,1.0,0.42736077481840196,0.6897702338502341,1.0,0.4854721549636804,0.31566101266310287,0.43532858936794133,0.3709511982498698,0.9727919631645164,0.3938742859996046,2017,1.0,0.0,0.009352636276797294,3.0
2017-10-26,0.04303487858288634,0.8394049495001713,0.2924745987331887,0.5308940241030197,0.3086363002949966,0.7362471569483278,0.0,0.42736077481840196,0.045927452703034985,1.0,0.4854721549636804,0.7627399010128644,0.5911037107516769,0.3709511982498698,0.2780685061845795,0.3938742859996046,2017,0.0,1.0,0.009481708692318095,4.0
2017-10-27,0.8135724944790281,0.17717934811093827,0.3883178318696279,0.7558142022811374,0.3129589382882538,0.8792542615886203,1.0,0.42736077481840196,0.864473272438874,0.0,0.4854721549636804,0.1047735850772603,0.41364960466084283,0.3709511982498698,0.4086558468581008,0.3938742859996046,2017,0.0,0.0,0.009433073462562122,0.0
2017-10-30,0.5740245632493157,0.3454881399084568,0.34588226824295143,0.8808758444110955,0.2608503853851748,0.6765359242322041,0.0,0.42736077481840196,0.6991776727982484,1.0,0.4854721549636804,0.2619211407390671,0.1611134542387245,0.3709511982498698,0.7161535217207926,0.3938742859996046,2017,0.0,1.0,0.009290388307668209,1.0
2017-10-31,0.42802399500995314,0.6332825202391739,0.3454893878119493,0.755748812321565,0.30284416610429143,0.7635560021706205,1.0,0.42736077481840196,0.24697374478885686,0.0,0.4854721549636804,0.6924795078468967,0.848966423706542,0.3709511982498698,0.2350340542478143,0.3938742859996046,2017,1.0,0.0,0.009409354713222136,2.0
2017-11-01,0.34011131390914534,0.42206628703191745,0.40888018483492566,0.7270815739026956,0.2919660573955957,0.7738298943454517,1.0,0.42736077481840196,0.408913134568228,0.0,0.4854721549636804,0.4033084792041734,0.7862068965517267,0.3709511982498698,0.08924949290060093,0.3938742859996046,2017,1.0,0.0,0.009671824973319127,3.0
2017-11-02,0.24025203734903172,0.707022205477633,0.3586302382786202,0.606464214678165,0.30409543854214066,0.7110270983236349,0.0,0.42736077481840196,0.2339434768891126,1.0,0.4854721549636804,0.7192248149155205,0.3655030800821195,0.3709511982498698,0.850924024640665,0.3938742859996046,2017,0.0,0.0,0.009544153960725933,4.0
2017-11-03,0.21192055241442564,0.5516841794155192,0.32024875289901567,0.6046489942029328,0.3283670458469675,0.76443277441609,1.0,0.42736077481840196,0.14015474216196874,0.0,0.4854721549636804,0.6173103084244045,1.0997053624042334,0.3709511982498698,0.2928697701826707,0.3938742859996046,2017,0.0,0.0,0.009548717590909785,0.0
2017-11-06,0.6940111036252261,0.0833567897799708,0.3553706709794175,0.8176392485202489,0.32093481497684584,0.6766802520243793,0.0,0.42736077481840196,0.7162424644276307,0.0,0.4854721549636804,0.06793770431413268,0.004074742418083386,0.3709511982498698,0.8027242563594993,0.3938742859996046,2017,0.0,0.0,0.009574602084687238,1.0
2017-11-07,0.4327513600499202,0.6421404828349604,0.3587869885859743,0.7039958468479152,0.2480482268034461,0.6949241810414586,1.0,0.42736077481840196,0.2777316632173037,0.0,0.4854721549636804,0.6873798190320825,1.0017077910605836,0.3709511982498698,0.0,0.3938742859996046,2017,1.0,0.0,0.00951376220804893,2.0
2017-11-08,0.3375707595500348,0.5982089429656271,0.29145395365235904,0.6945675260599492,0.30481469658907484,0.9156633669932094,1.0,0.42736077481840196,0.4522410621846981,0.0,0.4854721549636804,0.415800852913101,0.6058294093103829,0.3709511982498698,0.11098527746318745,0.3938742859996046,2017,1.0,0.0,0.009353980445681469,3.0
2017-11-09,0.5079970312510582,0.5476380431136718,0.4923859254076646,1.0188555860329644,0.2775283222520496,0.8780091283044632,0.0,0.42736077481840196,0.6137656728645282,1.0,0.4854721549636804,0.4205826463265455,0.18529411764706555,0.3709511982498698,0.9848039215686274,0.3938742859996046,2017,0.0,0.0,0.00907361302152427,4.0
2017-11-10,0.12889285701622782,0.790659967807508,0.2592373770526666,0.7088924947142414,0.35001692130695977,0.8833826206654914,0.0,0.42736077481840196,0.09543057307339983,0.0,0.4854721549636804,0.7520770835701384,0.3546543113303878,0.3709511982498698,0.13731271436308717,0.3938742859996046,2017,0.0,0.0,0.00930751714041534,0.0
2017-11-13,0.7202605473491366,0.6283267019080914,0.4291959054479316,0.9272532363484138,0.2990950010747589,0.9168560775984486,1.0,0.42736077481840196,0.8031778797396601,1.0,0.4854721549636804,0.34690316800599497,0.4680772315094741,0.3709511982498698,0.7072975140336839,0.3938742859996046,2017,0.0,1.0,0.009060473954840172,1.0
2017-11-14,0.5106980086352059,0.20463452254290057,0.39915821386777667,0.932315262998077,0.3478865607729648,0.8837092255552474,1.0,0.42736077481840196,0.5762330849113652,0.0,0.4854721549636804,0.19612178989746598,0.7969527922740072,0.3709511982498698,0.2754483834203267,0.3938742859996046,2017,1.0,0.0,0.00930381293928164,2.0
2017-11-15,0.11898789962572842,0.7820869519107847,0.41241567483358366,0.632491284806892,0.34679836239892387,0.8702384598681345,0.0,0.42736077481840196,0.10644033086188419,1.0,0.4854721549636804,0.7763459411276039,0.31845567441286904,0.3709511982498698,0.2547645395303109,0.3938742859996046,2017,0.0,1.0,0.009091783076070073,3.0
2017-11-16,0.6301608115798796,0.6192570930248,0.461342950716901,1.0412127559877287,0.4853724425153463,0.8646907325486941,1.0,0.42736077481840196,0.5873755484939639,0.0,0.4854721549636804,0.549808664131731,1.6292799597180236,0.3709511982498698,0.018504531722057547,0.3938742859996046,2017,0.0,0.0,0.00887779288949586,4.0
2017-11-17,0.6600439960342717,0.10930802912838536,0.3681058885750005,0.7259273428712651,0.36947659130008437,0.8002726695163478,0.0,0.42736077481840196,0.6000318092860314,1.0,0.4854721549636804,0.07104276783224642,0.05843768634466679,0.3709511982498698,1.641264162194399,0.3938742859996046,2017,0.0,0.0,0.009257439625153753,0.0
2017-11-20,0.07586461210926948,0.7027763384654292,0.4072324196715376,0.6991556358191512,0.34081171012614236,0.7487931837932742,0.0,0.42736077481840196,0.03099534450307424,0.0,0.4854721549636804,0.7093165562525526,0.6296296296296292,0.3709511982498698,0.03782505910165621,0.3938742859996046,2017,0.0,0.0,0.009940700470792846,1.0
2017-11-21,0.5295015676221014,0.6244316334678627,0.3267360454891544,0.9750122798216674,0.3266372273344271,0.7690964689451407,1.0,0.42736077481840196,0.5448493634578623,0.0,0.4854721549636804,0.5333836286189675,1.1649823872495098,0.3709511982498698,0.10024831090835651,0.3938742859996046,2017,0.0,0.0,0.009662523114281936,2.0
2017-11-22,0.6437773708446127,0.18285523230835582,0.21956278189401096,0.7304253877758138,0.3874833090801899,0.8861470478880097,0.0,0.42736077481840196,0.680386656920596,0.0,0.4854721549636804,0.11781662279447648,0.12660787507724405,0.3709511982498698,0.38768746840420615,0.3938742859996046,2017,0.0,0.0,0.009844037011765523,3.0
2017-11-23,0.7185366590117407,0.5604580222609035,0.3871568813139962,1.111769731064394,0.324940066256659,0.9259566330486567,0.0,0.42736077481840196,0.7153533077549059,1.0,0.4854721549636804,0.431315589616436,0.16658812441093113,0.3709511982498698,0.4560556079170559,0.3938742859996046,2017,0.0,1.0,0.009392061008562203,4.0
2017-11-24,0.5175959876127,0.6369088036131486,0.37171022362521083,0.9246516186256141,0.3092017442863642,0.7926800281870903,1.0,0.42736077481840196,0.3876159289497078,0.0,0.4854721549636804,0.6877196527421859,0.9503210122794846,0.3709511982498698,0.1387521037212614,0.3938742859996046,2017,0.0,0.0,0.008895786824942168,0.0
2017-11-27,0.4474929236106007,0.4318373974871089,0.24338623002379353,0.7537338932898732,0.42588761950059084,0.9615230508591757,0.0,0.42736077481840196,0.5135064694755911,0.0,0.4854721549636804,0.2967207935076096,0.26967670695050167,0.3709511982498698,0.30832464265995163,0.3938742859996046,2017,0.0,0.0,0.008997358361013718,1.0
2017-11-28,0.6304196213705674,0.6748948879902799,0.4410935674135382,1.0715153340995816,0.3521237611297855,0.9991067966142021,0.0,0.42736077481840196,0.5083084465227146,1.0,0.4854721549636804,0.6197652457235083,0.2745098039215603,0.3709511982498698,1.0305222412589714,0.3938742859996046,2017,0.0,0.0,0.008702773688122754,2.0
2017-11-29,0.1843506780780233,0.7683695824757055,0.3425409630081971,0.9109540744094908,0.314510515950644,0.8258708294886038,0.0,0.42736077481840196,0.06406054147195259,1.0,0.4854721549636804,0.7737138515460898,0.15822591483903614,0.3709511982498698,1.123831632964736,0.3938742859996046,2017,0.0,0.0,0.009110997317184519,3.0
2017-11-30,0.3064987667748167,0.5702627975455818,0.37145441711538263,0.8683069800143652,0.3633946614785116,0.865178584404632,1.0,0.42736077481840196,0.1278535733244827,0.0,0.4854721549636804,0.5985535819506889,1.2274600096946187,0.3709511982498698,0.26466311197284514,0.3938742859996046,2017,1.0,0.0,0.009248694849109115,4.0
2017-12-01,0.1869740938790371,0.4945754073342469,0.2831272326460698,0.5212882770519686,0.3383587806759773,0.9743095287032165,0.0,0.42736077481840196,0.27672390880517617,1.0,0.4854721549636804,0.31622185496750443,0.0,0.3709511982498698,0.7364669947395341,0.3938742859996046,2017,0.0,1.0,0.009864434470336973,0.0
2017-12-04,0.8331939773461413,0.31536139038933675,0.6216609701491551,1.040196287620517,0.2584002233406167,0.79876810957021,0.0,0.42736077481840196,0.8024839487623927,1.0,0.4854721549636804,0.3198321698356319,0.08603896103895638,0.3709511982498698,1.2167207792207766,0.3938742859996046,2017,0.0,0.0,0.009656686000940613,1.0
2017-12-05,0.2526714090736981,0.5357977940383609,0.46074030124146154,0.9165647587808886,0.35561649432012066,0.8811139837356584,0.0,0.42736077481840196,0.1228315883810748,0.0,0.4854721549636804,0.6017857335964699,0.28117888029130383,0.3709511982498698,0.254893035958128,0.3938742859996046,2017,0.0,0.0,0.009919866711668047,2.0
2017-12-06,0.4744924546736288,0.7576243187048477,0.4241018547136213,0.9782172941197379,0.2848314112377458,0.834227385035749,0.0,0.42736077481840196,0.24149413822980112,1.0,0.4854721549636804,0.8698689589464191,0.09713928226127706,0.3709511982498698,1.5359153728032697,0.3938742859996046,2017,0.0,0.0,0.009943538481375185,3.0
2017-12-07,0.0619844396699308,0.7937637347042582,0.48020405179881465,0.9250953222735612,0.3719447288774316,0.7666301767627988,0.0,0.42736077481840196,0.03548339091309099,1.0,0.4854721549636804,0.6732792597189915,0.4247917135780301,0.3709511982498698,0.2403737896870034,0.3938742859996046,2017,0.0,1.0,0.010177073283635808,4.0
2017-12-08,0.5355810030942905,0.4575409480537254,0.3620531776338954,0.8842373193713123,0.42127673730985515,0.8500550982585093,0.0,0.42736077481840196,0.535873485678979,1.0,0.4854721549636804,0.513041953983946,0.2897658701424138,0.3709511982498698,0.6251508568670113,0.3938742859996046,2017,0.0,0.0,0.00948527012872541,0.0
2017-12-11,0.1911231528533115,0.7767897967337126,0.5074076525376354,0.6728798374350543,0.2907179665291354,0.6699184359211209,0.0,0.42736077481840196,0.1365877039173065,1.0,0.4854721549636804,0.8142422583074261,0.3498334126606408,0.3709511982498698,0.4597810566396928,0.3938742859996046,2017,0.0,1.0,0.009667604208007661,1.0
2017-12-12,0.8244267570087035,0.1799923499937344,0.42386089184190295,0.7947457602626197,0.31119672625048056,0.8830260897624839,1.0,0.42736077481840196,0.7483340899514287,0.0,0.4854721549636804,0.2116531438227925,1.1016959605303687,0.3709511982498698,0.3462226333641866,0.3938742859996046,2017,0.0,0.0,0.009309431375453446,2.0
2017-12-13,0.8742504041358681,0.03985456225133125,0.38885464577031476,0.8409688795346449,0.29287956575015955,0.7535331661544142,1.0,0.42736077481840196,0.6985321208430118,0.0,0.4854721549636804,0.0757865984371883,0.2875043508527817,0.3709511982498698,0.40851606914954974,0.3938742859996046,2017,1.0,0.0,0.009808149902305443,3.0
2017-12-14,0.3632452515600869,0.6893561437570722,0.4744281164901889,0.7916504613133362,0.24639268690130783,0.684604225983837,1.0,0.42736077481840196,0.28498879525908233,0.0,0.4854721549636804,0.765349727886198,0.7524798154555855,0.3709511982498698,0.0,0.3938742859996046,2017,1.0,0.0,0.009889583428388965,4.0
2017-12-15,0.3829025495950139,0.6203217507876642,0.4446026959208352,0.7258781671273035,0.3407050558093299,0.9966969839284439,1.0,0.42736077481840196,0.3157602533481498,0.0,0.4854721549636804,0.7152139755784747,0.7286184210526203,0.3709511982498698,0.1907894736842045,0.3938742859996046,2017,0.0,0.0,0.009689551858226597,0.0
2017-12-18,0.7106924156335468,0.2604156019620179,0.41631071786476753,0.8592796733136217,0.3024092113092704,0.7043093153492719,1.0,0.42736077481840196,0.7635823032901314,0.0,0.4854721549636804,0.18080565479437347,0.26607132634952757,0.3709511982498698,0.21397904860038303,0.3938742859996046,2017,1.0,0.0,0.00988924767218582,1.0
2017-12-19,0.4831911548155975,0.6747782506693067,0.4172242467118051,1.079832531247973,0.3294874866499184,0.8942156475189237,1.0,0.42736077481840196,0.48868995946497507,0.0,0.4854721549636804,0.7017607369147526,0.5456955238267372,0.3709511982498698,0.006747394421344528,0.3938742859996046,2017,0.0,0.0,0.009400314419818442,2.0
2017-12-20,0.6243086030869889,0.6502068920507942,0.371259644306481,1.0657783310420268,0.33292165531189627,0.9176523110009486,1.0,0.42736077481840196,0.6976768942529962,0.0,0.4854721549636804,0.4397964670077448,0.3314503332275476,0.3709511982498698,0.22037448429068218,0.3938742859996046,2017,1.0,0.0,0.008895260076966184,3.0
2017-12-21,0.534578307020388,0.6780356377396591,0.3252634726579559,0.8836510031899188,0.3130300541768472,0.8213462196452129,1.0,0.42736077481840196,0.6707287395485432,0.0,0.4854721549636804,0.4528192935761567,0.9204351098036636,0.3709511982498698,0.14271054251898532,0.3938742859996046,2017,0.0,0.0,0.00824486057008387,4.0
2017-12-22,0.7489876903565511,0.2550286018067508,0.36035607068816655,0.8808756636633559,0.33969304331111455,0.8726346087863321,1.0,0.42736077481840196,0.7913523194921281,0.0,0.4854721549636804,0.10913219132702366,0.8297627897546769,0.3709511982498698,0.0,0.3938742859996046,2017,0.0,0.0,0.00829041612880093,0.0
2017-12-26,0.7724156936459762,0.4415470385553329,0.49704641515742026,0.98171855821003,0.34303178714056753,1.0508297368086759,1.0,0.42736077481840196,0.8519065124832971,0.0,0.4854721549636804,0.19712375516909797,0.615964176558395,0.3709511982498698,0.14030847963606458,0.3938742859996046,2017,0.0,0.0,0.007835211615872487,2.0
2017-12-27,0.7212135467122711,0.5155737658835243,0.46850438531389244,1.1239677611393255,0.40858212715064696,1.1017989237942727,1.0,0.42736077481840196,0.7587609530033548,0.0,0.4854721549636804,0.25582312510071403,0.8050296693981215,0.3709511982498698,0.005933879627030363,0.3938742859996046,2017,0.0,0.0,0.007857259417221816,3.0
2017-12-28,0.8225661810469844,0.3228742852633296,0.46374444122747377,1.109300907006699,0.3762398920333851,1.0460968686159577,1.0,0.42736077481840196,0.858792042270696,0.0,0.4854721549636804,0.10860438189982836,1.3842940038684666,0.3709511982498698,0.10723404255319229,0.3938742859996046,2017,0.0,0.0,0.007131105302011287,4.0
2017-12-29,0.4241558032178865,0.44225300441173077,0.4391138837178433,0.7959313876225023,0.4224839753594356,0.9602970217418779,1.0,0.42736077481840196,0.41583492299889235,0.0,0.4854721549636804,0.1852584155842248,1.6987665329172146,0.3709511982498698,0.0,0.3938742859996046,2017,0.0,0.0,0.0073807659148793425,0.0
2018-01-02,0.8457310121106794,0.1702247527868873,0.5618506814115553,1.0698761008572348,0.4604968745998048,0.8779149927937573,1.0,0.45244690674053556,0.8234373545248261,1.0,0.4792243767313019,0.11643834701372881,0.4027698458023961,0.37489604701446533,0.9974300399771583,0.38768746840420615,2018,1.0,1.0,0.007595911395493855,2.0
2018-01-03,0.21498138609724912,0.6344034330595512,0.20159717235628102,0.8931992963677704,0.6569751221110735,1.1210280180596226,1.0,0.45244690674053556,0.17784304584053953,1.0,0.4792243767313019,0.4547095809772849,1.2625891805777036,0.37489604701446533,0.6914178846020532,0.38768746840420615,2018,0.0,1.0,0.007854716311825213,3.0
2018-01-04,0.684723089164402,0.05206027113955302,0.3731123661128116,1.0881877128228812,0.46614491095364613,0.9337553990501357,0.0,0.45244690674053556,0.40596186452416694,0.0,0.4792243767313019,0.05555708113296248,0.07296108291031987,0.37489604701446533,0.847106598984778,0.38768746840420615,2018,0.0,0.0,0.00798031791642135,4.0
2018-01-05,0.6068273578573194,0.5196549538914166,0.3821098896669909,0.9429767804740267,0.4867643613230892,0.9501301377449642,0.0,0.45244690674053556,0.49081088615784224,0.0,0.4792243767313019,0.4362056204165876,0.2745651151857151,0.37489604701446533,0.4118476727785512,0.38768746840420615,2018,0.0,0.0,0.008062620825594159,0.0
2018-01-08,0.801674562734946,0.49027791428999373,0.4425643954316032,1.0769017705563102,0.4941993543224576,1.003180058282555,0.0,0.45244690674053556,0.7703106240072749,1.0,0.4792243767313019,0.3179969468581051,0.017158030911675046,0.37489604701446533,1.0962075304691248,0.38768746840420615,2018,0.0,0.0,0.007946547604619335,1.0
2018-01-09,0.37214807897765523,0.6666669584943907,0.30926239928396687,0.9568266047229232,0.536116543188317,1.0009746451796004,1.0,0.45244690674053556,0.18851514644621306,1.0,0.4792243767313019,0.6168571135045607,1.4316346610572002,0.37489604701446533,0.4198955011196387,0.38768746840420615,2018,1.0,1.0,0.008020074949088806,2.0
2018-01-10,0.1288656643897096,0.49971847868277164,0.27985860959254777,0.8156012201308622,0.6043608175255791,0.9217459819038126,0.0,0.45244690674053556,0.14922373921284235,0.0,0.4792243767313019,0.2781310956026175,0.6509604028097251,0.37489604701446533,0.07223223721016352,0.38768746840420615,2018,0.0,0.0,0.00872922420763039,3.0
2018-01-11,0.8252033994451767,0.5493571972639357,0.4837222751212882,1.0357932203338152,0.550574689632219,0.9696820746811536,1.0,0.45244690674053556,0.8142755011556253,0.0,0.4792243767313019,0.2581269569024852,1.472913976511113,0.37489604701446533,0.06456373362848197,0.38768746840420615,2018,0.0,0.0,0.008786412854970952,4.0
2018-01-12,0.815363990512026,0.09429348212200943,0.36180526883504954,0.8198027678815188,0.48106636762913557,0.7991988932724794,1.0,0.45244690674053556,0.7052566932996376,0.0,0.4792243767313019,0.06990879725664162,0.5759697039247065,0.37489604701446533,0.130938719302281,0.38768746840420615,2018,0.0,0.0,0.009308108650858333,0.0
2018-01-15,0.6621766665140663,0.6674263625167067,0.5403968706511354,0.9222009426620352,0.5553726427254749,0.9397282892125295,0.0,0.45244690674053556,0.6442676190119024,1.0,0.4792243767313019,0.44017801311787697,0.10338411443190933,0.37489604701446533,0.7448540527968266,0.38768746840420615,2018,0.0,1.0,0.009161634284691461,1.0
2018-01-16,0.72820454157474,0.4285700849063066,0.37159662172712604,0.8370897854142577,0.5672835560568665,0.9427354418401509,1.0,0.45244690674053556,0.5789365765958588,1.0,0.4792243767313019,0.40875578090731934,0.45798537119160204,0.37489604701446533,0.9917640960663646,0.38768746840420615,2018,1.0,0.0,0.009268195298804932,2.0
2018-01-17,0.049693435570259584,0.9054578690423984,0.5019449902923853,0.9913293766807124,0.42752626352740547,0.9483686691283034,0.0,0.45244690674053556,0.03841386095082341,1.0,0.4792243767313019,0.7941426284886342,0.5333405793163415,0.37489604701446533,0.14151404814956697,0.38768746840420615,2018,0.0,1.0,0.009912644183425653,3.0
2018-01-18,0.42005935982881726,0.7775466375749239,0.477745373709818,0.9819118934425025,0.4568357578504869,0.9653539804026968,1.0,0.45244690674053556,0.36823155576803734,0.0,0.4792243767313019,0.7191851248434892,0.8626813948451466,0.37489604701446533,0.030322720381189598,0.38768746840420615,2018,1.0,0.0,0.009944237317705128,4.0
2018-01-19,0.2846268782599691,0.7580484434934783,0.3597167555209001,0.6508753786957296,0.5416704301202312,0.9492658158832993,0.0,0.45244690674053556,0.4360078119967627,0.0,0.4792243767313019,0.5018599866158886,0.32951995183096733,0.37489604701446533,0.22913131534293157,0.38768746840420615,2018,0.0,0.0,0.009802501250195836,0.0
2018-01-22,0.8126542031089317,0.49186327648848466,0.4192053379830418,0.7844148647397271,0.6714456470999894,0.9418995809850053,1.0,0.45244690674053556,0.8108849117478394,0.0,0.4792243767313019,0.3387175305013951,0.6385257702274754,0.37489604701446533,0.20397350993377278,0.38768746840420615,2018,0.0,0.0,0.009299911847653887,1.0
2018-01-23,0.8589491402044238,0.2463109636933898,0.5432397336810536,0.9211871951406495,0.32263186506349173,0.9386430537861794,1.0,0.45244690674053556,0.8629996154378309,0.0,0.4792243767313019,0.1396194439494394,1.7177964606972884,0.37489604701446533,0.14321829619613227,0.38768746840420615,2018,0.0,0.0,0.00905926202886138,2.0
2018-01-24,0.7396459307231041,0.065258129041693,0.4763283186510293,1.1451992090426473,0.47284981838799933,0.9010683460203642,1.0,0.45244690674053556,0.48896997450548507,0.0,0.4792243767313019,0.05178441549792569,0.6288032454361056,0.37489604701446533,1.2843813387424063,0.38768746840420615,2018,1.0,0.0,0.009074911275715313,3.0
2018-01-25,0.03747235305340423,0.8118193832592787,0.4938668890354019,0.7372816415405903,0.5854680585062692,0.8753756067640684,0.0,0.45244690674053556,0.04725124591488802,0.0,0.4792243767313019,0.4906598039208388,0.6743911597468094,0.37489604701446533,0.2786181740156662,0.38768746840420615,2018,0.0,0.0,0.009877979767150555,4.0
2018-01-26,0.40396051309317793,0.6944131116694613,0.4840379850976143,0.7181150508409241,0.46169468133791003,0.717675958785353,0.0,0.45244690674053556,0.4172093373984629,1.0,0.4792243767313019,0.5002776112868714,0.1686043480527564,0.37489604701446533,0.9101715239038644,0.38768746840420615,2018,0.0,0.0,0.010148902779850142,0.0
2018-01-29,0.22391880855240384,0.7142883260233893,0.34210889137329825,0.5757839875472692,0.4792249469439008,0.7973410230794044,0.0,0.45244690674053556,0.12907173640234787,1.0,0.4792243767313019,0.7387588056025308,0.6184392796675308,0.37489604701446533,0.42019393566262264,0.38768746840420615,2018,0.0,1.0,0.010388108384676078,1.0
2018-01-30,0.19795303245393697,0.75321780749576,0.32713922504418175,0.6879103970703587,0.49143109603705465,0.9177771260141359,0.0,0.45244690674053556,0.20695240456520764,1.0,0.4792243767313019,0.6270588222463409,0.6724246892774459,0.37489604701446533,0.4246892774383807,0.38768746840420615,2018,0.0,1.0,0.010134240796563727,2.0
2018-01-31,0.7656280292599513,0.24468168343703975,0.3831830939640846,0.6511767238155244,0.45342889819863214,1.0964082396182866,1.0,0.45244690674053556,0.7232568061945314,0.0,0.4792243767313019,0.16881991831764018,0.4368541613642215,0.37489604701446533,0.5451768897938296,0.38768746840420615,2018,0.0,0.0,0.010434216368839616,3.0
2018-02-01,0.8493398752572362,0.1354620119796094,0.6001128120496672,0.9695421794149804,0.3518279842348157,0.8425433108447443,0.0,0.45244690674053556,0.7321760927957429,1.0,0.4792243767313019,0.18642745516424955,0.10043146020690073,0.37489604701446533,1.5464989343452695,0.38768746840420615,2018,0.0,0.0,0.010188948669139108,4.0
2018-02-02,0.10157714390745609,0.6495805802970405,0.2417888614343293,0.5402984723905679,0.5527408880629867,1.0861857703099036,0.0,0.45244690674053556,0.062238603152626346,0.0,0.4792243767313019,0.59169580894914,0.5947623666343335,0.37489604701446533,0.2661493695441362,0.38768746840420615,2018,0.0,0.0,0.011051014742546756,0.0
2018-02-05,0.8165239293995656,0.4198388268126466,0.3893186498773491,0.6348378874130686,0.5129485845407127,0.8738732803945682,1.0,0.45244690674053556,0.7927250194888428,1.0,0.4792243767313019,0.20864358072322803,0.448623237071863,0.37489604701446533,1.2907991940899906,0.38768746840420615,2018,1.0,0.0,0.011117416040736522,1.0
2018-02-06,0.039425197439207076,0.9363622995896934,0.34360755021338757,0.7124003819003937,0.5564044583288099,0.7469926975735273,0.0,0.45244690674053556,0.03776419461632628,1.0,0.4792243767313019,0.611581124611977,0.5182549218966608,0.37489604701446533,0.8359367778907495,0.38768746840420615,2018,0.0,0.0,0.01167182525597863,2.0
2018-02-07,0.1889497679881917,0.496276743133213,0.3130780078563515,0.817083816265104,0.4808684278887576,0.8030526227435515,0.0,0.45244690674053556,0.1655651341246597,1.0,0.4792243767313019,0.531468535987076,0.23594817019785747,0.37489604701446533,0.6900717912799833,0.38768746840420615,2018,0.0,1.0,0.012378163627575753,3.0
2018-02-08,0.7184802273118096,0.2435843117110658,0.34890142818859643,0.7927053774441248,0.46098528157714563,0.785641011145111,1.0,0.45244690674053556,0.7037544651647119,0.0,0.4792243767313019,0.2525043772570828,0.23739051646027334,0.37489604701446533,0.4614919963757221,0.38768746840420615,2018,1.0,0.0,0.01255441129631599,4.0
2018-02-09,0.5130093676084085,0.672823052636843,0.36760012926129454,0.6594029663129526,0.4383397499915949,0.7731955504300977,1.0,0.45244690674053556,0.4769001445282994,0.0,0.4792243767313019,0.6160864756432047,0.634018216479561,0.37489604701446533,0.11446727388265546,0.38768746840420615,2018,1.0,0.0,0.012812482359429108,0.0
2018-02-12,0.4489656896301453,0.5129104274579555,0.3444356545689398,0.7506389000271779,0.4366064995248928,0.711826214524346,1.0,0.45244690674053556,0.7073601755714911,0.0,0.4792243767313019,0.35858109955954204,0.5048274704055146,0.37489604701446533,0.04936613214675015,0.38768746840420615,2018,0.0,0.0,0.012868076022229367,1.0
2018-02-13,0.7869663259390627,0.19957883766754195,0.4471649046488383,0.8065738263567845,0.26207359150874376,0.7409215726695393,1.0,0.45244690674053556,0.8548240567406938,1.0,0.4792243767313019,0.27818740218855614,1.6429968005687738,0.37489604701446533,0.7073409171702861,0.38768746840420615,2018,0.0,1.0,0.012093567150896626,2.0
2018-02-14,0.6172533572093574,0.008350005411106403,0.41552667859661846,0.7730472754797831,0.33135417988468957,0.6183932339168411,1.0,0.45244690674053556,0.33399331479745104,0.0,0.4792243767313019,0.031589217718217155,0.4002675137936744,0.37489604701446533,0.10182243771944524,0.38768746840420615,2018,1.0,0.0,0.01265613857635901,3.0
2018-02-15,0.6768739171606728,0.349923498510511,0.4873051547179476,0.7578929783233448,0.30836626708624654,0.5660862242598613,1.0,0.45244690674053556,0.6794526221756836,1.0,0.4792243767313019,0.5537599393138153,0.5102709139624844,0.37489604701446533,0.4983626079190163,0.38768746840420615,2018,1.0,0.0,0.012412788978891994,4.0
2018-02-16,0.10638902746174281,0.7024615582977499,0.34649286445046434,0.7472594882205167,0.4354195962159583,0.711488226643603,0.0,0.45244690674053556,0.14010463453261224,0.0,0.4792243767313019,0.7592855877229756,0.2501580344725866,0.37489604701446533,0.07610940199755352,0.38768746840420615,2018,0.0,0.0,0.012582708413536247,0.0
2018-02-19,0.5964090488356848,0.7350528530052639,0.38249671310249234,0.8942635937756077,0.4299395046987432,0.7190517471736831,0.0,0.45244690674053556,0.32365598397048384,1.0,0.4792243767313019,0.8915976093584407,0.12016114906287138,0.37489604701446533,1.0918724820459023,0.38768746840420615,2018,0.0,0.0,0.01211718585840149,1.0
2018-02-20,0.10179231229453756,0.7084239371039464,0.26636232059409887,0.5427892693101138,0.3718208145613079,0.6514119914387226,0.0,0.45244690674053556,0.058714906239509736,1.0,0.4792243767313019,0.8125111366352381,0.4153483386923945,0.37489604701446533,0.4171489817792096,0.38768746840420615,2018,0.0,0.0,0.01253401514076787,2.0
2018-02-21,0.25640456503847786,0.7334175558774345,0.3656816801177316,1.180026033518587,0.4667545781296547,0.7848815687182717,0.0,0.45244690674053556,0.18862638729846676,1.0,0.4792243767313019,0.7881195738627047,0.46078683466187037,0.37489604701446533,0.20819405159852727,0.38768746840420615,2018,0.0,1.0,0.012585434681302757,3.0
2018-02-22,0.8586492699843085,0.20837111247934437,0.3128067962048669,0.7333720371293057,0.4202464702266429,0.8882399716823292,1.0,0.45244690674053556,0.9008663455123797,0.0,0.4792243767313019,0.15402353849060546,0.012620571531599364,0.37489604701446533,0.3842964031371081,0.38768746840420615,2018,1.0,0.0,0.01189895169516888,4.0
2018-02-23,0.5861174935227282,0.5727957145714366,0.3509503086708893,0.8133717679194705,0.3814309777782109,0.726027371412819,1.0,0.45244690674053556,0.6501454692561534,0.0,0.4792243767313019,0.6517127764874678,0.7874878173295663,0.37489604701446533,0.144242818025713,0.38768746840420615,2018,0.0,0.0,0.011582590260023696,0.0
2018-02-26,0.41120974160367224,0.38401210966079163,0.3378808326392292,0.5966955861438219,0.4599860109349377,0.7580857941204593,0.0,0.45244690674053556,0.4138213833351525,1.0,0.4792243767313019,0.46200272572822937,0.24579471335394115,0.37489604701446533,1.3553038105046344,0.38768746840420615,2018,0.0,0.0,0.010925907866803699,1.0
2018-02-27,0.10339164173881278,0.4729865040834011,0.33042790558955554,0.5224103213507811,0.3892056911100454,0.5666151241217093,0.0,0.45244690674053556,0.05362579964957333,0.0,0.4792243767313019,0.5951552618479016,0.2789142026175557,0.37489604701446533,0.18662142510906432,0.38768746840420615,2018,0.0,0.0,0.011177900375269705,2.0
2018-02-28,0.6708554525279775,0.6765789596915853,0.47436910149440864,1.1564683244849625,0.4144454899275944,0.7743495081643356,0.0,0.45244690674053556,0.49784974218646344,1.0,0.4792243767313019,0.7301204346979574,0.22832618025751156,0.37489604701446533,1.0716485735925145,0.38768746840420615,2018,0.0,1.0,0.010734475525612628,3.0
2018-03-01,0.766429922016247,0.10054952212334652,0.49459874703349826,0.8791500608287743,0.41428107670368086,0.7234869758561149,1.0,0.45244690674053556,0.5399671665972035,0.0,0.4792243767313019,0.19034762981123482,0.5856396739395661,0.37489604701446533,0.10933762874017029,0.38768746840420615,2018,0.0,0.0,0.011113401502617394,4.0
2018-03-02,0.71506077354712,0.30016809806115063,0.531737688237122,0.8697145721445274,0.359458510660931,0.7942696210718666,1.0,0.45244690674053556,0.7459368822132524,0.0,0.4792243767313019,0.34296870991719297,0.37970556269143413,0.37489604701446533,0.3278332180614569,0.38768746840420615,2018,1.0,0.0,0.010935485927355357,0.0
2018-03-05,0.4154177790006852,0.6018761599556282,0.355190387480033,0.6853788922084179,0.4082387636936995,0.8929743317844876,1.0,0.45244690674053556,0.3288205437284421,0.0,0.4792243767313019,0.7310169153528977,1.2565692353114857,0.37489604701446533,0.04202342289145646,0.38768746840420615,2018,0.0,0.0,0.010995420468514639,1.0
2018-03-06,0.6570986172964566,0.12751245379042503,0.34695221315564684,0.7063265374127562,0.42999701259451933,0.7651616491173837,1.0,0.45244690674053556,0.6007321535755137,0.0,0.4792243767313019,0.10414221646686528,0.4520049921319516,0.37489604701446533,0.9397145802810867,0.38768746840420615,2018,1.0,0.0,0.009864638890732634,2.0
2018-03-07,0.14110747550103622,0.6299919268453182,0.3476586853260713,0.7227672721984246,0.512941755179029,0.884919464954344,0.0,0.45244690674053556,0.08468562813224242,1.0,0.4792243767313019,0.6708428807892998,0.2597536463433585,0.37489604701446533,0.45961964644641745,0.38768746840420615,2018,0.0,0.0,0.010457312735253169,3.0
2018-03-08,0.43398325191018017,0.6493615971067849,0.38535450836439894,0.8613268498253819,0.5154648720784997,0.7554245991874411,0.0,0.45244690674053556,0.31217938316002497,1.0,0.4792243767313019,0.7198129381961514,0.2454827328129986,0.37489604701446533,0.6705869774403947,0.38768746840420615,2018,0.0,1.0,0.010108892431570721,4.0
2018-03-09,0.7398174787099164,0.15756175766858344,0.3457231656130011,0.7741773696500099,0.47434173882554576,0.7931921129726693,0.0,0.45244690674053556,0.7707807449502779,0.0,0.4792243767313019,0.2102583022630963,0.07586313670846535,0.37489604701446533,0.5881199360066117,0.38768746840420615,2018,0.0,0.0,0.010460506284833287,0.0
2018-03-12,0.8629930192793636,0.19246941683580363,0.3902738374633485,0.7683547333848815,0.4798279100596472,0.7849000216105578,1.0,0.45244690674053556,0.8201191342441315,1.0,0.4792243767313019,0.25453984064666574,0.4096293465800621,0.37489604701446533,0.7115017195261688,0.38768746840420615,2018,0.0,1.0,0.00989167164337068,1.0
2018-03-13,0.7420335068165108,0.07958519998261054,0.4737611788964627,0.6525734250770714,0.41797609989799195,0.6852758084650744,1.0,0.45244690674053556,0.7159194486567757,0.0,0.4792243767313019,0.15014032653509293,0.28229795097559857,0.37489604701446533,0.3675199739116365,0.38768746840420615,2018,1.0,0.0,0.009909623629273782,2.0
2018-03-14,0.5750321053851806,0.455773967732529,0.4604067583718096,1.0262127526094906,0.4140460483195086,0.7613979518372693,0.0,0.45244690674053556,0.46286607878254926,1.0,0.4792243767313019,0.6473801525461578,0.23773293637666143,0.37489604701446533,0.7625978608446417,0.38768746840420615,2018,0.0,0.0,0.00977989045746252,3.0
2018-03-15,0.2371669047260363,0.7340589879290359,0.5469284619331511,0.6310154779015275,0.3516164989731165,0.6646973743649727,0.0,0.45244690674053556,0.11069800032472929,1.0,0.4792243767313019,0.8162029794259849,0.42584419037490084,0.37489604701446533,0.4742355756447825,0.38768746840420615,2018,0.0,0.0,0.01020733842768453,4.0
2018-03-16,0.3807236970049225,0.4534535832857137,0.4013559089333158,0.6162766376290255,0.38003949148406413,0.7437684983075756,0.0,0.45244690674053556,0.302171776979142,1.0,0.4792243767313019,0.6233438359307752,0.4415500538213042,0.37489604701446533,0.45059203444564033,0.38768746840420615,2018,0.0,1.0,0.010102712725176885,0.0
2018-03-19,0.7020017652363716,0.1682248678671102,0.40050718887033143,0.649604259867418,0.4250922284097458,0.7822118338772763,0.0,0.45244690674053556,0.6982019458654188,1.0,0.4792243767313019,0.23780617851356345,0.1180587425424526,0.37489604701446533,0.7693896282698592,0.38768746840420615,2018,0.0,1.0,0.009456613607932466,1.0
2018-03-20,0.4612092553741102,0.5474709883355768,0.4435843109700324,0.8188374474377917,0.35783769319331177,0.7899526435135982,1.0,0.45244690674053556,0.2930112474031745,0.0,0.4792243767313019,0.6602569193184995,2.014004817657274,0.37489604701446533,0.08705394655760774,0.38768746840420615,2018,0.0,0.0,0.009727206644427057,2.0
2018-03-21,0.8027959532533754,0.015334195814279496,0.4701328058085629,0.7931037227706126,0.38661171393731114,0.9198210234035844,0.0,0.45244690674053556,0.42612574443942347,0.0,0.4792243767313019,0.04023214597695581,0.22470707827296496,0.37489604701446533,0.5370499170723747,0.38768746840420615,2018,0.0,0.0,0.010024187623016349,3.0
2018-03-22,0.662784339324986,0.41691280002318865,0.40644548764251726,0.6991866844501898,0.4155819189734238,0.7685728975021067,1.0,0.45244690674053556,0.4072484886356012,0.0,0.4792243767313019,0.6250403879625475,1.6029104916804733,0.37489604701446533,0.0,0.38768746840420615,2018,0.0,0.0,0.010047876726836047,4.0
2018-03-23,0.6854128254575573,0.12279475081767979,0.44360486221779954,0.779956461528133,0.45447433506655016,0.8754593238048322,1.0,0.45244690674053556,0.6358722077950679,0.0,0.4792243767313019,0.07681699680091654,0.642467689822287,0.37489604701446533,0.23677302100160863,0.38768746840420615,2018,0.0,0.0,0.010505792824577465,0.0
2018-03-26,0.7469070853792733,0.29026123366660816,0.4651192371948602,0.7604170111176578,0.43300596033528155,0.8744547283834088,1.0,0.45244690674053556,0.7574611269805582,1.0,0.4792243767313019,0.21232812497792863,0.2519956174675255,0.37489604701446533,0.993374028277762,0.38768746840420615,2018,1.0,1.0,0.010116615275154839,1.0
2018-03-27,0.18464800711964094,0.44401185094779844,0.2590984823643566,0.7596323502489353,0.4685309725101547,0.9619392421448638,0.0,0.45244690674053556,0.13574476245551068,1.0,0.4792243767313019,0.6033343223777805,0.17573529411765432,0.37489604701446533,1.561764705882353,0.38768746840420615,2018,0.0,0.0,0.01011483310525377,2.0
2018-03-28,0.04015781197922429,0.7872058559942972,0.4001942699607472,0.6386752935045877,0.38022674807750584,0.6843210951035059,0.0,0.45244690674053556,0.02463819313829194,1.0,0.4792243767313019,0.7333879991799682,0.24698618053514587,0.37489604701446533,0.24012545329804938,0.38768746840420615,2018,0.0,1.0,0.011003694860197113,3.0
2018-03-29,0.7351629495090634,0.4714344145318652,0.5546104953173561,1.0653341291014546,0.536610150849804,0.8620737000864651,1.0,0.45244690674053556,0.67615411970536,0.0,0.4792243767313019,0.5639481641752311,1.3928212346671982,0.37489604701446533,0.018298813593403716,0.38768746840420615,2018,0.0,0.0,0.010723935746955673,4.0
2018-04-02,0.6801134599808359,0.061513897919770744,0.23676431551374688,0.7381999839332483,0.4284646284017818,0.7904988615496069,0.0,0.45244690674053556,0.6663732961769747,0.0,0.4792243767313019,0.10533631515988398,0.0847554580989747,0.37489604701446533,0.8228620459528974,0.38768746840420615,2018,0.0,0.0,0.01117304748625074,1.0
2018-04-03,0.4090567005313044,0.575070180865772,0.3238918136916119,0.7201979484675192,0.5014381828564247,0.6998682401031179,1.0,0.45244690674053556,0.2267910506682658,0.0,0.4792243767313019,0.7001755651406796,1.045757270854304,0.37489604701446533,0.07781131713860352,0.38768746840420615,2018,1.0,0.0,0.01118729758501029,2.0
2018-04-04,0.10807167212456066,0.6483841393065661,0.3019723495710557,0.5767098291827022,0.4046508663218796,0.6691797293220418,0.0,0.45244690674053556,0.1230953206659677,1.0,0.4792243767313019,0.7431043862375654,0.11423566291720329,0.37489604701446533,0.6699243960907169,0.38768746840420615,2018,0.0,0.0,0.011623358599795745,3.0
2018-04-05,0.4918652828763493,0.4605322409430474,0.4288863448573141,0.7805378092923085,0.41554354345106503,0.6633434018226244,1.0,0.45244690674053556,0.30269399359702326,1.0,0.4792243767313019,0.7021500885972395,0.579797325436109,0.37489604701446533,0.4379251307204808,0.38768746840420615,2018,1.0,1.0,0.011638013669859741,4.0
2018-04-06,0.6301733053671259,0.12042969400525536,0.28651082424422514,0.5504310821149885,0.49078655035320656,0.7177081143468614,1.0,0.45244690674053556,0.7556559663193376,0.0,0.4792243767313019,0.17116093422962284,0.31283848359349214,0.37489604701446533,0.39184453647659107,0.38768746840420615,2018,0.0,0.0,0.011775076899992486,0.0
2018-04-09,0.7673424242296443,0.20413705808313054,0.5744554189640125,0.7441677646521379,0.4307463536176937,0.8450795653454171,1.0,0.45244690674053556,0.8273221624635899,0.0,0.4792243767313019,0.24485679035793928,0.4085864352591983,0.37489604701446533,0.3273806805206601,0.38768746840420615,2018,0.0,0.0,0.011705438872428617,1.0
2018-04-10,0.6928015485595135,0.23406526075538772,0.569752157162359,0.8884494568877991,0.40699515867058966,0.7663575530596237,1.0,0.45244690674053556,0.7508288544979601,0.0,0.4792243767313019,0.3158666130866606,1.6449569299485138,0.37489604701446533,0.02424684380838774,0.38768746840420615,2018,0.0,0.0,0.011701217639128264,2.0
2018-04-11,0.24948548543918195,0.1925713590435515,0.35946510110162366,0.8048144020565755,0.5710977527063895,0.8079740000405595,0.0,0.45244690674053556,0.2568010544260434,1.0,0.4792243767313019,0.18231668152464342,0.004479385684244949,0.37489604701446533,1.2382301855745454,0.38768746840420615,2018,0.0,0.0,0.011550080087171996,3.0
2018-04-12,0.11201453142560565,0.692793921021079,0.475059994478839,0.6512915088414168,0.3202492456035164,0.6548743320864923,0.0,0.45244690674053556,0.058752171895807566,1.0,0.4792243767313019,0.8092121986713883,0.7496382054992795,0.37489604701446533,0.10007455159408135,0.38768746840420615,2018,0.0,1.0,0.012202378722707446,4.0
2018-04-13,0.6597108950312682,0.2162585909897438,0.3405995630497356,0.5818969886284004,0.5188922852708961,0.734048154268521,1.0,0.45244690674053556,0.8086094763490962,0.0,0.4792243767313019,0.18258070888202588,0.3498888737696881,0.37489604701446533,0.3086134167913941,0.38768746840420615,2018,1.0,0.0,0.01170957575294053,0.0
2018-04-16,0.517081615671691,0.3969867958531513,0.387965113292732,0.8638080329793401,0.4518440466425638,0.9020324955274298,0.0,0.45244690674053556,0.6122974926879677,1.0,0.4792243767313019,0.507751565301048,0.23717948717949,0.37489604701446533,0.5147435897435878,0.38768746840420615,2018,0.0,1.0,0.011593168948142869,1.0
2018-04-17,0.7407839128394347,0.16757601972234598,0.3963294653014576,0.9124327581402076,0.4331441028210885,0.8507178687896302,1.0,0.45244690674053556,0.7786315455362016,0.0,0.4792243767313019,0.2631697157414158,0.5637319316688516,0.37489604701446533,0.31603153745071894,0.38768746840420615,2018,1.0,0.0,0.011299099487011983,2.0
2018-04-18,0.47548841818229753,0.3289506387053628,0.3858453762504767,0.816369816660128,0.5425961626120269,0.8709124545564855,0.0,0.45244690674053556,0.4828511695008262,1.0,0.4792243767313019,0.440011453663132,0.37684874778150534,0.37489604701446533,0.5701045158745806,0.38768746840420615,2018,0.0,1.0,0.010739355151597293,3.0
2018-04-19,0.36797196460839926,0.5335384767489928,0.29788842349437,0.6061030319783373,0.5275421284683022,0.834879403302875,0.0,0.45244690674053556,0.2833117668677187,1.0,0.4792243767313019,0.6382592083787106,0.04946051752124576,0.37489604701446533,0.6984627136446137,0.38768746840420615,2018,0.0,0.0,0.011121092804261112,4.0
2018-04-20,0.2332731632367218,0.7656614820997079,0.2759358152082214,0.669620470767863,0.3782475188092349,0.8084739235237403,0.0,0.45244690674053556,0.13577358416604934,1.0,0.4792243767313019,0.8600932470487918,0.0,0.37489604701446533,0.9449651046859401,0.38768746840420615,2018,0.0,0.0,0.01072875295094189,0.0
2018-04-23,0.2528388410264155,0.6821502016479233,0.3424298969119143,0.5549411113783103,0.5027159143456393,0.8137290980161923,0.0,0.45244690674053556,0.15801330070850944,1.0,0.4792243767313019,0.7669902379959469,0.559888301585718,0.37489604701446533,0.1808118081180757,0.38768746840420615,2018,0.0,1.0,0.010814454504764407,1.0
2018-04-24,0.7030779860233325,0.26217776154531997,0.39105238557652405,0.6000273828605388,0.40574102550153635,0.7779149122117617,0.0,0.45244690674053556,0.7854022111662422,1.0,0.4792243767313019,0.2622073394033672,0.123148148148151,0.37489604701446533,0.8267489711934185,0.38768746840420615,2018,0.0,1.0,0.010438895410215277,2.0
2018-04-25,0.4478485581867221,0.510744184672297,0.4040529375833555,0.5882108532960149,0.4420393232255639,0.8117475522897375,0.0,0.45244690674053556,0.26199458871627473,1.0,0.4792243767313019,0.6401597743696475,0.234240687679082,0.37489604701446533,0.5744985673352427,0.38768746840420615,2018,0.0,0.0,0.010550420580877731,3.0
2018-04-26,0.29025575806531745,0.6470884289659898,0.4632549703964255,0.6037129177359637,0.4316599439433298,0.8319002567164064,0.0,0.45244690674053556,0.17603445442561763,0.0,0.4792243767313019,0.8021115119418173,0.6090461731755805,0.37489604701446533,0.107737409695322,0.38768746840420615,2018,0.0,0.0,0.010362171510158192,4.0
2018-04-27,0.8586538361477779,0.19174423638399407,0.5138200694705383,0.7079652240600415,0.39332991243454496,0.8448534494155371,1.0,0.45244690674053556,0.8286191378483845,1.0,0.4792243767313019,0.23755542182204797,0.1837250975018455,0.37489604701446533,0.9717508169073367,0.38768746840420615,2018,1.0,0.0,0.010241711737971077,0.0
2018-04-30,0.22880375059596453,0.37581280157338265,0.47229208918504684,0.8870353023410255,0.5188533316138123,0.6791268589509869,0.0,0.45244690674053556,0.184161013096585,1.0,0.4792243767313019,0.6096648725975825,0.07870442003198755,0.37489604701446533,0.9718912785599962,0.38768746840420615,2018,0.0,0.0,0.010530975373953075,1.0
2018-05-01,0.16637631522203114,0.6414903665674728,0.49810451996539856,0.6308918465973544,0.29385000883183215,0.6450307520227374,0.0,0.45244690674053556,0.09810998899455062,0.0,0.4792243767313019,0.760703169590829,0.7365591397849419,0.37489604701446533,0.02841781874039108,0.38768746840420615,2018,0.0,0.0,0.009986500582929348,2.0
2018-05-02,0.37646843580070416,0.6603500114615511,0.5256760049527482,1.0084155597113484,0.5579902059948921,0.6868917651566304,1.0,0.45244690674053556,0.20293417224393825,0.0,0.4792243767313019,0.7888542714233007,1.084712417544277,0.37489604701446533,0.021872468464296708,0.38768746840420615,2018,1.0,0.0,0.00946234062893189,3.0
2018-05-03,0.46068512183575755,0.3078159211401268,0.52612387138942,0.6904466086777761,0.5988168417874749,0.6253004704781944,0.0,0.45244690674053556,0.4876357598887162,0.0,0.4792243767313019,0.31348793873407926,0.2724745134383613,0.37489604701446533,0.33086190917515695,0.38768746840420615,2018,0.0,0.0,0.009399241266066454,4.0
2018-05-04,0.8980556444993801,0.15266181159272665,0.5884148868744222,1.136101159522953,0.306340577489794,0.8573350021292507,1.0,0.45244690674053556,0.8869103350309155,0.0,0.4792243767313019,0.21257523354809957,0.33904896588298866,0.37489604701446533,0.3819456720287467,0.38768746840420615,2018,1.0,0.0,0.009219972205893663,0.0
2018-05-07,0.559389825532419,0.4109987950062269,0.5230462260377652,1.1478999481363565,0.30754193481552994,0.7735564012638031,0.0,0.45244690674053556,0.47521405822752916,1.0,0.4792243767313019,0.5846417990184448,0.3140595009596949,0.37489604701446533,0.6743042226487528,0.38768746840420615,2018,0.0,1.0,0.009063046666644887,1.0
2018-05-08,0.675953632907119,0.2104338822492518,0.5401492389683553,1.231898459861558,0.32852157323514264,0.7988739630904749,0.0,0.45244690674053556,0.6041200193429298,1.0,0.4792243767313019,0.2840766398276379,0.2705027256208221,0.37489604701446533,0.8462749848576664,0.38768746840420615,2018,0.0,1.0,0.008973684439381128,2.0
2018-05-09,0.6773837458052401,0.1400482375607941,0.4619531117268598,0.9536679809103911,0.447822832195504,0.7267393718368174,1.0,0.45244690674053556,0.47325990377387217,0.0,0.4792243767313019,0.3105687944337877,0.8720753570343399,0.37489604701446533,0.1599513825584835,0.38768746840420615,2018,0.0,0.0,0.00895496558419786,3.0
2018-05-10,0.8552032226206847,0.08590686189207047,0.2826686445661021,0.8925667333720896,0.3241217560863326,0.6519150861273546,1.0,0.45244690674053556,0.780299382596786,0.0,0.4792243767313019,0.14566210681286382,0.4009909964348329,0.37489604701446533,0.32908332829777337,0.38768746840420615,2018,1.0,0.0,0.008947765680893073,4.0
2018-05-11,0.2742906140400299,0.7038310665618711,0.42156053310850544,1.162985931678564,0.27589355248483843,0.7610409152744761,0.0,0.45244690674053556,0.1862206549300537,1.0,0.4792243767313019,0.8271666121324001,0.36442894507411416,0.37489604701446533,0.452484742807331,0.38768746840420615,2018,0.0,0.0,0.008702249535298304,0.0
2018-05-14,0.21124089266450125,0.8053164155994876,0.5291974656181376,1.069480093992176,0.26811831878477677,0.8303214875461284,0.0,0.45244690674053556,0.12742724189977578,1.0,0.4792243767313019,0.8543807551354446,0.14057989205471844,0.37489604701446533,2.158779967365407,0.38768746840420615,2018,0.0,0.0,0.008667206259274206,1.0
2018-05-15,0.01290381390005249,0.6978271893246117,0.3895191474495914,0.6018296238026796,0.5098313655645674,0.7351706501874399,0.0,0.45244690674053556,0.008583696384930142,1.0,0.4792243767313019,0.6224188294179507,0.5191504178273084,0.37489604701446533,0.3322887650882028,0.38768746840420615,2018,0.0,1.0,0.00953879230652555,2.0
2018-05-16,0.4116249649099038,0.5408107906319765,0.28650851438971053,0.6481335533000636,0.4904417564281999,0.7723672559918177,0.0,0.45244690674053556,0.4018800813183055,1.0,0.4792243767313019,0.5657864876538223,0.30528832138067946,0.37489604701446533,0.4620138767418709,0.38768746840420615,2018,0.0,1.0,0.0094925569409514,3.0
2018-05-17,0.6500156674569585,0.30706688634673546,0.41571587802099247,0.7302272462668339,0.34198379213823255,0.660655490538198,0.0,0.45244690674053556,0.6256484073215466,0.0,0.4792243767313019,0.4177445388828305,0.2806053877169282,0.37489604701446533,0.3828668263893017,0.38768746840420615,2018,0.0,0.0,0.009470864625244158,4.0
2018-05-18,0.821985832289328,0.2625561370847356,0.513160654030571,0.8476063816347451,0.3871770027618759,0.6982672934043058,0.0,0.45244690674053556,0.8341956572770217,1.0,0.4792243767313019,0.24347628701597,0.01027020418145044,0.37489604701446533,0.9337327301626034,0.38768746840420615,2018,0.0,1.0,0.00903747918528983,0.0
2018-05-21,0.9118715461012751,0.052110767234814635,0.5805478258420591,0.9191829748769702,0.21920734862161984,0.7063913906707098,1.0,0.45244690674053556,0.8037476327396325,0.0,0.4792243767313019,0.14790778735014234,0.321004623266283,0.37489604701446533,0.4058478070723585,0.38768746840420615,2018,1.0,0.0,0.008845742758328695,1.0
2018-05-22,0.5590490632763674,0.3951196922174232,0.5582923640581486,1.146189498573482,0.24214826195487396,0.8078748844747186,1.0,0.45244690674053556,0.4318516355016967,1.0,0.4792243767313019,0.6229420393729004,0.6460450729120604,0.37489604701446533,0.2951833848873313,0.38768746840420615,2018,1.0,1.0,0.008763641151549395,2.0
2018-05-23,0.6475502266836902,0.22066073600546443,0.6362334379906448,1.0793761314746468,0.2430005435983744,0.6945830102876754,1.0,0.45244690674053556,0.4626361663289689,0.0,0.4792243767313019,0.4333945876629293,1.1990990990990968,0.37489604701446533,0.04864864864864548,0.38768746840420615,2018,0.0,0.0,0.008583425482721002,3.0
2018-05-24,0.8072738857369364,0.08428625518084729,0.3542763304578431,0.868681808177892,0.29004296516373645,0.5506439725113513,1.0,0.45244690674053556,0.7417033169869636,0.0,0.4792243767313019,0.11212841299969754,0.27081144552253633,0.37489604701446533,0.41357147271491096,0.38768746840420615,2018,1.0,0.0,0.008859650563686422,4.0
2018-05-25,0.3982844001771575,0.6098443845448025,0.4631367669690418,1.076638327409418,0.3018612756531573,0.6965996771890458,0.0,0.45244690674053556,0.25997927894646217,1.0,0.4792243767313019,0.7948831324243626,0.0,0.37489604701446533,0.5078891787799662,0.38768746840420615,2018,0.0,0.0,0.00883662616317621,0.0
2018-05-28,0.7840913914849033,0.47991827455623165,0.700146065256008,1.1250612883545845,0.23568926659203926,0.6128816773933247,1.0,0.45244690674053556,0.6305546044632716,1.0,0.4792243767313019,0.6490824677605381,0.7801354401805973,0.37489604701446533,0.4577878103837423,0.38768746840420615,2018,1.0,1.0,0.008533803880472791,1.0
2018-05-29,0.2985375636396149,0.2728299079610528,0.6290946928137847,1.1100976566815606,0.282983714055512,0.6705439027745521,0.0,0.45244690674053556,0.26610050803415924,0.0,0.4792243767313019,0.4316080009487527,0.5155858345652053,0.37489604701446533,0.24294620476894824,0.38768746840420615,2018,0.0,0.0,0.008558776610374604,2.0
2018-05-30,0.7421573450073082,0.38713699154311065,0.557039551199403,1.2544060037558666,0.22368351241000295,0.708869881539337,1.0,0.45244690674053556,0.6588115007367604,0.0,0.4792243767313019,0.38191239536267924,0.48390282441240334,0.37489604701446533,0.35854894989794045,0.38768746840420615,2018,1.0,0.0,0.008338548700550091,3.0
2018-05-31,0.38779823195614727,0.6125158378353606,0.5754081545700617,1.0344968681100633,0.1932017073414266,0.7282228921157933,0.0,0.45244690674053556,0.15735374480736583,1.0,0.4792243767313019,0.8171248073504117,0.22414698162730148,0.37489604701446533,0.808398950131229,0.38768746840420615,2018,0.0,0.0,0.008386334896508009,4.0
2018-06-01,0.34548358062928497,0.5069657312466992,0.48644767170365655,0.9540923305650513,0.22601786708653104,0.6515698767641983,0.0,0.45244690674053556,0.22042348590995325,0.0,0.4792243767313019,0.6381429545983084,0.47189991573216206,0.37489604701446533,0.23867245737992826,0.38768746840420615,2018,0.0,0.0,0.00852404269591153,0.0
2018-06-04,0.49655392057243064,0.5564190640264585,0.5987622962215201,1.0918540985624863,0.23734281532583884,0.7229057415026409,1.0,0.45244690674053556,0.24825999791128922,1.0,0.4792243767313019,0.744433363380655,0.8939895534466331,0.37489604701446533,0.20701831825204048,0.38768746840420615,2018,1.0,1.0,0.007516555998425137,1.0
2018-06-05,0.5337848148929794,0.2605660013501141,0.5834530024037324,0.9479919178842806,0.2593942335618205,0.6977215711446269,1.0,0.45244690674053556,0.5232651111985821,0.0,0.4792243767313019,0.2895192296739583,0.5635375348905552,0.37489604701446533,0.26017335096224176,0.38768746840420615,2018,1.0,0.0,0.007501975509196456,2.0
2018-06-06,0.32904830799996326,0.587492214257208,0.4553755081703992,0.9987286546336929,0.4113188964013346,0.9161078820674424,1.0,0.45244690674053556,0.3394707580649779,0.0,0.4792243767313019,0.6419486234263586,0.7012987012987001,0.37489604701446533,0.16311688311687622,0.38768746840420615,2018,1.0,0.0,0.007424921507972642,3.0
2018-06-07,0.36582006319500004,0.5531818851311884,0.38563106992471136,0.9690942067270297,0.330364906533814,0.782335177244466,0.0,0.45244690674053556,0.2805338324694929,1.0,0.4792243767313019,0.6798215201000651,0.36721991701244366,0.37489604701446533,0.49170124481327804,0.38768746840420615,2018,0.0,1.0,0.007433052409188006,4.0
2018-06-08,0.7309483939875513,0.2060875942500552,0.5488699246802944,0.9779564858772415,0.3725866957673927,0.7788615837343424,1.0,0.45244690674053556,0.7075321665712397,0.0,0.4792243767313019,0.27073189253783797,0.39285984418728087,0.37489604701446533,0.46063081461310496,0.38768746840420615,2018,1.0,0.0,0.007273461465673194,0.0
2018-06-11,0.6966307050167407,0.21869642660539862,0.6076253084834651,1.0735540080968329,0.3087887946037713,0.7877356866464367,0.0,0.45244690674053556,0.7191437666221822,1.0,0.4792243767313019,0.27312052079062576,0.03394968172172709,0.37489604701446533,0.7331009396786748,0.38768746840420615,2018,0.0,1.0,0.007250270593988146,1.0
2018-06-12,0.5647776010872929,0.5127783534902242,0.5458314567467045,1.0166375732057402,0.2868628729836998,0.7285400378811938,1.0,0.45244690674053556,0.3219735971110162,1.0,0.4792243767313019,0.6835803033550507,0.6033919402520589,0.37489604701446533,0.45091022249882007,0.38768746840420615,2018,1.0,1.0,0.007086732252295152,2.0
2018-06-13,0.732396107333891,0.17653301296626978,0.5900230605657233,1.0609223435031088,0.36725608570303714,0.9337665727618126,1.0,0.45244690674053556,0.7003462893392732,0.0,0.4792243767313019,0.1711149089547414,1.1121653131784346,0.37489604701446533,0.21050092466027615,0.38768746840420615,2018,0.0,0.0,0.00683714542993697,3.0
2018-06-14,0.3552031939360484,0.34239583242001015,0.5656913880860058,1.1242223733759966,0.2163972003683359,0.7525140940723093,0.0,0.45244690674053556,0.23484357548394189,1.0,0.4792243767313019,0.43610412782417235,0.12229935262458876,0.37489604701446533,2.902425707823129,0.38768746840420615,2018,0.0,0.0,0.007034332767119175,4.0
2018-06-15,0.01221731449141966,0.30553561766014325,0.4956515700310895,0.9106651411897203,0.3477683376550427,0.6780930770384297,0.0,0.45244690674053556,0.004722803142540633,0.0,0.4792243767313019,0.4251163331953108,0.2500166588925233,0.37489604701446533,0.2472179649496779,0.38768746840420615,2018,0.0,0.0,0.008376994329745542,0.0
2018-06-18,0.45415872755763037,0.7247486726828953,0.38030849331731337,1.1138000633071239,0.49959836972540067,0.6788867748210461,1.0,0.45244690674053556,0.3632832099993194,1.0,0.4792243767313019,0.7996269297618639,0.5711059354929765,0.37489604701446533,0.7716846637024682,0.38768746840420615,2018,1.0,0.0,0.007918314336234102,1.0
2018-06-19,0.12841365672052937,0.4360470564497243,0.42635970608759555,0.9439343347783736,0.37026183302697663,0.7231362408527023,0.0,0.45244690674053556,0.14272606554633616,1.0,0.4792243767313019,0.562638062964279,0.1935308137555307,0.37489604701446533,0.6492339121552567,0.38768746840420615,2018,0.0,0.0,0.008231474557820976,2.0
2018-06-20,0.1729704385787328,0.7892774687197444,0.5534347391940847,1.0987847312496746,0.22324962745831556,0.7647041335596054,0.0,0.45244690674053556,0.11328423859669368,1.0,0.4792243767313019,0.8610151494734499,0.21780962128966003,0.37489604701446533,0.6228590924599107,0.38768746840420615,2018,0.0,0.0,0.008257166070738346,3.0
2018-06-21,0.6164136590432885,0.24366428559492795,0.5819059219642616,1.0161600042381036,0.32179571714658917,0.7443883838343014,1.0,0.45244690674053556,0.6097210381272791,0.0,0.4792243767313019,0.3712956801921572,0.39927832905418587,0.37489604701446533,0.04760252584831131,0.38768746840420615,2018,1.0,0.0,0.008125071181058659,4.0
2018-06-22,0.7393296006364135,0.4033032665663669,0.6376011831327059,1.0821566582743958,0.3485109212885547,0.8151185880640823,1.0,0.45244690674053556,0.7361525739319813,1.0,0.4792243767313019,0.5298908496923692,0.33886996024986754,0.37489604701446533,0.46209540034070384,0.38768746840420615,2018,1.0,0.0,0.007929503516719017,0.0
2018-06-25,0.27645355221704127,0.5325324942599455,0.47955774072893664,1.098749051412087,0.2868110266381292,0.8883223961704192,0.0,0.45244690674053556,0.16602928521619587,1.0,0.4792243767313019,0.8179249659349875,0.23189873417721263,0.37489604701446533,1.0734177215189833,0.38768746840420615,2018,0.0,0.0,0.007804781663702787,1.0
2018-06-26,0.276005221293752,0.389660169509596,0.4681257996988462,0.9533267360444428,0.36341760750676644,0.6656987700250384,0.0,0.45244690674053556,0.1442723767388997,1.0,0.4792243767313019,0.5821949291898085,0.13400405226017312,0.37489604701446533,0.784461678194673,0.38768746840420615,2018,0.0,0.0,0.008122777487086253,2.0
2018-06-27,0.25496010035759653,0.5919382820253781,0.4804624726804492,0.9506238839881899,0.32655894483695974,0.6864478763341662,0.0,0.45244690674053556,0.13947593230362534,1.0,0.4792243767313019,0.8023600439169848,0.22621359223302573,0.37489604701446533,0.580582524271849,0.38768746840420615,2018,0.0,0.0,0.008228020002875777,3.0
2018-06-28,0.4291870416389114,0.5356647904990084,0.5606719438135602,1.0903594368760068,0.340401469287371,0.8000901547605749,1.0,0.45244690674053556,0.26111780240229887,0.0,0.4792243767313019,0.7299499965724929,0.7270332108437942,0.37489604701446533,0.1892810094987223,0.38768746840420615,2018,1.0,0.0,0.008255186750491061,4.0
2018-06-29,0.5594799928325723,0.2294318635875911,0.5242039216559281,0.9563427698648815,0.3330862819056888,0.6955129452172981,0.0,0.45244690674053556,0.6726141000942651,1.0,0.4792243767313019,0.2853672264322879,0.1519126433623998,0.37489604701446533,1.2431838472632464,0.38768746840420615,2018,0.0,0.0,0.008303963501568272,0.0
2018-07-02,0.13396726428539985,0.5068023431115648,0.4026282689467191,0.885413255715057,0.3434425472095655,0.862331520671834,1.0,0.45244690674053556,0.06613413811198626,1.0,0.4792243767313019,0.7167714903430292,1.376283602590096,0.37489604701446533,0.3534567335993317,0.38768746840420615,2018,1.0,1.0,0.008794970029567752,1.0
2018-07-03,0.5670320307833807,0.026575497335814904,0.4029092339777005,0.9594443242361492,0.2191182832586582,0.6234477242700297,1.0,0.45244690674053556,0.48677615243153255,0.0,0.4792243767313019,0.08976120074859185,0.7289327575570677,0.37489604701446533,0.057001850709426004,0.38768746840420615,2018,0.0,0.0,0.00924399938411356,2.0
2018-07-04,0.7017117536991228,0.21583942762859168,0.5772937877897008,1.0482191228365423,0.47079736045620096,0.5777572470193177,0.0,0.45244690674053556,0.6393535483984972,1.0,0.4792243767313019,0.3871312297338736,0.20457823769208,0.37489604701446533,0.5373471307619846,0.38768746840420615,2018,0.0,1.0,0.009058382682440205,3.0
2018-07-05,0.7583075771045337,0.1525325177212626,0.701764143106584,1.1016842101366162,0.28751094418288276,0.8119053702222139,0.0,0.45244690674053556,0.6988077685466579,0.0,0.4792243767313019,0.2973444052015733,0.12382310984308217,0.37489604701446533,0.47232524964336825,0.38768746840420615,2018,0.0,0.0,0.007964153357100823,4.0
2018-07-06,0.6663555177686914,0.3899216428832081,0.5410987162003084,0.975687250154151,0.29930003729464666,0.6776309849990322,1.0,0.45244690674053556,0.41784420362580454,0.0,0.4792243767313019,0.7244247681387895,1.1093439363816942,0.37489604701446533,0.0,0.38768746840420615,2018,1.0,0.0,0.008018108491543535,0.0
2018-07-09,0.18057880161146092,0.47568207528326395,0.47104547449270584,0.8503118464839868,0.2413831346098605,0.652444628160379,0.0,0.45244690674053556,0.19362987039068336,1.0,0.4792243767313019,0.6076288610391258,0.297377357127381,0.37489604701446533,1.02059099776027,0.38768746840420615,2018,0.0,1.0,0.007863096563666022,1.0
2018-07-10,0.6462291980980942,0.10381480640385714,0.4973339500888823,0.9918338902349703,0.27305662715403967,0.7107530753954792,0.0,0.45244690674053556,0.3825293963543476,1.0,0.4792243767313019,0.28458041261377365,0.15021037868162435,0.37489604701446533,1.3587657784011147,0.38768746840420615,2018,0.0,0.0,0.008114296639565897,2.0
2018-07-11,0.07471403185794748,0.6692755345551985,0.5024008845408007,0.9315709177090881,0.21898958524254292,0.6881314699593812,0.0,0.45244690674053556,0.03211573595622904,1.0,0.4792243767313019,0.7841251470631028,0.619427498826834,0.37489604701446533,0.06288127639606508,0.38768746840420615,2018,0.0,1.0,0.008579733951750561,3.0
2018-07-12,0.7726003305129492,0.24589946029839152,0.6087061953235258,1.0895095969315158,0.3576199209541963,0.7899796369470754,0.0,0.45244690674053556,0.8185646270305403,1.0,0.4792243767313019,0.2787801068720885,0.10418861959956766,0.37489604701446533,0.9782665964172936,0.38768746840420615,2018,0.0,1.0,0.008698282341295296,4.0
2018-07-13,0.4491887409079518,0.20425343481445885,0.47134261114770104,0.8772589181972649,0.31134526858506,0.6411047471034177,0.0,0.45244690674053556,0.29572990689960565,0.0,0.4792243767313019,0.5219991561137534,0.3627829218106972,0.37489604701446533,0.2862654320987712,0.38768746840420615,2018,0.0,0.0,0.008948422288199956,0.0
2018-07-16,0.6451940434400776,0.36090344405174635,0.5848137123266655,1.0370193716220466,0.30146312352250826,0.6993576328606824,0.0,0.45244690674053556,0.41051402115725416,1.0,0.4792243767313019,0.6825895776023122,0.3970902295782164,0.37489604701446533,1.3753336892685544,0.38768746840420615,2018,0.0,0.0,0.008626744751065686,1.0
2018-07-17,0.05324856850938202,0.47778811288566514,0.46865834874417844,0.797736784534392,0.3260693086789301,0.593095045805769,0.0,0.45244690674053556,0.027045893266446536,1.0,0.4792243767313019,0.6896336276089425,0.1396311629657436,0.37489604701446533,0.5699410362564301,0.38768746840420615,2018,0.0,1.0,0.00927707267680383,2.0
2018-07-18,0.8184146884641414,0.1392187344657845,0.47253506198963396,0.9953910955826559,0.37408253183346546,0.69656241539577,0.0,0.45244690674053556,0.7765445105430346,1.0,0.4792243767313019,0.30053872392216485,0.14862742634588097,0.37489604701446533,1.398329040768882,0.38768746840420615,2018,0.0,1.0,0.009264971551491325,3.0
2018-07-19,0.6991287236719556,0.045665646761885066,0.48648800276564264,0.9861368260377782,0.42333455911008094,0.5982204398058968,1.0,0.45244690674053556,0.3044883662785667,0.0,0.4792243767313019,0.23615176230144042,0.7956256722839734,0.37489604701446533,0.5931636189793368,0.38768746840420615,2018,0.0,0.0,0.00977634864419908,4.0
2018-07-20,0.8317861019524928,0.020116565014544056,0.45748954822684024,0.7469534342382123,0.35664690989847053,0.7633720041471286,1.0,0.45244690674053556,0.7318217114171301,0.0,0.4792243767313019,0.07279203648618003,0.29498908103641125,0.37489604701446533,0.7668063507053045,0.38768746840420615,2018,1.0,0.0,0.009827555204955821,0.0
2018-07-23,0.23562191910186756,0.4537544501960503,0.2819609993450516,0.7261931418337461,0.5250280113118638,0.7331316667993204,0.0,0.45244690674053556,0.12187150334922205,1.0,0.4792243767313019,0.7287282128883997,0.4284227920925403,0.37489604701446533,0.5466674827100908,0.38768746840420615,2018,0.0,1.0,0.00953178233070423,1.0
2018-07-24,0.5754232892933084,0.22517766508211323,0.3027442076678656,0.7426984704032589,0.4562801886882765,0.6866811362927349,1.0,0.45244690674053556,0.47516462726225805,0.0,0.4792243767313019,0.4183120396224787,0.8281523510593317,0.37489604701446533,0.0904207158809629,0.38768746840420615,2018,0.0,0.0,0.009666292081073849,2.0
2018-07-25,0.7929304164796728,0.12023439687351864,0.3496334631489256,0.6651593751818994,0.42259325351692756,0.6456360757945647,1.0,0.45244690674053556,0.7370059090057143,1.0,0.4792243767313019,0.23231202107644877,0.3139984532095892,0.37489604701446533,0.756261526563146,0.38768746840420615,2018,1.0,0.0,0.009750859704567903,3.0
2018-07-26,0.1489410389791196,0.6540984574579808,0.6539570596130272,0.8439282678593725,0.29566345893846663,0.7727375378373481,0.0,0.45244690674053556,0.07585849732607708,1.0,0.4792243767313019,0.8442732529989091,0.39046693718924214,0.37489604701446533,0.3920672115219652,0.38768746840420615,2018,0.0,1.0,0.010224366915521707,4.0
2018-07-27,0.5260072465981269,0.3333190342098996,0.4782142979299473,0.7887203297742629,0.4971959219398556,0.6984167934183309,0.0,0.45244690674053556,0.5279970570229221,0.0,0.4792243767313019,0.4962730582545311,0.1992050233308396,0.37489604701446533,0.2887263091191835,0.38768746840420615,2018,0.0,0.0,0.010142730935709126,0.0
2018-07-30,0.6799395110394844,0.5055648514076708,0.5850987676892736,0.9369469651604374,0.30632928265369247,0.8045629825554498,1.0,0.45244690674053556,0.5552603857697362,1.0,0.4792243767313019,0.6699446366866302,0.5957625592701462,0.37489604701446533,0.6360962727327442,0.38768746840420615,2018,1.0,1.0,0.009743343228139592,1.0
2018-07-31,0.47242296726174027,0.125257989549069,0.5418041186926347,0.883706493728834,0.2860112791728569,0.7697771265908087,0.0,0.45244690674053556,0.4751244226712114,0.0,0.4792243767313019,0.24289650254464912,0.10295358649789267,0.37489604701446533,0.6632911392404984,0.38768746840420615,2018,0.0,0.0,0.009685408135742826,2.0
2018-08-01,0.4474554975753146,0.5963706823652577,0.5637998991588428,1.0133405706253296,0.4207048846434109,0.8391976804954907,0.0,0.45244690674053556,0.12254512348274849,1.0,0.4792243767313019,0.8803331604061735,0.44409993441058493,0.37489604701446533,0.7304275237016287,0.38768746840420615,2018,0.0,0.0,0.009853493110603994,3.0
2018-08-02,0.1126282064720564,0.7792347236689793,0.41813683619449066,0.879766004544369,0.4261753449576918,0.7788950064900207,0.0,0.45244690674053556,0.0695004722028314,1.0,0.4792243767313019,0.8014078026695683,1.0143495648082954,0.37489604701446533,0.26593742648788715,0.38768746840420615,2018,0.0,1.0,0.01005781290480566,4.0
2018-08-03,0.49430419426949695,0.17068194008605503,0.41991392119320287,0.7575940743327678,0.4854572740730644,0.558672761711446,0.0,0.45244690674053556,0.4303031510650381,0.0,0.4792243767313019,0.28754100378188574,0.35631797286691075,0.37489604701446533,0.5580221997981762,0.38768746840420615,2018,0.0,0.0,0.010501985239052918,0.0
2018-08-06,0.2877639932524503,0.621791055450874,0.45587334924121903,0.7965936965415734,0.4533499393110612,0.591372092762326,0.0,0.45244690674053556,0.12103898006299667,0.0,0.4792243767313019,0.8078882746962247,0.7251256868934807,0.37489604701446533,0.010639541681290372,0.38768746840420615,2018,0.0,0.0,0.010121833598617742,1.0
2018-08-07,0.6529594121819654,0.4291251670431813,0.4725200385886724,0.9683080907972784,0.27261098590302374,0.826922320843624,0.0,0.45244690674053556,0.4937612474470542,1.0,0.4792243767313019,0.5727335099914918,0.4046054544397305,0.37489604701446533,0.35983020294238,0.38768746840420615,2018,0.0,1.0,0.01014525585253303,2.0
2018-08-08,0.8859249680449442,0.09743238612663446,0.5278184508094731,1.0070204171638613,0.25149648740736985,0.7068648750341217,1.0,0.45244690674053556,0.7459239418344199,0.0,0.4792243767313019,0.27893112012918486,0.3205715332478476,0.37489604701446533,0.239360078158389,0.38768746840420615,2018,1.0,0.0,0.009640243557866184,3.0
2018-08-09,0.5583545460625792,0.4644915926517337,0.5164907452493096,1.2300853277395847,0.20307977889790055,0.6917338043228535,0.0,0.45244690674053556,0.3099042670536194,1.0,0.4792243767313019,0.8023808442957121,0.4663023679417028,0.37489604701446533,0.5692167577413486,0.38768746840420615,2018,0.0,1.0,0.00906022823853649,4.0
2018-08-10,0.5267137871204851,0.25001615230185065,0.5671665705636149,1.0089772072797072,0.18012435506235872,0.5218188339081853,0.0,0.45244690674053556,0.3634495319657644,1.0,0.4792243767313019,0.46266799537065134,0.25472937467156986,0.37489604701446533,1.7867840252233398,0.38768746840420615,2018,0.0,0.0,0.008979814292910393,0.0
2018-08-13,0.04120315053029671,0.5102260856157103,0.41148950317426647,0.787922243612361,0.5004133530330303,0.6474416568068676,0.0,0.45244690674053556,0.014907206773467397,0.0,0.4792243767313019,0.6551861623509356,0.4653501778486322,0.37489604701446533,0.11247393597448342,0.38768746840420615,2018,0.0,0.0,0.00976134803102845,1.0
2018-08-14,0.6353665562834514,0.5710581834041535,0.4916192836053506,1.1303618181332127,0.5693551644452954,0.8510759582139523,0.0,0.45244690674053556,0.3795122855112701,1.0,0.4792243767313019,0.755876057015082,0.0889755852001001,0.37489604701446533,1.8121067203624452,0.38768746840420615,2018,0.0,0.0,0.00951040447345678,2.0
2018-08-15,0.04368675012681562,0.6199726972616909,0.47463525491756153,0.9099121495968857,0.5042081089107384,0.7832998200618622,0.0,0.45244690674053556,0.016631574527879663,1.0,0.4792243767313019,0.6989491070719684,0.6296450939457375,0.37489604701446533,1.1974947807933152,0.38768746840420615,2018,0.0,1.0,0.010197130327415146,3.0
2018-08-16,0.40597159773808983,0.06524821213477985,0.542811937254568,0.8122515267182996,0.3545429379062691,0.7078349252233817,1.0,0.45244690674053556,0.238672540378461,0.0,0.4792243767313019,0.17712968271731308,0.8746592489568871,0.37489604701446533,0.1510987482614787,0.38768746840420615,2018,0.0,0.0,0.01093906136463496,4.0
2018-08-17,0.9158024234507215,0.0316841698105032,0.33926461935056657,0.9077893670373767,0.3510819200324023,0.7813567299233506,1.0,0.45244690674053556,0.8663200273552387,0.0,0.4792243767313019,0.09883143188408183,0.4427676994702263,0.37489604701446533,0.16332209557445135,0.38768746840420615,2018,0.0,0.0,0.011265725716021958,0.0
2018-08-20,0.8600979718420386,0.14084208969461232,0.40284669400356987,0.8711077245505107,0.4330246692876833,0.6336074777542329,1.0,0.45244690674053556,0.8886668346550105,0.0,0.4792243767313019,0.20398554164553873,0.5303383250138786,0.37489604701446533,0.19256794231836,0.38768746840420615,2018,0.0,0.0,0.010821692361433705,1.0
2018-08-21,0.8921145019086341,0.07585304751213523,0.5330592287255702,0.9491717046425115,0.38038860992384643,0.6443412474878035,1.0,0.45244690674053556,0.8520360992880293,0.0,0.4792243767313019,0.20874360768954445,0.44513377278014815,0.37489604701446533,0.25048468398604257,0.38768746840420615,2018,1.0,0.0,0.01078429732713344,2.0
2018-08-22,0.530310874341508,0.41151568159358876,0.5220681440226022,0.9653976461439513,0.4477130362107558,0.5751926331387266,0.0,0.45244690674053556,0.3496129967163285,1.0,0.4792243767313019,0.7075867982467143,0.11252351365217544,0.37489604701446533,0.904178304736926,0.38768746840420615,2018,0.0,0.0,0.010485339173198467,3.0
2018-08-23,0.27615661080620846,0.5389976232246276,0.5238790442932054,0.8252959118424922,0.4000791109771643,0.6969834943494151,1.0,0.45244690674053556,0.09428317629438983,1.0,0.4792243767313019,0.809800917723959,1.9124087591241012,0.37489604701446533,0.14274128142741216,0.38768746840420615,2018,0.0,1.0,0.010406292726566846,4.0
2018-08-24,0.7818990259077827,0.010439587016171216,0.42064977870954634,0.6972204471456361,0.4100173813959824,0.5073278565978475,1.0,0.45244690674053556,0.5357200567903104,0.0,0.4792243767313019,0.036223790319196,0.48843325640062213,0.37489604701446533,0.21190488969995744,0.38768746840420615,2018,0.0,0.0,0.01103681228000129,0.0
2018-08-27,0.8868331773225534,0.10204070044879317,0.49768143489050937,0.8862538931595694,0.32726371805174026,0.6604927562404448,1.0,0.45244690674053556,0.8443124451962029,1.0,0.4792243767313019,0.22954559532494828,0.24453493356193662,0.37489604701446533,0.8566223746249515,0.38768746840420615,2018,1.0,0.0,0.011009611584395425,1.0
2018-08-28,0.13361994097776003,0.6774197304517787,0.4809171986301589,0.8860412624868118,0.4117830355714576,0.7266510180560148,0.0,0.45244690674053556,0.08903471771717272,0.0,0.4792243767313019,0.8021576209839838,0.4777783566925407,0.37489604701446533,0.021153545563500614,0.38768746840420615,2018,0.0,0.0,0.011418219892796165,2.0
2018-08-29,0.8713089911576442,0.3054873886898774,0.4708398639575513,0.697517395831043,0.4287033104290032,0.6528621232091104,1.0,0.45244690674053556,0.8858497920575554,1.0,0.4792243767313019,0.27870755301465955,0.11580480699198223,0.37489604701446533,0.7261471230881292,0.38768746840420615,2018,1.0,0.0,0.01138323273860849,3.0
2018-08-30,0.38826399665609107,0.4048065375975307,0.48050635516295304,0.7327346126528057,0.5141887214271511,0.7170898691547754,1.0,0.45244690674053556,0.2572719929806292,0.0,0.4792243767313019,0.7122636740228079,0.6774076191466089,0.37489604701446533,0.09240683956135189,0.38768746840420615,2018,1.0,0.0,0.011458514472471237,4.0
2018-08-31,0.3440009898290829,0.5189892998894975,0.45593054517462944,0.9496480299147247,0.46568971097446454,0.7372228746801924,0.0,0.45244690674053556,0.2983164362101468,1.0,0.4792243767313019,0.690743711875984,0.22224680568616412,0.37489604701446533,0.4127440677028536,0.38768746840420615,2018,0.0,1.0,0.010753513226720164,0.0
2018-09-03,0.7993630706116615,0.2748390261994177,0.43447642589463825,0.7800587218596678,0.47733199408817184,0.6371856474140154,0.0,0.45244690674053556,0.7393682106073876,1.0,0.4792243767313019,0.39780282042571413,0.05530560737406548,0.37489604701446533,0.8948754526500652,0.38768746840420615,2018,0.0,0.0,0.010838422702053416,1.0
2018-09-04,0.2815020396527741,0.6030607686126973,0.4348773792580286,0.9517767958613721,0.37835431941908604,0.7791837849464249,0.0,0.45244690674053556,0.1107735717759831,0.0,0.4792243767313019,0.7985350521712367,0.5930078012135148,0.37489604701446533,0.02265241259751291,0.38768746840420615,2018,0.0,0.0,0.010378607773190409,2.0
2018-09-05,0.8805061500810959,0.2713395240801879,0.7061325561299463,1.0784328998896358,0.3537900516542674,0.8396443632736224,1.0,0.45244690674053556,0.7932658224620664,0.0,0.4792243767313019,0.30985950009364466,0.9337448041315144,0.37489604701446533,0.052903388336054395,0.38768746840420615,2018,0.0,0.0,0.00948042177666855,3.0
2018-09-06,0.5225918677929193,0.34539383059243006,0.6141568863384933,0.9663661055682566,0.2949569075457163,0.6908631605386197,0.0,0.45244690674053556,0.3242997560705547,1.0,0.4792243767313019,0.5413710384362178,0.3321428571428592,0.37489604701446533,0.5651785714285845,0.38768746840420615,2018,0.0,0.0,0.009335745067475776,4.0
2018-09-07,0.4000530148659312,0.5100455498096303,0.47914456553509466,1.0240109135829003,0.44750175164904565,0.7264687112225655,0.0,0.45244690674053556,0.21562801901251955,1.0,0.4792243767313019,0.7299441098670514,0.24779541446209566,0.37489604701446533,0.3738977072310203,0.38768746840420615,2018,0.0,1.0,0.009484618858834774,0.0
2018-09-10,0.7545995158273532,0.37558235147524005,0.5335489858637822,1.0226681711401295,0.4119293466238394,0.8879777693761265,1.0,0.45244690674053556,0.6546515226017701,1.0,0.4792243767313019,0.4896535967106963,0.34261980830670224,0.37489604701446533,0.7040255591054408,0.38768746840420615,2018,1.0,1.0,0.009350775367488472,1.0
2018-09-11,0.84425855629452,0.060862612510188874,0.4149441060027705,0.963579754601813,0.3147759146793621,0.8363151662844649,1.0,0.45244690674053556,0.7797172363094337,0.0,0.4792243767313019,0.14276718209207226,0.8862651510393692,0.37489604701446533,0.5029203039628226,0.38768746840420615,2018,0.0,0.0,0.009491501580228032,2.0
2018-09-12,0.8022276521830822,0.03711681340211623,0.4682427370662028,0.7434857597109166,0.3985291419237529,0.616183097419949,1.0,0.45244690674053556,0.626946473876555,0.0,0.4792243767313019,0.11214033574336295,0.5866042270010429,0.37489604701446533,0.49430032657588363,0.38768746840420615,2018,1.0,0.0,0.009614131452172832,3.0
2018-09-13,0.1393801218892138,0.6387677876825086,0.5134046754152676,0.9610944492639966,0.3922605922350704,0.70229616328282,0.0,0.45244690674053556,0.08345426115661483,1.0,0.4792243767313019,0.763918262247376,0.6996253679422021,0.37489604701446533,0.7689322986352722,0.38768746840420615,2018,0.0,0.0,0.008890284562854693,4.0
2018-09-14,0.0663599432571613,0.648405848172117,0.39260573334059473,0.7664056911810043,0.47337155801338016,0.7644220234518727,0.0,0.45244690674053556,0.04246635365549822,1.0,0.4792243767313019,0.7579183319716131,1.0322125256673509,0.37489604701446533,0.0476129363449667,0.38768746840420615,2018,0.0,1.0,0.009328898754151441,0.0
2018-09-17,0.6097717960970249,0.19395635215023266,0.3800109639709205,0.9611647569532482,0.51922977180682,0.6990619206218815,0.0,0.45244690674053556,0.6239832971722523,0.0,0.4792243767313019,0.21889460630267207,0.22391957174566277,0.37489604701446533,0.48074161117639275,0.38768746840420615,2018,0.0,0.0,0.009110113546342755,1.0
2018-09-18,0.5727850321767778,0.5168588540642,0.5445018687751071,1.1143276781707656,0.3823676701722432,0.7324489212718495,1.0,0.45244690674053556,0.3260702671912455,0.0,0.4792243767313019,0.7345218615324438,0.7452125933138429,0.37489604701446533,0.04543979227523533,0.38768746840420615,2018,0.0,0.0,0.00918571786340381,2.0
2018-09-19,0.7041142893237751,0.2678434759215501,0.4120762284696452,0.913604845322108,0.31904752749826726,0.7540077781248746,1.0,0.45244690674053556,0.7319449714467009,0.0,0.4792243767313019,0.29342831016928456,0.4453998280309499,0.37489604701446533,0.21390303591506893,0.38768746840420615,2018,0.0,0.0,0.008973009159959204,3.0
2018-09-20,0.8339460038326214,0.19829700856490512,0.3900357043737405,0.7810277418243133,0.2981190081290328,0.6092547239628364,1.0,0.45244690674053556,0.8227008846853429,1.0,0.4792243767313019,0.2698433974914249,0.38096527448723905,0.37489604701446533,1.4423610641034366,0.38768746840420615,2018,1.0,0.0,0.008742816899741365,4.0
2018-09-21,0.18119851280749316,0.17740969171599907,0.3541835305020749,0.7621686825327549,0.4712741976219006,0.7900729532802132,0.0,0.45244690674053556,0.09741877488176393,0.0,0.4792243767313019,0.36802970710828486,0.40473641116079206,0.37489604701446533,0.45764313157398046,0.38768746840420615,2018,0.0,0.0,0.009454613448810968,0.0
2018-09-24,0.5306506359838524,0.45472523203458204,0.5578001402881121,0.9088701916779108,0.3617093275919883,0.7499000078498734,0.0,0.45244690674053556,0.3911178567862341,0.0,0.4792243767313019,0.5595692122557676,0.432065565373282,0.37489604701446533,0.12997823024715494,0.38768746840420615,2018,0.0,0.0,0.009308840358573324,1.0
2018-09-25,0.8017605628821878,0.4238564354026825,0.567425566060238,1.0491425766401432,0.36392576906980817,0.6545720430108767,0.0,0.45244690674053556,0.715048307465152,1.0,0.4792243767313019,0.4734951736327558,0.15099457504521463,0.37489604701446533,0.9330922242314595,0.38768746840420615,2018,0.0,0.0,0.009211216696787728,2.0
2018-09-26,0.3264303626503203,0.583498821250315,0.44321023902677553,0.9507743680787019,0.4710010570460598,0.847543922423814,0.0,0.45244690674053556,0.1892114681655533,1.0,0.4792243767313019,0.6385083015981059,0.39848368028784975,0.37489604701446533,1.1046003598046759,0.38768746840420615,2018,0.0,0.0,0.009310761934274292,3.0
2018-09-27,0.07866072417379331,0.6178846888443439,0.5955727913621938,0.8519019342351585,0.3900137154137718,0.7892884271275199,0.0,0.45244690674053556,0.036578072128428445,1.0,0.4792243767313019,0.7644517306557542,0.9781885397412341,0.37489604701446533,0.15526802218114236,0.38768746840420615,2018,0.0,1.0,0.009805011369705097,4.0
2018-09-28,0.7765825391711423,0.09247694652058415,0.3410956546403609,0.8006416940581143,0.5472628783473434,0.7334822317340115,0.0,0.45244690674053556,0.765620331210354,0.0,0.4792243767313019,0.1319104568073254,0.0332561315992523,0.37489604701446533,0.6169012411663466,0.38768746840420615,2018,0.0,0.0,0.010091500103078441,0.0
2018-10-01,0.7621984246616692,0.3121878115020344,0.543221476933002,0.9829887778889548,0.3241562037762631,0.7561682126894055,1.0,0.45244690674053556,0.5627178768349472,0.0,0.4792243767313019,0.5515638041359539,1.667132697100495,0.37489604701446533,0.01702024193058562,0.38768746840420615,2018,0.0,0.0,0.009886596513158276,1.0
2018-10-02,0.5641711125486505,0.06123415162485652,0.2561089928046058,0.5536023155214964,0.4498977624879741,0.6419958354951432,1.0,0.45244690674053556,0.45296018745920524,0.0,0.4792243767313019,0.09814284220109304,0.46112759643916534,0.37489604701446533,0.5167952522255215,0.38768746840420615,2018,1.0,0.0,0.010007661651947188,2.0
2018-10-03,0.2346266304753562,0.6116568030641676,0.45190257061198735,0.7276552362045162,0.40070519619590605,0.6409334052616262,0.0,0.45244690674053556,0.10088494153547309,1.0,0.4792243767313019,0.8239472145808086,0.8129247645165144,0.37489604701446533,0.08513175152020833,0.38768746840420615,2018,0.0,1.0,0.010009965805947258,3.0
2018-10-04,0.5279087623058317,0.4156453353550573,0.32316236439645485,0.5718111251626422,0.4400674208084029,0.733948526271668,0.0,0.45244690674053556,0.3396121973221184,0.0,0.4792243767313019,0.5786324607623955,0.5202063628546825,0.37489604701446533,0.21582115219260464,0.38768746840420615,2018,0.0,0.0,0.00969441341713485,4.0
2018-10-05,0.8207753355256484,0.3438285680452575,0.48325660504238305,0.8055798297989577,0.4527102727975041,0.821711133433241,0.0,0.45244690674053556,0.6802811268965443,1.0,0.4792243767313019,0.37815506611420213,0.11947791164657763,0.37489604701446533,1.701681726907642,0.38768746840420615,2018,0.0,0.0,0.00946497022596903,0.0
2018-10-08,0.12261128597020474,0.4551339016730912,0.30707755892962924,0.7918321022990833,0.516110062523826,0.9317058828934682,0.0,0.45244690674053556,0.04040925194802593,1.0,0.4792243767313019,0.5878373057781616,0.34354333449356245,0.37489604701446533,0.3549135630583508,0.38768746840420615,2018,0.0,1.0,0.01036828524513253,1.0
2018-10-09,0.7997664870565423,0.2866385181446935,0.5414735006430171,0.8584568142594461,0.41596473011971447,0.9219222207589365,1.0,0.45244690674053556,0.75057616116014,0.0,0.4792243767313019,0.3387545877232317,0.43719526352450394,0.37489604701446533,0.3348038077548089,0.38768746840420615,2018,0.0,0.0,0.010346413887784529,2.0
2018-10-10,0.9261824586353962,0.10590916685265053,0.5310527969386948,0.8110433335424782,0.17780818410249358,0.7951217841435629,1.0,0.45244690674053556,0.8775396335049803,0.0,0.4792243767313019,0.16036781966199648,2.562578724378794,0.37489604701446533,0.24928432382914564,0.38768746840420615,2018,0.0,0.0,0.010445784905105199,3.0
2018-10-11,0.8719544705539094,0.0026668043855902447,0.4438859707667239,0.8208076053396749,0.35010141458268024,0.725536291038038,0.0,0.45244690674053556,0.33137714889384234,0.0,0.4792243767313019,0.011423948546559225,0.016902887139092236,0.37489604701446533,0.5938057742782266,0.38768746840420615,2018,0.0,0.0,0.011118036782317594,4.0
2018-10-12,0.67455305311563,0.4738565507416683,0.37524275714234534,0.7444699246129614,0.46057780354526157,0.9226566319658558,1.0,0.45244690674053556,0.32648321821437404,0.0,0.4792243767313019,0.779318775338019,1.1338940908850408,0.37489604701446533,0.08591228905465348,0.38768746840420615,2018,0.0,0.0,0.01108632235316473,0.0
2018-10-15,0.5379607909142496,0.21959352180229888,0.3441118198374598,0.6531700069565667,0.48851377473662466,0.7805084601098261,0.0,0.45244690674053556,0.49391120261847843,0.0,0.4792243767313019,0.27808185462657253,0.4124880791045448,0.37489604701446533,0.21924408974552856,0.38768746840420615,2018,0.0,0.0,0.011602796831375948,1.0
2018-10-16,0.4943924602574957,0.7395500764870879,0.37947608862697063,0.9783308259256885,0.5645458325199221,0.9508545904177328,0.0,0.45244690674053556,0.24096742008149583,1.0,0.4792243767313019,0.8309969782239168,0.3552973551444746,0.37489604701446533,0.2796718136880243,0.38768746840420615,2018,0.0,0.0,0.011447122031466023,2.0
2018-10-17,0.4463799565757958,0.596798156450756,0.40467870772151043,0.9385694086781102,0.41602607234478234,0.8424714815293776,1.0,0.45244690674053556,0.25089825296824914,1.0,0.4792243767313019,0.8148548879239458,0.6122492304426286,0.37489604701446533,0.23999575416620877,0.38768746840420615,2018,1.0,1.0,0.011014822834507582,3.0
2018-10-18,0.6106877595958721,0.31959516776202374,0.3838821120961625,0.8357590938110905,0.4755076257162553,0.7089993830173197,1.0,0.45244690674053556,0.5942325756251013,0.0,0.4792243767313019,0.3853523014193637,0.39882195448460084,0.37489604701446533,0.18066934404284438,0.38768746840420615,2018,1.0,0.0,0.010885480663189517,4.0
2018-10-19,0.5578608885072204,0.5358239726522696,0.4215336104294226,0.8984498482042126,0.3181263773800667,0.7635704764537703,0.0,0.45244690674053556,0.5255825464004596,1.0,0.4792243767313019,0.648897587464585,0.2535090538947733,0.37489604701446533,0.46126647380264296,0.38768746840420615,2018,0.0,0.0,0.010873934364918183,0.0
2018-10-22,0.5120458289269455,0.5437106122902902,0.42739557776876214,0.8960495251750399,0.2724589329357324,0.9172201949060924,1.0,0.45244690674053556,0.22921834676888314,0.0,0.4792243767313019,0.786752864041179,1.4285714285714315,0.37489604701446533,0.008730158730168852,0.38768746840420615,2018,0.0,0.0,0.010313413166790788,1.0
2018-10-23,0.3120722717459754,0.24049000018624664,0.4349340096329297,0.8792641250991948,0.32603867925635915,0.603682688802528,0.0,0.45244690674053556,0.2933515178933075,0.0,0.4792243767313019,0.30286996650382403,0.2903578855204265,0.37489604701446533,0.3493488015760059,0.38768746840420615,2018,0.0,0.0,0.010611130015085747,2.0
2018-10-24,0.9480986996069317,0.1357172489013705,0.5771785182475276,1.0450671640592843,0.32112922622525786,0.8817438966084815,1.0,0.45244690674053556,0.9033978854197163,0.0,0.4792243767313019,0.17164080882237953,0.4161259912382954,0.37489604701446533,0.4464038152276384,0.38768746840420615,2018,1.0,0.0,0.010440126024878446,3.0
2018-10-25,0.5361253278111378,0.5449595992062641,0.41893873207480437,0.9549339098071523,0.48356503018573044,0.8764364847688426,1.0,0.45244690674053556,0.32777501193217584,0.0,0.4792243767313019,0.6393290994879364,0.8864829396325398,0.37489604701446533,0.1377952755905476,0.38768746840420615,2018,1.0,0.0,0.010604862185501593,4.0
2018-10-26,0.2491184540097243,0.552832084090907,0.3423728129086523,0.6355411974215662,0.5007433653490193,0.7729936430705638,0.0,0.45244690674053556,0.2121990862951228,1.0,0.4792243767313019,0.6219118665495984,0.1587193072409101,0.37489604701446533,0.7281946106078822,0.38768746840420615,2018,0.0,0.0,0.010165445477352592,0.0
2018-10-29,0.6212054429674583,0.37750121458323144,0.5494813357577669,0.9900464604183666,0.36722090834662785,0.9090447518472363,0.0,0.45244690674053556,0.37509007275573614,1.0,0.4792243767313019,0.5743931498877397,0.12030328559393218,0.37489604701446533,0.7226060095478842,0.38768746840420615,2018,0.0,0.0,0.010348134371730789,1.0
2018-10-30,0.5226319672026123,0.5229893505174565,0.49768917104405747,1.02260696082351,0.4849373621073176,0.8206174831096572,0.0,0.45244690674053556,0.2522898037718233,1.0,0.4792243767313019,0.7196226932847526,0.04060913705583615,0.37489604701446533,0.8434205388520075,0.38768746840420615,2018,0.0,0.0,0.010472638646939992,2.0
2018-10-31,0.4066565492950997,0.5148838036626331,0.41019268349327515,1.1605356616614202,0.48302279987261104,0.7992176504914805,1.0,0.45244690674053556,0.14638783760566612,0.0,0.4792243767313019,0.7362258562065854,2.080509292006936,0.37489604701446533,0.0,0.38768746840420615,2018,0.0,0.0,0.009147840777804705,3.0
2018-11-01,0.6205097127993429,0.03209436166109597,0.2889678042106166,0.7461064887174983,0.4393986698245508,0.6947509969998739,0.0,0.45244690674053556,0.45130398862874493,0.0,0.4792243767313019,0.051442523103723256,0.2942868886148729,0.37489604701446533,0.25729551993422795,0.38768746840420615,2018,0.0,0.0,0.009867860706203,4.0
2018-11-02,0.7519090843547999,0.3575492510422411,0.33843221414262903,0.7047135100602984,0.5106586437438425,0.7867554529700083,0.0,0.45244690674053556,0.5770529773535991,1.0,0.4792243767313019,0.5990517688195157,0.20056057303020502,0.37489604701446533,0.521457489878545,0.38768746840420615,2018,0.0,1.0,0.009302285158060614,0.0
2018-11-05,0.7491971267934117,0.357288106389374,0.4005180927050602,0.6737556692492357,0.41606056800196767,0.8559871566974041,1.0,0.45244690674053556,0.5571111329754157,1.0,0.4792243767313019,0.5143291120624919,0.40990990990991627,0.37489604701446533,0.6805555555555552,0.38768746840420615,2018,1.0,0.0,0.009273107639755066,1.0
2018-11-06,0.2562798471101058,0.5429134557565045,0.29692121744511035,0.786001633427763,0.40465039569294153,0.96908031078358,1.0,0.45244690674053556,0.17594503502050501,1.0,0.4792243767313019,0.6670702831480732,0.8465634371748689,0.37489604701446533,0.3101781014749898,0.38768746840420615,2018,1.0,1.0,0.009515074220956554,2.0
2018-11-07,0.18987458090297757,0.5247911836352956,0.3275243188771034,0.6235931521598879,0.45031944621729547,0.8528468858099748,0.0,0.45244690674053556,0.1872493453069721,1.0,0.4792243767313019,0.6023974262744975,0.04570184983677607,0.37489604701446533,0.5509611896989478,0.38768746840420615,2018,0.0,1.0,0.009633763247734817,3.0
2018-11-08,0.7027161291769107,0.3642534377537533,0.4210920419908288,0.8502610634523561,0.48413539329576205,0.9591647205925318,0.0,0.45244690674053556,0.5108437566284196,1.0,0.4792243767313019,0.6452589974711282,0.03229331067137025,0.37489604701446533,1.3937113026587251,0.38768746840420615,2018,0.0,0.0,0.009621146197737494,4.0
2018-11-09,0.13627957627971155,0.48623651283757174,0.2932238492901527,0.6612985912257237,0.3778514103218386,0.7122005145088158,0.0,0.45244690674053556,0.06390832831844453,1.0,0.4792243767313019,0.7001333419115334,0.15628815628816242,0.37489604701446533,0.7765567765567746,0.38768746840420615,2018,0.0,0.0,0.010157341645514137,0.0
2018-11-12,0.11740605887268678,0.7455324005487615,0.5583133897967478,0.7714185944721469,0.3463750417048168,0.6079531348727616,0.0,0.45244690674053556,0.08328719591635404,1.0,0.4792243767313019,0.8536466506775101,0.4225232853513987,0.37489604701446533,0.3310753598645099,0.38768746840420615,2018,0.0,1.0,0.009840682598406808,1.0
2018-11-13,0.6422518866124173,0.3228683973862689,0.4893082307477378,1.0618356167127878,0.3958403135901986,0.7876097367216747,1.0,0.45244690674053556,0.651661347519538,0.0,0.4792243767313019,0.406275365596344,1.24480077159564,0.37489604701446533,0.3443245524142455,0.38768746840420615,2018,0.0,0.0,0.00986027170579309,2.0
2018-11-14,0.6226951661028871,0.050430068978490845,0.4862096246669343,1.0135706783465992,0.39238950307660525,0.6080091477347347,0.0,0.45244690674053556,0.44364630326161797,0.0,0.4792243767313019,0.13845273201874525,0.45158689015611003,0.37489604701446533,0.2620816773227361,0.38768746840420615,2018,0.0,0.0,0.010241668210300732,3.0
2018-11-15,0.7987786671830757,0.29124896389041893,0.6224930852787836,1.2316786182148056,0.3641750995536893,0.6946841658736347,1.0,0.45244690674053556,0.6484693276106167,0.0,0.4792243767313019,0.4229698945092936,1.0217648450437626,0.37489604701446533,0.0,0.38768746840420615,2018,0.0,0.0,0.00995732742222528,4.0
2018-11-16,0.6620402795276377,0.16879868915422597,0.4376113839904941,0.7598079824075517,0.351085141263354,0.7567985214815733,0.0,0.45244690674053556,0.6466720223829279,0.0,0.4792243767313019,0.2587249475167123,0.3214327657075825,0.37489604701446533,0.2696418085731048,0.38768746840420615,2018,0.0,0.0,0.009960520543939144,0.0
2018-11-19,0.8614824047278543,0.2378161832344428,0.5429570063866948,0.7853128275585678,0.277398047070896,0.6439461702518424,1.0,0.45244690674053556,0.8308935129832884,0.0,0.4792243767313019,0.30087763267858775,0.4205792408706606,0.37489604701446533,0.3173232595790596,0.38768746840420615,2018,1.0,0.0,0.009734449221746022,1.0
2018-11-20,0.43301493683215847,0.5675667100682987,0.5565918078425042,0.87860322386819,0.34119394925451246,0.6737818987793576,1.0,0.45244690674053556,0.2501262771412651,1.0,0.4792243767313019,0.7731041667610157,0.7185825621042451,0.37489604701446533,0.1662201656112855,0.38768746840420615,2018,1.0,1.0,0.009603330526709676,2.0
2018-11-21,0.5961361539232226,0.3500447847511515,0.5043136095462006,0.9586566923969266,0.31212320528398263,0.7930602218386065,0.0,0.45244690674053556,0.5529848562053095,0.0,0.4792243767313019,0.3547324313921184,0.3104745561349003,0.37489604701446533,0.08223879611907754,0.38768746840420615,2018,0.0,0.0,0.008829356985512625,3.0
2018-11-22,0.8667269640694117,0.5050461060753273,0.5541501063653222,1.261000521192902,0.3211039354625885,0.7539994103855172,0.0,0.45244690674053556,0.7021016233583627,1.0,0.4792243767313019,0.6094863699516064,0.1437101643743687,0.37489604701446533,0.6236833277423788,0.38768746840420615,2018,0.0,0.0,0.008676937335106157,4.0
2018-11-23,0.5617990393989672,0.46880333566541355,0.5081211575484786,1.1470458715917449,0.2863845350719535,0.868644377490694,0.0,0.45244690674053556,0.3346351113700266,0.0,0.4792243767313019,0.6854522003681773,0.47280784208405874,0.37489604701446533,0.13065664025781012,0.38768746840420615,2018,0.0,0.0,0.008698465649996252,0.0
2018-11-26,0.48783769589810805,0.7100106331836025,0.5472902826927486,1.26572077074672,0.27890306705786,0.7961611628583625,0.0,0.45244690674053556,0.18900298244932034,1.0,0.4792243767313019,0.8721107307766061,0.33111748652999545,0.37489604701446533,0.9766986215100464,0.38768746840420615,2018,0.0,0.0,0.008354564172476627,1.0
2018-11-27,0.24282441332996027,0.37468804022821983,0.40736900635854156,1.0543402171186105,0.2890445954929342,0.6592928640111597,1.0,0.45244690674053556,0.0925898740153922,1.0,0.4792243767313019,0.6583095469036656,1.1826842252732048,0.37489604701446533,0.3373493975903451,0.38768746840420615,2018,1.0,1.0,0.008395543234460057,2.0
2018-11-28,0.4422032374471489,0.12051039329072147,0.5174312008235694,1.1013490186443828,0.305742388377309,0.6764013373826487,1.0,0.45244690674053556,0.38127086856547926,0.0,0.4792243767313019,0.20626340571799565,0.7749487467760188,0.37489604701446533,0.026850076053167752,0.38768746840420615,2018,1.0,0.0,0.008848765175623488,3.0
2018-11-29,0.46210143486945765,0.47332769535766556,0.4847321649322912,1.030466717827484,0.4850277731356267,0.7442802834271742,0.0,0.45244690674053556,0.44659119016359666,1.0,0.4792243767313019,0.5324585822394602,0.1526312111258596,0.37489604701446533,0.7152142008526275,0.38768746840420615,2018,0.0,1.0,0.00835073434405095,4.0
2018-11-30,0.7278458943166841,0.20588410489365505,0.5622656671310288,1.0491484447533095,0.3034094335077375,0.7150197843405282,1.0,0.45244690674053556,0.5630610144523225,0.0,0.4792243767313019,0.3926405666299978,1.270462633451957,0.37489604701446533,0.08569395017792597,0.38768746840420615,2018,0.0,0.0,0.008211792952937369,0.0
2018-12-03,0.5471421092682908,0.16011305758402725,0.42074061021389364,0.8987921723071945,0.39072814543507806,0.5946224105491509,1.0,0.45244690674053556,0.5134591094762303,0.0,0.4792243767313019,0.18579860528296024,1.1145237931272114,0.37489604701446533,0.0,0.38768746840420615,2018,0.0,0.0,0.008430374661385857,1.0
2018-12-04,0.6615451696283822,0.1542481639276902,0.40435705228835733,0.843271963601139,0.5321536138258717,0.6311153802300915,0.0,0.45244690674053556,0.5861258791135906,0.0,0.4792243767313019,0.2132231409852285,0.10758300710453245,0.37489604701446533,0.4963027403218882,0.38768746840420615,2018,0.0,0.0,0.007957789218389811,2.0
2018-12-05,0.8126760095852406,0.441316894357169,0.4863070661721271,1.0971242697317223,0.29791608232113514,0.7842059292477085,1.0,0.45244690674053556,0.6534753072269214,0.0,0.4792243767313019,0.4997642264531119,0.7827310426540226,0.37489604701446533,0.2135663507108945,0.38768746840420615,2018,1.0,0.0,0.00779930647162241,3.0
2018-12-06,0.31920672742914236,0.5458736235117644,0.46342897113609455,1.0243061684512775,0.28863663245920795,0.6409014766192235,1.0,0.45244690674053556,0.24462197127912622,0.0,0.4792243767313019,0.615860572853391,1.3290000755800695,0.37489604701446533,0.027511148061370023,0.38768746840420615,2018,0.0,0.0,0.007637434570084771,4.0
2018-12-07,0.8156141564280516,0.09061996310758906,0.5641638536646273,0.9315438153353989,0.24447853278371467,0.5707124412759602,1.0,0.45244690674053556,0.7258606944537807,0.0,0.4792243767313019,0.0917525574637125,0.2161809482383755,0.37489604701446533,0.6911700739451877,0.38768746840420615,2018,1.0,0.0,0.007892640859092848,0.0
2018-12-10,0.4364453452764225,0.6034643502086372,0.4769524899742885,0.9447465018610842,0.3819456233763076,0.7910673379347617,0.0,0.45244690674053556,0.23686469504659205,1.0,0.4792243767313019,0.6938187660046435,0.5515243681656941,0.37489604701446533,0.31023245709319425,0.38768746840420615,2018,0.0,1.0,0.007928788466882717,1.0
2018-12-11,0.4035422938100106,0.6992093462419133,0.39096915711651004,1.0426869767993594,0.43181881958717966,0.7835748653871192,0.0,0.45244690674053556,0.21666922295982444,0.0,0.4792243767313019,0.737792190423644,0.46868805520886214,0.37489604701446533,0.07194772777329578,0.38768746840420615,2018,0.0,0.0,0.007829591844946391,2.0
2018-12-12,0.8396502521530382,0.48660300973480514,0.43835860129021464,1.2004095928624265,0.4463361233191841,0.9366742317684061,0.0,0.45244690674053556,0.7477242565535709,1.0,0.4792243767313019,0.45757083077171307,0.1499781372977725,0.37489604701446533,0.5264538696983021,0.38768746840420615,2018,0.0,0.0,0.007871305700587522,3.0
2018-12-13,0.5344933327189667,0.6445298490597116,0.42412487848446223,1.03137402650107,0.4187763805179923,0.9542219559992541,0.0,0.45244690674053556,0.2899828355613482,1.0,0.4792243767313019,0.7723478246829439,0.13929834905661756,0.37489604701446533,0.9038915094339595,0.38768746840420615,2018,0.0,0.0,0.007805596465390296,4.0
2018-12-14,0.4906803367558189,0.348258379332989,0.33530999473394957,0.9146037656249657,0.39323511610303424,0.8742523534689839,1.0,0.45244690674053556,0.4203117236494539,0.0,0.4792243767313019,0.4270343416195054,0.9753892516323452,0.37489604701446533,0.2893018583626188,0.38768746840420615,2018,0.0,0.0,0.008038922760124393,0.0
2018-12-17,0.6881856104932588,0.1273390356690805,0.3949113656229924,0.8511842686660827,0.3095065081739416,0.7778615579998829,1.0,0.45244690674053556,0.6405232628380862,0.0,0.4792243767313019,0.13583765575636617,0.4888536180650651,0.37489604701446533,0.053531491234395774,0.38768746840420615,2018,0.0,0.0,0.007949252330981631,1.0
2018-12-18,0.8083225426393019,0.38319439522826115,0.6030578698506149,1.0593202983181276,0.3397976354477256,0.7670716148862727,1.0,0.45244690674053556,0.8258159487538427,1.0,0.4792243767313019,0.32127138129811,0.9806973848069721,0.37489604701446533,0.8096201743462073,0.38768746840420615,2018,1.0,0.0,0.007347357055933256,2.0
2018-12-19,0.0251998364004051,0.8551010973224794,0.44909565332918105,1.1677918321058718,0.403935218083429,0.8504548593435407,1.0,0.45244690674053556,0.029824305062382348,0.0,0.4792243767313019,0.6589070678057295,2.4455045871559546,0.37489604701446533,0.0,0.38768746840420615,2018,0.0,0.0,0.007831891115732658,3.0
2018-12-20,0.3894154835822871,0.05455959623085653,0.6056109410271479,1.2734336045585657,0.29502476688779655,0.6650954436757583,0.0,0.45244690674053556,0.24542992927574706,0.0,0.4792243767313019,0.04861165557068526,0.31022622039953623,0.37489604701446533,0.5093266305066806,0.38768746840420615,2018,0.0,0.0,0.00857471825034457,4.0
2018-12-21,0.47192532408586096,0.6571938379316972,0.47737972707484627,1.05182450855332,0.5173797373438345,0.8779956546419876,1.0,0.45244690674053556,0.19171468384702406,0.0,0.4792243767313019,0.7772742443169106,1.2458680508127253,0.37489604701446533,0.0,0.38768746840420615,2018,0.0,0.0,0.008331265974613611,0.0
2018-12-24,0.8998380821559532,0.13556240599078004,0.44024148088930015,1.0151542129474223,0.4974605570786864,0.8670352797095324,1.0,0.45244690674053556,0.8602532464291883,0.0,0.4792243767313019,0.07874018951664848,1.0261680979106007,0.37489604701446533,0.3455270809385438,0.38768746840420615,2018,1.0,0.0,0.008329512800381194,1.0
2018-12-26,0.13029755138444607,0.8400647988773708,0.3547118645701874,1.0250640196110972,0.5665345026766894,0.7466914482125373,0.0,0.45244690674053556,0.09314953790193191,0.0,0.4792243767313019,0.670129624692224,1.1106565236847221,0.37489604701446533,0.02416416288435558,0.38768746840420615,2018,0.0,0.0,0.008821983505377901,3.0
2018-12-27,0.6869694457545442,0.26501041470716685,0.5126969968273619,0.87923953789031,0.5746835439256205,0.9339093462222351,1.0,0.45244690674053556,0.6367715192349854,0.0,0.4792243767313019,0.20359916217645263,0.598620689655166,0.37489604701446533,0.09479623824450759,0.38768746840420615,2018,0.0,0.0,0.00893361233835484,4.0
2018-12-28,0.8175465477798602,0.36309896045025525,0.5576464011444003,0.9284499137670096,0.5758018990942,1.0416231607396822,1.0,0.45244690674053556,0.8271775622541584,0.0,0.4792243767313019,0.2426016737362936,0.3061198085133801,0.37489604701446533,0.2925346099107272,0.38768746840420615,2018,1.0,0.0,0.008621805168844157,0.0
2018-12-31,0.7372483512677607,0.5476729656659199,0.6517994544005986,1.0718591101666808,0.4732895426284307,1.006318852805581,1.0,0.45244690674053556,0.6696871237636407,0.0,0.4792243767313019,0.4915299686367891,0.6859770114942563,0.37489604701446533,0.23908045977010658,0.38768746840420615,2018,0.0,0.0,0.008487871124847803,1.0
2019-01-02,0.520960943070686,0.600502290686985,0.44617579665987467,1.0325606642249785,0.5298789002128003,0.877699775633044,1.0,0.4526472781506339,0.5567260577045772,0.0,0.482475764354959,0.38469285957477306,0.9566348091801569,0.3896676011213423,0.0,0.39184453647659107,2019,0.0,0.0,0.008553410854006436,3.0
2019-01-03,0.8797480894070104,0.17638272640480301,0.5803682944846152,1.0775957641624787,0.41022315253628405,0.7858078541933755,1.0,0.4526472781506339,0.8220538633234058,1.0,0.482475764354959,0.15509513823300772,0.41984156921916116,0.3896676011213423,1.5138941280020164,0.39184453647659107,2019,1.0,1.0,0.008781780538302274,4.0
2019-01-04,0.10201823130398976,0.30646603421332763,0.43756479446905555,0.7490106235573792,0.2612558875529095,0.737498444590774,0.0,0.4526472781506339,0.09980606624082675,0.0,0.482475764354959,0.36296058813149645,0.8188073394495456,0.3896676011213423,0.18222477064220052,0.39184453647659107,2019,0.0,0.0,0.009695557277727675,0.0
2019-01-07,0.5064029291662022,0.4656854690853445,0.37599693775547594,0.7545389085776157,0.4702276392168763,0.7372936736943597,0.0,0.4526472781506339,0.4453174751551864,1.0,0.482475764354959,0.4291469884719662,0.11722109074451394,0.3896676011213423,0.7437202987101244,0.39184453647659107,2019,0.0,1.0,0.00979724861155759,1.0
2019-01-08,0.5050328081506072,0.4848241700265958,0.42920595170136455,0.8014054431038993,0.3718393893159856,0.6954073294112068,1.0,0.4526472781506339,0.47917444290318384,0.0,0.482475764354959,0.5069110123530709,0.7214351005484447,0.3896676011213423,0.3895109689213989,0.39184453647659107,2019,0.0,0.0,0.00973075862559705,2.0
2019-01-09,0.8270570311139109,0.11997355635659725,0.4870770688329908,0.7635009600799342,0.4009614077268565,0.6922641447372011,1.0,0.4526472781506339,0.800073930739313,0.0,0.482475764354959,0.12744310320213498,0.32338200043582516,0.3896676011213423,0.5148180431466546,0.39184453647659107,2019,1.0,0.0,0.010141963173778096,3.0
2019-01-10,0.1492544010400165,0.8515215991453016,0.5134211247812658,0.64869804993841,0.3452580799496348,0.7450435602126814,0.0,0.4526472781506339,0.110039243612588,0.0,0.482475764354959,0.8600746894864012,0.7073882775656856,0.3896676011213423,0.0,0.39184453647659107,2019,0.0,0.0,0.009892587779221796,4.0
2019-01-11,0.20263699374526292,0.8785030588535875,0.42611739674608407,0.7137473408893769,0.474462699038584,0.8558210909158401,1.0,0.4526472781506339,0.21090149846725967,0.0,0.482475764354959,0.7998662164690765,0.7157727161400845,0.3896676011213423,0.03857457751653582,0.39184453647659107,2019,1.0,0.0,0.009061171227951826,0.0
2019-01-14,0.45837455321705906,0.6659475879237884,0.45871346068196894,0.9497805008448394,0.5149878414245258,0.8346353678200685,0.0,0.4526472781506339,0.5596258115964222,1.0,0.482475764354959,0.4899453774207304,0.2683897837937058,0.3896676011213423,0.41416059288294843,0.39184453647659107,2019,0.0,1.0,0.009030200592463457,1.0
2019-01-15,0.5138987799789486,0.7180085622945338,0.5054564894911339,1.0354269301602155,0.48314821747126374,0.7393300705972096,1.0,0.4526472781506339,0.35329415855602353,0.0,0.482475764354959,0.7155794195459371,0.5247787610619532,0.3896676011213423,0.1106194690265488,0.39184453647659107,2019,1.0,0.0,0.008766281622615444,2.0
2019-01-16,0.7323385788618216,0.5538635308841403,0.4937283131099032,0.8059438531828582,0.40133986208044636,0.9594088233657712,1.0,0.4526472781506339,0.7893802692347618,0.0,0.482475764354959,0.32391354930419886,0.20319438001191337,0.3896676011213423,0.4203061833123657,0.39184453647659107,2019,1.0,0.0,0.008334640597968613,3.0
2019-01-17,0.6166757308832509,0.7292601213078396,0.6600115004084562,1.149464178157747,0.39251828818618567,0.8491427686251226,0.0,0.4526472781506339,0.5088408522208572,1.0,0.482475764354959,0.6254057264209993,0.08114262057546436,0.3896676011213423,1.0625819361070874,0.39184453647659107,2019,0.0,0.0,0.008015224114360035,4.0
2019-01-18,0.16096610995271232,0.8292783078894992,0.45239133368242374,1.0292222709808787,0.3108710328531842,0.7279786105863056,0.0,0.4526472781506339,0.08773254144534967,1.0,0.482475764354959,0.8036694843079989,0.19184523409685944,0.3896676011213423,0.44011553704575024,0.39184453647659107,2019,0.0,0.0,0.008298207025410235,0.0
2019-01-21,0.6338756641756911,0.70183607921779,0.570397761353757,1.1200749113457507,0.3604032534448463,0.825076442020435,1.0,0.4526472781506339,0.5646755636770653,0.0,0.482475764354959,0.5899410716288905,0.5055712176131119,0.3896676011213423,0.2518458853537443,0.39184453647659107,2019,0.0,0.0,0.00831342122561861,1.0
2019-01-22,0.7947578322304341,0.346558455254844,0.5828995476158614,0.9703188467212318,0.44120533385407606,0.8190239015613769,1.0,0.4526472781506339,0.857179230969172,0.0,0.482475764354959,0.19219264209578435,0.17145189821743967,0.3896676011213423,0.5791264117567144,0.39184453647659107,2019,1.0,0.0,0.0081721931924708,2.0
2019-01-23,0.48072204140360525,0.6323453928793427,0.6066847604939045,1.0861697233479526,0.26478986834737034,0.7934998630631324,0.0,0.4526472781506339,0.4961296491250096,1.0,0.482475764354959,0.5616534327447201,0.22694838933149916,0.3896676011213423,0.5489435400069113,0.39184453647659107,2019,0.0,1.0,0.008040358309781365,3.0
2019-01-24,0.6083691090998189,0.5042487191276247,0.4872101426550311,1.1541623437168333,0.5091493076690028,0.8133247033897233,1.0,0.4526472781506339,0.47745194931587426,0.0,0.482475764354959,0.5103780284584475,2.4986961190366492,0.3896676011213423,0.08697653014265368,0.39184453647659107,2019,0.0,0.0,0.007271692935782918,4.0
2019-01-25,0.8066740763391433,0.0058849804314989465,0.48610381949266335,1.0156976455616356,0.38736670609287854,0.6134884079127922,1.0,0.4526472781506339,0.4102130872281174,0.0,0.482475764354959,0.013012357743027737,0.16860342277623247,0.3896676011213423,0.49595041904361276,0.39184453647659107,2019,1.0,0.0,0.007785837113203102,0.0
2019-01-28,0.754034995908968,0.3553021405671062,0.5388391104157836,0.8706781275073052,0.3961784443284356,0.6387737448619982,1.0,0.4526472781506339,0.7886112371288736,0.0,0.482475764354959,0.32682665536576005,0.9292035398230156,0.3896676011213423,0.01726389090379972,0.39184453647659107,2019,0.0,0.0,0.007558271499077304,1.0
2019-01-29,0.8671589662054026,0.19855091893424986,0.5134202343011329,1.0441885570031921,0.31784735543012554,0.6700771457308411,1.0,0.4526472781506339,0.8411001324051408,0.0,0.482475764354959,0.12010671315459705,1.248855878160387,0.3896676011213423,0.26258534023557617,0.39184453647659107,2019,0.0,0.0,0.007259851371577602,2.0
2019-01-30,0.8338525870553386,0.13049366711385083,0.543154032076843,1.1543273221078585,0.4481099687264753,0.6307620761507506,1.0,0.4526472781506339,0.5148381761104271,0.0,0.482475764354959,0.1225831908571192,0.6800790109005879,0.3896676011213423,0.23044846001902103,0.39184453647659107,2019,1.0,0.0,0.007398831039906816,3.0
2019-01-31,0.33562800753004934,0.6720438963254926,0.4421722525318981,0.9189957678845586,0.6061833365475116,0.6796438931308475,0.0,0.4526472781506339,0.38591524776319563,1.0,0.482475764354959,0.5416355740741093,0.2593351881681035,0.3896676011213423,0.5032947722946337,0.39184453647659107,2019,0.0,0.0,0.007385265589464027,4.0
2019-02-01,0.329055863551879,0.7506343781646498,0.522109705522309,0.9128851984522596,0.4405396340308864,0.7418141693098805,0.0,0.4526472781506339,0.21926736616591097,1.0,0.482475764354959,0.7928298249890207,0.1604792190504313,0.3896676011213423,0.9090371246856929,0.39184453647659107,2019,0.0,0.0,0.007332041378697078,0.0
2019-02-04,0.3557341465254015,0.6733194715777695,0.5452898339689942,0.8680833649484443,0.39689585716565123,0.7250744879221971,0.0,0.4526472781506339,0.2242429802371588,0.0,0.482475764354959,0.6381542740719184,0.5148629987644382,0.3896676011213423,0.10683915982265661,0.39184453647659107,2019,0.0,0.0,0.007492400868223288,1.0
2019-02-05,0.7517773802833383,0.5896999779416938,0.39720771343557176,0.747905457631273,0.4702866176214051,0.8889119896739618,0.0,0.4526472781506339,0.7585808650628191,1.0,0.482475764354959,0.3861688977055178,0.09024318781132075,0.3896676011213423,0.9516554351010797,0.39184453647659107,2019,0.0,0.0,0.007416324605987396,2.0
2019-02-06,0.1502014365542855,0.8803624351826169,0.4409149885188618,1.0534517869008981,0.3615713185808018,0.8555295425634671,0.0,0.4526472781506339,0.09378184121053718,1.0,0.482475764354959,0.832648210605091,0.5851671906259056,0.3896676011213423,0.3320948842526366,0.39184453647659107,2019,0.0,1.0,0.007654487084830502,3.0
2019-02-07,0.6972016202412418,0.32949531558158496,0.3786346011633462,1.0271993262261239,0.4798003521693147,0.7830093259767423,1.0,0.4526472781506339,0.7207887290077987,0.0,0.482475764354959,0.238433271015034,0.5955277150557123,0.3896676011213423,0.20802680457425488,0.39184453647659107,2019,0.0,0.0,0.0074871950368224595,4.0
2019-02-08,0.6522575285451111,0.41722876160175304,0.4711719240005597,0.9909964176079772,0.4762205550691154,0.8282809320119244,0.0,0.4526472781506339,0.7593671999009384,1.0,0.482475764354959,0.278214106445377,0.11123149151317242,0.3896676011213423,1.0213073311664995,0.39184453647659107,2019,0.0,1.0,0.007527868610011279,0.0
2019-02-11,0.3986261607252492,0.48620272380919854,0.4540975517970105,0.8860963905499974,0.5035279428186411,0.7651972905749351,0.0,0.4526472781506339,0.2552810101039405,0.0,0.482475764354959,0.5658800587219618,0.679285260258505,0.3896676011213423,0.13447277350094364,0.39184453647659107,2019,0.0,0.0,0.007733211573983547,1.0
2019-02-12,0.618325306581614,0.5508385955293982,0.5951863167252941,1.0957858064302102,0.4159667556650497,0.8282405684543639,1.0,0.4526472781506339,0.4951122210538602,1.0,0.482475764354959,0.5102085252030025,0.7673664928843156,0.3896676011213423,0.5316330844018481,0.39184453647659107,2019,1.0,0.0,0.007737418382065141,2.0
2019-02-13,0.06857800180171665,0.8360188776252949,0.507119163485136,1.0914781463679677,0.4361804458156404,0.8832620711745374,0.0,0.4526472781506339,0.07554087545111283,1.0,0.482475764354959,0.7455635228793922,0.8184351845557678,0.3896676011213423,0.32451906736456565,0.39184453647659107,2019,0.0,1.0,0.008047372883673843,3.0
2019-02-14,0.6485452217456543,0.2109110965110893,0.45676481255576845,0.7294791618690274,0.5144117546782365,0.8050529323209933,1.0,0.4526472781506339,0.6580062360356151,0.0,0.482475764354959,0.13997783985440793,1.0906398104265407,0.3896676011213423,0.07879146919431201,0.39184453647659107,2019,0.0,0.0,0.00735163620724383,4.0
2019-02-15,0.8032847742777588,0.1658593777445459,0.4303433722900222,0.8111347499436251,0.3342924067212157,0.6235561909826434,1.0,0.4526472781506339,0.7446733763437633,0.0,0.482475764354959,0.13034121409018126,0.6720160481444164,0.3896676011213423,0.21564694082247698,0.39184453647659107,2019,0.0,0.0,0.00754782687692574,0.0
2019-02-18,0.7451138990716166,0.3548714083843174,0.46958178277867646,0.8370804544309631,0.3978004627201567,0.6155759480712091,1.0,0.4526472781506339,0.7955766896537566,0.0,0.482475764354959,0.19485054754586667,1.5679677952699267,0.3896676011213423,0.3441880526202367,0.39184453647659107,2019,0.0,0.0,0.007492236317553176,1.0
2019-02-19,0.7408417913007068,0.03521837043932495,0.5497055553808824,0.9133572774866978,0.5447217184565142,0.7505337715350995,1.0,0.4526472781506339,0.5842701898383308,0.0,0.482475764354959,0.03369836289518929,0.5757027553576487,0.3896676011213423,0.3818536042304557,0.39184453647659107,2019,1.0,0.0,0.007656695346421235,2.0
2019-02-20,0.14272432257504047,0.8741429480907289,0.5256169517354254,1.0226675623812405,0.6422941818345874,0.8321189405070724,0.0,0.4526472781506339,0.15395187606730132,1.0,0.482475764354959,0.7673865821152893,0.3242084888704684,0.3896676011213423,1.664592838379633,0.39184453647659107,2019,0.0,0.0,0.007722151996036959,3.0
2019-02-21,0.027856987456619253,0.8202218003656191,0.4680676404345982,0.8778479576180396,0.5087768381394102,0.6530152329686381,0.0,0.4526472781506339,0.028934579507450896,0.0,0.482475764354959,0.6251531633772665,0.8962413640108953,0.3896676011213423,0.12866831463523273,0.39184453647659107,2019,0.0,0.0,0.008518300551257189,4.0
2019-02-22,0.3427427066714471,0.6365273974708882,0.49140283910724064,0.8964515410324415,0.45796272410217015,0.824443923230705,0.0,0.4526472781506339,0.47513582077806965,0.0,0.482475764354959,0.38028136101353294,0.4305931190641015,0.3896676011213423,0.22894521668028667,0.39184453647659107,2019,0.0,0.0,0.008553975212356364,0.0
2019-02-25,0.4300312423349833,0.7583121745914541,0.4215674544027309,0.7438290025095259,0.5453103541356202,0.8241755599631043,0.0,0.4526472781506339,0.3480994016897099,1.0,0.482475764354959,0.7419931597477748,0.27498908773462183,0.3896676011213423,0.3125272806634596,0.39184453647659107,2019,0.0,1.0,0.00863225320271288,1.0
2019-02-26,0.8475571029732651,0.39145075477237967,0.5215615902277567,1.0913451363137638,0.4791843480877373,0.7011938050791124,0.0,0.4526472781506339,0.8125832449228634,1.0,0.482475764354959,0.34546674829424356,0.10793933987511486,0.3896676011213423,1.058876003568234,0.39184453647659107,2019,0.0,0.0,0.008437452958000895,2.0
2019-02-27,0.20772180678151766,0.7114100709626862,0.463234010291852,0.6843998270883789,0.4950740860691851,0.7693668398163362,0.0,0.4526472781506339,0.136794129636054,1.0,0.482475764354959,0.7073476081712601,0.6806341311781121,0.3896676011213423,0.5962076468759845,0.39184453647659107,2019,0.0,0.0,0.008707962493774209,3.0
2019-02-28,0.06737723180865947,0.8394547985502623,0.4877935418323737,0.69482170279449,0.3270347671917643,0.6844081874285808,0.0,0.4526472781506339,0.06510066788333782,1.0,0.482475764354959,0.7877787741309792,0.2004294917680822,0.3896676011213423,1.8915533285612118,0.39184453647659107,2019,0.0,0.0,0.009121388906118896,4.0
2019-03-01,0.018461574646651303,0.7739451911930424,0.3686569593676662,0.626030888358312,0.4723260105510893,0.7563773985104604,0.0,0.4526472781506339,0.02617853525437083,1.0,0.482475764354959,0.5800958511133095,0.27615846603118066,0.3896676011213423,0.8161331202821211,0.39184453647659107,2019,0.0,0.0,0.010023018315244884,0.0
2019-03-04,0.18178561309964583,0.6794656338498262,0.3508170243445971,0.5371784941957962,0.4047134952017019,0.7579242990796391,0.0,0.4526472781506339,0.18394934217468714,1.0,0.482475764354959,0.6808579208084848,0.2457581901611326,0.3896676011213423,0.38320350016005933,0.39184453647659107,2019,0.0,1.0,0.01040780468734382,1.0
2019-03-05,0.7906888132032298,0.3119462033375558,0.46479465890631094,0.892745051727216,0.4244598780122444,0.7357795243281697,1.0,0.4526472781506339,0.7884149237935472,0.0,0.482475764354959,0.3486882694170663,0.2598127771390934,0.3896676011213423,0.3050309300925178,0.39184453647659107,2019,1.0,0.0,0.010134494118586957,2.0
2019-03-06,0.4147206004535285,0.7138214790188305,0.47961060910967923,0.7629486584035199,0.4224179448509569,0.8100176415855492,0.0,0.4526472781506339,0.43414110981669257,1.0,0.482475764354959,0.7232993733658413,0.24141998539571485,0.3896676011213423,0.41521091950794603,0.39184453647659107,2019,0.0,1.0,0.009888973319824381,3.0
2019-03-07,0.618517055751227,0.42098686775214134,0.5855224715537103,0.8953055101210373,0.4171089586558983,0.6770794122739975,1.0,0.4526472781506339,0.6051718885329413,0.0,0.482475764354959,0.5267033021689294,1.2456881781838898,0.3896676011213423,0.01519131924614943,0.39184453647659107,2019,0.0,0.0,0.00973189761443455,4.0
2019-03-08,0.6579072786904194,0.10577649429973476,0.4275994977072458,0.4931022247743291,0.33312966783906456,0.6173216516546279,0.0,0.4526472781506339,0.7121846915158772,0.0,0.482475764354959,0.11902407298456588,0.06383913855619702,0.3896676011213423,0.5991649269311037,0.39184453647659107,2019,0.0,0.0,0.010014888632369625,0.0
2019-03-11,0.7018233612178618,0.5249933199116869,0.5648573243584392,1.0785986616032381,0.2873500781661825,0.6787300112059719,1.0,0.4526472781506339,0.3410240216285811,0.0,0.482475764354959,0.7326365448918517,0.7495921696574275,0.3896676011213423,0.08482871125611455,0.39184453647659107,2019,0.0,0.0,0.009481825212683674,1.0
2019-03-12,0.897642027609176,0.19211175079039866,0.5258347844489191,0.5839706656024324,0.27015132771857736,0.6211184387745151,1.0,0.4526472781506339,0.8348368494537811,0.0,0.482475764354959,0.18217556114499622,0.832480818414325,0.3896676011213423,0.05126714717508452,0.39184453647659107,2019,0.0,0.0,0.009445771913488048,2.0
2019-03-13,0.8017231440917693,0.2522576665592393,0.5330791154430308,0.9881959804094916,0.2763191769379178,0.5490602904955294,0.0,0.4526472781506339,0.7328082737204755,1.0,0.482475764354959,0.22013829434719587,0.1414228518632475,0.3896676011213423,1.3728364644287105,0.39184453647659107,2019,0.0,0.0,0.008861367494309833,3.0
2019-03-14,0.15422211338674802,0.5726852916889379,0.5046890201304705,0.8258947235379558,0.3541451316430457,0.5803417854041609,0.0,0.4526472781506339,0.07158650243172175,0.0,0.482475764354959,0.6581642791770032,0.8806129722024172,0.3896676011213423,0.1530054644808676,0.39184453647659107,2019,0.0,0.0,0.009280747575352322,4.0
2019-03-15,0.5722312086063076,0.35906100052558265,0.4685609092838003,0.6860705877463589,0.3847132529562761,0.6258336390901963,1.0,0.4526472781506339,0.5969417973775825,0.0,0.482475764354959,0.29047760704204767,0.380496249278711,0.3896676011213423,0.30617426428159017,0.39184453647659107,2019,1.0,0.0,0.009507643421127691,0.0
2019-03-18,0.5802592965942405,0.501963994819069,0.41098871540888,0.7961412106901046,0.41896474324775473,0.6965540445189827,1.0,0.4526472781506339,0.6566234914055458,0.0,0.482475764354959,0.4638170681428023,0.6109556177528896,0.3896676011213423,0.0767692922830898,0.39184453647659107,2019,1.0,0.0,0.009595389915824513,1.0
2019-03-19,0.4994570913425982,0.5646753549607146,0.5076791577416115,0.8562264221484381,0.33034983976302507,0.8082598324716965,1.0,0.4526472781506339,0.5098858843936238,1.0,0.482475764354959,0.5713115341223229,0.8920804267542174,0.3896676011213423,0.6155108740254422,0.39184453647659107,2019,0.0,1.0,0.009329515263347276,2.0
2019-03-20,0.8728748781054246,0.048548577136091314,0.5171297281014287,0.9961332880004948,0.36383027950531743,0.6848190830761999,1.0,0.4526472781506339,0.49006703612175767,0.0,0.482475764354959,0.138364066356493,0.6594755866658873,0.3896676011213423,0.7205232658213355,0.39184453647659107,2019,1.0,0.0,0.009487772428464717,3.0
2019-03-21,0.16741656077215455,0.48909689256441086,0.44431119251884654,0.8354224049175768,0.4360805486043632,0.7120415936795464,0.0,0.4526472781506339,0.15201805499375992,0.0,0.482475764354959,0.45844298577643966,0.5013820454272372,0.3896676011213423,0.18255017425790848,0.39184453647659107,2019,0.0,0.0,0.009081364485654882,4.0
2019-03-22,0.7730663890377321,0.3752060908876799,0.39978584467455747,0.8632307082910214,0.4393346378629319,0.9124307159839006,1.0,0.4526472781506339,0.7963665205396301,0.0,0.482475764354959,0.29101915968320946,0.9880915269031914,0.3896676011213423,0.186794687948116,0.39184453647659107,2019,0.0,0.0,0.008724652596833877,0.0
2019-03-25,0.7034199288064974,0.2249049352543601,0.4817197618559817,0.7809409163935155,0.24974198757211846,0.7317981350102754,0.0,0.4526472781506339,0.6916584975602774,0.0,0.482475764354959,0.15901715314897139,0.12694190896451701,0.3896676011213423,0.7684216889318701,0.39184453647659107,2019,0.0,0.0,0.008940258128809303,1.0
2019-03-26,0.4792351429821972,0.6393075893325045,0.5573518005891306,0.8624376721425914,0.3093784246850578,0.6562798902161641,0.0,0.4526472781506339,0.22994685806668905,1.0,0.482475764354959,0.7341210265817993,0.342030360531301,0.3896676011213423,0.5935721062618684,0.39184453647659107,2019,0.0,0.0,0.009159054940208687,2.0
2019-03-27,0.28054991121468675,0.7409159874946432,0.508442472983234,0.7646519918443901,0.26301606441332886,0.5979597837038838,0.0,0.4526472781506339,0.13953188794688415,1.0,0.482475764354959,0.8054172389540744,0.2546048029843887,0.3896676011213423,1.6843086966658818,0.39184453647659107,2019,0.0,0.0,0.009360704682753067,3.0
2019-03-28,0.03419600823521892,0.7571180184154236,0.6102155993144871,0.6898017184143074,0.24172816063626903,0.48747531425083973,0.0,0.4526472781506339,0.022792080393997986,1.0,0.482475764354959,0.6611540149819052,0.7656920077972672,0.3896676011213423,0.25185185185185366,0.39184453647659107,2019,0.0,1.0,0.009942708292955196,4.0
2019-03-29,0.34942268867122844,0.4857591131265643,0.36635357713795985,0.6343981025245433,0.27426570271757383,0.548636977743345,0.0,0.4526472781506339,0.34642147254381633,1.0,0.482475764354959,0.5212702529732283,0.39036851831721714,0.3896676011213423,0.41624089574954054,0.39184453647659107,2019,0.0,1.0,0.010172644113379798,0.0
2019-04-01,0.2664090083880399,0.7450501697629573,0.44436818679327905,0.7653544241192146,0.35212220952513773,0.5733005716085356,0.0,0.4526472781506339,0.16049436011187423,1.0,0.482475764354959,0.8282532326579103,0.4040141036072642,0.3896676011213423,0.15188500135611616,0.39184453647659107,2019,0.0,1.0,0.010229527627215698,1.0
2019-04-02,0.8858836968969717,0.281739676714707,0.4804343724212104,0.7870347762195204,0.3646479940319721,0.7108538045736967,1.0,0.4526472781506339,0.9010884968561012,0.0,0.482475764354959,0.22683369551965715,0.189701897018974,0.3896676011213423,0.2888114595431687,0.39184453647659107,2019,1.0,0.0,0.009995588474308653,2.0
2019-04-03,0.4435580413103627,0.7715117362461079,0.5175737539004134,0.9655463522260543,0.3741736949506447,0.8055803316672319,0.0,0.4526472781506339,0.3172882243710475,1.0,0.482475764354959,0.8323381275249412,0.40984477365283933,0.3896676011213423,0.7064864545830105,0.39184453647659107,2019,0.0,1.0,0.009385653239914415,3.0
2019-04-04,0.8237917644210401,0.15095465474478278,0.4765301388313039,0.8376601144966332,0.36437303541875604,0.6663539145421785,0.0,0.4526472781506339,0.6822975248977002,0.0,0.482475764354959,0.18912051920730394,0.1453287197231819,0.3896676011213423,0.6084100639258763,0.39184453647659107,2019,0.0,0.0,0.009428443142910225,4.0
2019-04-05,0.7838333552458122,0.29942233482580044,0.5742780965816742,0.8263842046211953,0.3259489941660966,0.6508840398678855,1.0,0.4526472781506339,0.7622181660423389,0.0,0.482475764354959,0.31700021454865757,1.003446462994332,0.3896676011213423,0.002453414334965834,0.39184453647659107,2019,0.0,0.0,0.009468756257100601,0.0
2019-04-08,0.4844022718619248,0.45684681958949946,0.32455418399828906,0.7235901812286403,0.3440266057495644,0.6900208077313655,1.0,0.4526472781506339,0.44771773966841205,0.0,0.482475764354959,0.4223675046929015,0.7076448053062028,0.3896676011213423,0.060838241180169554,0.39184453647659107,2019,0.0,0.0,0.00962926583248636,1.0
2019-04-09,0.7796008851545823,0.36921407472340473,0.5484877996375765,0.8803551741396414,0.38224065334772445,0.7338812872269557,1.0,0.4526472781506339,0.7715270393667344,0.0,0.482475764354959,0.25484698333892297,0.5545388875511605,0.3896676011213423,0.2570431013724975,0.39184453647659107,2019,0.0,0.0,0.009099823065082488,2.0
2019-04-10,0.7331514163273138,0.38807774307135334,0.5574524612305072,0.9243191749824315,0.46267215447258747,0.7580396018574203,0.0,0.4526472781506339,0.7204140546227322,1.0,0.482475764354959,0.28513565064561386,0.10506400958567651,0.3896676011213423,1.625402030648928,0.39184453647659107,2019,0.0,0.0,0.008659746296793887,3.0
2019-04-11,0.07316673281583264,0.7244874437147605,0.5261025313877425,0.767632418604725,0.4818452467972606,0.6653132900260508,0.0,0.4526472781506339,0.04989116283633583,0.0,0.482475764354959,0.6441114379993971,0.2651140908021658,0.3896676011213423,0.21242060691601325,0.39184453647659107,2019,0.0,0.0,0.009396998310043495,4.0
2019-04-12,0.42789476729801773,0.8349314259466761,0.5458849670675618,0.9577993610113296,0.3938659410889046,0.5830541426375548,0.0,0.4526472781506339,0.24530394020663904,1.0,0.482475764354959,0.8738376054445295,0.13105062199778114,0.3896676011213423,0.6854292400541964,0.39184453647659107,2019,0.0,0.0,0.008988492869210194,0.0
2019-04-15,0.5333658922408309,0.5004773422948233,0.35553292493848476,0.897564606479162,0.337462100767304,0.626562736229135,0.0,0.4526472781506339,0.5552739699144185,1.0,0.482475764354959,0.4704718852915695,0.08073417250574104,0.3896676011213423,1.2934829788553204,0.39184453647659107,2019,0.0,0.0,0.008945003233668335,1.0
2019-04-16,0.2259235150823962,0.5605651140787596,0.3893158818046744,0.8115596893239005,0.3007495543954481,0.5309720388288149,0.0,0.4526472781506339,0.11277952804222396,0.0,0.482475764354959,0.6329239172188598,0.2541156606162924,0.3896676011213423,0.31658927817644505,0.39184453647659107,2019,0.0,0.0,0.009277825644239075,2.0
2019-04-17,0.48414444978395155,0.8085577261535489,0.3708206234055105,0.8318131995853288,0.5169812911743754,0.8259408867699316,0.0,0.4526472781506339,0.24394609453561963,1.0,0.482475764354959,0.8287866341793912,0.35369213196264015,0.3896676011213423,0.263387757844537,0.39184453647659107,2019,0.0,1.0,0.008345080254742806,3.0
2019-04-18,0.8067853721207874,0.46061393398137246,0.4878735921136365,0.8622642414605415,0.45998440798500184,0.7070524898136618,1.0,0.4526472781506339,0.7368673096932697,0.0,0.482475764354959,0.4040375949765255,0.4180132078122787,0.3896676011213423,0.17507376703666933,0.39184453647659107,2019,1.0,0.0,0.007970978782882982,4.0
2019-04-22,0.4216878026892614,0.7456665781212072,0.3460304689296083,0.7187125380650405,0.4477817167987866,0.8079936612164146,0.0,0.4526472781506339,0.28500754697052677,1.0,0.482475764354959,0.8064548062983344,0.1686869420047984,0.3896676011213423,0.8688393699644261,0.39184453647659107,2019,0.0,0.0,0.007719539281848097,1.0
2019-04-23,0.5925678243329279,0.3907509497030039,0.3656920877472462,0.6700928141405991,0.45113489134902235,0.6901272334123878,1.0,0.4526472781506339,0.4916144868290007,0.0,0.482475764354959,0.3935810901945133,0.6250533200625571,0.3896676011213423,0.34736243423858904,0.39184453647659107,2019,1.0,0.0,0.007897393399786902,2.0
2019-04-24,0.669112469645118,0.31117828717744506,0.37919678839664883,0.7979956424919293,0.34882447594877297,0.5808343249356358,1.0,0.4526472781506339,0.6546462205256777,0.0,0.482475764354959,0.28472524306625513,0.6822876949739987,0.3896676011213423,0.21448873483535816,0.39184453647659107,2019,1.0,0.0,0.008077937961436481,3.0
2019-04-25,0.4876269652281296,0.5144041819583655,0.5628416235991436,0.7273104316683748,0.25265604119649215,0.5797573825523297,1.0,0.4526472781506339,0.3855819501231901,0.0,0.482475764354959,0.5322626517211008,1.1571653093299166,0.3896676011213423,0.2730390055722255,0.39184453647659107,2019,0.0,0.0,0.007829121782610183,4.0
2019-04-26,0.653830534268741,0.13213511930835042,0.42869684538786684,0.6585802124503911,0.3829772112561063,0.5099055925135737,0.0,0.4526472781506339,0.6107627179153442,0.0,0.482475764354959,0.11450505661200357,0.090696071674712,0.3896676011213423,0.7564438318400993,0.39184453647659107,2019,0.0,0.0,0.008060260305856638,0.0
2019-04-29,0.5031646222690563,0.6747161988608277,0.5096050262122888,0.8122854763655332,0.30589159853016246,0.5972869826596547,0.0,0.4526472781506339,0.19849110874845421,0.0,0.482475764354959,0.771477411001038,0.6378019494278881,0.3896676011213423,0.00692188162171415,0.39184453647659107,2019,0.0,0.0,0.007902583549810634,1.0
2019-04-30,0.7620897965287738,0.5689919695437357,0.4848181957761285,0.8479735220730178,0.4091608934283463,0.734728455463099,1.0,0.4526472781506339,0.6606880482182732,1.0,0.482475764354959,0.46305773487947766,0.390180505415174,0.3896676011213423,1.0654151624548664,0.39184453647659107,2019,1.0,0.0,0.0077084996087310575,2.0
2019-05-01,0.17027771412306972,0.7396281972851686,0.49518505966211585,1.1542681558766945,0.416635066378199,0.852412468487197,0.0,0.4526472781506339,0.11572084247222665,1.0,0.482475764354959,0.5688232263591446,0.1270328749912924,0.3896676011213423,1.0143086480072427,0.39184453647659107,2019,0.0,0.0,0.008016208104723822,3.0
2019-05-02,0.4332799237858423,0.5025524015738795,0.4506697092189383,1.0561964971553583,0.41733036870734375,0.6338839907693167,1.0,0.4526472781506339,0.21275355730351583,0.0,0.482475764354959,0.5497234650766889,1.2474325821943,0.3896676011213423,0.19549316586628213,0.39184453647659107,2019,0.0,0.0,0.007609729659223577,4.0
2019-05-03,0.5654249314612435,0.18302157977919786,0.3406774494250392,0.9279704401557411,0.3483415167965296,0.6703888102432725,1.0,0.4526472781506339,0.5593629366982984,0.0,0.482475764354959,0.14104013843070332,0.669268292682914,0.3896676011213423,0.19317073170731794,0.39184453647659107,2019,1.0,0.0,0.008014637464716085,0.0
2019-05-06,0.3503013558572833,0.6314719900249178,0.42059526559684024,0.8778038616313188,0.40052814316499313,0.7076768084288123,1.0,0.4526472781506339,0.3829476927685631,0.0,0.482475764354959,0.5752427624179149,0.5595296423321914,0.3896676011213423,0.21460068593824777,0.39184453647659107,2019,1.0,0.0,0.007970663584104006,1.0
2019-05-07,0.7359659383558016,0.33990693432108604,0.5784240554201698,1.0049131767784643,0.2984091969051701,0.6448390303255208,1.0,0.4526472781506339,0.7685577993142919,0.0,0.482475764354959,0.2566801399021614,0.7418111753371935,0.3896676011213423,0.5228990662516616,0.39184453647659107,2019,1.0,0.0,0.007504980517306423,2.0
2019-05-08,0.16126949604057939,0.7356934642327054,0.602564070692014,1.0184973449689516,0.367702812736497,0.5861467337355027,0.0,0.4526472781506339,0.10026154975360949,0.0,0.482475764354959,0.710543932908026,0.7430362613093981,0.3896676011213423,0.11569423666026274,0.39184453647659107,2019,0.0,0.0,0.007828743653123721,3.0
2019-05-09,0.6214360153170223,0.5412002037319874,0.4873220968921537,1.0217894811182457,0.4327653336369032,0.6856471141142604,1.0,0.4526472781506339,0.5040786194771638,0.0,0.482475764354959,0.47613318228905627,0.5475354585030109,0.3896676011213423,0.06782755231007392,0.39184453647659107,2019,1.0,0.0,0.007924020207865073,4.0
2019-05-10,0.5008745750684743,0.6741924633651032,0.5307621203285446,0.8872926459369845,0.3334538003212922,0.6564101119124176,1.0,0.4526472781506339,0.5085902479352657,1.0,0.482475764354959,0.6352551987654367,1.5261128636522854,0.3896676011213423,0.36607080266386294,0.39184453647659107,2019,0.0,1.0,0.00792545791534625,0.0
2019-05-13,0.7468848147804602,0.02582522305271036,0.4667445599523072,0.7661910876375796,0.31699497826666523,0.7137962123431492,1.0,0.4526472781506339,0.5867194812238101,0.0,0.482475764354959,0.04126455511270434,0.3266543633008129,0.3896676011213423,0.5582652254152326,0.39184453647659107,2019,1.0,0.0,0.008338187933479181,1.0
2019-05-14,0.48898456252272104,0.5995047015078108,0.6012398068988204,0.9864053994717968,0.39715767671611213,0.6062865630907918,0.0,0.4526472781506339,0.3093432565355889,1.0,0.482475764354959,0.6450823531164059,0.37046324402797753,0.3896676011213423,0.35475781971755777,0.39184453647659107,2019,0.0,1.0,0.008346726798644191,2.0
2019-05-15,0.5703739813549362,0.5628589957147895,0.503029171514495,0.9781185233970088,0.38229400146285625,0.5403672078188057,0.0,0.4526472781506339,0.4735984588267395,1.0,0.482475764354959,0.5952647274324603,0.2181818181818101,0.3896676011213423,1.1701631701631847,0.39184453647659107,2019,0.0,0.0,0.00827303722673909,3.0
2019-05-16,0.17167774513331022,0.6049145774116899,0.37339969834522185,0.903841565364271,0.34527185270597777,0.5242906207891869,0.0,0.4526472781506339,0.08559965116647908,1.0,0.482475764354959,0.662988379950132,0.22011410375482024,0.3896676011213423,1.0959267613108605,0.39184453647659107,2019,0.0,0.0,0.008369199745937004,4.0
2019-05-17,0.1842865177985577,0.6393929331019188,0.44263666264075785,0.9390291850283575,0.4312584407800827,0.5512138375238111,0.0,0.4526472781506339,0.11209249349893284,1.0,0.482475764354959,0.6707119029611784,0.11925959136618283,0.3896676011213423,0.35688208544162003,0.39184453647659107,2019,0.0,1.0,0.008729046765506055,0.0
2019-05-20,0.8235655346423826,0.4511168401060361,0.5284899014929854,0.9878314408458664,0.5642218888468912,0.7311439670079042,0.0,0.4526472781506339,0.8324288896897253,1.0,0.482475764354959,0.4016615027024373,0.018977536793166282,0.3896676011213423,0.7437387038471471,0.39184453647659107,2019,0.0,1.0,0.008660990322634765,1.0
2019-05-21,0.7206936750582306,0.3998711208637464,0.530354557494698,1.2065985154921088,0.3075267089684027,0.6559465988754847,0.0,0.4526472781506339,0.6165865021329783,0.0,0.482475764354959,0.43840147279531405,0.2434210526315712,0.3896676011213423,0.2105263157894745,0.39184453647659107,2019,0.0,0.0,0.008347258506123155,2.0
2019-05-22,0.5950599525759328,0.7502410148294989,0.565876079638839,1.1281685301891846,0.34092956417374026,0.8045536248872471,1.0,0.4526472781506339,0.33197914518416766,0.0,0.482475764354959,0.835883488667397,1.3792132854830776,0.3896676011213423,0.04827246499190861,0.39184453647659107,2019,0.0,0.0,0.007972161666978943,3.0
2019-05-23,0.514489848440143,0.15362261332031965,0.4617583417260889,0.9448944927572933,0.2963260054103668,0.6426504673378902,0.0,0.4526472781506339,0.5298595339510099,0.0,0.482475764354959,0.1300272508548808,0.1815632667367819,0.3896676011213423,0.25418857343146783,0.39184453647659107,2019,0.0,0.0,0.007939785645268291,4.0
2019-05-24,0.880399558503221,0.4130126761165843,0.6488124924621363,0.9338369173158642,0.3498972697316651,0.6284629869157001,1.0,0.4526472781506339,0.9027447850865248,0.0,0.482475764354959,0.29359639382721753,0.26329113924049713,0.3896676011213423,0.10227848101265731,0.39184453647659107,2019,1.0,0.0,0.0076864399523635316,0.0
2019-05-27,0.7181302030823788,0.6613369020366477,0.5238688778931098,1.1061305029020667,0.27257855137370435,0.6708502430972001,0.0,0.4526472781506339,0.5399873222815597,1.0,0.482475764354959,0.7561656183414951,0.16198865332934725,0.3896676011213423,0.9249029561063143,0.39184453647659107,2019,0.0,0.0,0.007446590888877032,1.0
2019-05-28,0.44512382354080504,0.5244783781831075,0.5011821086549101,1.0146384852704178,0.33177749836798714,0.6056626467013476,0.0,0.4526472781506339,0.20674042577902643,0.0,0.482475764354959,0.6275339045947473,0.659907694635698,0.3896676011213423,0.020125595823566336,0.39184453647659107,2019,0.0,0.0,0.007379709122095469,2.0
2019-05-29,0.40353403076892175,0.7782452258862633,0.5452179025092839,1.0166053154142558,0.2176767479673675,0.6713325127403944,1.0,0.4526472781506339,0.21427234031341744,1.0,0.482475764354959,0.8198981195527238,1.0156947222649706,0.3896676011213423,0.5137713494383731,0.39184453647659107,2019,0.0,1.0,0.007254821849973991,3.0
2019-05-30,0.8895060391793393,0.043684380280346644,0.6180431997463637,0.9835938431966763,0.25940797885411865,0.6335500004820014,1.0,0.4526472781506339,0.7086828207743062,0.0,0.482475764354959,0.06906934402448185,1.8870359628770441,0.3896676011213423,0.04060324825984692,0.39184453647659107,2019,0.0,0.0,0.0076466655060648875,4.0
2019-05-31,0.7488598248342861,0.022052675363866885,0.47950995550067116,0.8469819601176883,0.38078634041554665,0.5827293809915963,1.0,0.4526472781506339,0.5459270839592041,0.0,0.482475764354959,0.029323755279759785,2.290779626534909,0.3896676011213423,0.0,0.39184453647659107,2019,0.0,0.0,0.007530806102125243,0.0
2019-06-03,0.7132349493348259,0.018435614238829088,0.47745333499442444,0.9089437795133019,0.3580490081085194,0.7975614446782165,1.0,0.4526472781506339,0.43717154631091965,0.0,0.482475764354959,0.03130022445698193,0.404489904357058,0.3896676011213423,0.4444739638682434,0.39184453647659107,2019,1.0,0.0,0.008118586580821898,1.0
2019-06-04,0.6137314926980957,0.3904195230488837,0.486954115827354,0.9840680918975876,0.4001345188361496,0.5929586486624296,1.0,0.4526472781506339,0.5740747738937982,0.0,0.482475764354959,0.4294036815211079,1.7417017913593096,0.3896676011213423,0.08298208640675213,0.39184453647659107,2019,0.0,0.0,0.00818451819470574,2.0
2019-06-05,0.1153526321412937,0.46830583115638613,0.4619634346445142,0.9107686845424982,0.5120025077959736,0.6394154447513093,0.0,0.4526472781506339,0.09545251552954236,0.0,0.482475764354959,0.32652705897378487,0.8619369656756277,0.3896676011213423,0.26438688273574357,0.39184453647659107,2019,0.0,0.0,0.008416944295874345,3.0
2019-06-06,0.5237000373158482,0.4623479352408373,0.273571068801253,0.8859901501268236,0.6463913237800816,0.9908931128377181,1.0,0.4526472781506339,0.5472177021356676,0.0,0.482475764354959,0.25262895345603054,1.156592344374269,0.3896676011213423,0.46732826395154575,0.39184453647659107,2019,0.0,0.0,0.008300286589351374,4.0
2019-06-07,0.31916985535801007,0.2896989283740972,0.36390982032912544,0.8405594491210252,0.5911817105893422,0.8861411940001988,0.0,0.4526472781506339,0.3134088159061048,1.0,0.482475764354959,0.2238158687990518,0.0,0.3896676011213423,1.2776553285280232,0.39184453647659107,2019,0.0,0.0,0.008945957612350713,0.0
2019-06-10,0.3304735813805673,0.7184128844629053,0.4064856265729672,0.7054106565187472,0.4475642806851465,0.6605590581641284,0.0,0.4526472781506339,0.17014336735767846,1.0,0.482475764354959,0.7406543973819524,0.15622317596565066,0.3896676011213423,0.6457224606580968,0.39184453647659107,2019,0.0,1.0,0.009399982571706133,1.0
2019-06-11,0.6028651872315702,0.49888387073852714,0.34302135157109315,0.735229000265093,0.3455042512666406,0.821380572477036,1.0,0.4526472781506339,0.6819560474048578,0.0,0.482475764354959,0.3806597235562482,0.9126882676596287,0.3896676011213423,0.050575223698111876,0.39184453647659107,2019,0.0,0.0,0.00968781262080826,2.0
2019-06-12,0.5660578893604832,0.4372973975800711,0.4531154190436712,0.7998347705786648,0.5238495311409986,0.7005145115843187,1.0,0.4526472781506339,0.5675568483615174,0.0,0.482475764354959,0.3291255870971219,0.7613316837251034,0.3896676011213423,0.08109324035541347,0.39184453647659107,2019,0.0,0.0,0.009525523710958043,3.0
2019-06-13,0.8251909894361623,0.2661509803985228,0.43891421252499524,0.6282722720534817,0.47892864315340905,0.7665328030953967,1.0,0.4526472781506339,0.8431893063452741,0.0,0.482475764354959,0.18204896185856048,1.2351151673185425,0.3896676011213423,0.3095393307257844,0.39184453647659107,2019,1.0,0.0,0.009798619420940326,4.0
2019-06-14,0.032861513501943274,0.7894570286703783,0.31290726911071226,0.6725008166142752,0.5483770682757895,0.8434778511235091,0.0,0.4526472781506339,0.09599369983440015,1.0,0.482475764354959,0.5814359897259166,0.14573164657833892,0.3896676011213423,0.5892021117641238,0.39184453647659107,2019,0.0,1.0,0.010691547936772988,0.0
2019-06-17,0.6522804205363996,0.46983522615633017,0.40464694830409653,0.7373819281603348,0.48039928986106073,0.7520922415205088,1.0,0.4526472781506339,0.6546181497177856,0.0,0.482475764354959,0.4374075360804277,1.0451921162651823,0.3896676011213423,0.06828588492932651,0.39184453647659107,2019,0.0,0.0,0.010713459223055565,1.0
2019-06-18,0.3763809168373317,0.4763564991402436,0.39264765534119306,0.597130469015455,0.45105420557384907,0.6772572393841848,1.0,0.4526472781506339,0.42172206660787853,0.0,0.482475764354959,0.3925527706967915,1.0708855948308589,0.3896676011213423,0.34122006841505925,0.39184453647659107,2019,0.0,0.0,0.011165952968038444,2.0
2019-06-19,0.9401245355828043,0.0427017331573786,0.49674494158202864,0.7520026588503631,0.42329655263502214,0.6992147890254704,1.0,0.4526472781506339,0.6953891676431965,0.0,0.482475764354959,0.08785589846917273,2.166521079490608,0.3896676011213423,0.16606133051353528,0.39184453647659107,2019,0.0,0.0,0.011421912890782102,3.0
2019-06-20,0.38049524568336646,0.03072798943769158,0.3303793468776257,0.6131806885664355,0.5902182358058012,0.7998304618472569,1.0,0.4526472781506339,0.3751082412781455,0.0,0.482475764354959,0.02857086150577026,1.403220310103937,0.3896676011213423,0.34409609814278375,0.39184453647659107,2019,0.0,0.0,0.012079101754443712,4.0
2019-06-21,0.2562729202018634,0.18755763993454197,0.4400948256108437,0.605510190291242,0.6244044639105087,0.7840478069552804,1.0,0.4526472781506339,0.24853317611228565,0.0,0.482475764354959,0.17575030229159067,1.3186221743810578,0.3896676011213423,0.0,0.39184453647659107,2019,0.0,0.0,0.01233527600907805,0.0
2019-06-24,0.7922594567556155,0.16105443588852716,0.40993527274205194,0.5799107940587479,0.5525749861465863,0.7858295814458442,1.0,0.4526472781506339,0.7700481152760645,0.0,0.482475764354959,0.09424275900994569,1.0885718764696766,0.3896676011213423,0.41150650572190095,0.39184453647659107,2019,0.0,0.0,0.012840978402436516,1.0
2019-06-25,0.11647118173274389,0.6469818905618742,0.2964669434457834,0.6058398534638908,0.6401826349367421,0.8878211136689925,0.0,0.4526472781506339,0.20825149379795607,1.0,0.482475764354959,0.3523078465192886,0.04583000266452979,0.3896676011213423,1.142552624567018,0.39184453647659107,2019,0.0,0.0,0.01318563177199711,2.0
2019-06-26,0.2648162273854941,0.6314743233263056,0.3547954941226603,0.807775783933996,0.492985214133767,0.975960751605732,0.0,0.4526472781506339,0.20240152554294497,1.0,0.482475764354959,0.6087763805287825,0.16343612334800944,0.3896676011213423,0.5319383259911972,0.39184453647659107,2019,0.0,1.0,0.013809773913113993,3.0
2019-06-27,0.8166108462543434,0.41463418101354094,0.4034566135119615,1.0174668331947865,0.6775915140519946,1.1085739667403156,1.0,0.4526472781506339,0.8158352115030424,0.0,0.482475764354959,0.2813182886207347,0.774381368267829,0.3896676011213423,0.21632515955659426,0.39184453647659107,2019,1.0,0.0,0.013575066423737828,4.0
2019-06-28,0.12971484474253267,0.7908038346707947,0.3679754152608965,0.6251097625110832,0.6131909065381077,0.9191335731858687,0.0,0.4526472781506339,0.19441206410984277,1.0,0.482475764354959,0.6978862304658401,0.0,0.3896676011213423,1.4290238244283284,0.39184453647659107,2019,0.0,0.0,0.013763397481770072,0.0
2019-07-01,0.2766571521161052,0.7589433815965655,0.4519067450539697,0.8665680881717622,0.3216306751096257,0.6262699837480076,1.0,0.4526472781506339,0.166167338081195,0.0,0.482475764354959,0.8377896004233555,1.7790376106194714,0.3896676011213423,0.0561393805309775,0.39184453647659107,2019,0.0,0.0,0.014927652899044292,1.0
2019-07-02,0.8319159217879305,0.01717721717695169,0.3951402488415943,0.6347147247265613,0.48341877172574105,0.6954847138313168,1.0,0.4526472781506339,0.6335078530806764,0.0,0.482475764354959,0.04344880039710358,0.8782796518645584,0.3896676011213423,0.2677085318594747,0.39184453647659107,2019,1.0,0.0,0.015858575478598314,2.0
2019-07-03,0.1524407922856009,0.5691381219317778,0.38167663892067083,0.592224993998155,0.4713232802997605,0.6468530966399656,0.0,0.4526472781506339,0.1980751716148529,1.0,0.482475764354959,0.6194321800735434,0.13495407560095102,0.3896676011213423,0.35223862499620906,0.39184453647659107,2019,0.0,1.0,0.016612431652299666,3.0
2019-07-04,0.5687981206834448,0.6107389997392155,0.47104296309914556,0.8174356071467461,0.45977247962640383,0.7074829783378125,1.0,0.4526472781506339,0.5720010874632694,1.0,0.482475764354959,0.669051000485258,0.39114184264623586,0.3896676011213423,1.2510434186756403,0.39184453647659107,2019,1.0,0.0,0.016204904777383174,4.0
2019-07-05,0.05557382354641766,0.48836472284389826,0.44128788730747776,0.5895856657596331,0.35681133632522094,0.6018796112870064,0.0,0.4526472781506339,0.11886747079853205,0.0,0.482475764354959,0.4886663569333587,0.3655006031363057,0.3896676011213423,0.2718134298351425,0.39184453647659107,2019,0.0,0.0,0.017784102285403725,0.0
2019-07-08,0.32372930270893285,0.7788401802216507,0.439215530963418,0.6874695305557714,0.44522778897408166,0.718691111534808,0.0,0.4526472781506339,0.30857575874983684,1.0,0.482475764354959,0.7807849426599203,0.19428243068525275,0.3896676011213423,0.37891107599482243,0.39184453647659107,2019,0.0,1.0,0.017820023142222256,1.0
2019-07-09,0.7229092081897646,0.3358084024234078,0.4565124636796421,0.6456725138953453,0.4851255843659176,0.7395944811534544,1.0,0.4526472781506339,0.8418807185584436,0.0,0.482475764354959,0.31747881715805004,0.8792330020230489,0.3896676011213423,0.3078546925851001,0.39184453647659107,2019,0.0,0.0,0.017434531690086835,2.0
2019-07-10,0.880690201299725,0.03489608603198011,0.4657744843585398,0.8649438930116231,0.300245884559214,0.6519823915209773,1.0,0.4526472781506339,0.8157661878983694,0.0,0.482475764354959,0.07675343377599575,0.3527790262172226,0.3896676011213423,0.7508614232209782,0.39184453647659107,2019,1.0,0.0,0.016804323658070896,3.0
2019-07-11,0.0457947274220862,0.8790065435551154,0.3743544740277875,0.6724457498429806,0.552987106728029,0.834240445819909,0.0,0.4526472781506339,0.10501242801162294,0.0,0.482475764354959,0.7658071954009146,0.5625226750513956,0.3896676011213423,0.019047043173299798,0.39184453647659107,2019,0.0,0.0,0.016832946895502993,4.0
2019-07-12,0.8307588030654496,0.4030364801563677,0.29477842727879605,0.5037511073702663,0.5268290620496712,0.8420284641743656,1.0,0.4526472781506339,0.8800716236963255,0.0,0.482475764354959,0.24085739167222664,0.19623931623931598,0.3896676011213423,0.33025641025640695,0.39184453647659107,2019,1.0,0.0,0.01623927223833951,0.0
2019-07-15,0.5599302198139599,0.6647534181786877,0.2242321514160842,0.5548574935520098,0.5243958285137545,0.8722413660023193,0.0,0.4526472781506339,0.611164599404256,1.0,0.482475764354959,0.6003179222151114,0.2078235620371259,0.3896676011213423,0.5905843202505666,0.39184453647659107,2019,0.0,0.0,0.015486935818976992,1.0
2019-07-16,0.30032552776619503,0.769625747895853,0.3222929742878715,0.6926118825783588,0.5878202896901581,0.993931082013125,1.0,0.4526472781506339,0.28544801823063626,1.0,0.482475764354959,0.7156630729314014,0.9823991514468542,0.3896676011213423,0.2584772448539866,0.39184453647659107,2019,0.0,1.0,0.015331240992533818,2.0
2019-07-17,0.8897464566841685,0.0452601571782729,0.33874583609796904,0.6385825000183408,0.3091553067691509,0.6901087743297112,1.0,0.4526472781506339,0.808069775555644,0.0,0.482475764354959,0.08483701113966088,0.9820895522388036,0.3896676011213423,0.5077167354715821,0.39184453647659107,2019,0.0,0.0,0.015773613334588925,3.0
2019-07-18,0.9439409154811856,0.015513564140394943,0.5011793645768093,0.8236377707237648,0.3766131936349768,0.6152812166875457,1.0,0.4526472781506339,0.7123674732990983,0.0,0.482475764354959,0.07143733662703283,0.29279101532858237,0.3896676011213423,1.1006222492032123,0.39184453647659107,2019,1.0,0.0,0.01627362008889362,4.0
2019-07-19,0.049532888694552975,0.7175718576424376,0.35377972420440407,0.5462242736320031,0.42941648902595025,0.7151080518829342,0.0,0.4526472781506339,0.07662785348864261,0.0,0.482475764354959,0.691186111242027,0.21678823388736382,0.3896676011213423,0.11048666746382352,0.39184453647659107,2019,0.0,0.0,0.01676992042158412,0.0
2019-07-22,0.6346426310643114,0.7106250928666027,0.481863158187927,0.8355237031590781,0.4626100229019004,0.9581993760125727,1.0,0.4526472781506339,0.5049210040957129,1.0,0.482475764354959,0.7872840537642464,0.25477958084225605,0.3896676011213423,0.47920635963470865,0.39184453647659107,2019,1.0,0.0,0.015263968070117363,1.0
2019-07-23,0.26859209844807963,0.701149495337097,0.47444862462603465,0.807952120843544,0.47226234091398916,0.8150927987626783,0.0,0.4526472781506339,0.25200076600492044,0.0,0.482475764354959,0.7704552213798886,0.5735718407386016,0.3896676011213423,0.055598927395543424,0.39184453647659107,2019,0.0,0.0,0.014846181445825847,2.0
2019-07-24,0.7806453395273796,0.425945907644936,0.3251282980800578,0.7566535764615612,0.4977545626971073,0.8392621810102956,1.0,0.4526472781506339,0.7648566781792401,1.0,0.482475764354959,0.37770520957722425,0.39160508823430046,0.3896676011213423,0.6821203225697642,0.39184453647659107,2019,1.0,0.0,0.01485105350929235,3.0
2019-07-25,0.16219326496803863,0.6678226851624863,0.37154724138093903,0.7135359595606064,0.5354567917220294,0.6031775205813188,0.0,0.4526472781506339,0.11508397034683063,0.0,0.482475764354959,0.7380559290139862,0.5322626492325215,0.3896676011213423,0.034323479249565074,0.39184453647659107,2019,0.0,0.0,0.014216108693829329,4.0
2019-07-26,0.5518991328239533,0.675939588792849,0.5333183815802828,0.938088660749948,0.4200027196409317,0.8714767377057934,1.0,0.4526472781506339,0.5560245224221894,0.0,0.482475764354959,0.6205106281185362,0.4923099140732195,0.3896676011213423,0.1829734998916837,0.39184453647659107,2019,0.0,0.0,0.013948803690404826,0.0
2019-07-29,0.8517076073209667,0.26058063884956134,0.30479841692093573,0.8114756298642571,0.41550763766138876,0.746846812359187,1.0,0.4526472781506339,0.8664992339727766,0.0,0.482475764354959,0.2229307438044916,0.333152232967508,0.3896676011213423,0.2215944076207098,0.39184453647659107,2019,0.0,0.0,0.013823285845463959,1.0
2019-07-30,0.7869325757804531,0.4055190843522281,0.6605945362767678,1.0817953287379778,0.37372777987143074,0.7553991657543863,1.0,0.4526472781506339,0.8164180559093475,1.0,0.482475764354959,0.3420239039298821,0.20665607686644977,0.3896676011213423,1.0972841036767302,0.39184453647659107,2019,1.0,0.0,0.012886569629214655,2.0
2019-07-31,0.05572182878985532,0.8777809543661925,0.4485787986090745,0.7030603671214705,0.4214481668301319,0.7094323687924687,1.0,0.4526472781506339,0.06691781872100709,1.0,0.482475764354959,0.7516416609995964,1.8282520325203335,0.3896676011213423,0.6621325828642867,0.39184453647659107,2019,0.0,1.0,0.01293718104569476,3.0
2019-08-01,0.9594458653711114,0.001368865359392633,0.5470946347714204,0.9169104909100585,0.38201006563814166,0.7120101714602319,1.0,0.4526472781506339,0.44929971549976894,0.0,0.482475764354959,0.019483414205885084,0.23559681513159828,0.3896676011213423,0.6620075797086411,0.39184453647659107,2019,1.0,0.0,0.01422793386516382,4.0
2019-08-02,0.344333329953178,0.34162206566245945,0.4372748296389119,0.7712546488072255,0.2796541717405616,0.6914611929606689,1.0,0.4526472781506339,0.5478617791199552,0.0,0.482475764354959,0.4347249152122397,1.3702330328287133,0.3896676011213423,0.20051029086579553,0.39184453647659107,2019,0.0,0.0,0.014571341326792608,0.0
2019-08-05,0.561982052714664,0.06495101917468543,0.5047973598760859,0.7110126667678996,0.31952233648489076,0.6137691647414273,1.0,0.4526472781506339,0.588790642941714,0.0,0.482475764354959,0.09033539606873467,0.5039909516884745,0.3896676011213423,0.3320730328001363,0.39184453647659107,2019,0.0,0.0,0.01510147193600429,1.0
2019-08-06,0.8595769373256721,0.1401873174756703,0.48269351855854903,1.0206770215215495,0.2868109134989388,0.781013283190712,1.0,0.4526472781506339,0.8704133408426561,0.0,0.482475764354959,0.14233581032420528,1.6738271522958947,0.3896676011213423,0.09947209402702034,0.39184453647659107,2019,0.0,0.0,0.014592199406215341,2.0
2019-08-07,0.4737998617711266,0.058362847045401914,0.47122778879014415,0.9208452016790761,0.4193729574190935,0.6714644541120032,0.0,0.4526472781506339,0.43484520839745733,0.0,0.482475764354959,0.07501268004450233,0.3881895170519585,0.3896676011213423,0.5044632639047837,0.39184453647659107,2019,0.0,0.0,0.01455372787293717,3.0
2019-08-08,0.7173535677190779,0.29123218659559585,0.5752738858742735,1.0743708644780992,0.3753214083647661,0.5548459973340523,0.0,0.4526472781506339,0.5193844011222646,0.0,0.482475764354959,0.4158919299976,0.3766322554180579,0.3896676011213423,0.29814726191290214,0.39184453647659107,2019,0.0,0.0,0.013921566387987855,4.0
2019-08-09,0.36506615426108563,0.7321712639788146,0.4438524674508195,0.8464861704604899,0.33327389613345,0.8382192046425039,1.0,0.4526472781506339,0.25713628459970245,1.0,0.482475764354959,0.8075539125459159,1.0785088012850554,0.3896676011213423,0.45351716752560445,0.39184453647659107,2019,0.0,1.0,0.014257754162766064,0.0
2019-08-12,0.6361412281181709,0.11550195629324225,0.46104290848666984,1.0274845316095753,0.4217192888983672,0.6056914147839232,1.0,0.4526472781506339,0.487525693428339,1.0,0.482475764354959,0.1453248855016492,1.0705412599822595,0.3896676011213423,1.3779946761313209,0.39184453647659107,2019,1.0,1.0,0.014918951834422127,1.0
2019-08-13,0.021627721894124395,0.2353453992490129,0.4292051133821794,0.6961449276219139,0.49434349528865806,0.6199240208201551,0.0,0.4526472781506339,0.05987928568430533,0.0,0.482475764354959,0.22355890424054609,0.8991077172666518,0.3896676011213423,0.27294341417023427,0.39184453647659107,2019,0.0,0.0,0.017012150380347722,2.0
2019-08-14,0.5654667530458477,0.17285072718773709,0.315603418119566,0.8273770578116361,0.5228026971742008,0.8048615124573215,1.0,0.4526472781506339,0.6336312913061651,0.0,0.482475764354959,0.1908543169420374,0.4068986317896465,0.3896676011213423,0.3278221052342945,0.39184453647659107,2019,1.0,0.0,0.01717988214179726,3.0
2019-08-15,0.6723960560850326,0.2737465887080757,0.4882226457781098,0.9317244226464855,0.4192958798458063,0.8186034900088333,1.0,0.4526472781506339,0.8014518738688252,1.0,0.482475764354959,0.28359104454744405,0.18493261021317997,0.3896676011213423,0.7303334586264321,0.39184453647659107,2019,1.0,1.0,0.017467769091156375,4.0
2019-08-16,0.24616599505688086,0.44594352370688634,0.46319450294634523,0.7847305363113417,0.33555484013576287,0.7373798069892732,0.0,0.4526472781506339,0.3410229303472357,1.0,0.482475764354959,0.6182674458027977,0.004016168992050545,0.3896676011213423,0.7159733994001783,0.39184453647659107,2019,0.0,0.0,0.018105147253938574,0.0
2019-08-19,0.2304441036118719,0.7200374806706868,0.37270364368345993,0.793993037147786,0.2676399710860026,0.6633974219726125,0.0,0.4526472781506339,0.20839781395650364,1.0,0.482475764354959,0.8348401881706758,0.4533054585319852,0.3896676011213423,0.10458149555107382,0.39184453647659107,2019,0.0,1.0,0.01872931194859719,1.0
2019-08-20,0.8313545116848646,0.24394294375007258,0.3746681241699805,0.6915065834612238,0.41304067499469904,0.7549605658348332,0.0,0.4526472781506339,0.8952238905840677,0.0,0.482475764354959,0.2338144028485467,0.02990985357719531,0.3896676011213423,0.39429941118232287,0.39184453647659107,2019,0.0,0.0,0.01818934893295978,2.0
2019-08-21,0.7162108886881723,0.5733227653514795,0.48936546169609063,0.9210262047436368,0.36060117279624304,0.8505251298948605,0.0,0.4526472781506339,0.6538042686311512,1.0,0.482475764354959,0.6251408478483739,0.08401440246899103,0.3896676011213423,0.40046865176887425,0.39184453647659107,2019,0.0,1.0,0.01663674708188965,3.0
2019-08-22,0.659586411335675,0.5185977038401819,0.4311263814001047,0.745769257057636,0.32643307307354563,0.8435253737534956,1.0,0.4526472781506339,0.589285727252801,0.0,0.482475764354959,0.6613223571244176,1.3131748202904467,0.3896676011213423,0.18334739966822858,0.39184453647659107,2019,0.0,0.0,0.016384554716430518,4.0
2019-08-23,0.6625919496208262,0.03838441030677182,0.47278608785463716,0.6478544696033808,0.35046804704354945,0.6526169733759775,1.0,0.4526472781506339,0.6606422559861105,0.0,0.482475764354959,0.0717963857551844,1.1756678949792756,0.3896676011213423,0.041916167664669206,0.39184453647659107,2019,1.0,0.0,0.016259340601730406,0.0
2019-08-26,0.050910170626320514,0.7550807430143586,0.43991852074708093,0.7485156268455864,0.44586856803924196,0.7971089652163666,0.0,0.4526472781506339,0.09877758323084286,0.0,0.482475764354959,0.7212598753875625,0.6787713386616202,0.3896676011213423,0.062769779163994,0.39184453647659107,2019,0.0,0.0,0.016794535052962016,1.0
2019-08-27,0.8013731700400597,0.2721840444826632,0.3917085715631234,0.8448401270423803,0.6216512444934886,0.9106387379733689,1.0,0.4526472781506339,0.8478258396084192,0.0,0.482475764354959,0.19070517663157135,0.17996234851158507,0.3896676011213423,0.44022826214849026,0.39184453647659107,2019,1.0,0.0,0.01574294123857808,2.0
2019-08-28,0.6160492669471425,0.5375615912177689,0.5172725489546159,0.9376832028483941,0.5553509292678578,0.8521733037640903,1.0,0.4526472781506339,0.5582363371368845,1.0,0.482475764354959,0.597971737413452,0.4710896518836418,0.3896676011213423,0.813245112064855,0.39184453647659107,2019,1.0,0.0,0.015572162809672637,3.0
2019-08-29,0.11449785946262885,0.6455734986020196,0.558558968768286,0.6163377050301111,0.4494170148429394,0.7471275733089582,0.0,0.4526472781506339,0.152799744218623,1.0,0.482475764354959,0.617244737477695,0.2269733106189679,0.3896676011213423,0.414196479273134,0.39184453647659107,2019,0.0,1.0,0.016471105416009994,4.0
2019-08-30,0.3111580662404162,0.7299021861956554,0.4148969338294078,0.7593561185758823,0.4004916824713246,0.7382578973640487,1.0,0.4526472781506339,0.25422058241719686,0.0,0.482475764354959,0.807800134526023,0.5927360486249756,0.3896676011213423,0.020022048088669836,0.39184453647659107,2019,1.0,0.0,0.015775096188464524,0.0
2019-09-02,0.6332823988091342,0.4301543568536433,0.45665937260498435,0.8139528428259868,0.4136629257356614,0.7914385400099097,1.0,0.4526472781506339,0.75067053812759,0.0,0.482475764354959,0.34401066073122816,0.9577474333344658,0.3896676011213423,0.3738013756649666,0.39184453647659107,2019,0.0,0.0,0.013782838910822742,1.0
2019-09-03,0.7598562129383443,0.06824616121778328,0.4946756371841869,0.7508280013908812,0.3877224503923904,0.5851894311495855,1.0,0.4526472781506339,0.7279406832705507,0.0,0.482475764354959,0.0832389350845066,0.4520748798035953,0.3896676011213423,0.6559143451427017,0.39184453647659107,2019,0.0,0.0,0.013536579736902837,2.0
2019-09-04,0.8016901918361078,0.12377604460297109,0.5429644452795132,0.7272154367071416,0.41264105493960856,0.6413465491405848,0.0,0.4526472781506339,0.689066390663123,1.0,0.482475764354959,0.1909483923883709,0.02495459743054961,0.3896676011213423,2.1757583910674674,0.39184453647659107,2019,0.0,0.0,0.013680944221648408,3.0
2019-09-05,0.04795709118775358,0.4059224997370532,0.35186749750542246,0.6454363760573448,0.36971078677933594,0.5851980576290293,0.0,0.4526472781506339,0.03728892133530424,1.0,0.482475764354959,0.4217560688459503,0.3901416820442187,0.3896676011213423,0.7202952491164445,0.39184453647659107,2019,0.0,0.0,0.015035589196835335,4.0
2019-09-06,0.100621191317174,0.7469869020016023,0.4761012568377254,0.7769933710392126,0.4098157142612037,0.7076780493737893,0.0,0.4526472781506339,0.12444497559193214,1.0,0.482475764354959,0.7440580723091321,0.4036020530473051,0.3896676011213423,0.36616774748747577,0.39184453647659107,2019,0.0,0.0,0.015431568862729832,0.0
2019-09-09,0.1323910291951943,0.7745919683867242,0.3568809879111759,0.6343357404062995,0.3531136309601283,0.6764539667331292,0.0,0.4526472781506339,0.16606035069276753,1.0,0.482475764354959,0.8380786888403815,0.0884534383298303,0.3896676011213423,0.6149009553459643,0.39184453647659107,2019,0.0,0.0,0.015613503013759206,1.0
2019-09-10,0.1855713470390278,0.8178277502319403,0.29228146792664306,0.6297974035684024,0.3505099576419658,0.7908437687881856,0.0,0.4526472781506339,0.15940749626862144,0.0,0.482475764354959,0.8731455841995449,0.5491186909703407,0.3896676011213423,0.011369788846777794,0.39184453647659107,2019,0.0,0.0,0.0159892962228017,2.0
2019-09-11,0.8180541316168942,0.35396887646189545,0.3627870365545746,0.5546749325463356,0.3855441891246288,0.742409579177747,1.0,0.4526472781506339,0.8865407020434225,0.0,0.482475764354959,0.25193109488731924,1.1521908529640965,0.3896676011213423,0.3155307798357601,0.39184453647659107,2019,0.0,0.0,0.015923816141631575,3.0
2019-09-12,0.06101861941163366,0.4937618188234783,0.3012101041462094,0.4704982879021824,0.4311354348865286,0.6210224910326261,0.0,0.4526472781506339,0.1274204783954222,1.0,0.482475764354959,0.46687390331173906,0.426862703744996,0.3896676011213423,0.5555120363954018,0.39184453647659107,2019,0.0,0.0,0.015817681337890573,4.0
2019-09-13,0.101746396522234,0.7633244489924084,0.332926144654438,0.4951051539411533,0.3786654615560524,0.6744164255571049,1.0,0.4526472781506339,0.12798366852352244,0.0,0.482475764354959,0.7805049419046471,1.032585618019017,0.3896676011213423,0.0,0.39184453647659107,2019,1.0,0.0,0.015599260428306476,0.0
2019-09-16,0.15518795451598452,0.8354922939438221,0.24916068315023096,0.5010011006628486,0.40211312533739607,0.8853201612458553,0.0,0.4526472781506339,0.25582444498898027,1.0,0.482475764354959,0.7786226235315742,0.37976601806389226,0.3896676011213423,0.19900587985693632,0.39184453647659107,2019,0.0,1.0,0.01573156497459606,1.0
2019-09-17,0.477766022900378,0.5641223830610077,0.35234150342730874,0.5568952937857812,0.3839606944512339,0.7071861423418435,1.0,0.4526472781506339,0.6752752785515181,1.0,0.482475764354959,0.5128142439216836,0.443199805186893,0.3896676011213423,0.7717642761475764,0.39184453647659107,2019,1.0,1.0,0.01563130448022534,2.0
2019-09-18,0.10065605025447123,0.7302865844807459,0.3878360357153926,0.7846539902919245,0.4668027279661612,0.8878127857166832,0.0,0.4526472781506339,0.23271655270168323,0.0,0.482475764354959,0.5008703127122145,0.4548659003831379,0.3896676011213423,0.21327203065134218,0.39184453647659107,2019,0.0,0.0,0.015599046414155757,3.0
2019-09-19,0.7094909105816193,0.37499108821926436,0.4593343506225177,0.8629274211686728,0.4024623156052946,0.7747861144139556,1.0,0.4526472781506339,0.6963596566727307,0.0,0.482475764354959,0.427766560726983,0.7849181737234789,0.3896676011213423,0.03696766864195584,0.39184453647659107,2019,0.0,0.0,0.01552177547493707,4.0
2019-09-20,0.9081115271331632,0.10199724906595282,0.4211128139349194,0.7596916630704721,0.3086781850491761,0.6778108883236156,1.0,0.4526472781506339,0.8797595390430577,0.0,0.482475764354959,0.14466082042540124,0.44614079728583483,0.3896676011213423,0.23876166242577965,0.39184453647659107,2019,0.0,0.0,0.015551320015564505,0.0
2019-09-23,0.6979541506080638,0.3103104814000184,0.4817703995191825,0.7718852955052008,0.2630252800076499,0.6163826558944786,1.0,0.4526472781506339,0.7403454088079876,0.0,0.482475764354959,0.3540486741927075,0.6032055311125102,0.3896676011213423,0.2851037083595235,0.39184453647659107,2019,0.0,0.0,0.014933456480378584,1.0
2019-09-24,0.6896312700409825,0.24736050979513624,0.40009374472558623,0.6745512489804106,0.4243855128125036,0.6727979856183931,0.0,0.4526472781506339,0.775230089518648,1.0,0.482475764354959,0.21132486486080385,0.13414556761215748,0.3896676011213423,1.407195888063958,0.39184453647659107,2019,0.0,0.0,0.014694309137158057,2.0
2019-09-25,0.03846527837554311,0.7610674612141006,0.4146369784834665,0.6490620378565829,0.2525194050176181,0.5267309093915691,0.0,0.4526472781506339,0.03978329485398474,1.0,0.482475764354959,0.6979715919956353,0.4064128785379679,0.3896676011213423,0.14871016691957667,0.39184453647659107,2019,0.0,1.0,0.014401730069942002,3.0
2019-09-26,0.5238534468996944,0.6696479324106286,0.5667201328249879,0.7848484039912241,0.42380655277845186,0.7085963507126569,0.0,0.4526472781506339,0.45713251369028657,1.0,0.482475764354959,0.7004914189971656,0.14251207729467746,0.3896676011213423,0.8502415458937279,0.39184453647659107,2019,0.0,0.0,0.013759546932019837,4.0
2019-09-27,0.346557389326662,0.4381024330899496,0.45521599578592953,0.6853622063063611,0.3424799494405855,0.5710535398141995,0.0,0.4526472781506339,0.40322474046757945,1.0,0.482475764354959,0.49658518611864255,0.17616084250838066,0.3896676011213423,1.549066539013881,0.39184453647659107,2019,0.0,0.0,0.013956533648674802,0.0
2019-09-30,0.060088942988828976,0.6172905952889527,0.4075425142822763,0.7054700053452071,0.42410333932916505,0.6763134903714371,0.0,0.4526472781506339,0.06643144453044544,1.0,0.482475764354959,0.5724970555734272,0.6649147545186501,0.3896676011213423,0.599410332008724,0.39184453647659107,2019,0.0,1.0,0.015137476265830424,1.0
2019-10-01,0.5186429921835066,0.10790615805132317,0.43030541909360026,0.670087147726548,0.36483025412503395,0.5958425421871079,1.0,0.4526472781506339,0.5599943735512442,0.0,0.482475764354959,0.2159171082445111,1.1173105747759307,0.3896676011213423,0.19357009574500583,0.39184453647659107,2019,0.0,0.0,0.01578839084079179,2.0
2019-10-02,0.6111055309435748,0.07971650287612833,0.2961317044702937,0.5298271786726345,0.33599715048615014,0.6277636952234218,1.0,0.4526472781506339,0.6550314442102735,0.0,0.482475764354959,0.1112656833791102,0.8585601785825021,0.3896676011213423,0.17405593104731196,0.39184453647659107,2019,1.0,0.0,0.015361505459921172,3.0
2019-10-03,0.2822407246712184,0.3875524659731613,0.3771679042032232,0.7612164507962215,0.21358500428204968,0.5467984013320364,0.0,0.4526472781506339,0.32498874012261836,0.0,0.482475764354959,0.5125756782023051,0.41344725111441244,0.3896676011213423,0.3948117880138747,0.39184453647659107,2019,0.0,0.0,0.015332871980201649,4.0
2019-10-04,0.4132125993935393,0.4417276073775245,0.33678770342965125,0.6328247463514998,0.189556923629845,0.5661670948326407,0.0,0.4526472781506339,0.46498234319635295,1.0,0.482475764354959,0.5405232215881656,0.3776281002140329,0.3896676011213423,0.7239707918922265,0.39184453647659107,2019,0.0,0.0,0.01508557450247324,0.0
2019-10-07,0.21324924634431935,0.6298397146799896,0.31948607775639926,0.7775518526433762,0.1850335349525409,0.7333122258843238,0.0,0.4526472781506339,0.16429657153257815,1.0,0.482475764354959,0.7007192571613193,0.705785827154489,0.3896676011213423,0.2731250759693727,0.39184453647659107,2019,0.0,1.0,0.01574236633005006,1.0
2019-10-08,0.8405331934103967,0.11098699284928712,0.38179198307587225,0.8127755994241314,0.29499505192940323,0.6992779799095062,1.0,0.4526472781506339,0.7441813592436738,0.0,0.482475764354959,0.18868962041068058,0.3006984362445169,0.3896676011213423,0.24445268558007727,0.39184453647659107,2019,1.0,0.0,0.015352585666175417,2.0
2019-10-09,0.627715859627456,0.5470125827583942,0.48707907243149856,0.9062047720778728,0.3386886834890231,0.6457278849790605,1.0,0.4526472781506339,0.5746609899731858,1.0,0.482475764354959,0.6300010133118782,0.4995477371261063,0.3896676011213423,0.6340413586600542,0.39184453647659107,2019,1.0,0.0,0.01521076163401941,3.0
2019-10-10,0.12065133894116181,0.7188775020361363,0.47278584793540923,0.6298940722837514,0.43185051569925925,0.5890038763610513,0.0,0.4526472781506339,0.10325417616972711,1.0,0.482475764354959,0.7669626389072708,0.41514735074057285,0.3896676011213423,0.8337150710032071,0.39184453647659107,2019,0.0,0.0,0.015661244577512272,4.0
2019-10-11,0.29046602467689364,0.30664633310452943,0.2653854888808848,0.5962176828525959,0.3694154822771678,0.5819714488215262,0.0,0.4526472781506339,0.34572651613300176,0.0,0.482475764354959,0.39317687750637553,0.3433085665619181,0.3896676011213423,0.24422190244045922,0.39184453647659107,2019,0.0,0.0,0.016337511071277434,0.0
2019-10-14,0.7198940292901971,0.4400120569963771,0.46339283598828584,0.7379287011354372,0.40765258293808665,0.6732050345140581,1.0,0.4526472781506339,0.7818257112473564,1.0,0.482475764354959,0.3837684093203641,0.22216909237619692,0.3896676011213423,0.6648336869788658,0.39184453647659107,2019,1.0,0.0,0.0160080870477109,1.0
2019-10-15,0.15760407195849693,0.7152310914540534,0.26389679350825973,0.46561689814461354,0.4422929348105353,0.6625963696846202,0.0,0.4526472781506339,0.18062826991836686,1.0,0.482475764354959,0.7590277113723196,0.45865902650182117,0.3896676011213423,0.17395907944318192,0.39184453647659107,2019,0.0,1.0,0.015487331747510814,2.0
2019-10-16,0.6990764244540233,0.309405179296348,0.24687157598705162,0.46724372402721026,0.3809738875914361,0.6947565841672811,1.0,0.4526472781506339,0.8736565261491969,0.0,0.482475764354959,0.2388048846828493,0.32360939431396873,0.3896676011213423,0.28034610630407014,0.39184453647659107,2019,0.0,0.0,0.015514297028791578,3.0
2019-10-17,0.5404464076888535,0.49352132556733236,0.3666003213482574,0.5254869806379837,0.3728292819651569,0.7574080913537621,0.0,0.4526472781506339,0.6834002183199328,0.0,0.482475764354959,0.4822787653664254,0.09936595060092748,0.3896676011213423,0.3064887542979743,0.39184453647659107,2019,0.0,0.0,0.015178996379181384,4.0
2019-10-18,0.6667354355520163,0.6018388847142644,0.48484359119131865,0.7696754262870731,0.2387016087193798,0.6288835080305121,1.0,0.4526472781506339,0.6760698882154124,1.0,0.482475764354959,0.6155418607665588,0.2658533223049349,0.3896676011213423,0.38792390405293475,0.39184453647659107,2019,1.0,0.0,0.01391286335703928,0.0
2019-10-21,0.3283297772526388,0.7132916878256665,0.3772575447666065,0.701896352155318,0.2673791065853134,0.807447882759932,0.0,0.4526472781506339,0.26968462031653173,1.0,0.482475764354959,0.7884080827555335,0.2357638006750679,0.3896676011213423,0.1783471854244544,0.39184453647659107,2019,0.0,1.0,0.013259167078113242,1.0
2019-10-22,0.8686792179883965,0.3829822865731825,0.4795512017669022,0.7993612742817531,0.3486189135338797,0.7489560516801296,1.0,0.4526472781506339,0.8730300053320359,0.0,0.482475764354959,0.34808594889423133,0.47686410874461016,0.3896676011213423,0.007191686094762431,0.39184453647659107,2019,0.0,0.0,0.01215222088835534,2.0
2019-10-23,0.6472064329172255,0.5976387676367859,0.5054493919053284,0.9126573914657441,0.36014126592570983,0.7611929030713319,1.0,0.4526472781506339,0.6540101106679407,0.0,0.482475764354959,0.5741595989312511,0.7134394824181891,0.3896676011213423,0.22938285090113894,0.39184453647659107,2019,0.0,0.0,0.011396683887215776,3.0
2019-10-24,0.910079332221905,0.12438333670236552,0.46143291306960627,0.8690996598626949,0.22460266954677607,0.6070577320051109,1.0,0.4526472781506339,0.8586403203542742,0.0,0.482475764354959,0.1186382638111667,0.8528099910794025,0.3896676011213423,0.17900683913172719,0.39184453647659107,2019,0.0,0.0,0.011183160415003985,4.0
2019-10-25,0.24990626941088612,0.6545456829945633,0.38196934905796726,0.6437659170337464,0.4389344685006197,0.606011459495415,0.0,0.4526472781506339,0.1804596398451658,1.0,0.482475764354959,0.6590456471878108,0.2421847558833894,0.3896676011213423,0.8753073410607664,0.39184453647659107,2019,0.0,0.0,0.010815359177622424,0.0
2019-10-28,0.16160448437360922,0.7869028898464553,0.2817637964154966,0.7676806636005931,0.4275126518999524,0.726584099257091,0.0,0.4526472781506339,0.10793543673655462,1.0,0.482475764354959,0.7497510121931675,0.147579957834292,0.3896676011213423,0.5538958417440554,0.39184453647659107,2019,0.0,0.0,0.010669917466443822,1.0
2019-10-29,0.43462802935093586,0.7215492860007986,0.3096454063450447,0.7675963601871264,0.34334120551422587,0.7194586811156599,1.0,0.4526472781506339,0.4063147023853529,1.0,0.482475764354959,0.676414650077566,0.5618961625282086,0.3896676011213423,0.4139954853273253,0.39184453647659107,2019,0.0,1.0,0.010635253536761965,2.0
2019-10-30,0.7261993153791977,0.3308581834654157,0.3965170291880407,0.6760749891558971,0.4325834492123489,0.8259617590795681,1.0,0.4526472781506339,0.8190027382946609,0.0,0.482475764354959,0.12776853270120256,1.233576642335776,0.3896676011213423,0.13934970139349095,0.39184453647659107,2019,0.0,0.0,0.010076088846097273,3.0
2019-10-31,0.7317534686673828,0.07527152741354172,0.29534206546933406,0.5831757509570068,0.5372647108782109,0.6966233220506052,1.0,0.4526472781506339,0.707037696081982,0.0,0.482475764354959,0.06828566959746225,0.23303368566629687,0.3896676011213423,0.6396325200039513,0.39184453647659107,2019,1.0,0.0,0.009561338304007677,4.0
2019-11-01,0.7458362233439203,0.20746027993016244,0.4360190202341373,0.6579121089805176,0.39614918023109913,0.5810940801804413,0.0,0.4526472781506339,0.774032225609374,0.0,0.482475764354959,0.23074218628408574,0.07181632551421695,0.3896676011213423,0.6547138801733224,0.39184453647659107,2019,0.0,0.0,0.009474578270614603,0.0
2019-11-04,0.6774527454420397,0.5700681118260597,0.3493652159425099,0.8145299564433305,0.5980755739991356,0.6949313803096974,0.0,0.4526472781506339,0.4988212702691349,1.0,0.482475764354959,0.5607703904628053,0.010315246565960818,0.3896676011213423,2.2081995684437654,0.39184453647659107,2019,0.0,0.0,0.008991389541387564,1.0
2019-11-05,0.027270641884463157,0.7584618265301369,0.3477502396877356,0.6555042880175873,0.4137425780688962,0.6927257056586359,0.0,0.4526472781506339,0.020298625224885937,0.0,0.482475764354959,0.5662615475573443,0.7312873887456838,0.3896676011213423,0.08170808812801239,0.39184453647659107,2019,0.0,0.0,0.009900451373139307,2.0
2019-11-06,0.6638069739185719,0.5380885811771868,0.3744718405611017,0.6513024160783042,0.5293757014709914,0.7956496937519665,0.0,0.4526472781506339,0.6976152536586726,1.0,0.482475764354959,0.3179480213101955,0.12446583820424566,0.3896676011213423,2.0485289061348726,0.39184453647659107,2019,0.0,0.0,0.009757469911392471,3.0
2019-11-07,0.07843570652462066,0.47047246556693884,0.3720112975052408,0.6356919175914125,0.3667657166517235,0.5854204792421599,0.0,0.4526472781506339,0.04052407033354934,1.0,0.482475764354959,0.4599007567983701,0.27628318584070966,0.3896676011213423,0.7644247787610695,0.39184453647659107,2019,0.0,0.0,0.010993126863602556,4.0
2019-11-08,0.125209437794728,0.8207523734211496,0.3123833847565482,0.48776778628663914,0.4435397006677039,0.7970770421061547,0.0,0.4526472781506339,0.14904283307271937,1.0,0.482475764354959,0.7450789547560586,0.4549618320610701,0.3896676011213423,0.6589312977099194,0.39184453647659107,2019,0.0,0.0,0.01122390228522081,0.0
2019-11-11,0.21139088096254854,0.573512592760116,0.31795399532663293,0.48407548180738197,0.502657045196557,0.8297538143249331,0.0,0.4526472781506339,0.32246874967377376,1.0,0.482475764354959,0.5068936072643417,0.2638088075541059,0.3896676011213423,0.5983955878666327,0.39184453647659107,2019,0.0,1.0,0.011743013755625236,1.0
2019-11-12,0.6452038826523313,0.36353726139969406,0.44472712953866106,0.6932192091451621,0.47857345428761217,0.8641395250304363,1.0,0.4526472781506339,0.6943889843747467,0.0,0.482475764354959,0.3253313743839082,0.6214486609872458,0.3896676011213423,0.047935433905347186,0.39184453647659107,2019,0.0,0.0,0.01203442808873683,2.0
2019-11-13,0.7115443048346183,0.36970609816326405,0.4448437935174837,0.7423818984758668,0.4594302386150748,0.7111343652394865,1.0,0.4526472781506339,0.7427687325358743,0.0,0.482475764354959,0.3639301858134873,0.6546073102933216,0.3896676011213423,0.12836576359789414,0.39184453647659107,2019,0.0,0.0,0.011765481153166555,3.0
2019-11-14,0.7001919081051244,0.33708568747540746,0.3781662706276357,0.5834882739179171,0.4049133315349621,0.6951036671108197,0.0,0.4526472781506339,0.7549403556169171,0.0,0.482475764354959,0.28078084029941447,0.004722550177091326,0.3896676011213423,0.5177095631641064,0.39184453647659107,2019,0.0,0.0,0.011514723075668205,4.0
2019-11-15,0.7686420158869838,0.4842194739850508,0.571914871425783,0.935271567154121,0.35080986491921345,0.6468206489704602,1.0,0.4526472781506339,0.6909063816258374,1.0,0.482475764354959,0.5376403460767338,0.3816003160250941,0.3896676011213423,0.6968353596980283,0.39184453647659107,2019,1.0,1.0,0.011088107210506149,0.0
2019-11-18,0.7497968194037925,0.10913309919013296,0.38530629720541437,0.635513509535639,0.3183576667012582,0.5465980975093883,1.0,0.4526472781506339,0.7369185044611689,0.0,0.482475764354959,0.17929052157410064,0.24328593996840034,0.3896676011213423,0.3849536740532029,0.39184453647659107,2019,1.0,0.0,0.01137133845911835,1.0
2019-11-19,0.7214979735817877,0.3679625614427845,0.5230478098904112,0.8621189082357456,0.24459232318933627,0.5405276395694254,1.0,0.4526472781506339,0.7706713127566089,0.0,0.482475764354959,0.37233927020407753,0.3907885554780234,0.3896676011213423,0.3950628053035464,0.39184453647659107,2019,1.0,0.0,0.01112298053963533,2.0
2019-11-20,0.49355550895381495,0.5550086293630508,0.511661775717332,0.971582388864458,0.35412689746610226,0.6487121810644099,0.0,0.4526472781506339,0.43820157787696085,1.0,0.482475764354959,0.5706903288070087,0.2623498600198595,0.3896676011213423,0.57653752370632,0.39184453647659107,2019,0.0,0.0,0.010750328878705652,3.0
2019-11-21,0.35284273165362195,0.6906303969091097,0.5575968869505478,0.8798289309104181,0.2125992575807575,0.6859310616648535,0.0,0.4526472781506339,0.18744635510735808,1.0,0.482475764354959,0.7924759684512351,0.5597226599432779,0.3896676011213423,0.19224708477780983,0.39184453647659107,2019,0.0,0.0,0.010834380463286719,4.0
2019-11-22,0.23067103326577343,0.7595962271241335,0.45912389423217964,0.6692890503009741,0.31965790549634715,0.7103387501242613,0.0,0.4526472781506339,0.1593485504956533,1.0,0.482475764354959,0.8469197462702328,0.0181558000178852,0.3896676011213423,0.4864502280654668,0.39184453647659107,2019,0.0,0.0,0.010926916412656505,0.0
2019-11-25,0.40943862393897734,0.7845809654288618,0.4736457272574402,0.8680298623585736,0.3527280327395559,0.7285940464849181,1.0,0.4526472781506339,0.24809186248124426,1.0,0.482475764354959,0.8585973337980943,0.5466091184204076,0.3896676011213423,0.34935754328520896,0.39184453647659107,2019,1.0,1.0,0.009895298444596743,1.0
2019-11-26,0.7815338978747864,0.17239479446571426,0.5048820674703169,0.837732543157722,0.35505487217136544,0.5782418452897979,0.0,0.4526472781506339,0.8087298775124103,0.0,0.482475764354959,0.1860427182368341,0.034562780822594154,0.3896676011213423,0.6048486643953976,0.39184453647659107,2019,0.0,0.0,0.009900104412299543,2.0
2019-11-27,0.4969871323869254,0.735083243494658,0.5578192321268365,1.0008560969929912,0.19854068654132787,0.6645041218610976,0.0,0.4526472781506339,0.24329830709503472,0.0,0.482475764354959,0.8015300641313706,0.3123543123543108,0.3896676011213423,0.010878010878018648,0.39184453647659107,2019,0.0,0.0,0.008849922640536361,3.0
2019-11-28,0.7705654914038624,0.7778610043159357,0.6814081895634848,1.0560822167551724,0.362821411355565,0.7902681564758482,1.0,0.4526472781506339,0.5875134005277207,1.0,0.482475764354959,0.7371668943504377,0.909156022442392,0.3896676011213423,0.2264533842664469,0.39184453647659107,2019,0.0,1.0,0.008221054811284738,4.0
2019-11-29,0.6327818165790776,0.18585248408338498,0.482856588453187,0.793643518494761,0.22953222036375479,0.5335223830978941,0.0,0.4526472781506339,0.6192703374636761,0.0,0.482475764354959,0.18987901285379552,0.1985388912763169,0.3896676011213423,0.7752470992694447,0.39184453647659107,2019,0.0,0.0,0.007953217173754036,0.0
2019-12-02,0.7328616923944632,0.26979778323777287,0.5393735224059862,0.8439870645067824,0.3336324106428671,0.7956680264844005,1.0,0.4526472781506339,0.655082193251564,0.0,0.482475764354959,0.271096249741469,1.709179834462006,0.3896676011213423,0.21770754953599383,0.39184453647659107,2019,0.0,0.0,0.007790182845575784,1.0
2019-12-03,0.5797998570927867,0.09384332029841017,0.326364889755486,0.6753116741906524,0.46443360671031614,0.7322870795219225,1.0,0.4526472781506339,0.4456588471555727,0.0,0.482475764354959,0.06114668518153266,0.5618149675898606,0.3896676011213423,0.4826163818503359,0.39184453647659107,2019,1.0,0.0,0.008205567600918317,2.0
2019-12-04,0.2841119713133493,0.633573796799008,0.45469129645450307,0.6958519983406632,0.4063387242305231,0.6011480144096436,0.0,0.4526472781506339,0.1960246275621238,0.0,0.482475764354959,0.6598238277411383,0.48578872572239845,0.3896676011213423,0.13595452392232008,0.39184453647659107,2019,0.0,0.0,0.008181258871346695,3.0
2019-12-05,0.651516736569053,0.6779154472226228,0.4410440422307097,0.8750444594270278,0.4130246044932845,0.7812101021173045,0.0,0.4526472781506339,0.4942307839896691,1.0,0.482475764354959,0.6413698995700364,0.31839073598757983,0.3896676011213423,1.4306691338864592,0.39184453647659107,2019,0.0,0.0,0.008108435134454918,4.0
2019-12-06,0.02973144512017756,0.8404650967346099,0.4693935392707853,0.7520666232906741,0.22759481324617956,0.5458467251276045,0.0,0.4526472781506339,0.027064239508562418,1.0,0.482475764354959,0.7056252433214316,0.48657187993679507,0.3896676011213423,0.08928675911299544,0.39184453647659107,2019,0.0,1.0,0.008364811702416102,0.0
2019-12-09,0.6075330630687494,0.7020128705291169,0.433577465076923,0.8341018311869912,0.5081276797189097,0.8124382147174019,1.0,0.4526472781506339,0.5600960115245713,0.0,0.482475764354959,0.6108781204831382,0.6413426506599841,0.3896676011213423,0.12709789165621316,0.39184453647659107,2019,1.0,0.0,0.008182996492792034,1.0
2019-12-10,0.5542628306919908,0.6062923209743709,0.4862905550454428,1.1986953001313534,0.4701691207889316,0.8413491367893474,1.0,0.4526472781506339,0.4931223821922921,0.0,0.482475764354959,0.5307476187731429,1.2585038167938956,0.3896676011213423,0.13080916030534118,0.39184453647659107,2019,0.0,0.0,0.007988381600232602,2.0
2019-12-11,0.7057917235686897,0.2058071642659361,0.5001701455209496,1.129736086581818,0.3907268323888168,0.7515740340820731,1.0,0.4526472781506339,0.5640683022715296,0.0,0.482475764354959,0.13665893772637833,1.008456786421159,0.3896676011213423,0.9093744377136626,0.39184453647659107,2019,1.0,0.0,0.008075515490381841,3.0
2019-12-12,0.05423487589247699,0.5126581093491035,0.4383525021136292,1.1229477496444673,0.4884392854326823,0.7578200180399867,0.0,0.4526472781506339,0.06511334688342346,1.0,0.482475764354959,0.4219458102079171,0.654920063048859,0.3896676011213423,0.5800495383922645,0.39184453647659107,2019,0.0,1.0,0.008633384428609331,4.0
2019-12-13,0.6343577629770774,0.19117357125843945,0.29242153378299407,0.6770195607478247,0.5325647479949591,0.9138469264331256,1.0,0.4526472781506339,0.6961201801403486,0.0,0.482475764354959,0.14663058906918652,0.32496626180836363,0.3896676011213423,0.1768421052631517,0.39184453647659107,2019,1.0,0.0,0.008967843564017091,0.0
2019-12-16,0.5685870298774048,0.6409899110570434,0.417265880910391,1.0169115585159292,0.4764910020579106,0.6669619077992336,1.0,0.4526472781506339,0.5775518069347133,0.0,0.482475764354959,0.6458107480067644,0.342588971450928,0.3896676011213423,0.1556511536957381,0.39184453647659107,2019,1.0,0.0,0.008661278630996324,1.0
2019-12-17,0.46352153845996047,0.7999897842788304,0.3238714552011904,0.8360742132909982,0.5316762363002835,0.8032494907127271,0.0,0.4526472781506339,0.4468965891686194,1.0,0.482475764354959,0.7502946531435541,0.25438646300607953,0.3896676011213423,0.45074101413887846,0.39184453647659107,2019,0.0,1.0,0.008522204865849429,2.0
2019-12-18,0.6442794604741127,0.5112951489397709,0.3456511628837808,0.8311021664545859,0.5068704663093322,0.7672054658723437,1.0,0.4526472781506339,0.6175163982357393,0.0,0.482475764354959,0.5018381307020227,0.48545514876672874,0.3896676011213423,0.16878663864617266,0.39184453647659107,2019,1.0,0.0,0.008754101821019706,3.0
2019-12-19,0.6772093377991611,0.570470948056259,0.3865381872790637,0.9005242196520143,0.35437744737250987,0.8688728461313405,0.0,0.4526472781506339,0.7220373218904902,0.0,0.482475764354959,0.39638185786600305,0.1721311475409903,0.3896676011213423,0.2398679417122035,0.39184453647659107,2019,0.0,0.0,0.008485644731249268,4.0
2019-12-20,0.747741181766218,0.7164666519353646,0.46617796912321074,0.826255623420802,0.4657625598660179,0.9171340380700291,1.0,0.4526472781506339,0.5587698681156756,0.0,0.482475764354959,0.7201913281942838,0.6879424256724999,0.3896676011213423,0.03633789523360527,0.39184453647659107,2019,0.0,0.0,0.008193591482376915,0.0
2019-12-23,0.8862174702477791,0.35008346563868425,0.5387058648378225,0.928302315059254,0.30283149308860496,0.7976274325147291,1.0,0.4526472781506339,0.860300209061603,0.0,0.482475764354959,0.17570627087478155,1.2975566073941407,0.3896676011213423,0.0886529359089172,0.39184453647659107,2019,0.0,0.0,0.007518240172043349,1.0
2019-12-24,0.9468223663902045,0.0810633837067035,0.49888435853880864,0.9938107922565537,0.34366968368130296,0.6907450312943724,1.0,0.4526472781506339,0.7175556666586417,0.0,0.482475764354959,0.07861799396466357,1.2543352601156055,0.3896676011213423,0.0,0.39184453647659107,2019,0.0,0.0,0.007587596310891227,2.0
2019-12-26,0.8558094313347648,0.3024439871047282,0.4927697400073213,0.987169186249211,0.5271016531156878,0.8071017153313308,1.0,0.4526472781506339,0.8245061796897213,0.0,0.482475764354959,0.18214481610680106,0.36788813886209365,0.3896676011213423,0.30797974927676747,0.39184453647659107,2019,1.0,0.0,0.00784369341899373,4.0
2019-12-27,0.508699748506535,0.6959194632758559,0.4634979580100005,0.8839153133116853,0.5521578734466164,0.7197803070602092,1.0,0.4526472781506339,0.5011759011347304,0.0,0.482475764354959,0.5695932667912151,0.4675816993463954,0.3896676011213423,0.02287581699346402,0.39184453647659107,2019,1.0,0.0,0.007232818274731758,0.0
2019-12-30,0.7769837906705336,0.6620441884440182,0.5351696206017367,0.797476153424715,0.5249859971776734,0.7648016334710225,1.0,0.4526472781506339,0.8579685292623014,0.0,0.482475764354959,0.3377864183490428,0.946408511200688,0.3896676011213423,0.05458270005946505,0.39184453647659107,2019,0.0,0.0,0.007134889150612033,1.0
2019-12-31,0.6866589379166868,0.6466097525769945,0.4915705988549981,1.1006851779745102,0.694939617467363,0.9280263119947535,1.0,0.4526472781506339,0.6530965448522307,0.0,0.482475764354959,0.25269777553368283,0.8631014644351312,0.3896676011213423,0.32217573221757145,0.39184453647659107,2019,0.0,0.0,0.007178949008623564,2.0
2020-01-02,0.8906108208769293,0.1444654210257085,0.5835504114403051,0.9501215576838521,0.5083877048939864,1.1038411766877887,1.0,0.4634146341463415,0.7042503900733619,0.0,0.47029393370856787,0.13177496283163445,2.283442469597765,0.39927832905418587,0.10851262862486957,0.37923099050724524,2020,0.0,0.0,0.006991314811908118,4.0
2020-01-03,0.7723467800737505,0.01179104463201724,0.5692659536249525,1.1248616222682746,0.5304368656545796,0.8883048972360901,1.0,0.4634146341463415,0.500050782595045,0.0,0.47029393370856787,0.013259247455715367,3.2108406063390054,0.39927832905418587,0.0,0.37923099050724524,2020,0.0,0.0,0.0070135761184028185,0.0
2020-01-06,0.013293975958139624,0.7182560157067905,0.6410591561339503,0.9103913645858902,0.48538977651209186,0.858818501691923,0.0,0.4634146341463415,0.05134375203526117,1.0,0.47029393370856787,0.21457845217881316,0.9533407118308436,0.39927832905418587,0.8448767985087594,0.37923099050724524,2020,0.0,1.0,0.00783218225301502,1.0
2020-01-07,0.6763106899825484,0.0818156166277066,0.4398712193839535,0.9128117821138029,0.5394930812900964,0.9504035102792558,1.0,0.4634146341463415,0.5553116339417804,1.0,0.47029393370856787,0.07284616248975297,2.797305965362404,0.39927832905418587,1.6283942698310883,0.37923099050724524,2020,1.0,1.0,0.008489905870415025,2.0
2020-01-08,0.00010007642771366133,0.7654766766190355,0.4245594921416353,0.6948877576793239,0.4545116618886599,0.7756194859500007,0.0,0.4634146341463415,0.0016907296288492695,1.0,0.47029393370856787,0.16124417158818508,0.29885345007296954,0.39927832905418587,0.9298311444652825,0.37923099050724524,2020,0.0,0.0,0.011009596273491486,3.0
2020-01-09,0.4007697130928796,0.40541570867444077,0.44216599364717746,0.7781104647427948,0.3735175732049794,0.7927228979080386,1.0,0.4634146341463415,0.4089013281843676,0.0,0.47029393370856787,0.3439828304943775,0.6088164107447426,0.39927832905418587,0.35773519025513173,0.37923099050724524,2020,0.0,0.0,0.011598197891404077,4.0
2020-01-10,0.6926043632502205,0.2089474421675754,0.338043494295322,0.7116946096468265,0.3780348226479476,0.7441700918445178,0.0,0.4634146341463415,0.8361426290874567,0.0,0.47029393370856787,0.14255515474305372,0.0,0.39927832905418587,0.8180703502184089,0.37923099050724524,2020,0.0,0.0,0.01193670227217216,0.0
2020-01-13,0.25354547025135005,0.7738389442062429,0.4976507766262915,0.8547487551579472,0.2993471104899456,0.6679008052217571,0.0,0.4634146341463415,0.15385863189608934,1.0,0.47029393370856787,0.8466101122627143,0.054231535453402896,0.39927832905418587,0.6130745960303946,0.37923099050724524,2020,0.0,0.0,0.012509160585760596,1.0
2020-01-14,0.7796989660956889,0.3118226364386763,0.46445985608449897,0.9188238674686493,0.3171949989875813,0.7492772669526613,1.0,0.4634146341463415,0.8058988630035858,0.0,0.47029393370856787,0.30421829165154235,0.603321100250726,0.39927832905418587,0.020856800261611064,0.37923099050724524,2020,0.0,0.0,0.012712917462349933,2.0
2020-01-15,0.8360156496037078,0.3128753237821874,0.44651882163324874,0.8951383137118281,0.4505501080169214,0.7517057461379331,0.0,0.4634146341463415,0.858612515412668,0.0,0.47029393370856787,0.25083150574573315,0.10036764705882621,0.39927832905418587,0.4184558823529365,0.37923099050724524,2020,0.0,0.0,0.012485506255146788,3.0
2020-01-16,0.7515428665456729,0.6097110955825827,0.4481431723848869,1.0370680739007045,0.39915242059172146,0.8491828939574638,1.0,0.4634146341463415,0.5527205884969658,0.0,0.47029393370856787,0.6575641135349299,0.46105593308939863,0.39927832905418587,0.15943544171458263,0.37923099050724524,2020,1.0,0.0,0.012323172459996349,4.0
2020-01-17,0.6706148523644062,0.5215372591323734,0.4257058767885359,0.8513228452843831,0.3193708821003623,0.9093860887096782,1.0,0.4634146341463415,0.7494271648351817,0.0,0.47029393370856787,0.40314605084845817,0.2870288574793851,0.39927832905418587,0.04328621908127972,0.37923099050724524,2020,1.0,0.0,0.012462168090647922,0.0
2020-01-20,0.8125075279060578,0.6083492799205281,0.46439532750983387,0.910422589151885,0.3262192076459093,0.8288741399039374,1.0,0.4634146341463415,0.8404150035966945,1.0,0.47029393370856787,0.47332749018810644,0.39885601143988564,0.39927832905418587,0.7443258900744344,0.37923099050724524,2020,1.0,1.0,0.01248139666430518,1.0
2020-01-21,0.41177425161507675,0.32313342784553994,0.4627926726453277,0.8558342176565545,0.4362776793963668,0.6936977796648642,0.0,0.4634146341463415,0.41046339549318,0.0,0.47029393370856787,0.3906153183281439,0.05566894221972539,0.39927832905418587,0.3911605320571392,0.37923099050724524,2020,0.0,0.0,0.013028022764427391,2.0
2020-01-22,0.893593884066206,0.3753547314722699,0.49958999374354923,1.1030071666493433,0.3868288675597222,0.7614392676217331,1.0,0.4634146341463415,0.9137148348802325,0.0,0.47029393370856787,0.2493697700900197,0.45651088119872146,0.39927832905418587,0.34363182304674167,0.37923099050724524,2020,0.0,0.0,0.0128445411845572,3.0
2020-01-23,0.6540951472510457,0.3845700284362354,0.4138179694802918,0.970522480408254,0.430185693000743,0.815720906592566,1.0,0.4634146341463415,0.6813684765103946,0.0,0.47029393370856787,0.33121443794121525,0.676343490304706,0.39927832905418587,0.32007386888273626,0.37923099050724524,2020,0.0,0.0,0.012375875567484736,4.0
2020-01-24,0.7047931780204547,0.2371072122750254,0.42926999973438,0.7866746280579727,0.48827314034781955,0.8478113412629601,1.0,0.4634146341463415,0.694220036922895,0.0,0.47029393370856787,0.19675236665239512,0.9385658838750108,0.39927832905418587,0.0,0.37923099050724524,2020,0.0,0.0,0.01159599897801364,0.0
2020-01-27,0.6173559123634986,0.5413558154562944,0.4679934917313243,0.9639524821070449,0.33928564609513995,0.7149783496065055,0.0,0.4634146341463415,0.599009263616757,1.0,0.47029393370856787,0.5027044954736,0.06716775947545442,0.39927832905418587,0.9140412601951035,0.37923099050724524,2020,0.0,0.0,0.011294618303133956,1.0
2020-01-28,0.22547967320720694,0.7458646028299658,0.45087959796997845,0.8627228664424116,0.34143058262478293,0.6152012132850718,0.0,0.4634146341463415,0.08220049240299525,1.0,0.47029393370856787,0.7675826482237303,0.7130593256918222,0.39927832905418587,0.26991511198503576,0.37923099050724524,2020,0.0,1.0,0.009502390294810611,2.0
2020-01-29,0.8971747571352942,0.1429466302934018,0.4327859668835115,1.0133213096758045,0.42227125956241884,0.7764914976150697,1.0,0.4634146341463415,0.8199127072438223,0.0,0.47029393370856787,0.12810948324315038,0.6414646214745172,0.39927832905418587,0.30964868876793866,0.37923099050724524,2020,1.0,0.0,0.009155940941689202,3.0
2020-01-30,0.18618206986906338,0.8029578198758007,0.5184498722074998,1.2974704903067757,0.3056251338747145,0.589082875058487,1.0,0.4634146341463415,0.1580253255557905,1.0,0.47029393370856787,0.7542188300757241,1.16202187169279,0.39927832905418587,0.2158947739757054,0.37923099050724524,2020,0.0,1.0,0.00900498194283972,4.0
2020-01-31,0.8340168803815248,0.06004139596498767,0.5225747509320354,1.1803667280277386,0.4339115703640435,0.7058541354214947,1.0,0.4634146341463415,0.730813670688784,1.0,0.47029393370856787,0.08376286603624625,0.3563711706378469,0.39927832905418587,1.272852843964288,0.37923099050724524,2020,1.0,1.0,0.009116847300565875,0.0
2020-02-03,0.1540330824096795,0.36109153171615005,0.4801042890753101,0.9417525905286157,0.32365908588292225,0.6971573649205192,0.0,0.4634146341463415,0.09239489432563683,1.0,0.47029393370856787,0.5061302005680549,0.20076858187271165,0.39927832905418587,1.8049489174243118,0.37923099050724524,2020,0.0,0.0,0.00966807396996364,1.0
2020-02-04,0.036273391770793674,0.6491771714850731,0.45199396040735035,0.8947470141477304,0.3483209703157896,0.6951610974857452,0.0,0.4634146341463415,0.025380458175580725,1.0,0.47029393370856787,0.6013648021872587,0.5831319060773534,0.39927832905418587,0.32208218232043756,0.37923099050724524,2020,0.0,1.0,0.010657520433660986,2.0
2020-02-05,0.4735448560136563,0.35469575917741814,0.4078167261166547,0.9390147533346299,0.41871743645472714,0.6873193253901766,1.0,0.4634146341463415,0.5695918414593006,0.0,0.47029393370856787,0.3944564380674073,0.7219545185560932,0.39927832905418587,0.21126046157747516,0.37923099050724524,2020,0.0,0.0,0.010860194618653762,3.0
2020-02-06,0.7543273549368525,0.1649182695151727,0.3603584933622652,0.6313290590652336,0.41496082685189245,0.6674263685528694,1.0,0.4634146341463415,0.834375405492,0.0,0.47029393370856787,0.14965187708678038,0.4331337325349333,0.39927832905418587,0.3260146373918776,0.37923099050724524,2020,0.0,0.0,0.010964670307574323,4.0
2020-02-07,0.6546702747395282,0.3038657677658463,0.4407409567532794,0.7749060332244946,0.391753004578122,0.7396461139187458,1.0,0.4634146341463415,0.7369401609383152,0.0,0.47029393370856787,0.3329230282715833,0.3841204321961865,0.39927832905418587,0.12747359475537215,0.37923099050724524,2020,1.0,0.0,0.011241132783748642,0.0
2020-02-10,0.43882325124964533,0.6060536577482152,0.46913935735581097,0.8474107601513089,0.3711677932722538,0.6551270122618004,0.0,0.4634146341463415,0.5725342079959187,1.0,0.47029393370856787,0.6327556845278939,0.1310984735109282,0.39927832905418587,0.5866507033822185,0.37923099050724524,2020,0.0,0.0,0.01062760441517956,1.0
2020-02-11,0.5729571692570332,0.45907253205970566,0.4816545634614704,0.9869934785822723,0.4108074529921859,0.6857239200774673,0.0,0.4634146341463415,0.500774884741086,1.0,0.47029393370856787,0.5804419534641154,0.16318256683136906,0.39927832905418587,0.33818995734617335,0.37923099050724524,2020,0.0,1.0,0.010789124759079786,2.0
2020-02-12,0.6318055885927508,0.6021003648245117,0.46791616619695464,0.9653009049613859,0.40796984020697813,0.8481611459421522,1.0,0.4634146341463415,0.5586336154572916,0.0,0.47029393370856787,0.6586534995333019,0.7731297709923722,0.39927832905418587,0.004885496183201669,0.37923099050724524,2020,0.0,0.0,0.010459315657356002,3.0
2020-02-13,0.7393127371707734,0.2761825272553393,0.47135406744435365,0.8298569577029336,0.3185390515286157,0.7508115798045667,1.0,0.4634146341463415,0.8205462784982153,0.0,0.47029393370856787,0.21178710997265773,0.5707614942528695,0.39927832905418587,0.18292025862069497,0.37923099050724524,2020,0.0,0.0,0.010094847693441513,4.0
2020-02-14,0.8216978022512998,0.25548301971762966,0.570183550499046,0.9321937786966604,0.24941177671601217,0.7698977846059306,0.0,0.4634146341463415,0.8606722988008891,0.0,0.47029393370856787,0.18123511319580993,0.0,0.39927832905418587,0.31781627682551716,0.37923099050724524,2020,0.0,0.0,0.009814285804486398,0.0
2020-02-17,0.7716579575523002,0.6608209264506285,0.37781947924831927,0.8799946312905842,0.44944348360177283,1.007601697135002,1.0,0.4634146341463415,0.6340453420151171,0.0,0.47029393370856787,0.7090056258906889,1.6415959418593284,0.39927832905418587,0.0,0.37923099050724524,2020,0.0,0.0,0.009262731398861291,1.0
2020-02-18,0.6731133480411712,0.07425949721139011,0.46615650847144185,0.8127938394714083,0.3967014196481506,0.7371243695423226,1.0,0.4634146341463415,0.6613699492983307,0.0,0.47029393370856787,0.07286740879298582,0.7652271243354187,0.39927832905418587,0.10838541180860536,0.37923099050724524,2020,0.0,0.0,0.009565326783361089,2.0
2020-02-19,0.8803562406397413,0.1890818893962481,0.6496570908389131,1.2005994905065633,0.4232684503083108,0.6911161005838674,1.0,0.4634146341463415,0.8412790833158629,0.0,0.47029393370856787,0.1596813313904159,0.8070257392441822,0.39927832905418587,0.4937637221469584,0.37923099050724524,2020,0.0,0.0,0.009489263350884207,3.0
2020-02-20,0.7238206326474701,0.1381739517886302,0.5526576539550488,0.9122262513614984,0.4870976533094669,0.8359056970942038,1.0,0.4634146341463415,0.6193578114911352,0.0,0.47029393370856787,0.1434480953618189,1.9560695798162588,0.39927832905418587,0.02219838641980531,0.37923099050724524,2020,0.0,0.0,0.009458964688237502,4.0
2020-02-21,0.5144233127095883,0.054956632038563734,0.4826477767632325,0.9118646127595991,0.5523852022977721,0.877728675112439,1.0,0.4634146341463415,0.49170963966853076,0.0,0.47029393370856787,0.04476270388275879,2.907117663018905,0.39927832905418587,0.0,0.37923099050724524,2020,0.0,0.0,0.009612133003337346,0.0
2020-02-24,0.0037701313643480187,0.7904640753807755,0.5188452269596162,0.9054415858667284,0.5603019092247945,0.9834179012397675,0.0,0.4634146341463415,0.04058563222303414,1.0,0.47029393370856787,0.22975773344048467,0.31138737367330455,0.39927832905418587,1.9701467292486037,0.37923099050724524,2020,0.0,0.0,0.010185868738440821,1.0
2020-02-25,0.02867044451701039,0.6296357431450986,0.5067355184701171,1.1366520160145221,0.3673582821869763,0.722761148516076,0.0,0.4634146341463415,0.029144362018665607,1.0,0.47029393370856787,0.409785555068409,1.0939434724091592,0.39927832905418587,0.5275908479138595,0.37923099050724524,2020,0.0,1.0,0.0113635668446908,2.0
2020-02-26,0.21813682478560273,0.34949062444294365,0.47909071268207426,1.0248249297549983,0.4154122339214435,0.7556993511965292,1.0,0.4634146341463415,0.2800023818143609,0.0,0.47029393370856787,0.23926246119560152,1.0086734693877522,0.39927832905418587,0.2749999999999929,0.37923099050724524,2020,1.0,0.0,0.011947140000975302,3.0
2020-02-27,0.16969750938647604,0.6087177563296827,0.4545110003900358,1.0473292905748126,0.37129491617235477,0.6600356837597915,0.0,0.4634146341463415,0.24488342269072197,1.0,0.47029393370856787,0.47079095260502846,0.2604355716878475,0.39927832905418587,3.964679603518067,0.37923099050724524,2020,0.0,0.0,0.012448352717809261,4.0
2020-02-28,0.0023756226481432695,0.3239258055038178,0.4763098473514134,1.0612689587533777,0.43432924709560894,0.8350789413459158,0.0,0.4634146341463415,0.002747919794422611,0.0,0.47029393370856787,0.14758524850918414,0.9639520826464499,0.39927832905418587,0.406198483349816,0.37923099050724524,2020,0.0,0.0,0.016393191573694166,0.0
2020-03-02,0.10608621889524557,0.47738054401214347,0.38520354813901186,0.9653782322783251,0.3888478812009598,0.6754697493786478,1.0,0.4634146341463415,0.25369969373147394,0.0,0.47029393370856787,0.41975901378474517,2.1636265125519234,0.39927832905418587,0.16471013184034455,0.37923099050724524,2020,0.0,0.0,0.01741885149461739,1.0
2020-03-03,0.5236546755308839,0.009254520766955881,0.29830635858404864,0.8933969578600708,0.31025132858182497,0.896825181426834,1.0,0.4634146341463415,0.5049154377401996,0.0,0.47029393370856787,0.031104831980346758,0.386951326735351,0.39927832905418587,0.2692246995964548,0.37923099050724524,2020,1.0,0.0,0.019315128739946643,2.0
2020-03-04,0.26550169233412635,0.66060442378577,0.4237976109452199,0.8315515478982397,0.37246656151314916,0.5351246934025629,1.0,0.4634146341463415,0.3187664364178649,0.0,0.47029393370856787,0.7700313875515302,1.1810814401487932,0.39927832905418587,0.046499269297196694,0.37923099050724524,2020,0.0,0.0,0.019712531044988525,3.0
2020-03-05,0.7968750424785201,0.04696498603758665,0.43420792734495867,1.1561506108516353,0.21276031930530154,0.4680960758389893,1.0,0.4634146341463415,0.8214442742032101,0.0,0.47029393370856787,0.088825408585459,0.5854391419568875,0.39927832905418587,0.877282307034199,0.37923099050724524,2020,1.0,0.0,0.02047352748928755,4.0
2020-03-06,0.3595158631373679,0.1343971623769329,0.4383450601879982,0.9480036201804847,0.32150128607936723,0.5167856417159744,1.0,0.4634146341463415,0.4367941900633722,0.0,0.47029393370856787,0.22733906886667002,0.7812190098405668,0.39927832905418587,0.44427492562361975,0.37923099050724524,2020,1.0,0.0,0.022372120607045805,0.0
2020-03-09,0.24207529087313645,0.17163277577324332,0.3931752229982735,0.9153110325860998,0.32083794534493426,0.6969919695731804,0.0,0.4634146341463415,0.360827911853757,1.0,0.47029393370856787,0.38353162228757137,0.012815349126725484,0.39927832905418587,0.9788363662992939,0.37923099050724524,2020,0.0,0.0,0.02322986174017702,1.0
2020-03-10,0.3533666969011813,0.5039609499183809,0.40335012062099107,0.9032928532511114,0.23251029323231892,0.5527848991373414,0.0,0.4634146341463415,0.16601166977732787,1.0,0.47029393370856787,0.7538078019529627,0.5460080835651658,0.39927832905418587,0.3921753888684753,0.37923099050724524,2020,0.0,0.0,0.024757613378719207,2.0
2020-03-11,0.10399625792022205,0.7708032643109324,0.5442128219238138,0.9491359756543092,0.18371973943171044,0.4968836886233552,0.0,0.4634146341463415,0.1272356853986805,1.0,0.47029393370856787,0.820674999324835,0.35929077533308157,0.39927832905418587,1.7599077872326012,0.37923099050724524,2020,0.0,0.0,0.02577424532761525,3.0
2020-03-12,0.013427200056548523,0.6165890511170098,0.5487454937072863,1.1153456036467042,0.3030756851984725,0.5773457245542563,0.0,0.4634146341463415,0.02978424634699819,1.0,0.47029393370856787,0.5093593983515224,0.4470058865226324,0.39927832905418587,1.5651678121243908,0.37923099050724524,2020,0.0,0.0,0.029390638148318247,4.0
2020-03-13,0.07646337606561893,0.2562545184874728,0.44576936325615457,0.8901950748522459,0.42318731073273524,0.656070460001268,0.0,0.4634146341463415,0.0483154810294225,1.0,0.47029393370856787,0.4320147091724587,0.9186689454106775,0.39927832905418587,1.5705237760128659,0.37923099050724524,2020,0.0,1.0,0.03252226567097813,0.0
2020-03-16,0.06466587560903646,0.012723187668473659,0.38299523783986733,0.7389810027581933,0.34782683323679076,0.6945776515451763,0.0,0.4634146341463415,0.0873802729499762,0.0,0.47029393370856787,0.13947149746837548,0.707030900134349,0.39927832905418587,0.8770264218540088,0.37923099050724524,2020,0.0,0.0,0.03686229711704811,1.0
2020-03-17,0.7797675463260018,0.010948130103463833,0.38796728085354526,1.0440374934440484,0.40196070781478643,0.5995190233613649,0.0,0.4634146341463415,0.4569998537112959,0.0,0.47029393370856787,0.15620826629230838,0.29538256376062727,0.39927832905418587,0.9211535255875979,0.37923099050724524,2020,0.0,0.0,0.03925815887807655,2.0
2020-03-18,0.12259071560822363,0.4245795468000632,0.38553944257175266,0.8680890493310285,0.2922907735750672,0.6248632688989402,0.0,0.4634146341463415,0.12258046858372021,1.0,0.47029393370856787,0.7038827894877003,0.23373287671233134,0.39927832905418587,0.34697188175919247,0.37923099050724524,2020,0.0,0.0,0.04266527217567511,3.0
2020-03-19,0.40627173096973895,0.3912470147316656,0.3940508266143409,0.8242830533714677,0.32206482841245015,0.7553460340073515,1.0,0.4634146341463415,0.32806244044018745,1.0,0.47029393370856787,0.7775962774409612,0.723864300800686,0.39927832905418587,0.2915170101309029,0.37923099050724524,2020,1.0,1.0,0.04064705072065903,4.0
2020-03-20,0.32657737749697324,0.04568074166407116,0.3378268357221639,0.6490279681717037,0.2911314338903762,0.556514907320529,1.0,0.4634146341463415,0.6565325637405761,0.0,0.47029393370856787,0.2601178222601599,1.037361415215654,0.39927832905418587,0.23825577219384,0.37923099050724524,2020,0.0,0.0,0.041178406846609616,0.0
2020-03-23,0.7124814303704072,0.004646952154306286,0.31291002330417317,0.722559140223665,0.32559987691373393,0.649125406765348,1.0,0.4634146341463415,0.7627044170996498,0.0,0.47029393370856787,0.09270680527098346,1.2588160204244434,0.39927832905418587,0.0031913196106597326,0.37923099050724524,2020,0.0,0.0,0.040348697214156494,1.0
2020-03-24,0.5297790586066832,0.0071874771205390564,0.3491221022488248,0.8770849394904618,0.3001986441344453,0.5678784488173875,1.0,0.4634146341463415,0.8054846050044138,0.0,0.47029393370856787,0.09057986622182604,0.1900222298221621,0.39927832905418587,0.47849692202462407,0.37923099050724524,2020,1.0,0.0,0.041121705622591626,2.0
2020-03-25,0.39900493077731414,0.12397236171101945,0.3293790207896619,0.8010078018053677,0.29905269070709223,0.6126076582756464,1.0,0.4634146341463415,0.5793629593326086,1.0,0.47029393370856787,0.540174936338794,0.3962966112504798,0.39927832905418587,0.3562651473276932,0.37923099050724524,2020,1.0,1.0,0.04156927136679815,3.0
2020-03-26,0.420331490818028,0.07463258121250864,0.3761011101546819,0.7291694997366241,0.27637229485788256,0.8016832697274856,0.0,0.4634146341463415,0.7569802116149211,0.0,0.47029393370856787,0.30357544713325024,0.08686229097167501,0.39927832905418587,0.25701718972441145,0.37923099050724524,2020,0.0,0.0,0.04124740467294718,4.0
2020-03-27,0.5516514230158708,0.26977934618331356,0.38158211450306656,0.8078382150368618,0.26434945904485974,0.5872093886973606,0.0,0.4634146341463415,0.7388751116084342,1.0,0.47029393370856787,0.5968219008822895,0.12453183520599359,0.39927832905418587,0.22985802630432772,0.37923099050724524,2020,0.0,1.0,0.0403531294236736,0.0
2020-03-30,0.5941166839489556,0.2692578657867111,0.4323729616971372,0.8965022630086643,0.30749112193306605,0.6955994285115125,0.0,0.4634146341463415,0.6531563121468962,1.0,0.47029393370856787,0.6775112816000003,0.019689050318922464,0.39927832905418587,0.7644622608079367,0.37923099050724524,2020,0.0,0.0,0.03978121740111083,1.0
2020-03-31,0.052126801766445956,0.6774545791161914,0.4353560006830038,0.8882133737713984,0.17921242493438871,0.5548706927198233,0.0,0.4634146341463415,0.14354039890989226,1.0,0.47029393370856787,0.8548444323845144,0.3623432242275933,0.39927832905418587,0.15570510859589837,0.37923099050724524,2020,0.0,1.0,0.04149609347728125,2.0
2020-04-01,0.6625640752631689,0.10244534435999673,0.46728528233941413,0.8219408745780059,0.21758481263590684,0.4804971856977551,1.0,0.4634146341463415,0.8146012231273416,0.0,0.47029393370856787,0.3604659006543941,0.47589807998697536,0.39927832905418587,0.1304120294456266,0.37923099050724524,2020,0.0,0.0,0.0386196644150618,3.0
2020-04-02,0.7827487951142466,0.058822796628396457,0.31047076298523785,0.8461613077622196,0.27993195203448984,0.5159630520367067,1.0,0.4634146341463415,0.8374667278797,0.0,0.47029393370856787,0.2701559180531414,0.22449182693504013,0.39927832905418587,0.12452417087552715,0.37923099050724524,2020,1.0,0.0,0.03560841638981174,4.0
2020-04-03,0.4548608573020248,0.2539104096280816,0.4690069560886096,0.7257978657240222,0.261709559708904,0.5005355847681398,1.0,0.4634146341463415,0.6981656534488254,0.0,0.47029393370856787,0.6085245836617887,1.0500499928581624,0.39927832905418587,0.16237680331381005,0.37923099050724524,2020,0.0,0.0,0.03094941907396652,0.0
2020-04-06,0.7578686850462752,0.01470761791242694,0.4254221113127403,0.7248862520821834,0.3372008506713911,0.525805423986081,1.0,0.4634146341463415,0.7408224115778136,0.0,0.47029393370856787,0.1002326523022946,0.24322475085526946,0.39927832905418587,0.37254201993158015,0.37923099050724524,2020,1.0,0.0,0.02892543493562661,1.0
2020-04-07,0.18762676516122254,0.5735414471517185,0.40538755535426513,0.6703685537469459,0.430094085888091,0.7467475009131689,0.0,0.4634146341463415,0.260554957092152,1.0,0.47029393370856787,0.8063910154646748,0.20569574965415274,0.39927832905418587,0.13646265642639943,0.37923099050724524,2020,0.0,1.0,0.027268635670665613,2.0
2020-04-08,0.4120396649984188,0.5841917432744799,0.2880482655431707,0.722495042130716,0.4473820552138411,0.7734972012267366,1.0,0.4634146341463415,0.43856589705541715,0.0,0.47029393370856787,0.8272559141500845,1.048663242460161,0.39927832905418587,0.030192282365340484,0.37923099050724524,2020,0.0,0.0,0.02638148397150257,3.0
2020-04-09,0.6575303196581335,0.09664080657533856,0.4604263560807567,0.8073347977733597,0.4214566686892408,0.877149112839546,1.0,0.4634146341463415,0.7645337765541432,0.0,0.47029393370856787,0.13457423443198066,0.9518594031711775,0.39927832905418587,0.20122331373111157,0.37923099050724524,2020,0.0,0.0,0.02519672268957512,4.0
2020-04-13,0.5623892116961514,0.10076710279948535,0.6006580339335635,0.9193167727132737,0.4816762583353973,0.7548077654949559,1.0,0.4634146341463415,0.6644531011101379,0.0,0.47029393370856787,0.1514952563394325,0.8858967535923324,0.39927832905418587,0.07699130743303513,0.37923099050724524,2020,0.0,0.0,0.023526554079772423,1.0
2020-04-14,0.33508146947953776,0.429111876386281,0.36371051958676703,0.7832370207651335,0.5760978119456368,0.832052316913669,0.0,0.4634146341463415,0.42706581809998617,1.0,0.47029393370856787,0.4185821985303336,0.10726432037908029,0.39927832905418587,0.5248194428522267,0.37923099050724524,2020,0.0,1.0,0.021654851343736122,2.0
2020-04-15,0.40214272585966576,0.5831204474804332,0.37425046132042084,0.6864968983398931,0.4672804311349249,0.8702584479820787,1.0,0.4634146341463415,0.3855346406309174,0.0,0.47029393370856787,0.7102556517872196,0.6766866402564041,0.39927832905418587,0.1914677602372911,0.37923099050724524,2020,1.0,0.0,0.020927556567269148,3.0
2020-04-16,0.29878341415051407,0.5458607742137893,0.3629956528113492,0.7763653173383651,0.5285304625989559,0.8433197882150423,0.0,0.4634146341463415,0.3156639101027542,1.0,0.47029393370856787,0.6196743726407282,0.02551200016566551,0.39927832905418587,1.100784825329766,0.37923099050724524,2020,0.0,0.0,0.020085230486660586,4.0
2020-04-17,0.09302351433883216,0.7561862022504078,0.32367738706572263,0.6663899791655957,0.3106997682811588,0.597555849640617,0.0,0.4634146341463415,0.08306755724426372,1.0,0.47029393370856787,0.8068421611187386,0.5685464463340287,0.39927832905418587,0.30519011711855953,0.37923099050724524,2020,0.0,1.0,0.02117194691558055,0.0
2020-04-20,0.6441531430187455,0.1964988534645163,0.2945093415708949,0.739761656116668,0.4698033599691667,0.7827406334818027,0.0,0.4634146341463415,0.7369862927831666,1.0,0.47029393370856787,0.2613610935789114,0.08513158674064122,0.39927832905418587,0.9676807960356165,0.37923099050724524,2020,0.0,1.0,0.021349875612558612,1.0
2020-04-21,0.773313524695803,0.09019781292192657,0.4110388870101782,0.9270252259714532,0.4142614321477857,0.7180446003424216,1.0,0.4634146341463415,0.5852839119444111,0.0,0.47029393370856787,0.26059402142248245,0.8853082871138823,0.39927832905418587,0.20404032225416105,0.37923099050724524,2020,0.0,0.0,0.020917965094664776,2.0
2020-04-22,0.8138636849577067,0.047515002422014105,0.47107098180281265,0.8164023793801467,0.34918122959630404,0.5516466716568192,1.0,0.4634146341463415,0.7973855582161641,0.0,0.47029393370856787,0.12256488551377426,0.6893439499388324,0.39927832905418587,0.18363785876170693,0.37923099050724524,2020,0.0,0.0,0.020779622391763345,3.0
2020-04-23,0.68516702750869,0.15018915382882084,0.4463601427519965,0.6298918514626425,0.45302637407589946,0.6843663293691227,0.0,0.4634146341463415,0.7210237410984263,0.0,0.47029393370856787,0.26292624077343507,0.17825521890991733,0.39927832905418587,0.5495491836568898,0.37923099050724524,2020,0.0,0.0,0.020334542955916787,4.0
2020-04-24,0.753629063473192,0.2317667098227189,0.3732421443256019,0.6785529885016255,0.44921029601227513,0.8067217495111861,0.0,0.4634146341463415,0.6805961757817027,1.0,0.47029393370856787,0.4027837896552365,0.0,0.39927832905418587,0.5999196787148635,0.37923099050724524,2020,0.0,1.0,0.020595090593585247,0.0
2020-04-27,0.44354535578289533,0.5292909313805633,0.4312059551327163,0.7385577365971611,0.4240492222563723,0.818741780432297,0.0,0.4634146341463415,0.40576419958321835,1.0,0.47029393370856787,0.6983378798492857,0.08576224629940313,0.39927832905418587,0.6824355257134171,0.37923099050724524,2020,0.0,1.0,0.019122127157914406,1.0
2020-04-28,0.5979444555214058,0.2749917653732232,0.4154298477508102,0.8152668573483991,0.3256564593460648,0.6163074677131242,1.0,0.4634146341463415,0.6837328281100098,0.0,0.47029393370856787,0.3617834265619817,0.27148863111091354,0.39927832905418587,0.3426735048755289,0.37923099050724524,2020,1.0,0.0,0.018993909373076837,2.0
2020-04-29,0.7363675221385265,0.29937953744906975,0.4015504036403004,0.8847920780058441,0.38090032685663533,0.669432339231554,1.0,0.4634146341463415,0.7656573280098511,1.0,0.47029393370856787,0.38571533435420763,0.3206572667640066,0.39927832905418587,0.9381742105607241,0.37923099050724524,2020,1.0,0.0,0.019152605617518897,3.0
2020-04-30,0.05278154580481555,0.7128775468817942,0.42598642068978687,0.8230041014925767,0.32949886772017034,0.5193903509387515,0.0,0.4634146341463415,0.07936274711822797,1.0,0.47029393370856787,0.7221955417104021,0.6031500926497895,0.39927832905418587,0.5142063001852949,0.37923099050724524,2020,0.0,1.0,0.019209549008673388,4.0
2020-05-01,0.6855571423671211,0.08533582763064905,0.28253776297837935,0.6433241340852726,0.5267055231953434,0.598682170982297,1.0,0.4634146341463415,0.7116674062659903,0.0,0.47029393370856787,0.14860855543584203,0.4877218464890349,0.39927832905418587,0.24370205619354757,0.37923099050724524,2020,1.0,0.0,0.018524342049945363,0.0
2020-05-04,0.3532198794790306,0.5055607056791567,0.43414377376175295,0.7052797544074503,0.4519661488222427,0.763406308119303,0.0,0.4634146341463415,0.4403390976942431,1.0,0.47029393370856787,0.6010806061303494,0.3621342999034999,0.39927832905418587,0.367076988255234,0.37923099050724524,2020,0.0,1.0,0.01784758622601707,1.0
2020-05-05,0.7075163203058956,0.22887877087323438,0.36717257730878655,0.7074238103071778,0.5433265380422921,0.9395159519749346,0.0,0.4634146341463415,0.7400973109586955,1.0,0.47029393370856787,0.3338521670908834,0.09887332593239977,0.39927832905418587,0.755603845336227,0.37923099050724524,2020,0.0,0.0,0.01773638529141431,2.0
2020-05-06,0.17204502303027133,0.7023216969342755,0.4049594316322306,0.7390904043630073,0.4130246720009747,0.6825714210661601,1.0,0.4634146341463415,0.13894815853798115,0.0,0.47029393370856787,0.824474744943846,1.2491029995694372,0.39927832905418587,0.058269147969191276,0.37923099050724524,2020,0.0,0.0,0.017725597941072983,3.0
2020-05-07,0.6414558910052968,0.0932593032126251,0.34484500982319977,0.7723234546868958,0.49933014971790823,0.7239219304071599,1.0,0.4634146341463415,0.7067202316436798,0.0,0.47029393370856787,0.1031529530829399,0.2684518828451874,0.39927832905418587,0.49104602510459683,0.37923099050724524,2020,1.0,0.0,0.017416676868904184,4.0
2020-05-08,0.10658575335175165,0.7739579221648876,0.4587301603380854,0.7009008787800256,0.3166734124848517,0.6815965703967369,0.0,0.4634146341463415,0.1269954987981377,1.0,0.47029393370856787,0.8700692962351638,0.37679957054317176,0.39927832905418587,0.3023278512517657,0.37923099050724524,2020,0.0,0.0,0.0172107223699075,0.0
2020-05-11,0.2601625568323642,0.6223287594150162,0.3156813285514686,0.590815542203489,0.4649270081417937,0.7047857599408428,0.0,0.4634146341463415,0.3380408556187768,0.0,0.47029393370856787,0.719062625557967,0.47761803835448136,0.39927832905418587,0.13584944204693272,0.37923099050724524,2020,0.0,0.0,0.01647872590216197,1.0
2020-05-12,0.4913233186470764,0.5904203034477862,0.2864257860445427,0.7693897094187622,0.4458734023266365,0.7737586251532548,1.0,0.4634146341463415,0.5746226195967284,0.0,0.47029393370856787,0.5570438902897338,0.6033537655604473,0.39927832905418587,0.10396133178516455,0.37923099050724524,2020,0.0,0.0,0.015543260739636433,2.0
2020-05-13,0.848362264673328,0.1988997882382918,0.41059525433018373,0.7307513113765511,0.35841097883032064,0.7580519398276695,1.0,0.4634146341463415,0.8684848341919743,0.0,0.47029393370856787,0.18911153510327827,0.8084369325324793,0.39927832905418587,0.19086464590026075,0.37923099050724524,2020,0.0,0.0,0.014901246717521155,3.0
2020-05-14,0.7296030861866499,0.1691200783328407,0.43247061084380783,0.7244959293301888,0.3908099919978232,0.6218653186010704,1.0,0.4634146341463415,0.7020234752063854,0.0,0.47029393370856787,0.21862739475557671,0.8374965074043059,0.39927832905418587,0.07784297289745773,0.37923099050724524,2020,0.0,0.0,0.014778666856062644,4.0
2020-05-15,0.4841174568154145,0.39118706204252107,0.44783376114898366,0.7171008173222415,0.4776741435092111,0.7513255385514644,1.0,0.4634146341463415,0.5772989026091386,1.0,0.47029393370856787,0.37255185512348493,0.9369374374930604,0.39927832905418587,0.5367263029225451,0.37923099050724524,2020,1.0,1.0,0.01476768668019975,0.0
2020-05-18,0.04264502304937959,0.6902568096932419,0.43061964186384744,0.5526931045664829,0.4023558897872782,0.7134495360150483,0.0,0.4634146341463415,0.07728143714977119,1.0,0.47029393370856787,0.6373255255150089,0.5807663410969208,0.39927832905418587,0.2554470323065347,0.37923099050724524,2020,0.0,1.0,0.015367296868234957,1.0
2020-05-19,0.7017843323413401,0.23751329815809893,0.32376828986729583,0.6258918380285337,0.5423188004854163,0.8676324036035615,1.0,0.4634146341463415,0.8058474873212427,0.0,0.47029393370856787,0.2117258337448921,0.3729500546652093,0.39927832905418587,0.04815871576757818,0.37923099050724524,2020,1.0,0.0,0.015360511839566804,2.0
2020-05-20,0.5333576523671677,0.643964149644004,0.3838157499350374,0.9373477288730562,0.4931291032158689,0.7951158523736978,0.0,0.4634146341463415,0.5897319595797976,1.0,0.47029393370856787,0.6716785443979848,0.05274903631568085,0.39927832905418587,1.2193142625278943,0.37923099050724524,2020,0.0,0.0,0.014105425824175824,3.0
2020-05-21,0.16415687178811703,0.4673599152362076,0.3523963513035215,0.7240292400949049,0.36631474230160965,0.6150264489715601,0.0,0.4634146341463415,0.1409654065990401,0.0,0.47029393370856787,0.5792430902419897,0.5547325102880669,0.39927832905418587,0.09382716049382608,0.37923099050724524,2020,0.0,0.0,0.01407292438843587,4.0
2020-05-22,0.5623679449846563,0.4940061254349489,0.33502052694933854,0.6593505066802033,0.4715641427952983,0.881771741634873,0.0,0.4634146341463415,0.6589093329085652,1.0,0.47029393370856787,0.46586684487533453,0.03826515288040233,0.39927832905418587,0.4831501171382237,0.37923099050724524,2020,0.0,1.0,0.013719923022718182,0.0
2020-05-25,0.62015216765292,0.6462973304901669,0.38307588743074333,0.9449506905211525,0.43027682693284397,0.9557060183001416,1.0,0.4634146341463415,0.5716930600447461,1.0,0.47029393370856787,0.634614164822589,0.33916029825809546,0.39927832905418587,0.8182296339841018,0.37923099050724524,2020,1.0,0.0,0.013362908327166126,1.0
2020-05-26,0.07326803563448597,0.7776649720326041,0.40772160528938656,0.7324732149096038,0.38555488809633226,0.6025153202858364,0.0,0.4634146341463415,0.08333415479368937,1.0,0.47029393370856787,0.7771832489051145,0.22160510969175706,0.39927832905418587,0.7352278688018755,0.37923099050724524,2020,0.0,1.0,0.013531263569257487,2.0
2020-05-27,0.5645495954882814,0.24950384583922108,0.4372880539347943,0.9154413257410402,0.4364218387937627,0.6700284961065787,1.0,0.4634146341463415,0.5995362342652332,0.0,0.47029393370856787,0.2899322280717943,0.8435546874999994,0.39927832905418587,0.1326171875000037,0.37923099050724524,2020,0.0,0.0,0.012839363348131481,3.0
2020-05-28,0.4651585506677715,0.40624785852012746,0.4074527496739218,0.9079857539386331,0.35719010242652854,0.8619616853892095,1.0,0.4634146341463415,0.5427402209953976,0.0,0.47029393370856787,0.35601572181477104,0.8827509561010665,0.39927832905418587,0.25397966855163756,0.37923099050724524,2020,0.0,0.0,0.012718413908647601,4.0
2020-05-29,0.41460806415998497,0.2831505528919414,0.4157416263855858,0.5973751616697344,0.5426326274372428,0.8279959610699003,1.0,0.4634146341463415,0.5740615725223933,0.0,0.47029393370856787,0.24931285035757692,0.7092540770047275,0.39927832905418587,0.08060728875164677,0.37923099050724524,2020,0.0,0.0,0.012845367214130786,0.0
2020-06-01,0.6207010223674517,0.3264441486436384,0.41754987396697946,0.6065996547214438,0.5002460890909383,0.8852497655965821,1.0,0.4634146341463415,0.7278148073115912,1.0,0.47029393370856787,0.31187823962772293,0.2721110290101817,0.39927832905418587,0.7960934237157461,0.37923099050724524,2020,1.0,1.0,0.012785041907598754,1.0
2020-06-02,0.22577331933873415,0.5377096601407726,0.4087106459148139,0.6737240988682835,0.47933316335422776,0.708070970801776,0.0,0.4634146341463415,0.19912638943804808,1.0,0.47029393370856787,0.6512016248578111,0.17615630236160787,0.39927832905418587,1.701811514021045,0.37923099050724524,2020,0.0,0.0,0.013076269904198596,2.0
2020-06-03,0.034905377237464216,0.5931179389288839,0.4427346776969702,0.8951541406916321,0.47287529366789577,0.5572465413567496,0.0,0.4634146341463415,0.038440139321160284,0.0,0.47029393370856787,0.5509044509124393,1.0180977820462798,0.39927832905418587,0.036975899636838845,0.37923099050724524,2020,0.0,0.0,0.0140197022280719,3.0
2020-06-04,0.537564598663229,0.293931104757147,0.310126870605316,0.8007894100727171,0.4417302376496668,0.587046256228402,0.0,0.4634146341463415,0.6562823865781213,1.0,0.47029393370856787,0.22755184621337693,0.08611525828605324,0.39927832905418587,1.8159450582263381,0.37923099050724524,2020,0.0,0.0,0.013956411322821091,4.0
2020-06-05,0.04622618578351813,0.4128058331214094,0.33309741248283836,0.5788076058307428,0.48415234884249947,0.5950010201873334,0.0,0.4634146341463415,0.0569172175947767,0.0,0.47029393370856787,0.40352738104463204,0.6249744533006321,0.39927832905418587,0.32904148783977855,0.37923099050724524,2020,0.0,0.0,0.01451601419264498,0.0
2020-06-08,0.7087031944581312,0.20492604031482117,0.3282017316597424,0.6059057649235453,0.41029638706500976,0.6254976265563891,1.0,0.4634146341463415,0.8156159825879408,0.0,0.47029393370856787,0.15272185692871998,0.9294216944614194,0.39927832905418587,0.2346983323146769,0.37923099050724524,2020,0.0,0.0,0.014453133215831611,1.0
2020-06-09,0.5914831582011784,0.17245081264276815,0.35207056111241153,0.6780401139449195,0.4311672426169897,0.6336019101379076,1.0,0.4634146341463415,0.692953217865054,0.0,0.47029393370856787,0.17605885910472524,0.9919640877854106,0.39927832905418587,0.24711815561960104,0.37923099050724524,2020,0.0,0.0,0.015037418537593552,2.0
2020-06-10,0.9460868497664479,0.033485802671246935,0.42942440944068666,0.8438114777923568,0.39094381886881546,0.703145235802802,1.0,0.4634146341463415,0.804989558480397,0.0,0.47029393370856787,0.07880740352299058,0.24903864774393678,0.39927832905418587,0.6440921791573335,0.37923099050724524,2020,1.0,0.0,0.014853694377235441,3.0
2020-06-11,0.2793760456618233,0.6056414963791078,0.4031101772331894,0.7123819187284794,0.5265191985058575,0.7017392274253261,0.0,0.4634146341463415,0.22557598960431027,0.0,0.47029393370856787,0.7272395717196258,0.6089432437562687,0.39927832905418587,0.17956992163136962,0.37923099050724524,2020,0.0,0.0,0.015252825393884163,4.0
2020-06-12,0.6213839175167719,0.5329512796814537,0.35354785629201585,0.6592739233251735,0.3825704323290133,0.7149632926029543,0.0,0.4634146341463415,0.4232880348983871,1.0,0.47029393370856787,0.6080390885644477,0.1562814869809632,0.39927832905418587,0.9558784536246477,0.37923099050724524,2020,0.0,1.0,0.015571698600884093,0.0
2020-06-15,0.5850095102525392,0.15431477159194162,0.3685774725440621,0.674052491321907,0.3600981036450237,0.669861487740057,0.0,0.4634146341463415,0.5437451618621495,0.0,0.47029393370856787,0.27809891113516916,0.30253956569745283,0.39927832905418587,0.2907618697092412,0.37923099050724524,2020,0.0,0.0,0.015754103778781548,1.0
2020-06-16,0.695386411069292,0.4270120469301291,0.40627268539675343,0.9001744398455493,0.3751564238350825,0.5643013258843123,0.0,0.4634146341463415,0.6859962288684396,1.0,0.47029393370856787,0.4794762367922587,0.1480967009483117,0.39927832905418587,0.5213303058634986,0.37923099050724524,2020,0.0,1.0,0.015489272329005639,2.0
2020-06-17,0.7918351516119564,0.2623586058352295,0.37021684020975243,0.8372596146892171,0.48392148382433403,0.8745829614896838,1.0,0.4634146341463415,0.7981931006727035,0.0,0.47029393370856787,0.3027123065291668,0.4024485613353857,0.39927832905418587,0.3484615592050271,0.37923099050724524,2020,1.0,0.0,0.015341849825866723,3.0
2020-06-18,0.31322636505453727,0.6326991149588177,0.42503830284501426,0.7764474735381387,0.45352669418004654,0.7251780276010408,1.0,0.4634146341463415,0.28563906534110217,0.0,0.47029393370856787,0.7349323045560596,0.8865748332786731,0.39927832905418587,0.03405488138187766,0.37923099050724524,2020,0.0,0.0,0.015176616694610207,4.0
2020-06-19,0.6920457535158653,0.1679112092199534,0.40208846905224066,0.7006109506470355,0.4628989364326571,0.6165401058168272,1.0,0.4634146341463415,0.8131923984555625,0.0,0.47029393370856787,0.17317710843003797,0.8195488721804572,0.39927832905418587,0.0,0.37923099050724524,2020,0.0,0.0,0.01527550463720678,0.0
2020-06-22,0.5905412096053371,0.38633129730605464,0.38290986460502247,0.7800405774370925,0.5057878119607355,0.7688161811885537,1.0,0.4634146341463415,0.6436325771465927,0.0,0.47029393370856787,0.40865662265011765,0.6220542583344586,0.39927832905418587,0.26870022945067257,0.37923099050724524,2020,0.0,0.0,0.015082142612864686,1.0
2020-06-23,0.7878119801042692,0.15152016362454052,0.5380212669163515,0.809776299072347,0.4881117954611537,0.621277942547181,1.0,0.4634146341463415,0.8026167557751356,0.0,0.47029393370856787,0.1678930943816924,0.46787451292698773,0.39927832905418587,0.2739554594840528,0.37923099050724524,2020,1.0,0.0,0.014207883902607795,2.0
2020-06-24,0.17650408794448372,0.7952539672287385,0.3442414322584825,0.6295029421739564,0.4066447970311463,0.8691566164632779,0.0,0.4634146341463415,0.15483833172176073,1.0,0.47029393370856787,0.8518088120472831,0.30587348961200556,0.39927832905418587,0.3046564863376976,0.37923099050724524,2020,0.0,1.0,0.013995114220505707,3.0
2020-06-25,0.7640064941413302,0.41145898694267224,0.5029382668930513,0.9760832528979664,0.5408271184305828,0.864656756151792,1.0,0.4634146341463415,0.7148008837709259,1.0,0.47029393370856787,0.40192184102384315,0.37106718362676694,0.39927832905418587,0.7194432085425548,0.37923099050724524,2020,0.0,1.0,0.012743212880421352,4.0
2020-06-26,0.7811942099994197,0.08941672272599943,0.36887183547454605,0.7581614477134475,0.4244822744566378,0.6838103338244856,1.0,0.4634146341463415,0.7945583560694119,0.0,0.47029393370856787,0.12140486345543261,0.21809201152519025,0.39927832905418587,0.20878320615521115,0.37923099050724524,2020,0.0,0.0,0.012741903729093678,0.0
2020-06-29,0.7985760093433661,0.44038764259061824,0.49260896168312124,1.013727509956092,0.38473661638898105,0.814689539092499,1.0,0.4634146341463415,0.7906334238635705,1.0,0.47029393370856787,0.46016297237904813,0.6450874061100079,0.39927832905418587,0.3522516757048066,0.37923099050724524,2020,0.0,1.0,0.011965889818212342,1.0
2020-06-30,0.6974399872363621,0.18867451312265268,0.48942763971276027,0.7424103923529866,0.40654191435588954,0.7929049484089616,1.0,0.4634146341463415,0.6785363759551568,1.0,0.47029393370856787,0.2181957281025396,0.419363858790628,0.39927832905418587,1.0447396015379267,0.37923099050724524,2020,1.0,1.0,0.011477965595791107,2.0
2020-07-01,0.16370125342167138,0.40523334356694457,0.34413276931709463,0.6726026398187945,0.49812348013770175,0.6375473707711815,0.0,0.4634146341463415,0.1582538915027744,1.0,0.47029393370856787,0.45071248378135453,0.44634079737848725,0.39927832905418587,0.6126433642818082,0.37923099050724524,2020,0.0,1.0,0.011822103491830374,3.0
2020-07-02,0.6639221659989455,0.14159763474807374,0.33968552367309607,0.6014023779780805,0.49630099089676705,0.6933428037700163,0.0,0.4634146341463415,0.7206182177307038,0.0,0.47029393370856787,0.1800210629550524,0.080380499405472,0.39927832905418587,0.13269916765754836,0.37923099050724524,2020,0.0,0.0,0.011842735235305756,4.0
2020-07-03,0.8291139932536358,0.6533563898288363,0.392797906600956,0.7959822856391029,0.3990113886450986,0.84396171371816,1.0,0.4634146341463415,0.8389430425923018,1.0,0.47029393370856787,0.5432523370138651,0.5961989065347567,0.39927832905418587,0.29263212705024055,0.37923099050724524,2020,0.0,1.0,0.01081636675959566,0.0
2020-07-06,0.7288343356173697,0.21664733518627138,0.3737933554231561,0.5789168910292833,0.5016206784225639,0.8939741593372813,1.0,0.4634146341463415,0.7852848506143791,0.0,0.47029393370856787,0.20515692699953586,0.6911274182788465,0.39927832905418587,0.5235342079905176,0.37923099050724524,2020,0.0,0.0,0.010803897763783,1.0
2020-07-07,0.7687678466823014,0.10662957026455346,0.5347863422992616,0.9076328106212683,0.4375187013046911,0.6161354805615328,1.0,0.4634146341463415,0.7712426560808507,0.0,0.47029393370856787,0.10477438845962649,1.1562851850506626,0.39927832905418587,0.18610394798968855,0.37923099050724524,2020,0.0,0.0,0.010954945979260725,2.0
2020-07-08,0.5299931630213761,0.2320841613226143,0.460019483751785,0.6925828680369936,0.5494999865648693,0.8128729649646385,0.0,0.4634146341463415,0.5162820380962776,0.0,0.47029393370856787,0.19236604978870822,0.35864320181663356,0.39927832905418587,0.6482401362475116,0.37923099050724524,2020,0.0,0.0,0.011129838107137765,3.0
2020-07-09,0.4149057669277556,0.5427607105975584,0.39501082538680254,0.6721793914535157,0.47202008325469874,0.7971779250145421,0.0,0.4634146341463415,0.2698098514576951,1.0,0.47029393370856787,0.5868967979962306,0.39323862614637256,0.39927832905418587,0.4335191512317979,0.37923099050724524,2020,0.0,1.0,0.01101702101019806,4.0
2020-07-10,0.3973075691024402,0.6089006761124641,0.4681422144643404,0.7692814044069378,0.44195516195114787,0.8093350637377608,1.0,0.4634146341463415,0.2666435001807058,0.0,0.47029393370856787,0.7052843594239463,0.7691348516521792,0.39927832905418587,0.028752704734658067,0.37923099050724524,2020,1.0,0.0,0.010830466869503766,0.0
2020-07-13,0.19573510207098255,0.8149498383698158,0.4103654318147733,0.7832945202563254,0.5042273215239463,0.8463608483530799,0.0,0.4634146341463415,0.33378685504615846,1.0,0.47029393370856787,0.6558256759963055,0.4507255139056813,0.39927832905418587,0.6633917775090656,0.37923099050724524,2020,0.0,1.0,0.01048894229892695,1.0
2020-07-14,0.8153952744218808,0.12022846966908582,0.44485406626431473,0.9069024909394202,0.41124879448217083,0.8778459196761639,1.0,0.4634146341463415,0.7925685112294799,0.0,0.47029393370856787,0.11744091256541755,0.2956528251020378,0.39927832905418587,0.3580334743700107,0.37923099050724524,2020,1.0,0.0,0.010543832290412388,2.0
2020-07-15,0.555910219628103,0.4886843818400098,0.4910912756783678,0.9820693608964227,0.4047184273848834,0.8693860946303387,0.0,0.4634146341463415,0.6723038719081876,1.0,0.47029393370856787,0.4531842539991712,0.17361714998676525,0.39927832905418587,0.8029793186887998,0.37923099050724524,2020,0.0,0.0,0.010437820989929606,3.0
2020-07-16,0.18996201366249715,0.801835216779431,0.45744546751552934,0.7977451545223728,0.4655760011690462,0.7678102940835445,0.0,0.4634146341463415,0.11818299732639737,0.0,0.47029393370856787,0.7916018595566553,0.8050148976512067,0.39927832905418587,0.057965406493050646,0.37923099050724524,2020,0.0,0.0,0.010273308241385198,4.0
2020-07-17,0.8177347959908989,0.27066019283569215,0.36966760024301903,0.8340588395433098,0.48829901642315565,0.7609230711298814,1.0,0.4634146341463415,0.8341374897215803,0.0,0.47029393370856787,0.17951271167123747,0.5817247761870575,0.39927832905418587,0.19619990178672767,0.37923099050724524,2020,0.0,0.0,0.010450467947898081,0.0
2020-07-20,0.7370034030931796,0.3290370157798456,0.5392952249290195,0.6260095339084825,0.5197756519892754,0.901952427041534,1.0,0.4634146341463415,0.7864207723041203,0.0,0.47029393370856787,0.24805154279606323,1.4239033644353214,0.39927832905418587,0.08347206628208392,0.37923099050724524,2020,0.0,0.0,0.010152589541209412,1.0
2020-07-21,0.7581121740843263,0.04545222078688065,0.43636637644492066,0.8846600285783579,0.4778820321287801,0.6457530575577018,1.0,0.4634146341463415,0.7392246536663035,0.0,0.47029393370856787,0.05148349513223754,1.6602388945272772,0.39927832905418587,0.10601920524631404,0.37923099050724524,2020,0.0,0.0,0.009935965807059674,2.0
2020-07-22,0.8397772441541704,0.015420418381929459,0.48131568938822733,0.9068151078693238,0.49285902443483764,0.8003452309148524,1.0,0.4634146341463415,0.7383619393421116,0.0,0.47029393370856787,0.031796078039445015,1.4055718254862204,0.39927832905418587,0.4210407749493122,0.37923099050724524,2020,0.0,0.0,0.010164609116319405,3.0
2020-07-23,0.32308059923124444,0.17815361037391655,0.3130008417245708,0.6737943882582405,0.6367093070383226,0.9336585359378243,1.0,0.4634146341463415,0.41069516623832386,0.0,0.47029393370856787,0.12135435444871541,0.9147365227065783,0.39927832905418587,0.2718721553555168,0.37923099050724524,2020,0.0,0.0,0.011226501219506661,4.0
2020-07-24,0.6171851082912179,0.2528375615732149,0.46765415062024496,0.7141668695731134,0.5568479689542291,0.8666314339620274,1.0,0.4634146341463415,0.6909623358797338,0.0,0.47029393370856787,0.15870646272880456,2.0415517920441144,0.39927832905418587,0.06800577655243885,0.37923099050724524,2020,0.0,0.0,0.011447387404717823,0.0
2020-07-27,0.6120280072145611,0.02619550979106819,0.4902979409768526,0.8478657878541523,0.5038742943536717,0.810952252379802,1.0,0.4634146341463415,0.5983528114945507,0.0,0.47029393370856787,0.02699440954590219,1.6820710312366267,0.39927832905418587,1.4882327770646124,0.37923099050724524,2020,0.0,0.0,0.012035410991003047,1.0
2020-07-28,0.14905146855412535,0.015831551413548778,0.3611168399466102,0.6598993349038811,0.6712575376089125,1.0275503513142141,0.0,0.4634146341463415,0.10445657093136326,0.0,0.47029393370856787,0.02787981861484432,0.7984634673353392,0.39927832905418587,0.6748472803905337,0.37923099050724524,2020,0.0,0.0,0.013664998837160968,2.0
2020-07-29,0.639336286247358,0.15028310089400382,0.4538794615821869,0.99167275099246,0.5865483677506792,1.0055233046151575,0.0,0.4634146341463415,0.5281328159430246,1.0,0.47029393370856787,0.1494129427793957,0.04014718944295994,0.39927832905418587,1.0974749397284658,0.37923099050724524,2020,0.0,1.0,0.01428448177110897,3.0
2020-07-30,0.48223955189996,0.3522892263249825,0.3071403874579431,0.7776803705414497,0.5277033440985981,1.065843182770656,1.0,0.4634146341463415,0.3626322422595028,0.0,0.47029393370856787,0.43613290234820107,0.9305992920786057,0.39927832905418587,0.03178322958623437,0.37923099050724524,2020,0.0,0.0,0.014959924274627157,4.0
2020-07-31,0.48561645196947517,0.3927022657242108,0.3893184131414096,0.7898306950540649,0.6068849695668699,0.8723753166536758,1.0,0.4634146341463415,0.6777781970013278,0.0,0.47029393370856787,0.27256452041632506,0.5089160963364647,0.39927832905418587,0.4432708930305299,0.37923099050724524,2020,1.0,0.0,0.015279785032924596,0.0
2020-08-03,0.4667006819757059,0.4094498690177814,0.3945086282260756,0.7914668294157474,0.598242015510469,1.023517812197699,1.0,0.4634146341463415,0.5216045135623392,0.0,0.47029393370856787,0.40334678784955375,1.4119507826855588,0.39927832905418587,0.2793943200055802,0.37923099050724524,2020,0.0,0.0,0.015536890583689523,1.0
2020-08-04,0.9351176152404467,0.01097821121640043,0.34831762134842364,1.0898505522092514,0.39512921274609814,0.789969127910226,1.0,0.4634146341463415,0.7589160098906428,0.0,0.47029393370856787,0.04334745079601344,1.0960801022582027,0.39927832905418587,0.28035790370686275,0.37923099050724524,2020,0.0,0.0,0.01660652373876741,2.0
2020-08-05,0.4963435035893614,0.16900248649917893,0.37272148613932593,0.7796463377667915,0.5796532543579848,0.8397247911437167,1.0,0.4634146341463415,0.4663340307801975,0.0,0.47029393370856787,0.22786839450833563,0.9003822168577765,0.39927832905418587,0.08786964393482537,0.37923099050724524,2020,0.0,0.0,0.017424766092407683,3.0
2020-08-06,0.7145817321142786,0.2232785532335773,0.3482275037148083,0.7105085047182861,0.5638579468301371,0.8376144893427199,1.0,0.4634146341463415,0.7802633419442845,1.0,0.47029393370856787,0.1807551932435244,0.319993801572856,0.39927832905418587,1.2897377290512524,0.37923099050724524,2020,1.0,1.0,0.01787393450909518,4.0
2020-08-07,0.08764216317291978,0.44122298235872465,0.32064731658926177,0.5476208008721972,0.5612296826496693,0.8976252836530448,0.0,0.4634146341463415,0.11819971161219114,0.0,0.47029393370856787,0.490421942066637,0.38038187944590074,0.39927832905418587,0.4033445650817443,0.37923099050724524,2020,0.0,0.0,0.019691250626640316,0.0
2020-08-10,0.2675317495581076,0.7719678942878134,0.26420046211139026,0.5985925438525281,0.5508469311760136,0.9538362382285995,0.0,0.4634146341463415,0.3096010596642315,1.0,0.47029393370856787,0.7035423098518908,0.06844995571302015,0.39927832905418587,3.1211691762621823,0.37923099050724524,2020,0.0,0.0,0.019890109348034278,1.0
2020-08-11,0.00043842217819569,0.8958755509223304,0.3911714008812561,0.913729105200532,0.42724550012546814,0.6651175250673506,0.0,0.4634146341463415,0.0033941460613568326,1.0,0.47029393370856787,0.44064436522490963,0.8034019885288833,0.39927832905418587,1.024803644122946,0.37923099050724524,2020,0.0,1.0,0.024692792794139416,2.0
2020-08-12,0.11129875807427789,0.14524346919649386,0.3687415143245695,0.9323773433718572,0.5114010847841478,0.7905391675957831,1.0,0.4634146341463415,0.2834783052115578,0.0,0.47029393370856787,0.16400850381275467,0.9789563825754901,0.39927832905418587,0.0737017955161231,0.37923099050724524,2020,0.0,0.0,0.02654849116404437,3.0
2020-08-13,0.5510666781153954,0.15453200096967012,0.31073133741690595,0.82474209458161,0.41178510755033326,0.690722932584226,0.0,0.4634146341463415,0.7230025249965759,0.0,0.47029393370856787,0.19750193734690594,0.1685858926763428,0.39927832905418587,0.3959500506243678,0.37923099050724524,2020,0.0,0.0,0.02708841336315407,4.0
2020-08-14,0.5440510694241457,0.5068924424311149,0.3429467704738798,0.5251096423926197,0.45178990995285684,0.8278926979142267,1.0,0.4634146341463415,0.5058959157988892,1.0,0.47029393370856787,0.6642828560220647,0.8930744711677769,0.39927832905418587,0.2886119965227478,0.37923099050724524,2020,0.0,1.0,0.026622060850424827,0.0
2020-08-17,0.6776777388594155,0.03721843858825818,0.2468667680407603,0.7132176533773399,0.3936227866123506,0.6301585059435452,1.0,0.4634146341463415,0.7789810897582388,0.0,0.47029393370856787,0.09804440387047715,0.6018629090040621,0.39927832905418587,0.1774118770985819,0.37923099050724524,2020,0.0,0.0,0.02561187993408036,1.0
2020-08-18,0.4765481525036114,0.2956229364261142,0.22602353492782468,0.5847814231041668,0.41989332315004646,0.6964457749409887,0.0,0.4634146341463415,0.6897859344826842,1.0,0.47029393370856787,0.3551785058519561,0.09163436148098353,0.39927832905418587,1.5186527332996214,0.37923099050724524,2020,0.0,0.0,0.025404405913850004,2.0
2020-08-19,0.012059702716746033,0.8965903606533367,0.41234414530714913,0.9733097789329083,0.29518568253115546,0.6543227401021129,0.0,0.4634146341463415,0.03563165245572808,1.0,0.47029393370856787,0.7440435303456876,0.47981833217384195,0.39927832905418587,0.08637097515193748,0.37923099050724524,2020,0.0,1.0,0.028207756123967104,3.0
2020-08-20,0.6889117259329954,0.28326848986526715,0.4753939680787099,0.9518854849069719,0.4298745706214538,0.7019920288552899,1.0,0.4634146341463415,0.8049845543447374,1.0,0.47029393370856787,0.36553621950069776,0.17086123901214154,0.39927832905418587,0.6416910841356199,0.37923099050724524,2020,1.0,1.0,0.028051985413319894,4.0
2020-08-21,0.4796249491491308,0.1885247952754118,0.400704176499979,0.8482967895343287,0.4366383308084944,0.705567110559645,1.0,0.4634146341463415,0.647112778882833,0.0,0.47029393370856787,0.3834569012171678,0.3843974722161657,0.39927832905418587,0.29789906810403594,0.37923099050724524,2020,1.0,0.0,0.028716829306898665,0.0
2020-08-24,0.1648876857577808,0.6331895356810716,0.3837062772017036,0.7523995086213378,0.3754321964168745,0.6910148612294759,0.0,0.4634146341463415,0.2318608719234516,1.0,0.47029393370856787,0.8124350104831696,0.15202098641364914,0.39927832905418587,0.2720664047715351,0.37923099050724524,2020,0.0,1.0,0.028370666698263318,1.0
2020-08-25,0.7181078980054945,0.27448133842446515,0.3904072828511894,0.9557079631045575,0.41545657449153167,0.6985942465012479,1.0,0.4634146341463415,0.7312954735754942,1.0,0.47029393370856787,0.5466395591818661,0.5066799413402946,0.39927832905418587,0.4750359896134604,0.37923099050724524,2020,0.0,1.0,0.027538820077140008,2.0
2020-08-26,0.8516857764419369,0.024529094851253153,0.3659161362321041,0.8532482964095925,0.32871426596612147,0.7038453442531983,1.0,0.4634146341463415,0.8599952186283386,0.0,0.47029393370856787,0.11511163693742617,0.41670393265816275,0.39927832905418587,0.8092858082335878,0.37923099050724524,2020,1.0,0.0,0.02779493966125492,3.0
2020-08-27,0.1364378604919257,0.32428218214457827,0.41820899943377965,0.8753914335801045,0.4274666683685693,0.667229963141555,0.0,0.4634146341463415,0.16737054363274248,0.0,0.47029393370856787,0.5877718249411296,0.820643110277252,0.39927832905418587,0.10178236397748866,0.37923099050724524,2020,0.0,0.0,0.028422119127606272,4.0
2020-08-28,0.6082569363217044,0.13101686883452118,0.2680906028990481,0.5914116293317417,0.41848096870218554,0.8465176545251764,1.0,0.4634146341463415,0.7829683848130669,0.0,0.47029393370856787,0.20105655519749835,0.2260102454588218,0.39927832905418587,0.16621540886498973,0.37923099050724524,2020,1.0,0.0,0.02861456738967231,0.0
2020-08-31,0.492409858507481,0.48990719011823064,0.34129189930969533,0.5860959508252427,0.3953467430757883,0.7587950638372122,1.0,0.4634146341463415,0.7285299544773538,0.0,0.47029393370856787,0.5384996232446323,0.5187319884726231,0.39927832905418587,0.08501440922190422,0.37923099050724524,2020,1.0,0.0,0.024694370313889963,1.0
2020-09-01,0.2470988852525545,0.6934143525941984,0.28285408230519016,0.5491925088498981,0.5523992128929499,0.8301013544664337,0.0,0.4634146341463415,0.348250247866997,1.0,0.47029393370856787,0.7404779412501014,0.06560112972591468,0.39927832905418587,0.848995442582963,0.37923099050724524,2020,0.0,0.0,0.02259130816855823,2.0
2020-09-02,0.2828017513067044,0.5454468035843176,0.4360762020793128,0.7387753769821742,0.3221752436927846,0.6926247570584572,0.0,0.4634146341463415,0.2076610731768796,1.0,0.47029393370856787,0.7126326947616339,0.1917713948649023,0.39927832905418587,0.4808048368861731,0.37923099050724524,2020,0.0,0.0,0.022439798129692053,3.0
2020-09-03,0.42085272988372624,0.5835868898816531,0.5083480150238555,0.973544761344399,0.40249718850362426,0.7193898786718083,0.0,0.4634146341463415,0.35021763994267646,1.0,0.47029393370856787,0.7300504312931657,0.39536866964051476,0.39927832905418587,0.3154683810023617,0.37923099050724524,2020,0.0,1.0,0.022564181508147034,4.0
2020-09-04,0.6083362097177578,0.34650312185212595,0.4860830208540788,0.9463293379366756,0.3098222913311055,0.6871686703669412,0.0,0.4634146341463415,0.5661920124220049,0.0,0.47029393370856787,0.4941921627069853,0.2096799240790228,0.39927832905418587,0.19736002070572164,0.37923099050724524,2020,0.0,0.0,0.02141940567478428,0.0
2020-09-07,0.5628575558362491,0.6779124394545044,0.3767721197681619,0.8835947382121342,0.30642501656224763,0.86503654304763,0.0,0.4634146341463415,0.4884883593968129,1.0,0.47029393370856787,0.7657168247036671,0.2743273824490786,0.39927832905418587,0.5831028413376932,0.37923099050724524,2020,0.0,1.0,0.02060931435293386,1.0
2020-09-08,0.6248725977511769,0.1794746517730367,0.39753047664496943,0.9994099139323722,0.3840597169513599,0.86069882702069,1.0,0.4634146341463415,0.6715944527224826,0.0,0.47029393370856787,0.27367518761663745,0.5396569677203908,0.39927832905418587,0.3108116073007317,0.37923099050724524,2020,0.0,0.0,0.0188248478079162,2.0
2020-09-09,0.7839229674668605,0.14629703625168625,0.5115762647976164,0.8915598511507158,0.4170016611327309,0.8516108306698511,1.0,0.4634146341463415,0.8137758651218113,0.0,0.47029393370856787,0.19515157941119957,0.5554900805342775,0.39927832905418587,0.13914751522294097,0.37923099050724524,2020,1.0,0.0,0.01868370697077326,3.0
2020-09-10,0.24926317139241486,0.6958874890053864,0.4389732898329071,0.852293048624395,0.4717056386397804,0.8431609745494693,0.0,0.4634146341463415,0.27567325689392225,1.0,0.47029393370856787,0.7648405512795388,0.2420049388763045,0.39927832905418587,0.2508622624951523,0.37923099050724524,2020,0.0,0.0,0.017984782361339997,4.0
2020-09-11,0.3435769082474856,0.7229699450660843,0.3741319622869978,0.7605341955170728,0.4429085032890933,0.7977420866494724,1.0,0.4634146341463415,0.28676925725040747,1.0,0.47029393370856787,0.8476160102089327,0.6811730105281153,0.39927832905418587,0.07936575593537781,0.37923099050724524,2020,0.0,1.0,0.017280060573384826,0.0
2020-09-14,0.6559489819439188,0.1835403188608135,0.3230953570937046,0.6690110696345316,0.4377321799678489,0.7721328763198175,1.0,0.4634146341463415,0.792410328076831,0.0,0.47029393370856787,0.26391574955433483,0.46587486744432177,0.39927832905418587,0.24139978791092598,0.37923099050724524,2020,1.0,0.0,0.017214651183338397,1.0
2020-09-15,0.2171304747012234,0.6188315358419118,0.33687732081170413,0.7065504853923417,0.4484908419709687,0.693223718354531,1.0,0.4634146341463415,0.30437065947337694,0.0,0.47029393370856787,0.7237792545420477,0.6109205776173262,0.39927832905418587,0.1393050541516272,0.37923099050724524,2020,1.0,0.0,0.01619995540625993,2.0
2020-09-16,0.2915084842496808,0.5899834137146348,0.37679727905979826,0.8119898187632943,0.4952595626921941,0.9157464621986647,0.0,0.4634146341463415,0.4377864809895401,1.0,0.47029393370856787,0.5539350886626376,0.05280115892799131,0.39927832905418587,0.9287409146539515,0.37923099050724524,2020,0.0,0.0,0.014594987901000358,3.0
2020-09-17,0.37015571045323065,0.42916337782307473,0.43098820883033195,0.8347587441265089,0.3266625963731951,0.6128611043215326,0.0,0.4634146341463415,0.28316019359230415,0.0,0.47029393370856787,0.5575035828206105,0.5931669621827608,0.39927832905418587,0.007409955804899708,0.37923099050724524,2020,0.0,0.0,0.013883540947756417,4.0
2020-09-18,0.4307489580539312,0.7012495151569228,0.36302557694833937,0.6771198470947356,0.4011131284821574,0.8244315327023682,0.0,0.4634146341463415,0.4733272087613954,1.0,0.47029393370856787,0.6711504378811245,0.22653478120632126,0.39927832905418587,2.511826685302656,0.37923099050724524,2020,0.0,0.0,0.013631334041695671,0.0
2020-09-21,0.04544965794909414,0.16365195707807623,0.35616056569437854,0.7170710453781661,0.48044633544440973,0.559161042900825,0.0,0.4634146341463415,0.029088155212031765,0.0,0.47029393370856787,0.1920524438691208,0.2503610282083396,0.39927832905418587,0.6024838740733572,0.37923099050724524,2020,0.0,0.0,0.015517379180837143,1.0
2020-09-22,0.34442323353749354,0.6545094615111509,0.44081440718291454,1.0925090851034334,0.5301974667715446,0.6259121803542969,0.0,0.4634146341463415,0.20939324515932564,1.0,0.47029393370856787,0.7385741473851696,0.18581283743251173,0.39927832905418587,1.5494901019796044,0.37923099050724524,2020,0.0,0.0,0.015040759827547046,2.0
2020-09-23,0.04317612253305203,0.6718267460517144,0.44681396172027116,0.9179347002028656,0.49765472916574616,0.5801715380105993,0.0,0.4634146341463415,0.04112892567057618,1.0,0.47029393370856787,0.6257550328301335,0.4612822647793554,0.39927832905418587,0.4789342214820947,0.37923099050724524,2020,0.0,1.0,0.016115700261393695,3.0
2020-09-24,0.6211806879289116,0.25764401897404465,0.5335758109348266,1.0250382370576114,0.4454754972993151,0.5832020845438474,0.0,0.4634146341463415,0.628155896679847,0.0,0.47029393370856787,0.3050323564319249,0.24941334227288167,0.39927832905418587,0.5112303050620185,0.37923099050724524,2020,0.0,0.0,0.015972542006232653,4.0
2020-09-25,0.42921120739826457,0.5157587995814922,0.41666743374051174,0.8735025224358085,0.3900384494148481,0.6775088098023608,1.0,0.4634146341463415,0.39744762304525966,1.0,0.47029393370856787,0.6437127099745017,0.7349454493930959,0.39927832905418587,0.38582156520096605,0.37923099050724524,2020,0.0,1.0,0.01625526282655627,0.0
2020-09-28,0.8507473082999448,0.03196371317877998,0.29424137421120083,0.6838440597686324,0.4003291879318003,0.5775854555624382,1.0,0.4634146341463415,0.8208260871429052,0.0,0.47029393370856787,0.0972649627988192,0.5828096205641886,0.39927832905418587,0.19879034163398354,0.37923099050724524,2020,0.0,0.0,0.016068913414046156,1.0
2020-09-29,0.8320872055417899,0.10989673242650333,0.5036146043010608,0.8760662650894757,0.34240574496802684,0.6606028058560052,1.0,0.4634146341463415,0.8675399645322708,0.0,0.47029393370856787,0.1639201615870013,0.1706373055749192,0.39927832905418587,0.5368175589585805,0.37923099050724524,2020,1.0,0.0,0.015660884271272095,2.0
2020-09-30,0.269544524206441,0.6088277049562977,0.4910814142512235,0.8230714454452062,0.3668475159930814,0.7233927965466578,1.0,0.4634146341463415,0.24981919898866506,0.0,0.47029393370856787,0.7885136146941084,0.9024360624681216,0.39927832905418587,0.023802006169085222,0.37923099050724524,2020,0.0,0.0,0.015599012222945425,3.0
2020-10-01,0.7312645232920026,0.20852227174527552,0.41229572468976544,0.7201404106528515,0.43123759963744185,0.5648609808737504,1.0,0.4634146341463415,0.7739887386121964,0.0,0.47029393370856787,0.20693883279988579,0.3718106800720801,0.39927832905418587,0.5344778526036283,0.37923099050724524,2020,1.0,0.0,0.01580489062649907,4.0
2020-10-02,0.2576871270627433,0.4988304840444732,0.3473031638404753,0.6772615605610509,0.4074294983587131,0.5079772923460933,1.0,0.4634146341463415,0.3109392007714532,1.0,0.47029393370856787,0.6238021183536446,0.6462352135622026,0.39927832905418587,0.3953438953557026,0.37923099050724524,2020,1.0,1.0,0.015930145523889747,0.0
2020-10-05,0.6297563330926198,0.12364891863769227,0.3447288556847704,0.6567454532554085,0.3922105360267625,0.71535653101646,1.0,0.4634146341463415,0.7587795954610059,1.0,0.47029393370856787,0.16703625836040484,0.24122257780250872,0.39927832905418587,1.2567598905431125,0.37923099050724524,2020,1.0,0.0,0.01609791498365643,1.0
2020-10-06,0.02059031625280193,0.8818508395972988,0.49302571117139127,0.9826752016384097,0.4168823661969884,0.6895959645615185,0.0,0.4634146341463415,0.046859469967358874,1.0,0.47029393370856787,0.7386626667113149,0.6185048830493152,0.39927832905418587,0.15647803178942787,0.37923099050724524,2020,0.0,1.0,0.017253419608672445,2.0
2020-10-07,0.5596663419609086,0.3316374233731754,0.4783177980522459,0.7218312857302941,0.42641236271319927,0.6433723153459431,1.0,0.4634146341463415,0.6315435572722596,0.0,0.47029393370856787,0.4106856661370005,0.4110063241983812,0.39927832905418587,0.17707755464329467,0.37923099050724524,2020,1.0,0.0,0.017053835854795828,3.0
2020-10-08,0.6647459234115503,0.37347586008200245,0.4566583207249018,0.6800055895085159,0.38391180894850724,0.6741226816916526,1.0,0.4634146341463415,0.7172423353788098,0.0,0.47029393370856787,0.45880575151764497,1.135761078148091,0.39927832905418587,0.0,0.37923099050724524,2020,0.0,0.0,0.01710321610026904,4.0
2020-10-09,0.8507062538437156,0.03879980384828922,0.4444224626163769,0.7424804569855806,0.28989804475376924,0.5165369764300007,1.0,0.4634146341463415,0.8475752753945008,0.0,0.47029393370856787,0.06232253039923381,0.1036465570942596,0.39927832905418587,0.3884230197901172,0.37923099050724524,2020,1.0,0.0,0.015446275914645417,0.0
2020-10-12,0.4621818938781554,0.6287702748753504,0.37169702576962027,0.5900861087109642,0.500999188660533,0.846914740813076,0.0,0.4634146341463415,0.4032248075242254,1.0,0.47029393370856787,0.7802681660457137,0.0967202635590285,0.39927832905418587,1.2377440133746391,0.37923099050724524,2020,0.0,0.0,0.015111783505514675,1.0
2020-10-13,0.061621152939212706,0.7465420476338365,0.41077136409723536,0.7317276744957727,0.32898127645771486,0.5914756684953347,0.0,0.4634146341463415,0.05881137619482137,1.0,0.47029393370856787,0.7251674460293666,0.7793493635077783,0.39927832905418587,0.303748231966059,0.37923099050724524,2020,0.0,1.0,0.01495536658628421,2.0
2020-10-14,0.4839816969285109,0.2674332911802037,0.41509421961597404,0.8446139211182779,0.4142826817617627,0.5590767253819221,0.0,0.4634146341463415,0.5480175643306026,0.0,0.47029393370856787,0.2916538300745985,0.26993372163085183,0.39927832905418587,0.40630648724643315,0.37923099050724524,2020,0.0,0.0,0.014964748384692314,3.0
2020-10-15,0.8916081468448777,0.15910502323821712,0.4068070891895169,0.9222669018066104,0.37018656856645094,0.689694114386592,1.0,0.4634146341463415,0.8935863383428182,0.0,0.47029393370856787,0.17670157038405662,0.1960645275660335,0.39927832905418587,0.37298351356142473,0.37923099050724524,2020,1.0,0.0,0.014780325738361242,4.0
2020-10-16,0.25541706937366565,0.7836233807192038,0.3735357357519439,0.8349558498138506,0.43178144039145566,0.8985397301856198,1.0,0.4634146341463415,0.19355268532754658,1.0,0.47029393370856787,0.8759715701453412,0.7382101745265549,0.39927832905418587,0.05718529520980188,0.37923099050724524,2020,1.0,1.0,0.014184509230728705,0.0
2020-10-19,0.3012890221083497,0.6148646319080272,0.3113940151983085,0.7594691738063681,0.4587429000745788,0.8387216609396461,0.0,0.4634146341463415,0.38527080638619815,1.0,0.47029393370856787,0.6230216898872843,0.3664256556655352,0.39927832905418587,0.3570875910461365,0.37923099050724524,2020,0.0,1.0,0.014059744065468342,1.0
2020-10-20,0.682494169233109,0.3906913050688424,0.4340007907156679,1.0483131135547303,0.3481916723192493,0.8289798530040184,1.0,0.4634146341463415,0.6834726504182744,0.0,0.47029393370856787,0.3956838996660575,0.9131739736306109,0.39927832905418587,0.0,0.37923099050724524,2020,0.0,0.0,0.013976857057458833,2.0
2020-10-21,0.6576031666930436,0.3587185245980897,0.4692563249022471,0.78775493446114,0.3313393452672225,0.7751978323772734,0.0,0.4634146341463415,0.7278665247349041,1.0,0.47029393370856787,0.2644392500798176,0.05180143682817924,0.39927832905418587,1.1324474693458662,0.37923099050724524,2020,0.0,0.0,0.013742059326978329,3.0
2020-10-22,0.278474811119982,0.48869536466442137,0.4330374380734728,0.6958585354202704,0.3580144881023973,0.670877427377153,0.0,0.4634146341463415,0.1636610783084497,1.0,0.47029393370856787,0.6217560063649578,0.3938762423853785,0.39927832905418587,0.3474938548680115,0.37923099050724524,2020,0.0,1.0,0.014042886558329696,4.0
2020-10-23,0.332005413612322,0.6390724179264066,0.3203420022759078,0.6249901268853508,0.4298981137070763,0.8471501029135378,0.0,0.4634146341463415,0.37916841063892665,1.0,0.47029393370856787,0.6504098789845957,0.27413883449626797,0.39927832905418587,0.3868832565707813,0.37923099050724524,2020,0.0,1.0,0.013621954417414357,0.0
2020-10-26,0.5947494414223241,0.4642673206315423,0.3795793204868663,0.6516856829235615,0.5060804343192549,0.7730056681259275,1.0,0.4634146341463415,0.6714828985989829,0.0,0.47029393370856787,0.4131475106194797,0.38528644662289974,0.39927832905418587,0.1825703750337219,0.37923099050724524,2020,1.0,0.0,0.012526578186622266,1.0
2020-10-27,0.6912834455893326,0.4460130538312912,0.4475390244287849,0.8012842695995267,0.49510445496734984,0.8054536608477001,0.0,0.4634146341463415,0.8011760710328117,1.0,0.47029393370856787,0.35458095948850377,0.13783036740271734,0.39927832905418587,1.6617907388428101,0.37923099050724524,2020,0.0,0.0,0.012056534170477216,2.0
2020-10-28,0.048524563004915464,0.5856736240608342,0.4360036843332274,0.825886699616575,0.3760378397357408,0.5774621019368874,0.0,0.4634146341463415,0.044107348338755056,1.0,0.47029393370856787,0.5889507359181576,0.32353026564087795,0.39927832905418587,0.6966468282769668,0.37923099050724524,2020,0.0,0.0,0.013107922977395551,3.0
2020-10-29,0.3045018122411864,0.6006329905144375,0.48581543767459034,0.8829566978390072,0.4938345041272279,0.5894925393255946,1.0,0.4634146341463415,0.22772768606927707,0.0,0.47029393370856787,0.6120260614173331,0.9264056255071049,0.39927832905418587,0.13967605252878032,0.37923099050724524,2020,1.0,0.0,0.012726841600024495,4.0
2020-10-30,0.320281784779635,0.3636068165076541,0.3711195309218357,0.6878834371587894,0.4527516782811748,0.630665324380029,1.0,0.4634146341463415,0.5256147491947395,0.0,0.47029393370856787,0.3363977302808007,0.7056254367575182,0.39927832905418587,0.21075005823432832,0.37923099050724524,2020,0.0,0.0,0.013058287016160146,0.0
2020-11-02,0.8271468972741084,0.12349365865966919,0.4809904540205087,0.6243391547873745,0.37762107039784004,0.6710026509777807,1.0,0.4634146341463415,0.8693535884649514,0.0,0.47029393370856787,0.1075625430653038,0.6389118141525311,0.39927832905418587,0.362463701665903,0.37923099050724524,2020,0.0,0.0,0.012328330401515823,1.0
2020-11-03,0.8153292788475461,0.09630282820890126,0.4703823384620919,0.8318818398452391,0.31539283640136245,0.7584683794972154,1.0,0.4634146341463415,0.8415219732211766,1.0,0.47029393370856787,0.11034081018992997,0.3028257064265994,0.39927832905418587,1.1863590897724468,0.37923099050724524,2020,1.0,1.0,0.011967732909170643,2.0
2020-11-04,0.46364185710301925,0.10159954715157943,0.46013943210956854,0.6865105660538947,0.47095545749165874,0.7646962895812912,1.0,0.4634146341463415,0.3411686560949504,0.0,0.47029393370856787,0.24890417222805575,2.0804875862687076,0.39927832905418587,0.033461802754621454,0.37923099050724524,2020,0.0,0.0,0.012563047951349784,3.0
2020-11-05,0.6796506459231366,0.010697976468012058,0.44677895195300293,0.7243394679400887,0.4515678557930549,0.5394570516394815,1.0,0.4634146341463415,0.6319002637343429,0.0,0.47029393370856787,0.027181121419406436,0.41635969664138694,0.39927832905418587,0.5202600216684641,0.37923099050724524,2020,1.0,0.0,0.01352831896346403,4.0
2020-11-06,0.38203753856573425,0.2739893833504679,0.4227449135914536,0.6110757637020064,0.450574696091736,0.5572547467467842,1.0,0.4634146341463415,0.5919787602516717,1.0,0.47029393370856787,0.34660723905344365,0.5374785223367677,0.39927832905418587,3.7852770618556693,0.37923099050724524,2020,1.0,0.0,0.013635844464684752,0.0
2020-11-09,7.174916127545066e-05,0.6559606125934452,0.3418281201665887,0.6806639339731936,0.4600602186453232,0.6541543971857342,0.0,0.4634146341463415,0.0010332664573039154,0.0,0.47029393370856787,0.23412856535627533,0.8508502093480316,0.39927832905418587,0.055925830983512025,0.37923099050724524,2020,0.0,0.0,0.017957938558163057,1.0
2020-11-10,0.23988903288136024,0.5560417638239747,0.31708510426952896,0.784575143230986,0.4616892992974021,0.5915866537586406,0.0,0.4634146341463415,0.5837647457100658,1.0,0.47029393370856787,0.3767449667177382,0.21143218730225916,0.39927832905418587,0.6201223370596916,0.37923099050724524,2020,0.0,1.0,0.018039497405371606,2.0
2020-11-11,0.205595459936475,0.626870586745061,0.3499316775035466,0.7052986833749139,0.47483075983658823,0.522512188748392,0.0,0.4634146341463415,0.3154728698714479,0.0,0.47029393370856787,0.661625518181055,0.539856457298165,0.39927832905418587,0.08383233532933938,0.37923099050724524,2020,0.0,0.0,0.018032319872080583,3.0
2020-11-12,0.46772903806005733,0.529349583498354,0.41973539665563336,0.7606513958752169,0.4272093963887829,0.7064658573229909,1.0,0.4634146341463415,0.7618842692566773,0.0,0.47029393370856787,0.3815973800922788,0.591315399279815,0.39927832905418587,0.08599872908281736,0.37923099050724524,2020,0.0,0.0,0.017967417357872446,4.0
2020-11-13,0.557978747999574,0.3391007547896541,0.32911270648091173,0.5781750598096771,0.4042713095177928,0.6674839697950078,1.0,0.4634146341463415,0.749464963585624,1.0,0.47029393370856787,0.3647791226399351,0.28303545268092833,0.39927832905418587,0.7225314972165209,0.37923099050724524,2020,1.0,1.0,0.0180646049128527,0.0
2020-11-16,0.39987618817857856,0.22892033018820976,0.32611861657571506,0.5586533830575745,0.4171893641274956,0.6409564830474251,0.0,0.4634146341463415,0.6290248121650496,0.0,0.47029393370856787,0.2934832771451741,0.13645935701249834,0.39927832905418587,0.3251439000421151,0.37923099050724524,2020,0.0,0.0,0.01885858313079485,1.0
2020-11-17,0.42781621542322923,0.7505170631203052,0.4203767137619702,0.7272706042142811,0.45988419218005294,0.8193208417660568,0.0,0.4634146341463415,0.3361424598148942,1.0,0.47029393370856787,0.8300306341068407,0.13891821137524937,0.39927832905418587,0.48473588650086147,0.37923099050724524,2020,0.0,0.0,0.017995913439071264,2.0
2020-11-18,0.4376324991694769,0.585681510101284,0.3665641422217087,0.781960766568928,0.3863527469457026,0.7316783348134381,0.0,0.4634146341463415,0.480060934477272,1.0,0.47029393370856787,0.652123162982309,0.048588340501635977,0.39927832905418587,0.584252437933822,0.37923099050724524,2020,0.0,1.0,0.01791818509226533,3.0
2020-11-19,0.6781861609754514,0.30180197806596537,0.5057944068283,1.0427184834718008,0.26350927560885673,0.6395644324730045,1.0,0.4634146341463415,0.6715825418990932,0.0,0.47029393370856787,0.46841086834181095,0.41769949522071015,0.39927832905418587,0.14975835033831025,0.37923099050724524,2020,1.0,0.0,0.017822783608322155,4.0
2020-11-20,0.502919413080844,0.4699985831367311,0.3773203273883081,0.8704716601636556,0.39244907082114344,0.7561496600185089,0.0,0.4634146341463415,0.652534652160163,1.0,0.47029393370856787,0.5364138029845029,0.15699008529246428,0.39927832905418587,1.2092479542797736,0.37923099050724524,2020,0.0,0.0,0.01763693883768929,0.0
2020-11-23,0.05488988465645665,0.6953411171617416,0.4527583683587445,0.8246044940374211,0.328484204319418,0.5012418737359698,0.0,0.4634146341463415,0.07720868503278629,1.0,0.47029393370856787,0.7094531659934069,0.04139613746329952,0.39927832905418587,1.0745626731731506,0.37923099050724524,2020,0.0,0.0,0.01879961127308064,1.0
2020-11-24,0.11665452112695954,0.6472282601919173,0.36568865852887805,0.7444508505322679,0.33916324439466694,0.593442794304571,0.0,0.4634146341463415,0.1202707557369243,0.0,0.47029393370856787,0.7334032302623105,0.2991354939156821,0.39927832905418587,0.16405129675912744,0.37923099050724524,2020,0.0,0.0,0.019293034050343515,2.0
2020-11-25,0.4801781700347981,0.6658301322673228,0.35438169432912303,0.7991449767818677,0.48589908468144544,0.6718332361257993,1.0,0.4634146341463415,0.5249758349258095,0.0,0.47029393370856787,0.6983019680622664,0.32859504132231715,0.39927832905418587,0.05090909090908675,0.37923099050724524,2020,1.0,0.0,0.017930842075812574,3.0
2020-11-26,0.43881752007280816,0.7533810248104914,0.3595722694744244,1.045597679833945,0.4654707805991416,0.7292221520195318,0.0,0.4634146341463415,0.5188694200214944,1.0,0.47029393370856787,0.7632183782350904,0.12751784298176003,0.39927832905418587,1.1257731958762898,0.37923099050724524,2020,0.0,0.0,0.017419725594425676,4.0
2020-11-27,0.09263950530238771,0.4528248270776317,0.32252862191182047,0.6187966495917728,0.40547151997690056,0.5021759940229292,0.0,0.4634146341463415,0.10642479814426216,1.0,0.47029393370856787,0.4953154728882468,0.11250512505124399,0.39927832905418587,0.8594779281126166,0.37923099050724524,2020,0.0,1.0,0.014624043950878228,0.0
2020-11-30,0.43057796894834505,0.312633522692953,0.30637265439970535,0.7885252501171807,0.43744482397459367,0.6419198395254907,1.0,0.4634146341463415,0.3856828303260852,0.0,0.47029393370856787,0.49122187234173215,1.5721053943978072,0.39927832905418587,0.03956445848225354,0.37923099050724524,2020,0.0,0.0,0.014510693761764561,1.0
2020-12-01,0.8092416039924836,0.021365911994538928,0.3713386040321997,0.6821648840242128,0.462481213503623,0.5918028558208809,1.0,0.4634146341463415,0.7449148529077909,0.0,0.47029393370856787,0.045784519541676914,0.6459179311818771,0.39927832905418587,0.28424877110493413,0.37923099050724524,2020,0.0,0.0,0.014731127022519327,2.0
2020-12-02,0.8603726607087681,0.09828028130368185,0.3854793717066684,0.7391927027771409,0.4146729888517921,0.6504183254086414,1.0,0.4634146341463415,0.847256900832316,0.0,0.47029393370856787,0.13784163390875398,0.4986118822876198,0.39927832905418587,0.2561539885248967,0.37923099050724524,2020,0.0,0.0,0.01475826276973502,3.0
2020-12-03,0.8197712061768562,0.20218478491068403,0.49911264854279774,0.7210124448929711,0.36990971618905777,0.6737643292352916,1.0,0.4634146341463415,0.8289064492796197,0.0,0.47029393370856787,0.22203348146029978,0.27198211624440993,0.39927832905418587,0.4333084947839092,0.37923099050724524,2020,1.0,0.0,0.014581092386757482,4.0
2020-12-04,0.5762539236195146,0.4071882179757989,0.38476710639787276,0.6158877211015579,0.44349624158174705,0.6800174581235883,1.0,0.4634146341463415,0.5350683434487618,1.0,0.47029393370856787,0.5313412354129279,1.1650803341010643,0.39927832905418587,0.6340150400976755,0.37923099050724524,2020,0.0,1.0,0.014000627827359896,0.0
2020-12-07,0.618163542184731,0.037206426411936326,0.29869349555996355,0.4834262503843121,0.5059360184798354,0.6684323406983945,1.0,0.4634146341463415,0.5806783514157755,0.0,0.47029393370856787,0.06491384945778868,0.4785772857728553,0.39927832905418587,0.06385813858138491,0.37923099050724524,2020,0.0,0.0,0.014970158655140835,1.0
2020-12-08,0.7174139950630131,0.4493751762502413,0.3314966964102673,0.6971086803785218,0.5404855609101816,0.783044754156897,0.0,0.4634146341463415,0.7691457266590249,1.0,0.47029393370856787,0.421305726027462,0.021131525529586713,0.39927832905418587,1.6362358819549312,0.37923099050724524,2020,0.0,0.0,0.014676282293664654,2.0
2020-12-09,0.10305419256781756,0.4970224736019212,0.339224792359761,0.8596089526097198,0.3211382544077271,0.7420076510238194,0.0,0.4634146341463415,0.09333954785492185,0.0,0.47029393370856787,0.4946311352896502,0.3440712816998011,0.39927832905418587,0.37971213159698197,0.37923099050724524,2020,0.0,0.0,0.015859988586026025,3.0
2020-12-10,0.5977082028259032,0.516859904949554,0.5454832439363797,0.9598353398247795,0.3993595582032868,0.5793436202202733,0.0,0.4634146341463415,0.4133462402124779,1.0,0.47029393370856787,0.6499986927448939,0.38376707159724416,0.39927832905418587,0.4253475180758097,0.37923099050724524,2020,0.0,1.0,0.015976778304844248,4.0
2020-12-11,0.5265178899511451,0.31762734227663625,0.3936387568105762,0.7098230659856627,0.4440089251006317,0.5621903801636937,0.0,0.4634146341463415,0.6441264890172574,1.0,0.47029393370856787,0.3491608062604441,0.0711809567829912,0.39927832905418587,0.7412885499319564,0.37923099050724524,2020,0.0,1.0,0.01512239106426404,0.0
2020-12-14,0.42138272160895246,0.4713106353672769,0.44901809397723624,0.8821106251229709,0.3300464785558078,0.6224409967113518,1.0,0.4634146341463415,0.3262889436419925,0.0,0.47029393370856787,0.6444625728714456,1.0642069187105019,0.39927832905418587,0.05585305772732175,0.37923099050724524,2020,0.0,0.0,0.014602489945833004,1.0
2020-12-15,0.8446739038036901,0.06678714886379565,0.40509835796533705,0.769760715267034,0.3688840764678914,0.7029126022164379,1.0,0.4634146341463415,0.8332348776989197,0.0,0.47029393370856787,0.10091992188900047,0.446889284884168,0.39927832905418587,0.31021926086619417,0.37923099050724524,2020,0.0,0.0,0.014924136314897302,2.0
2020-12-16,0.8716555877660885,0.14573076032975218,0.4452932374098007,0.8453060470805542,0.3515243734235437,0.85778243279589,1.0,0.4634146341463415,0.8833557303763889,0.0,0.47029393370856787,0.16680272219747627,1.1211317418213995,0.39927832905418587,0.09053934571175765,0.37923099050724524,2020,0.0,0.0,0.01516459823870766,3.0
2020-12-17,0.6109270398183269,0.1648158159311837,0.3686622069643369,0.6099884323674704,0.48169305417609093,0.6213465966593964,0.0,0.4634146341463415,0.5837709797875962,0.0,0.47029393370856787,0.19056026755189,0.15412186379928164,0.39927832905418587,0.2813620071684558,0.37923099050724524,2020,0.0,0.0,0.014798627281455028,4.0
2020-12-18,0.6106687113567365,0.6722645242313042,0.2865315217638605,0.4923066679932076,0.5516790523317273,0.8093674022392359,1.0,0.4634146341463415,0.4644446791333386,1.0,0.47029393370856787,0.7675146412870677,0.9460712866039495,0.39927832905418587,0.966105737379099,0.37923099050724524,2020,1.0,0.0,0.014328165296185014,0.0
2020-12-21,0.05286191380297807,0.3197830439742036,0.27606811932925246,0.5396555872726927,0.46863218272256874,0.6088603048092457,0.0,0.4634146341463415,0.10975409200072918,0.0,0.47029393370856787,0.26120877574959717,0.28336861671916674,0.39927832905418587,0.6336035524345527,0.37923099050724524,2020,0.0,0.0,0.014745192984860423,1.0
2020-12-22,0.18641816453014348,0.8356567997209844,0.3843675851889149,0.7855367547161822,0.40377827593308974,0.6664077882394104,0.0,0.4634146341463415,0.11004302448307894,1.0,0.47029393370856787,0.8386776204209847,0.6714108910891137,0.39927832905418587,0.092048267326731,0.37923099050724524,2020,0.0,1.0,0.01489553080306975,2.0
2020-12-23,0.7121913926621133,0.3341469104440692,0.3599479839900597,0.8474054931951033,0.42545081254162764,0.8147078244897933,1.0,0.4634146341463415,0.7803268993886403,0.0,0.47029393370856787,0.2739593865108702,0.26335563561503444,0.39927832905418587,0.1336592897580991,0.37923099050724524,2020,0.0,0.0,0.014818667707964715,3.0
2020-12-24,0.8733327168723071,0.4334207670157019,0.3250589882437463,0.7049937198001054,0.38331128609210063,0.834352709276531,1.0,0.4634146341463415,0.9119574788619471,1.0,0.47029393370856787,0.2803007278237538,0.7645590900732948,0.39927832905418587,0.3714308229793236,0.37923099050724524,2020,1.0,1.0,0.014468831334679286,4.0
2020-12-28,0.08183904531084275,0.6676727163438229,0.29463412384319976,0.6333835423894111,0.4605868972700255,0.6322407072896469,0.0,0.4634146341463415,0.11512346646870891,0.0,0.47029393370856787,0.6991949022511523,0.5028608974183523,0.39927832905418587,0.060941221562128944,0.37923099050724524,2020,0.0,0.0,0.013927303646256333,1.0
2020-12-29,0.6416264248104563,0.6308903541674283,0.3892815338032546,0.9668058481326036,0.4568793460969503,0.7997704752272851,1.0,0.4634146341463415,0.5749674982368569,0.0,0.47029393370856787,0.6149524291602956,0.6212245792906883,0.39927832905418587,0.07520692868497639,0.37923099050724524,2020,0.0,0.0,0.013875821174337312,2.0
2020-12-30,0.9068867401653253,0.1759371140940084,0.46077258744073707,0.9435563985168377,0.40494752431406994,0.7963823334301319,1.0,0.4634146341463415,0.9081655495342345,0.0,0.47029393370856787,0.1319311052393643,0.24431144821048026,0.39927832905418587,0.3704076795449086,0.37923099050724524,2020,0.0,0.0,0.012726633776709281,3.0
2020-12-31,0.7360158561566407,0.4553269224128897,0.4135071362332472,1.0436299234942246,0.4225177253675083,0.8569812535899834,1.0,0.4634146341463415,0.7348524516956338,0.0,0.47029393370856787,0.4091494062107113,2.073244369301377,0.39927832905418587,0.0,0.37923099050724524,2020,0.0,0.0,0.012482494659834883,4.0
2021-01-04,0.8453200711009586,0.029521979526763453,0.6052740392389908,1.091693212103334,0.35459834074656293,0.6438687661507808,1.0,0.47631862217438103,0.7851773668945644,0.0,0.46340150699677074,0.04008913586872407,0.41073682439065534,0.4054612136396447,0.32670462513673176,0.3693448892278275,2021,0.0,0.0,0.013109658118589601,1.0
2021-01-05,0.8371220495435526,0.3638982196880029,0.7649376768762787,0.9823956187377015,0.42550356801357286,0.7280501942784079,1.0,0.47631862217438103,0.8237699982850246,1.0,0.46340150699677074,0.23202153584720092,0.3830342207479175,0.4054612136396447,1.9377959229962252,0.3693448892278275,2021,1.0,0.0,0.012921635634127694,2.0
2021-01-06,0.04920264620515371,0.3354805495395861,0.39083568729193946,0.7334166475275584,0.5669262607124972,0.8293114859305025,0.0,0.47631862217438103,0.03639306955226926,0.0,0.46340150699677074,0.3430490185025189,0.32383949645947824,0.4054612136396447,0.4317859952793071,0.3693448892278275,2021,0.0,0.0,0.014194361119735195,3.0
2021-01-07,0.45334197898459105,0.7377707496463218,0.4649237316408986,0.6776490345462257,0.3786084727338434,0.8075373121865017,0.0,0.47631862217438103,0.33976533158254907,1.0,0.46340150699677074,0.6915781894924742,0.1503123851525227,0.4054612136396447,3.12826166850422,0.3693448892278275,2021,0.0,0.0,0.014221279131148323,4.0
2021-01-08,0.002811354545553218,0.48909703955993494,0.5754992678236777,0.7402921614676474,0.4637436221452853,0.7419397753610438,0.0,0.47631862217438103,0.0060363318488783745,1.0,0.46340150699677074,0.2656283192430657,0.2511642845672051,0.4054612136396447,1.0175044162518079,0.3693448892278275,2021,0.0,1.0,0.01684074448693471,0.0
2021-01-11,0.4295752847045403,0.2053342768519145,0.5012237759812269,0.6982609192907987,0.3038603724912357,0.47552699973467666,1.0,0.47631862217438103,0.5052064680469883,0.0,0.46340150699677074,0.26104202524783987,0.6135048786805956,0.4054612136396447,0.17982039547534875,0.3693448892278275,2021,1.0,0.0,0.017950822403729996,1.0
2021-01-12,0.679199144625932,0.29948782170742905,0.543566415248548,0.8635548312862548,0.27434366987506803,0.5518131247209443,0.0,0.47631862217438103,0.6851643078413115,0.0,0.46340150699677074,0.3295316620173413,0.26436807854777866,0.4054612136396447,0.40310537732617535,0.3693448892278275,2021,0.0,0.0,0.016867962695207343,2.0
2021-01-13,0.3673990659229854,0.8451165225323873,0.5198905517373155,0.8609729342849608,0.34391707275010136,0.6768718744917127,0.0,0.47631862217438103,0.2275186437271048,1.0,0.46340150699677074,0.824620015163612,0.40502007105615895,0.4054612136396447,0.47381534628338906,0.3693448892278275,2021,0.0,1.0,0.016782626539517346,3.0
2021-01-14,0.5976688194330467,0.34389880771129056,0.44953874859441173,0.9306509462202227,0.3418186002221696,0.5873102996150886,0.0,0.47631862217438103,0.575631828102864,1.0,0.46340150699677074,0.40495093777588587,0.34050782672006,0.4054612136396447,0.7227429923552985,0.3693448892278275,2021,0.0,0.0,0.017007208096842644,4.0
2021-01-15,0.12704204526303206,0.7737573835812656,0.515923906275647,0.7015326054683212,0.26805873538784375,0.6371236021593673,0.0,0.47631862217438103,0.12358899114901827,1.0,0.46340150699677074,0.7837924221994211,0.4116220663375746,0.4054612136396447,0.6656274356975848,0.3693448892278275,2021,0.0,1.0,0.018056322214733724,0.0
2021-01-18,0.8063584246541793,0.08539506853628397,0.4333794569594125,0.8383664569945583,0.3020826021689327,0.62842924512174,1.0,0.47631862217438103,0.7992011408207711,0.0,0.46340150699677074,0.1281036119168151,0.23436863652927448,0.4054612136396447,0.13293893211582902,0.3693448892278275,2021,1.0,0.0,0.01813458612655378,1.0
2021-01-19,0.6799201460381373,0.5553919102367088,0.4190819389956452,0.9290787100982374,0.4498335191456318,0.6860455460982374,1.0,0.47631862217438103,0.7379798046043138,1.0,0.46340150699677074,0.570668228841379,0.9539283713312902,0.4054612136396447,0.21992845752704285,0.3693448892278275,2021,0.0,1.0,0.01801484945958557,2.0
2021-01-20,0.9335353561912839,0.025756115267576145,0.40191963831323213,0.692846548958732,0.32159687750438365,0.47493538538745056,1.0,0.47631862217438103,0.8640648535532626,0.0,0.46340150699677074,0.08100550110813123,0.10828761189719902,0.4054612136396447,0.3693329483107124,0.3693448892278275,2021,1.0,0.0,0.018506148230880624,3.0
2021-01-21,0.775240802581193,0.3285910811408439,0.46996172726703833,0.7979743563032782,0.43296035242531977,0.6547169027356659,0.0,0.47631862217438103,0.7750553317193756,1.0,0.46340150699677074,0.4452958855109984,0.03280305833025324,0.4054612136396447,0.9285567476466478,0.3693448892278275,2021,0.0,0.0,0.018588789417219625,4.0
2021-01-22,0.4474623972774579,0.2994420336372322,0.4083173651997755,0.7997098751572339,0.2850354193356936,0.5572449357158676,0.0,0.47631862217438103,0.4564853513610848,0.0,0.46340150699677074,0.41513926752151814,0.35349331068167666,0.4054612136396447,0.2580590358887191,0.3693448892278275,2021,0.0,0.0,0.018124058003143696,0.0
2021-01-25,0.5404532852186229,0.5595525967055037,0.317334333148826,0.8000205976587867,0.33975685231397995,0.6699353827884721,0.0,0.47631862217438103,0.5257911222342114,0.0,0.46340150699677074,0.6242989908031561,0.17030188918741682,0.4054612136396447,0.22361378493304834,0.3693448892278275,2021,0.0,0.0,0.018192559636064122,1.0
2021-01-26,0.5546143232245201,0.7343590679847276,0.39676853257828476,0.8912099944302535,0.47778537012511646,0.7120148468166708,0.0,0.47631862217438103,0.3323721161981057,1.0,0.46340150699677074,0.8483245071648845,0.08546968562874668,0.4054612136396447,0.6257952844311344,0.3693448892278275,2021,0.0,0.0,0.016501925327552718,2.0
2021-01-27,0.6445112134485371,0.4116934951195213,0.45213425877998864,0.9296088693903722,0.28538011725686907,0.5783907875981198,1.0,0.47631862217438103,0.6161721643434073,0.0,0.46340150699677074,0.4616677180409574,0.6450333597723136,0.4054612136396447,0.330518359539025,0.3693448892278275,2021,1.0,0.0,0.016603350882031232,3.0
2021-01-28,0.344590855637862,0.6150846171716381,0.4898812359001634,0.9394641970966957,0.30475082338266896,0.5774176932676808,1.0,0.47631862217438103,0.21154625446351782,0.0,0.46340150699677074,0.6038860876352099,1.2630780894617197,0.4054612136396447,0.10614101592115069,0.3693448892278275,2021,1.0,0.0,0.014318979976225497,4.0
2021-01-29,0.10646888902607408,0.6303154128079169,0.45599471938268704,0.736314563872517,0.4934157827362855,0.6557761743823475,0.0,0.47631862217438103,0.1536986703835524,0.0,0.46340150699677074,0.5397100146966228,0.887194622069185,0.4054612136396447,0.0,0.3693448892278275,2021,0.0,0.0,0.014141187745385971,0.0
2021-02-01,0.5938713366579709,0.5759429730200851,0.5225007035679615,0.8437549363653275,0.34030516429128166,0.9594721365328778,0.0,0.47631862217438103,0.5543487712608424,1.0,0.46340150699677074,0.44307944564723095,0.13425925925926,0.4054612136396447,1.1979166666666654,0.3693448892278275,2021,0.0,0.0,0.01393136438150009,1.0
2021-02-02,0.2598819194541049,0.5667824948890807,0.4634891685209685,0.7585975913293898,0.4235011755119776,0.5981422488598774,0.0,0.47631862217438103,0.11757500598426032,0.0,0.46340150699677074,0.6351086786193239,0.2558096300427545,0.4054612136396447,0.3052612009667238,0.3693448892278275,2021,0.0,0.0,0.014633230682176784,2.0
2021-02-03,0.5339090099125265,0.7384339737061177,0.4474521103919618,0.7535141755513052,0.4649561775514047,0.7178219946617138,0.0,0.47631862217438103,0.3885917500144767,1.0,0.46340150699677074,0.7496889843253124,0.025356054993005545,0.4054612136396447,1.8775006174364006,0.3693448892278275,2021,0.0,0.0,0.014192553865183779,3.0
2021-02-04,0.049489129493023525,0.5558122348840547,0.4477295770993016,0.6479193441923808,0.2954449338816597,0.5424842880554802,0.0,0.47631862217438103,0.03226408017740353,0.0,0.46340150699677074,0.5757066329410647,0.7776960269077108,0.4054612136396447,0.0684254782425946,0.3693448892278275,2021,0.0,0.0,0.015153023397676069,4.0
2021-02-05,0.8608522503031423,0.1426400171327834,0.467386437371356,0.7397764058966723,0.26334485602102087,0.38291963218144953,1.0,0.47631862217438103,0.8806941104031474,0.0,0.46340150699677074,0.12849896872271058,0.9628281071680873,0.4054612136396447,0.22748763654149315,0.3693448892278275,2021,0.0,0.0,0.014493335790765402,0.0
2021-02-08,0.6248565012083652,0.13109590306868674,0.35115224963117947,0.6954275750838838,0.34336567671143997,0.5937324167249621,1.0,0.47631862217438103,0.6663919703618315,0.0,0.46340150699677074,0.19928786362064488,0.6561087141860604,0.4054612136396447,0.06257266127573893,0.3693448892278275,2021,1.0,0.0,0.015104156911223899,1.0
2021-02-09,0.5760000186703204,0.49201809970077875,0.32621888610154504,0.6961942346945733,0.4643910771441941,0.7111970050401998,1.0,0.47631862217438103,0.5591706192323679,0.0,0.46340150699677074,0.506260392897671,0.6463060076624196,0.4054612136396447,0.16699725565851004,0.3693448892278275,2021,1.0,0.0,0.014299235286392657,2.0
2021-02-10,0.5063328840008291,0.4602590559256744,0.4243554802592038,0.7017396478594847,0.3978042477316427,0.573607988997721,0.0,0.47631862217438103,0.4719301769974597,1.0,0.46340150699677074,0.5528590826803005,0.15694477968192058,0.4054612136396447,0.8316571459221749,0.3693448892278275,2021,0.0,0.0,0.014449872463512004,3.0
2021-02-11,0.2373464665050062,0.6962954043065716,0.4863568130366028,0.7962337588855573,0.4199497095608089,0.5244201466400196,0.0,0.47631862217438103,0.14240439972132363,1.0,0.46340150699677074,0.7550469982245464,0.20246589573252288,0.4054612136396447,0.5733344268569409,0.3693448892278275,2021,0.0,1.0,0.014312869570116968,4.0
2021-02-12,0.7148345325311375,0.29243282627883554,0.40978395411557245,0.8421054259902248,0.3781093062490096,0.5337548558926041,0.0,0.47631862217438103,0.6925559377042907,0.0,0.46340150699677074,0.34632299465466315,0.10112451777066793,0.4054612136396447,0.32214287668608727,0.3693448892278275,2021,0.0,0.0,0.014310067515610333,0.0
2021-02-15,0.6085545659463718,0.7432266931011758,0.4441661829991313,0.8321698749906848,0.28707034425800393,0.6931077133098035,0.0,0.47631862217438103,0.38389335381928713,1.0,0.46340150699677074,0.8212612923584575,0.30872150644202184,0.4054612136396447,1.117718312961129,0.3693448892278275,2021,0.0,0.0,0.014268430645465383,1.0
2021-02-16,0.07431194295247788,0.686640126463322,0.4996840830654341,0.8058478841752696,0.2961190118806407,0.7342119333816711,0.0,0.47631862217438103,0.06917078698773449,1.0,0.46340150699677074,0.7052166360068013,0.02773888463265795,0.4054612136396447,0.9139037856973051,0.3693448892278275,2021,0.0,0.0,0.015068581492073381,2.0
2021-02-17,0.29742317737249024,0.6626118781781356,0.40717423611220743,0.6582007733783576,0.3917881950002398,0.6999510793793295,0.0,0.47631862217438103,0.20040835461309278,1.0,0.46340150699677074,0.7071645733547208,0.4995723297337808,0.4054612136396447,0.28963968780070626,0.3693448892278275,2021,0.0,1.0,0.015045891335944193,3.0
2021-02-18,0.4319181661957224,0.5306406811796155,0.5271195473234989,0.6630557942971469,0.36922469978636074,0.718678144619939,1.0,0.47631862217438103,0.37211547584291665,1.0,0.46340150699677074,0.6274702690105151,0.6144420618786378,0.4054612136396447,0.5918293464034116,0.3693448892278275,2021,1.0,1.0,0.014444279970201545,4.0
2021-02-19,0.6097500854562714,0.13825998623355834,0.39429049138423966,0.7422190652407169,0.40641019434070697,0.7040236611781284,1.0,0.47631862217438103,0.6267467680821168,0.0,0.46340150699677074,0.19641968219111966,1.1212517718896566,0.4054612136396447,0.10266056046232033,0.3693448892278275,2021,0.0,0.0,0.014693135993617112,0.0
2021-02-22,0.8141476444225274,0.06039746656537562,0.5696350955008961,0.6836539630229898,0.34999586480123723,0.5459941682410536,1.0,0.47631862217438103,0.8002718911464682,0.0,0.46340150699677074,0.09383056927369644,0.2412865689664626,0.4054612136396447,0.5378999945112247,0.3693448892278275,2021,1.0,0.0,0.01438249754489448,1.0
2021-02-23,0.5378437511101791,0.49630881273781396,0.4652752901745752,0.8252734055407377,0.3689580688546733,0.718468995983135,0.0,0.47631862217438103,0.508682651879239,1.0,0.46340150699677074,0.5283000924868257,0.308358362421196,0.4054612136396447,0.8364315285331576,0.3693448892278275,2021,0.0,1.0,0.01462031565988233,2.0
2021-02-24,0.7033821840491414,0.12325402990087425,0.5250665840334291,0.8209282019945353,0.31205063387445664,0.5624401809653302,0.0,0.47631862217438103,0.5534310078890933,1.0,0.46340150699677074,0.22384757238024228,0.01678752926397824,0.4054612136396447,1.570833095414833,0.3693448892278275,2021,0.0,0.0,0.013862547612187453,3.0
2021-02-25,0.06712283982308334,0.6772568781802641,0.5512483361302066,0.7812145168574833,0.2684417492142831,0.6028724818484047,0.0,0.47631862217438103,0.04335731185444816,1.0,0.46340150699677074,0.7058122363742256,0.22050247969916512,0.4054612136396447,2.018475121260017,0.3693448892278275,2021,0.0,0.0,0.014809858495591506,4.0
2021-02-26,0.03684156953387633,0.5195704350340621,0.5148120568614469,0.6571309620045375,0.3605364816556699,0.965244374565248,0.0,0.47631862217438103,0.03598304427461581,0.0,0.46340150699677074,0.38079294242579054,0.913028044018452,0.4054612136396447,0.5165069222577273,0.3693448892278275,2021,0.0,0.0,0.016244269526857542,0.0
2021-03-01,0.058932174801066425,0.7619401510367526,0.40468126126034876,0.6408467181219446,0.4701714502045147,0.7256300439640868,0.0,0.47631862217438103,0.08415014173580454,1.0,0.46340150699677074,0.68668782083845,0.49279135927479295,0.4054612136396447,0.5832489512512645,0.3693448892278275,2021,0.0,1.0,0.017180234653226677,1.0
2021-03-02,0.8289751273538716,0.05506647011406301,0.4886219738308899,0.6773770887923093,0.28572547701455925,0.5251582896841918,1.0,0.47631862217438103,0.8438256248750446,1.0,0.46340150699677074,0.10505852562163202,0.07801918735892038,0.4054612136396447,1.1959650112866795,0.3693448892278275,2021,1.0,1.0,0.017477212391198926,2.0
2021-03-03,0.13269035662460102,0.524996848998918,0.43816504607921175,0.6603357085325953,0.3680776438757874,0.63677630735877,0.0,0.47631862217438103,0.1188078944631798,1.0,0.46340150699677074,0.6599888309267404,0.4001827944704669,0.4054612136396447,0.6458585627784775,0.3693448892278275,2021,0.0,0.0,0.01827299813282652,3.0
2021-03-04,0.15572350086078643,0.7054267628133597,0.44488714840748067,0.6508021835253714,0.475243105148051,0.7001055883207804,0.0,0.47631862217438103,0.17643735329848106,1.0,0.46340150699677074,0.7104852960387136,0.3185211517952366,0.4054612136396447,0.3166548169214381,0.3693448892278275,2021,0.0,1.0,0.018939333369802608,4.0
2021-03-05,0.6022364190989816,0.38812401789877443,0.4437850086194443,0.5165627291545605,0.3244266833234761,0.652379230754012,1.0,0.47631862217438103,0.7344744204779105,1.0,0.46340150699677074,0.4044636251160186,0.4113614103819782,0.4054612136396447,0.7306997497007293,0.3693448892278275,2021,1.0,0.0,0.019296903087504504,0.0
2021-03-08,0.09020371481239316,0.619917128117922,0.4476443962909011,0.5498322853996817,0.3407882912004755,0.6425059057088934,1.0,0.47631862217438103,0.12772247422573188,0.0,0.46340150699677074,0.711896200199071,1.138154461645506,0.4054612136396447,0.09466863802400106,0.3693448892278275,2021,0.0,0.0,0.019516434423133895,1.0
2021-03-09,0.7018037212335025,0.07542765815031709,0.41913133148410614,0.7531330478339433,0.3527885163077155,0.682866665473575,1.0,0.47631862217438103,0.7900549719574262,0.0,0.46340150699677074,0.10801723513973627,0.3254168772107112,0.4054612136396447,0.22313457975408255,0.3693448892278275,2021,0.0,0.0,0.019773571457713895,2.0
2021-03-10,0.8914542567381276,0.17098984663089206,0.544216574020887,0.7787915988788779,0.4086847099647777,0.6879200229197536,1.0,0.47631862217438103,0.9248200273956335,0.0,0.46340150699677074,0.1700614214391274,0.39468337284118327,0.4054612136396447,0.2192685404673173,0.3693448892278275,2021,1.0,0.0,0.01954637257749172,3.0
2021-03-11,0.26530551658656826,0.6878008642214583,0.4798421095242167,0.7114494620705241,0.34442751729693327,0.5755425559912578,0.0,0.47631862217438103,0.27270219642735816,1.0,0.46340150699677074,0.8138864595608323,0.19140743304634253,0.4054612136396447,0.7099035175009751,0.3693448892278275,2021,0.0,1.0,0.01916831426979114,4.0
2021-03-12,0.79433125357285,0.07299581404588143,0.36510168845635993,0.7266142771917128,0.3284647276248761,0.5261491159768987,1.0,0.47631862217438103,0.8357234756447959,0.0,0.46340150699677074,0.14909124720933178,0.23589520600065209,0.4054612136396447,0.15675616914881627,0.3693448892278275,2021,0.0,0.0,0.019025916114717246,0.0
2021-03-15,0.6874394181695688,0.4780854958177069,0.4257757698336402,0.6513351360789066,0.3204224800982536,0.714001931972981,1.0,0.47631862217438103,0.8613432693536782,0.0,0.46340150699677074,0.3677523750807563,0.2938771902689085,0.4054612136396447,0.168283359480303,0.3693448892278275,2021,1.0,0.0,0.018668962421994378,1.0
2021-03-16,0.5068524564644056,0.6069500341569892,0.38926139197391163,0.6822411536748445,0.3035725015177295,0.6811773709181513,1.0,0.47631862217438103,0.5114689172631687,1.0,0.46340150699677074,0.7151306230658376,0.6444693452857331,0.4054612136396447,0.23115095245718023,0.3693448892278275,2021,0.0,1.0,0.01804000161716039,2.0
2021-03-17,0.8848726413683169,0.1596345510216695,0.5575347318468478,0.7648699612109917,0.3127592664069108,0.5732636555947432,1.0,0.47631862217438103,0.7547062772270441,1.0,0.46340150699677074,0.23195573240550554,0.34462957733220484,0.4054612136396447,0.8444413065988852,0.3693448892278275,2021,1.0,1.0,0.017393169460194483,3.0
2021-03-18,0.2426433972148073,0.2839763808428017,0.3631931976259161,0.5879968127971266,0.35518503657055517,0.7051977572684194,0.0,0.47631862217438103,0.2966179376131339,0.0,0.46340150699677074,0.40478765859178384,0.35946510240604246,0.4054612136396447,0.27803738317757043,0.3693448892278275,2021,0.0,0.0,0.016549363849890784,4.0
2021-03-19,0.7965511245851604,0.35124786333034047,0.46430820608113654,0.7715343482389074,0.26813515007162675,0.8529938713635778,1.0,0.47631862217438103,0.8736221934422493,1.0,0.46340150699677074,0.20221295919504495,0.07729316192129221,0.4054612136396447,0.6407971185950471,0.3693448892278275,2021,1.0,1.0,0.015571308215863841,0.0
2021-03-22,0.5054859645440749,0.42812366362332416,0.34720393315591674,0.6177399933784503,0.3430031408070917,0.7997939958266637,0.0,0.47631862217438103,0.6014840885280512,1.0,0.46340150699677074,0.453226576814873,0.13961956521739408,0.4054612136396447,0.5436413043478248,0.3693448892278275,2021,0.0,0.0,0.015116897158269806,1.0
2021-03-23,0.25430076739016055,0.7025346622526957,0.4376210007200532,0.6403490963380544,0.36407174719307006,0.8202701805027341,0.0,0.47631862217438103,0.1937512001446649,1.0,0.46340150699677074,0.8291237341998756,0.4591948396014554,0.4054612136396447,0.11530265507112422,0.3693448892278275,2021,0.0,1.0,0.014364140856768926,2.0
2021-03-24,0.7116014834792902,0.3843906329137169,0.47683447155426534,0.8233149081677782,0.4714727788800901,0.831608963130065,1.0,0.47631862217438103,0.7953219606500675,1.0,0.46340150699677074,0.34618473620140877,0.47303914114533807,0.4054612136396447,0.5279644779660025,0.3693448892278275,2021,1.0,1.0,0.013543481573928765,3.0
2021-03-25,0.1841317790931952,0.5680543520830491,0.5444671850854712,0.8073596702035092,0.2759296747010643,0.6007233837397397,0.0,0.47631862217438103,0.18698059801708955,1.0,0.46340150699677074,0.7140091079069788,0.4226574269358234,0.4054612136396447,0.20921964447122787,0.3693448892278275,2021,0.0,1.0,0.01373029708573513,4.0
2021-03-26,0.6504512236126466,0.3196718399303611,0.3699098016013242,0.7710341044153189,0.2963542164987314,0.72286974525428,0.0,0.47631862217438103,0.7684838297554875,1.0,0.46340150699677074,0.3343399570458192,0.036651583710404785,0.4054612136396447,1.19819004524887,0.3693448892278275,2021,0.0,0.0,0.0127576054955839,0.0
2021-03-29,0.08925155305105537,0.6444798180113728,0.3423715233892539,0.6981074123862911,0.35136839050946955,0.6172741062414481,0.0,0.47631862217438103,0.10301319089520138,1.0,0.46340150699677074,0.6592931295502047,0.11627671427123584,0.4054612136396447,1.5692629730915997,0.3693448892278275,2021,0.0,0.0,0.012358593225826903,1.0
2021-03-30,0.030348949492523526,0.7148353971643643,0.35728947235067743,0.5746214555137209,0.4910677572003667,0.87805693906183,1.0,0.47631862217438103,0.04999185789999647,1.0,0.46340150699677074,0.630832339395101,1.3609373004724843,0.4054612136396447,0.3088366747541758,0.3693448892278275,2021,1.0,1.0,0.013280084113417438,2.0
2021-03-31,0.4766207352780822,0.05081725172225568,0.3779264458701261,0.7585302350229974,0.3551823194005833,0.6880401381442275,1.0,0.47631862217438103,0.5879611460802124,0.0,0.46340150699677074,0.0947816701171976,0.9837516672729514,0.4054612136396447,0.06663028980234974,0.3693448892278275,2021,0.0,0.0,0.013801240053216845,3.0
2021-04-01,0.8432701565542139,0.0646463032851424,0.43964675699502803,0.7150073829204451,0.28745680210461416,0.6980165262497573,1.0,0.47631862217438103,0.8658975801815382,0.0,0.46340150699677074,0.09292900501802735,0.1676362852833487,0.4054612136396447,0.35638870932988564,0.3693448892278275,2021,1.0,0.0,0.013416241717833953,4.0
2021-04-05,0.5535103198299363,0.5073181909916283,0.32603421599305527,0.6363525289789764,0.5804702193552281,0.9765855751655456,1.0,0.47631862217438103,0.6751146182332821,0.0,0.46340150699677074,0.5316740890883394,0.7437756455743086,0.4054612136396447,0.04405639712460976,0.3693448892278275,2021,0.0,0.0,0.013396990358035616,1.0
2021-04-06,0.7464295882205622,0.2468646438615215,0.20311002661804473,0.588319527596453,0.4579105445208656,0.7356825986478088,0.0,0.47631862217438103,0.867515654295842,0.0,0.46340150699677074,0.1741635674535912,0.0423296582475648,0.4054612136396447,0.5408789664966506,0.3693448892278275,2021,0.0,0.0,0.013415930305833863,2.0
2021-04-07,0.5688499583966717,0.5565925889779376,0.38867309413146267,0.8502144968446333,0.45891007690398794,0.747178137613238,1.0,0.47631862217438103,0.5765023456340698,0.0,0.46340150699677074,0.5676625498402758,0.9442815249266912,0.4054612136396447,0.19724595180416007,0.3693448892278275,2021,0.0,0.0,0.012896722624268449,3.0
2021-04-08,0.7063239481178835,0.12994757484951758,0.43329768482264935,0.6140309279350584,0.35182032822528164,0.576737380626715,0.0,0.47631862217438103,0.7795683056064936,1.0,0.46340150699677074,0.11529325752031762,0.08818970350581438,0.4054612136396447,1.121071204775578,0.3693448892278275,2021,0.0,1.0,0.012337847295691652,4.0
2021-04-09,0.2979455189329381,0.3193207951603771,0.28109491960633,0.7246636358513526,0.3517367217731942,0.6849684908152068,0.0,0.47631862217438103,0.3108870877238283,1.0,0.46340150699677074,0.43187831404899446,0.05040504050405574,0.4054612136396447,0.7412241224122426,0.3693448892278275,2021,0.0,1.0,0.01274243310509353,0.0
2021-04-12,0.28618047104073147,0.6965569569187726,0.3220699130634976,0.6304903614905643,0.42671760116624774,0.8849546461393473,1.0,0.47631862217438103,0.29840711616375254,1.0,0.46340150699677074,0.6968101644903634,0.7313365247768083,0.4054612136396447,0.41072583775391086,0.3693448892278275,2021,0.0,1.0,0.012744619524710944,1.0
2021-04-13,0.7026100498617424,0.09215614320282045,0.3425519620053075,0.6641507395623355,0.32492533880193497,0.6191410332647037,1.0,0.47631862217438103,0.763109269076498,0.0,0.46340150699677074,0.14020891870338656,0.18627141141520934,0.4054612136396447,0.5557170848871732,0.3693448892278275,2021,1.0,0.0,0.01295136586523899,2.0
2021-04-14,0.22114901039388274,0.6915068286749839,0.4098010481562934,0.6889491769725528,0.3585242054730541,0.8900527732945245,1.0,0.47631862217438103,0.2607075025452878,0.0,0.46340150699677074,0.7675701680319471,1.4617169373549872,0.4054612136396447,0.08471812880165833,0.3693448892278275,2021,0.0,0.0,0.01312105317288902,3.0
2021-04-15,0.5879289402075837,0.06574710305617858,0.4306339708026284,0.632658139950929,0.3804006048980938,0.6664549816647627,1.0,0.47631862217438103,0.6732608192827396,0.0,0.46340150699677074,0.08942088377592579,0.8645738825379579,0.4054612136396447,0.15072884533962155,0.3693448892278275,2021,0.0,0.0,0.013394452154511356,4.0
2021-04-16,0.5863483620925445,0.23310942474521773,0.4557682496708386,0.6491996670965845,0.39597412172001284,0.6722782329095839,1.0,0.47631862217438103,0.7007617514678223,0.0,0.46340150699677074,0.23907550460438395,0.5420126008361342,0.4054612136396447,0.42083259730317785,0.3693448892278275,2021,1.0,0.0,0.013654102501845143,0.0
2021-04-19,0.10217352163261412,0.7138715382569841,0.26391212721246154,0.5249798702818436,0.4647481587116777,0.6398007587636374,0.0,0.47631862217438103,0.193542542117051,1.0,0.46340150699677074,0.7183268526962794,0.3744675781133659,0.4054612136396447,0.3231763619575256,0.3693448892278275,2021,0.0,1.0,0.013538024052543961,1.0
2021-04-20,0.7642394153417323,0.23476705086921085,0.34491490985688195,0.7599270063508664,0.4279866535660736,0.7443980232135607,1.0,0.47631862217438103,0.8652192007464881,0.0,0.46340150699677074,0.1857939198262613,0.8343434343434292,0.4054612136396447,0.1100378787878792,0.3693448892278275,2021,0.0,0.0,0.01272225800803494,2.0
2021-04-21,0.7610327962326826,0.21176058142286047,0.5764958872861551,0.6975770396349409,0.4046891789922798,0.7381320265799207,1.0,0.47631862217438103,0.7830340426571636,0.0,0.46340150699677074,0.17262871067021893,0.19733386523054464,0.4054612136396447,0.7530334762807013,0.3693448892278275,2021,1.0,0.0,0.011979765701414265,3.0
2021-04-22,0.2966956474158315,0.6212549862509932,0.2912254900133932,0.663451230037844,0.4816887207680341,0.7479693653115534,0.0,0.47631862217438103,0.26150777694788285,1.0,0.46340150699677074,0.6355070194711246,0.5600377765785169,0.4054612136396447,0.6639233675121403,0.3693448892278275,2021,0.0,0.0,0.011870662311528004,4.0
2021-04-23,0.14292824499390244,0.6619165106005354,0.35750820335041417,0.6449117079701283,0.44725315841280017,0.6826784065564244,0.0,0.47631862217438103,0.17535873455494946,1.0,0.46340150699677074,0.6226320422457702,0.30460288808664304,0.4054612136396447,0.35740072202166445,0.3693448892278275,2021,0.0,1.0,0.01247242109054886,0.0
2021-04-26,0.7720082671421719,0.3258930479620387,0.3074759888101355,0.7481552609005563,0.3995770075061244,0.8130542262782435,1.0,0.47631862217438103,0.8473203470535178,0.0,0.46340150699677074,0.23754065702294153,0.1931065966674286,0.4054612136396447,0.3460397169595954,0.3693448892278275,2021,1.0,0.0,0.012297820021221513,1.0
2021-04-27,0.3595669285878042,0.7843352846894353,0.44339137816930185,0.8581987955746119,0.5513804955011098,0.8289206829902828,0.0,0.47631862217438103,0.35549723947648304,1.0,0.46340150699677074,0.7898687977054615,0.27647290381839595,0.4054612136396447,0.6388269256003193,0.3693448892278275,2021,0.0,1.0,0.012257190303293475,2.0
2021-04-28,0.8533279592386657,0.14581408786379865,0.36029947527402784,0.7675322230115939,0.39568109008629954,0.6972578750215729,1.0,0.47631862217438103,0.8476799387166712,1.0,0.46340150699677074,0.13195717888841313,0.3925933353387532,0.4054612136396447,1.1908820481968017,0.3693448892278275,2021,1.0,1.0,0.011995843012789295,3.0
2021-04-29,0.22202528204717695,0.23938930475108477,0.43349376163886366,0.6856482505571561,0.383594537423122,0.7233246951050332,0.0,0.47631862217438103,0.19535843481293927,0.0,0.46340150699677074,0.3385927097449394,0.08532134011211602,0.4054612136396447,0.34721679050970766,0.3693448892278275,2021,0.0,0.0,0.012370196389566837,4.0
2021-04-30,0.6484878369782127,0.6802058501453018,0.35895980731781063,0.6609679189075428,0.40867635585618156,0.9147560446397174,1.0,0.47631862217438103,0.6627169623395883,0.0,0.46340150699677074,0.5967966308020975,1.3469018846449996,0.4054612136396447,0.14387574063535358,0.3693448892278275,2021,0.0,0.0,0.012061555804631283,0.0
2021-05-03,0.6761016673924154,0.09169562531557289,0.3439983846405146,0.6998146042659594,0.41214392776084185,0.7968998377227782,1.0,0.47631862217438103,0.6958178723220126,0.0,0.46340150699677074,0.08792187185057274,0.2865845670116602,0.4054612136396447,1.0142800995676626,0.3693448892278275,2021,1.0,0.0,0.012164395437674395,1.0
2021-05-04,0.16846894500546472,0.5296293104927787,0.39060303080913233,0.6622813927127991,0.3875393693948762,0.70813716700545,0.0,0.47631862217438103,0.150169500887018,1.0,0.46340150699677074,0.5992000998638283,0.4072952164584139,0.4054612136396447,0.36974630821659027,0.3693448892278275,2021,0.0,1.0,0.01272693393816922,2.0
2021-05-05,0.8347767820619971,0.18131789562413392,0.3824111694301412,0.8170531748914313,0.3535488409899317,0.8489746334528572,1.0,0.47631862217438103,0.8667853563862189,0.0,0.46340150699677074,0.1530486757746056,1.4646484897086327,0.4054612136396447,0.22173215717722594,0.3693448892278275,2021,0.0,0.0,0.01196459554326011,3.0
2021-05-06,0.7480361154523371,0.03538509720338267,0.5528701413419251,0.8049441495796971,0.33989717925303026,0.6358439719296426,1.0,0.47631862217438103,0.7101124497534269,0.0,0.46340150699677074,0.05612193163449675,1.2842139071784153,0.4054612136396447,0.08363577966918839,0.3693448892278275,2021,0.0,0.0,0.01225494054966369,4.0
2021-05-07,0.357034174444117,0.2503860594011747,0.420988259107536,0.6427737216500828,0.4495352176635467,0.675384892508592,1.0,0.47631862217438103,0.47646555420128084,0.0,0.46340150699677074,0.23410168780822885,0.6335856285920607,0.4054612136396447,0.041330360227382214,0.3693448892278275,2021,1.0,0.0,0.01242180051152491,0.0
2021-05-10,0.34126140342235967,0.6815288385912837,0.321516118383655,0.712101426928744,0.4709435281909978,0.9115124925516106,0.0,0.47631862217438103,0.46047696464514754,1.0,0.46340150699677074,0.646163517705361,0.2737911238684059,0.4054612136396447,0.7776551115036394,0.3693448892278275,2021,0.0,1.0,0.01233690174607065,1.0
2021-05-11,0.7249513945484843,0.19359836530523097,0.42404162128036843,0.907632260399248,0.5427680210224689,0.7591236832876871,1.0,0.47631862217438103,0.7169055192700627,1.0,0.46340150699677074,0.18849977211216384,0.28090274517169433,0.4054612136396447,1.0552477540927134,0.3693448892278275,2021,1.0,0.0,0.012420416338793898,2.0
2021-05-12,0.04938378343619178,0.8249007250177385,0.4563506502884999,0.7372164544735035,0.37324744483237776,0.6873819931093613,0.0,0.47631862217438103,0.06057555419232609,1.0,0.46340150699677074,0.7690094948447663,0.5705528919099379,0.4054612136396447,0.2812405170844161,0.3693448892278275,2021,0.0,1.0,0.01296676661079239,3.0
2021-05-13,0.7634896110807398,0.30980656844231413,0.2632921028823087,0.6643247811635926,0.479369373105669,0.8983122815597822,1.0,0.47631862217438103,0.8378189791477936,0.0,0.46340150699677074,0.1685618430342548,0.8477770568789256,0.4054612136396447,0.2850434084097965,0.3693448892278275,2021,0.0,0.0,0.012659084331317813,4.0
2021-05-14,0.803076110960358,0.11382307138915802,0.6830218842096153,0.8944258336830484,0.4088774982514436,0.8685513329473368,1.0,0.47631862217438103,0.8228370606982749,0.0,0.46340150699677074,0.11155138299460639,1.0312360153942561,0.4054612136396447,0.11987231122647349,0.3693448892278275,2021,0.0,0.0,0.012985780301316285,0.0
2021-05-17,0.7947906458595749,0.08973663060680244,0.6036598136877868,1.030577759141386,0.3408137843599561,0.6717946574962373,1.0,0.47631862217438103,0.845524895876822,0.0,0.46340150699677074,0.09823329158966626,0.32712144526129977,0.4054612136396447,0.14521000740866866,0.3693448892278275,2021,0.0,0.0,0.013428083190292792,1.0
2021-05-18,0.6972415370284911,0.5816799385935487,0.5933007420935811,0.8678278005160747,0.5574480746817752,0.9062121177388486,1.0,0.47631862217438103,0.6686997364144184,1.0,0.46340150699677074,0.5732161472021562,0.847717660784599,0.4054612136396447,0.69989791453989,0.3693448892278275,2021,1.0,1.0,0.013101129177095478,2.0
2021-05-19,0.09647078133815463,0.4203595946014592,0.2822726953795145,0.7528899727206421,0.70743750296039,0.952379157033532,0.0,0.47631862217438103,0.22107235253854607,0.0,0.46340150699677074,0.3296842043181456,0.5912196246865125,0.4054612136396447,0.21873108298982732,0.3693448892278275,2021,0.0,0.0,0.013256909902996918,3.0
2021-05-20,0.5586616242952489,0.5124753111042556,0.32537930062934295,0.6928337301382425,0.47705220889250644,0.7031072548268182,1.0,0.47631862217438103,0.6982863093808231,0.0,0.46340150699677074,0.3469482009593832,0.4867692307692244,0.4054612136396447,0.26746853146853755,0.3693448892278275,2021,1.0,0.0,0.013605333442937137,4.0
2021-05-21,0.5983667986252068,0.42565712480142437,0.3467160671825252,0.866203906199942,0.4548650296923575,0.7034976070289904,0.0,0.47631862217438103,0.6428124148720659,0.0,0.46340150699677074,0.4018873112334785,0.218756341498772,0.4054612136396447,0.26055950137700484,0.3693448892278275,2021,0.0,0.0,0.013094719292038625,0.0
2021-05-24,0.6042161196242868,0.7282038849228369,0.3428758000595735,0.7901631968776306,0.5046815343043376,0.98828660650931,1.0,0.47631862217438103,0.584696552098258,1.0,0.46340150699677074,0.636725454608591,0.8381497609549653,0.4054612136396447,0.3342367307165225,0.3693448892278275,2021,0.0,1.0,0.012473572617471286,1.0
2021-05-25,0.8587409189749642,0.0794773889980002,0.6085811015473853,1.0709742236588602,0.3679612269931907,0.7911131677753298,1.0,0.47631862217438103,0.8368101459607723,0.0,0.46340150699677074,0.09238869266171627,0.5677800768548638,0.4054612136396447,0.34348211646467447,0.3693448892278275,2021,1.0,0.0,0.01272501038162242,2.0
2021-05-26,0.17871749123400713,0.778707985327292,0.36509436251508265,0.8194295302899072,0.5436454927056443,1.0825790061748923,0.0,0.47631862217438103,0.24168090383399463,1.0,0.46340150699677074,0.6784484364540784,0.3181916304314259,0.4054612136396447,0.34625466432294,0.3693448892278275,2021,0.0,1.0,0.012214773898421539,3.0
2021-05-27,0.6573585576673524,0.45386140235393546,0.38215953470669567,0.828551303169042,0.482064825326222,0.9213705631907738,1.0,0.47631862217438103,0.5886452898179213,1.0,0.46340150699677074,0.5061333491790566,0.42465399042815166,0.4054612136396447,0.6387918768593932,0.3693448892278275,2021,0.0,1.0,0.01164812448772961,4.0
2021-05-28,0.7909938835224349,0.12379614883896602,0.350104835662878,0.7272814987464017,0.4715274904803895,0.8968525518370576,1.0,0.47631862217438103,0.8155471142038054,0.0,0.46340150699677074,0.12654181691378297,0.2906925452139356,0.4054612136396447,0.08469342743714484,0.3693448892278275,2021,0.0,0.0,0.011907075439490307,0.0
2021-05-31,0.6902465155505481,0.6631487651707985,0.39693887212566037,1.0800949526516443,0.4753751445138466,1.2764442615524907,1.0,0.47631862217438103,0.6985999092907385,1.0,0.46340150699677074,0.6007567633498826,0.46901483050848014,0.4054612136396447,0.6525423728813526,0.3693448892278275,2021,1.0,0.0,0.011318444403312502,1.0
2021-06-01,0.14673781462102056,0.585348496078768,0.3075313063860432,0.6591582781465872,0.430185004735295,0.966218833395204,0.0,0.47631862217438103,0.22260539855369438,0.0,0.46340150699677074,0.5715074156287577,0.4174583319246733,0.4054612136396447,0.2792521721491642,0.3693448892278275,2021,0.0,0.0,0.011118929960402039,2.0
2021-06-02,0.8472303763442496,0.31829960284276854,0.400830330596071,0.7808265225923781,0.4245849926498209,1.1218907846470694,1.0,0.47631862217438103,0.8864038289513771,1.0,0.46340150699677074,0.17164551847846504,0.07663705845899213,0.4054612136396447,2.0590787027473674,0.3693448892278275,2021,1.0,0.0,0.010873821590858892,3.0
2021-06-03,0.011340933584875734,0.6978584317795177,0.44084852944588465,0.7028883598150082,0.35488637680120144,0.6246389726681634,0.0,0.47631862217438103,0.017478126471174697,1.0,0.46340150699677074,0.5877259761669296,1.164625056711381,0.4054612136396447,0.6691943742303457,0.3693448892278275,2021,0.0,1.0,0.01178421347688143,4.0
2021-06-04,0.6318338671145842,0.030819802301002456,0.3782906823519828,0.6121433301907953,0.3916011718350696,0.7439043533955483,1.0,0.47631862217438103,0.6038470378237675,0.0,0.46340150699677074,0.05700965590440309,0.37848432055749415,0.4054612136396447,0.4307491289198556,0.3693448892278275,2021,0.0,0.0,0.01213973383527818,0.0
2021-06-07,0.8121003434966517,0.15620868331986795,0.3559949222516142,0.744096109485482,0.36512626038354573,0.7238263514747908,1.0,0.47631862217438103,0.8711278457969872,0.0,0.46340150699677074,0.1579741615254606,0.20476567737217213,0.4054612136396447,0.6454384788835353,0.3693448892278275,2021,1.0,0.0,0.012345391074061799,1.0
2021-06-08,0.3485323799485376,0.5058610977862821,0.4215052780386115,0.8108125089971847,0.39641060593945554,0.6950847638463669,0.0,0.47631862217438103,0.411667437178481,0.0,0.46340150699677074,0.5274574446260561,0.2798104509848194,0.4054612136396447,0.24731633409625872,0.3693448892278275,2021,0.0,0.0,0.01170682408101372,2.0
2021-06-09,0.3776712748937068,0.7736095075328756,0.5071918373447456,0.8980535419599184,0.414057033746788,0.6563733933839615,1.0,0.47631862217438103,0.24511203247033597,1.0,0.46340150699677074,0.8624154904919298,0.531111258365906,0.4054612136396447,0.86740441322643,0.3693448892278275,2021,1.0,1.0,0.011416316155778114,3.0
2021-06-10,0.8015620058912504,0.04344879775814791,0.37835870334613975,0.8653900500384676,0.38104524380901234,0.6959539318728574,1.0,0.47631862217438103,0.7534468528995759,0.0,0.46340150699677074,0.08158659208621817,0.2099708995555016,0.4054612136396447,1.0686578619167995,0.3693448892278275,2021,1.0,0.0,0.011767100885270082,4.0
2021-06-11,0.04364084523698006,0.795311462628222,0.33040427725089966,0.6564121863275059,0.2616256852993399,0.641378388954473,0.0,0.47631862217438103,0.06565654080417022,1.0,0.46340150699677074,0.7929361413071222,0.07223942208462535,0.4054612136396447,1.3296303041340376,0.3693448892278275,2021,0.0,0.0,0.01254383259660303,0.0
2021-06-14,0.3531747195765806,0.17210359148419893,0.38463095748073617,0.6922229137228176,0.30973609285266407,0.6163794969357713,0.0,0.47631862217438103,0.3871160213118288,0.0,0.46340150699677074,0.24444369771397506,0.13166144200626403,0.4054612136396447,0.6035527690700134,0.3693448892278275,2021,0.0,0.0,0.012821818259769755,1.0
2021-06-15,0.4807402871367072,0.5521277960520448,0.3780387866313744,0.7913726113684334,0.4052603635546477,0.7128178925312714,0.0,0.47631862217438103,0.41639608046400006,1.0,0.46340150699677074,0.6243052248926715,0.17663076364516853,0.4054612136396447,2.351264673847274,0.3693448892278275,2021,0.0,0.0,0.01270261462022824,2.0
2021-06-16,0.003085908773525709,0.9291688979335412,0.5314824666273434,0.845376724324751,0.5318274654790144,1.0939052038554644,0.0,0.47631862217438103,0.013607220514468839,1.0,0.46340150699677074,0.4978355109012187,0.5020143539393317,0.4054612136396447,1.6666577732717969,0.3693448892278275,2021,0.0,0.0,0.014777115164590108,3.0
2021-06-17,0.009042001464472638,0.7506572135349344,0.5735908232316173,0.5735908232316173,0.3438353305527561,0.8082718841146654,0.0,0.47631862217438103,0.019974590842339685,1.0,0.46340150699677074,0.5870252004900924,0.832380673213149,0.4054612136396447,0.4137964727148418,0.3693448892278275,2021,0.0,0.0,0.016493650802603975,4.0
2021-06-18,0.036448016393889025,0.8450744997468421,0.48594089937999513,0.49047513346984023,0.3658262875853476,0.7355074150098826,0.0,0.47631862217438103,0.09814699120997014,0.0,0.46340150699677074,0.7605615102528488,0.7244746289817328,0.4054612136396447,0.0,0.3693448892278275,2021,0.0,0.0,0.017709934669532804,0.0
2021-06-21,0.6471010184327638,0.38567851398861897,0.36254305450161334,0.7336903823402462,0.3732528853153849,0.8214025361201565,1.0,0.47631862217438103,0.8555779586263329,0.0,0.46340150699677074,0.22423425002785574,0.23454353513562987,0.4054612136396447,0.335429384495343,0.3693448892278275,2021,1.0,0.0,0.01745897297613505,1.0
2021-06-22,0.326535582563285,0.6546510651777214,0.4525271855603885,0.7183932165086455,0.4054058878103613,0.7649353361722583,1.0,0.47631862217438103,0.4616482615703163,0.0,0.46340150699677074,0.7007289790392844,0.521697511167841,0.4054612136396447,0.1719846841097598,0.3693448892278275,2021,1.0,0.0,0.01762109583649602,2.0
2021-06-23,0.18894618645144037,0.7335324949289366,0.2772741576785361,0.549344585332696,0.49471830605519734,0.8574631986744835,0.0,0.47631862217438103,0.34174717728949133,1.0,0.46340150699677074,0.7114227323404525,0.29736418462721076,0.4054612136396447,0.2109132847978157,0.3693448892278275,2021,0.0,1.0,0.016709210199848883,3.0
2021-06-24,0.32460348701858655,0.7493527662091769,0.42684410754605223,0.5335124531160708,0.3833971922861304,0.6984530862568423,1.0,0.47631862217438103,0.2673014219334567,0.0,0.46340150699677074,0.8497327073737967,0.5565902578796544,0.4054612136396447,0.03904011461317755,0.3693448892278275,2021,1.0,0.0,0.015731970496920673,4.0
2021-06-25,0.4780096945397138,0.5917825865976718,0.4053870667095895,0.9844231199514326,0.2674874366158295,0.6253573586012422,0.0,0.47631862217438103,0.5677885942938332,1.0,0.46340150699677074,0.6010448810760289,0.1706219628210734,0.4054612136396447,0.37328053891446156,0.3693448892278275,2021,0.0,1.0,0.015598905233031044,0.0
2021-06-28,0.5203996559884118,0.5799092299476908,0.37304842535494914,0.6789621994602999,0.22776508085984531,0.5447866791351091,0.0,0.47631862217438103,0.5952582174019407,1.0,0.46340150699677074,0.593921500292366,0.034625497904239494,0.4054612136396447,0.9972143396422931,0.3693448892278275,2021,0.0,0.0,0.015431843328081068,1.0
2021-06-29,0.26143625814946236,0.49380458116697873,0.3844578674153564,0.632970171675959,0.24519079328440335,0.6950682836867025,0.0,0.47631862217438103,0.27428250419289824,0.0,0.46340150699677074,0.5995120524076128,0.46813395218844606,0.4054612136396447,0.26725557718221576,0.3693448892278275,2021,0.0,0.0,0.01625520930092948,2.0
2021-06-30,0.759794441122754,0.2608397373332781,0.4532894645045345,0.8874026768206179,0.3524023718603747,0.6260365564947432,1.0,0.47631862217438103,0.8190992961689657,0.0,0.46340150699677074,0.23554875697238545,0.4429067510979419,0.4054612136396447,0.1723010928403692,0.3693448892278275,2021,0.0,0.0,0.01580128882741883,3.0
2021-07-01,0.7661581835340733,0.30000569909917657,0.467226501518125,1.0048242602765218,0.2876877615291172,0.5893997968417908,1.0,0.47631862217438103,0.7304304995909245,0.0,0.46340150699677074,0.40670336536072754,0.6781140708406762,0.4054612136396447,0.0876173446580197,0.3693448892278275,2021,0.0,0.0,0.015289638313954442,4.0
2021-07-02,0.6776088781314272,0.31051572968059954,0.4748665230412125,0.933248358900352,0.33243855195517363,0.623224434497873,0.0,0.47631862217438103,0.6744154180072253,0.0,0.46340150699677074,0.3716058135026044,0.2803042651453452,0.4054612136396447,0.104591143710948,0.3693448892278275,2021,0.0,0.0,0.01471283001944925,0.0
2021-07-05,0.8423616095889584,0.4940891716555958,0.5073128401008192,1.0249759140586945,0.32658139036148515,0.764373773639035,1.0,0.47631862217438103,0.8432454188135728,0.0,0.46340150699677074,0.40554677682868856,0.9029753486953369,0.4054612136396447,0.06250173307822907,0.3693448892278275,2021,0.0,0.0,0.014377248999138097,1.0
2021-07-06,0.2693829062953196,0.6181385075148884,0.428407555594393,0.6880273939576366,0.35948659818987727,0.6358801450606696,0.0,0.47631862217438103,0.25368955576757274,0.0,0.46340150699677074,0.6027497249425723,0.5469891351052726,0.4054612136396447,0.13878828801178617,0.3693448892278275,2021,0.0,0.0,0.012950733790118801,2.0
2021-07-07,0.7569898168302689,0.4366869985081369,0.5433063140490827,1.0258504337854857,0.29992485988999906,0.6425505195789102,1.0,0.47631862217438103,0.6625691601436673,0.0,0.46340150699677074,0.3830680512779192,0.7228958127731598,0.4054612136396447,0.4663048075567475,0.3693448892278275,2021,1.0,0.0,0.011236569147356226,3.0
2021-07-08,0.27032186917679896,0.4766010104727401,0.4089379903282229,0.8489026932181565,0.36034733452974843,0.5803018647716235,0.0,0.47631862217438103,0.21709083661334921,0.0,0.46340150699677074,0.5213676672616137,0.5261994251602813,0.4054612136396447,0.28683027489130464,0.3693448892278275,2021,0.0,0.0,0.010756319307866666,4.0
2021-07-09,0.7538056256132695,0.40637489222621453,0.47715017384343733,0.9441261003936972,0.2581605065966051,0.7466753999896637,0.0,0.47631862217438103,0.7337222634887972,1.0,0.46340150699677074,0.28277610171625095,0.15031567804619406,0.4054612136396447,0.8664322709916498,0.3693448892278275,2021,0.0,1.0,0.010450446606360601,0.0
2021-07-12,0.7299022618122653,0.24232805867868754,0.43872539876006705,0.7538836963803794,0.3948579172953231,0.7137690835701883,1.0,0.47631862217438103,0.6576213820665444,0.0,0.46340150699677074,0.24311991233228794,0.5921497856981717,0.4054612136396447,0.38002857357694947,0.3693448892278275,2021,1.0,0.0,0.01052045353683901,1.0
2021-07-13,0.38573376584040797,0.5308833862308924,0.4459149177745523,0.9809360819402073,0.33664147852455056,0.7525900569034257,1.0,0.47631862217438103,0.4383442404983187,0.0,0.46340150699677074,0.4576046233560326,1.1889155342392712,0.4054612136396447,0.16306954436450533,0.3693448892278275,2021,0.0,0.0,0.010381857613915517,2.0
2021-07-14,0.8688313329014531,0.09868156716228686,0.41663216208940157,0.7258978979854526,0.4222937560110462,0.729611494671637,1.0,0.47631862217438103,0.7749806171673427,0.0,0.46340150699677074,0.0900805534374212,0.36362970289776175,0.4054612136396447,0.352859288566503,0.3693448892278275,2021,1.0,0.0,0.010671536236779331,3.0
2021-07-15,0.7216754204978352,0.41091169241665343,0.46594607849673975,0.8207606689795836,0.45394120156256645,0.8516863669325236,0.0,0.47631862217438103,0.697924044369826,1.0,0.46340150699677074,0.3799606598362831,0.13673190041064473,0.4054612136396447,1.0627797713736065,0.3693448892278275,2021,0.0,0.0,0.010554836654033617,4.0
2021-07-16,0.13094337328022304,0.7626741350431119,0.44112648812887323,0.6283557883122721,0.33092261133492623,0.6737910904441677,0.0,0.47631862217438103,0.08808525507280332,1.0,0.46340150699677074,0.7648268699941135,0.28768501221439985,0.4054612136396447,0.8313694496335663,0.3693448892278275,2021,0.0,1.0,0.01097596848056415,0.0
2021-07-19,0.7127343534853504,0.16416382445903765,0.3883917184805938,0.804866214814367,0.3956515740727683,0.7032116981228551,1.0,0.47631862217438103,0.6655963327919984,0.0,0.46340150699677074,0.18128243327989896,0.6395886889460178,0.4054612136396447,0.3886889460154211,0.3693448892278275,2021,1.0,0.0,0.01073062005881153,1.0
2021-07-20,0.21217347514047477,0.6266818348756727,0.4069805643015109,0.8259945789598421,0.310754724327157,0.6308769451498839,0.0,0.47631862217438103,0.22464786503033657,1.0,0.46340150699677074,0.6488856563021335,0.17393548387097368,0.4054612136396447,0.80412903225806,0.3693448892278275,2021,0.0,0.0,0.010702882458873322,2.0
2021-07-21,0.4399216337548461,0.4271820918651327,0.3866442454985008,0.8925764298116414,0.3098840427260274,0.6762121353412616,0.0,0.47631862217438103,0.37291770141224845,1.0,0.46340150699677074,0.5134278598019825,0.24411150591596695,0.4054612136396447,0.5425839774350667,0.3693448892278275,2021,0.0,1.0,0.010813472257872346,3.0
2021-07-22,0.8388000305119536,0.15783807355368404,0.3383304706454066,0.7718771630755362,0.41829252321252025,0.8193138929166107,1.0,0.47631862217438103,0.8420955396624523,1.0,0.46340150699677074,0.1826055099955167,0.20513587261240904,0.4054612136396447,0.8849101035397935,0.3693448892278275,2021,1.0,1.0,0.01057871540159419,4.0
2021-07-23,0.4522084153952302,0.2838593452916912,0.43122815860570257,0.8702552160045565,0.3132882208451943,0.6784757560630801,1.0,0.47631862217438103,0.49331178951319615,0.0,0.46340150699677074,0.35310074220365684,0.48052041403105,0.4054612136396447,0.28026164462335496,0.3693448892278275,2021,1.0,0.0,0.011029566245975501,0.0
2021-07-26,0.19020818725794592,0.8024768278833503,0.3564853118710293,0.6679553283546957,0.3609057884988996,0.7373588645150312,0.0,0.47631862217438103,0.16101675923848272,1.0,0.46340150699677074,0.8398809889629779,0.41089053596037667,0.4054612136396447,0.19970948638682626,0.3693448892278275,2021,0.0,1.0,0.010670014433868086,1.0
2021-07-27,0.5769656259642477,0.5655591505137175,0.36923236399590276,0.8135974482193687,0.5001831229930327,0.7123294295073854,1.0,0.47631862217438103,0.5316470624063041,1.0,0.46340150699677074,0.6140604463073448,0.5960490463215259,0.4054612136396447,0.32478050257341184,0.3693448892278275,2021,0.0,1.0,0.010494226269243784,2.0
2021-07-28,0.7734795652627388,0.2100814265589267,0.5087602815097305,1.0329001279614103,0.35522024990549667,0.8155806746475651,1.0,0.47631862217438103,0.7817388301097355,0.0,0.46340150699677074,0.18792379783130783,1.4151133892513201,0.4054612136396447,0.0,0.3693448892278275,2021,0.0,0.0,0.010181432880904269,3.0
2021-07-29,0.6837689208856557,0.09724853679226697,0.28019190203537203,0.7356857751103953,0.402161536260984,0.8617564897121541,0.0,0.47631862217438103,0.709718211146405,0.0,0.46340150699677074,0.10647083210119272,0.17879681840247164,0.4054612136396447,0.926920348033909,0.3693448892278275,2021,0.0,0.0,0.010464332020097883,4.0
2021-07-30,0.1822432169962515,0.7317799328775938,0.3299109839628383,0.6403255739027152,0.42499582276606657,0.7570304435778956,0.0,0.47631862217438103,0.12333142229718999,1.0,0.46340150699677074,0.7366792166776551,0.2989656322989656,0.4054612136396447,0.424053683312947,0.3693448892278275,2021,0.0,1.0,0.010622310751323786,0.0
2021-08-02,0.5617219986799391,0.4724988776491279,0.43485377111013435,0.8368433018457638,0.3575870696104359,0.7127896641675606,0.0,0.47631862217438103,0.6054175276264518,0.0,0.46340150699677074,0.462233558845987,0.07338134922130635,0.4054612136396447,0.3436781175760773,0.3693448892278275,2021,0.0,0.0,0.010445420227381576,1.0
2021-08-03,0.6379116513643911,0.6632540128331879,0.4563860514182554,0.9384180909729117,0.39135100134129674,0.877230441042423,1.0,0.47631862217438103,0.5683269393540389,1.0,0.46340150699677074,0.6815033258295987,1.203213305344743,0.4054612136396447,0.21927983206845786,0.3693448892278275,2021,1.0,1.0,0.00977444439709528,2.0
2021-08-04,0.08049824523506983,0.5160101964415236,0.384147987949561,0.6698659487429235,0.4496405778101558,0.6756612638701647,0.0,0.47631862217438103,0.13489876382667956,1.0,0.46340150699677074,0.5838097958379297,0.1676193418816699,0.4054612136396447,0.7667233122199952,0.3693448892278275,2021,0.0,0.0,0.01020779880244052,3.0
2021-08-05,0.33428339894615844,0.5584243071152963,0.5081851576111338,0.7111405454006723,0.3529261262694362,0.6528113966276603,0.0,0.47631862217438103,0.3006343388189781,1.0,0.46340150699677074,0.597731474887949,0.04260196016439992,0.4054612136396447,2.514068921909585,0.3693448892278275,2021,0.0,0.0,0.010019172000801397,4.0
2021-08-06,0.0068309744972091845,0.610390653583076,0.45520138627660783,0.5541163439614855,0.37073040861281,0.7610112615827269,0.0,0.47631862217438103,0.008673567943679742,1.0,0.46340150699677074,0.5219275074872346,0.06368231046931366,0.4054612136396447,4.0,0.3693448892278275,2021,0.0,0.0,0.01122046223443555,0.0
2021-08-09,0.0237367048102062,0.008683637438275096,0.3811361637284923,0.4821831014706172,0.36618721774397883,0.7841165883062324,0.0,0.47631862217438103,0.01217060498457339,0.0,0.46340150699677074,0.03936407676765367,0.36607744848005497,0.4054612136396447,0.48919766657872715,0.3693448892278275,2021,0.0,0.0,0.01408903852730248,1.0
2021-08-10,0.48744338363910544,0.40245903119740706,0.516949619155455,0.6323820888116375,0.3530692339782386,0.7060071518779263,1.0,0.47631862217438103,0.5576230377055673,0.0,0.46340150699677074,0.4310032678062738,1.0362661069325358,0.4054612136396447,0.2097836860824484,0.3693448892278275,2021,0.0,0.0,0.014169391602625842,2.0
2021-08-11,0.7293999529043277,0.07998723051597893,0.4883978537126294,0.6165991470984509,0.3909590270327444,0.6056166637759764,1.0,0.47631862217438103,0.797940530281976,0.0,0.46340150699677074,0.10257308345646009,0.25834007984143,0.4054612136396447,0.38379721392479044,0.3693448892278275,2021,1.0,0.0,0.014608294930875568,3.0
2021-08-12,0.6512138040709601,0.3547717717970643,0.46205272822639587,0.7668786118767944,0.32051650780782376,0.6957195083394261,1.0,0.47631862217438103,0.7271371531022216,0.0,0.46340150699677074,0.392622579136489,1.079053729402787,0.4054612136396447,0.0371951047172143,0.3693448892278275,2021,0.0,0.0,0.014419800785771332,4.0
2021-08-13,0.8640038751740325,0.060531449174132015,0.4929542397204866,0.6194546354696641,0.31491425095579867,0.4812645103047518,1.0,0.47631862217438103,0.8780233038412864,0.0,0.46340150699677074,0.08328212963661072,0.37318070318887936,0.4054612136396447,0.3373126192422978,0.3693448892278275,2021,0.0,0.0,0.014726506025063537,0.0
2021-08-16,0.8330543757714534,0.22850765789957767,0.47647062911146465,0.6967173700001317,0.32612854120392776,0.6090277625281587,1.0,0.47631862217438103,0.86099472147486,0.0,0.46340150699677074,0.20833101405889276,0.31010406356170206,0.4054612136396447,0.2411920494368737,0.3693448892278275,2021,1.0,0.0,0.014940889538699358,1.0
2021-08-17,0.5208405379607901,0.5793690075724471,0.4222011947771486,0.6762607993539164,0.5656873211016388,0.6018089302846394,0.0,0.47631862217438103,0.47711160119351925,1.0,0.46340150699677074,0.6973637410863522,0.3013875791458989,0.4054612136396447,0.32892361578876644,0.3693448892278275,2021,0.0,1.0,0.014844539297333108,2.0
2021-08-18,0.7634958962391108,0.3732392056825125,0.4808692925233893,1.026871970532811,0.45121194709486806,0.645437361444893,0.0,0.47631862217438103,0.6891028172667287,1.0,0.46340150699677074,0.43836383722945704,0.18920487521763912,0.4054612136396447,0.5022248017024588,0.3693448892278275,2021,0.0,1.0,0.014459388392207732,3.0
2021-08-19,0.4536076047229019,0.6335827916218514,0.5169420516666579,0.8979871837234893,0.37797287347083075,0.7028842517198872,0.0,0.47631862217438103,0.34043800503481425,0.0,0.46340150699677074,0.720935922438227,0.3424348068609678,0.4054612136396447,0.05349323664761315,0.3693448892278275,2021,0.0,0.0,0.014390386234675444,4.0
2021-08-20,0.5852072155642636,0.7602793584596806,0.4942286854780555,1.0314866346592753,0.40206400402043263,0.8318952235993996,1.0,0.47631862217438103,0.4376356293323668,1.0,0.46340150699677074,0.8062100986796631,1.0114443567482305,0.4054612136396447,0.1708760852407236,0.3693448892278275,2021,0.0,1.0,0.014229719561091179,0.0
2021-08-23,0.8938020479826366,0.054639224894546624,0.40533942645234516,0.844569935567095,0.31791764558569297,0.5845212388693053,1.0,0.47631862217438103,0.8549213680369788,0.0,0.46340150699677074,0.08900535020809751,0.15455655219998418,0.4054612136396447,0.17833448330768706,0.3693448892278275,2021,1.0,0.0,0.014908531832852873,1.0
2021-08-24,0.5887917081417466,0.6929021063165267,0.41615798213150085,1.001022522527333,0.423106835863994,0.9710436726203394,0.0,0.47631862217438103,0.4620019972799636,1.0,0.46340150699677074,0.8104264517266628,0.006211696847003591,0.4054612136396447,0.7985912758936318,0.3693448892278275,2021,0.0,0.0,0.014286744360735428,2.0
2021-08-25,0.48474356175293437,0.5410274440762275,0.4277624290664686,0.84195571247008,0.34245250098237495,0.6123605569312676,0.0,0.47631862217438103,0.37248144590990767,1.0,0.46340150699677074,0.6260066946079029,0.28879854968961166,0.4054612136396447,0.4083942207328513,0.3693448892278275,2021,0.0,1.0,0.014523639311405701,3.0
2021-08-26,0.6469086903020252,0.34557514474852163,0.3467662117930995,0.6641662094315388,0.33781407625641946,0.6707329113674728,1.0,0.47631862217438103,0.6951860879893367,0.0,0.46340150699677074,0.3604986559046285,1.133400797666531,0.4054612136396447,0.320435740222635,0.3693448892278275,2021,0.0,0.0,0.013392583096756791,4.0
2021-08-27,0.8436058588608549,0.026779321654342554,0.47792741651387266,0.7182494612549798,0.383077458906309,0.741170088937564,1.0,0.47631862217438103,0.73190852040786,0.0,0.46340150699677074,0.04110833229928294,0.2504708097928492,0.4054612136396447,0.5068005858966257,0.3693448892278275,2021,1.0,0.0,0.011265540505499574,0.0
2021-08-30,0.3116120512624493,0.7643030124608958,0.3480320275460262,0.6426587384741745,0.4908055700031421,1.0558705149369838,0.0,0.47631862217438103,0.21175267457932992,1.0,0.46340150699677074,0.7953788319953747,0.4402828613055645,0.4054612136396447,0.4188905866884659,0.3693448892278275,2021,0.0,1.0,0.011103894669057283,1.0
2021-08-31,0.6855710183828648,0.33891054524386216,0.3736674183287117,0.6868345181719254,0.581738676143476,0.9668744244699344,1.0,0.47631862217438103,0.6718656096373589,0.0,0.46340150699677074,0.2990475815760735,0.32839828454223235,0.4054612136396447,0.27096774193548706,0.3693448892278275,2021,1.0,0.0,0.01056078704742999,2.0
2021-09-01,0.6220908270511104,0.603090636072613,0.4080528523007373,0.7036248866887758,0.45005133318582224,0.963445795652022,0.0,0.47631862217438103,0.5895544768013581,1.0,0.46340150699677074,0.5645831112425689,0.15904255319148997,0.4054612136396447,0.48829787234041716,0.3693448892278275,2021,0.0,1.0,0.010363379784794489,3.0
2021-09-02,0.5818797433842491,0.639925896460258,0.4077810467214314,0.7725461573961107,0.4155201030745716,0.9077711866038279,1.0,0.47631862217438103,0.41614161774392205,0.0,0.46340150699677074,0.661339721663796,1.3911636187085268,0.4054612136396447,0.028888169606731986,0.3693448892278275,2021,0.0,0.0,0.009756875526017011,4.0
2021-09-03,0.6592245552152955,0.19321807928414367,0.5197955313098216,0.8535918567681845,0.31153532461612526,0.8348682224243948,0.0,0.47631862217438103,0.6243372778307178,0.0,0.46340150699677074,0.13657757752100627,0.1523599227159808,0.4054612136396447,0.3383935964670225,0.3693448892278275,2021,0.0,0.0,0.009912774154007787,0.0
2021-09-06,0.6808100574802608,0.8042651769646758,0.3961073353403866,0.9620328259508474,0.3220622586115358,1.080447942529603,0.0,0.47631862217438103,0.3523150505911866,1.0,0.46340150699677074,0.8091555519591868,0.2226168375171552,0.4054612136396447,1.750423763015578,0.3693448892278275,2021,0.0,0.0,0.009707049108783365,1.0
2021-09-07,0.019402245318664878,0.8157399102423367,0.44080476448304745,0.6964858203461838,0.3492606100897125,0.6191698221464434,0.0,0.47631862217438103,0.019608434367404098,1.0,0.46340150699677074,0.6775083702478815,0.40580472950111063,0.4054612136396447,0.6189706379939086,0.3693448892278275,2021,0.0,0.0,0.010589043669902426,2.0
2021-09-08,0.23785277760256388,0.7386634977591672,0.3365353052696187,0.7271641125005159,0.418895368843861,0.7109245134243303,0.0,0.47631862217438103,0.2804912035348898,0.0,0.46340150699677074,0.5855155073135117,0.6105609327702859,0.4054612136396447,0.289323218356439,0.3693448892278275,2021,0.0,0.0,0.01068220994281053,3.0
2021-09-09,0.622601014235531,0.424774453868979,0.46674978498217823,0.9194331573244912,0.37929339942203527,0.6811191171569722,1.0,0.47631862217438103,0.6172347075666971,0.0,0.46340150699677074,0.36723757184469197,0.49240851993445406,0.4054612136396447,0.3603859457491432,0.3693448892278275,2021,1.0,0.0,0.010934285204695882,4.0
2021-09-10,0.12373889682425733,0.8584968062876,0.46905708486626835,0.8606052763668055,0.27681499434418005,0.6779297385127637,0.0,0.47631862217438103,0.1052154961417519,1.0,0.46340150699677074,0.859256678518587,0.607298599954104,0.4054612136396447,0.18208247264936897,0.3693448892278275,2021,0.0,1.0,0.010448750282782157,0.0
2021-09-13,0.6563965669713827,0.37397046596048267,0.4256721768466992,0.7966608464890083,0.3972572492671511,0.8485988040550058,1.0,0.47631862217438103,0.7046151458820306,1.0,0.46340150699677074,0.34976056498957586,0.8032185628742587,0.4054612136396447,0.6407934131736529,0.3693448892278275,2021,0.0,1.0,0.010642552045743868,1.0
2021-09-14,0.7285890916657322,0.04100026133332851,0.43847867013193403,0.8260448490450792,0.36232696370205525,0.6160271392446709,0.0,0.47631862217438103,0.6708487009104864,0.0,0.46340150699677074,0.1022878362283402,0.11648359668649261,0.4054612136396447,0.713206583220816,0.3693448892278275,2021,0.0,0.0,0.010846968406319386,2.0
2021-09-15,0.40417734372614494,0.6285413162043016,0.47308946511387984,0.7907772463935885,0.4016500281275643,0.6564338061931784,0.0,0.47631862217438103,0.1962819940130872,1.0,0.46340150699677074,0.776702361930018,0.1306680385095886,0.4054612136396447,2.494524876901592,0.3693448892278275,2021,0.0,0.0,0.010837861388157458,3.0
2021-09-16,0.0062510595120943615,0.5204421617842192,0.4871959359482327,0.7037762550019157,0.4732151205625749,0.7257750599963972,0.0,0.47631862217438103,0.009055602507672551,0.0,0.46340150699677074,0.41862973506717,0.672609962536418,0.4054612136396447,0.3044956292493398,0.3693448892278275,2021,0.0,0.0,0.0117435133261257,4.0
2021-09-17,0.2798111744997612,0.6553577289786654,0.4362760589940975,0.688538066793311,0.4248168087649636,0.6390865077460789,0.0,0.47631862217438103,0.32262499027701574,1.0,0.46340150699677074,0.5880378087312265,0.6175697360783945,0.4054612136396447,0.5697702209020375,0.3693448892278275,2021,0.0,1.0,0.011926615217724154,0.0
2021-09-20,0.7503474890185623,0.09004195606046476,0.3834962676995594,0.739122055909956,0.3149606064906516,0.5724503617539437,1.0,0.47631862217438103,0.7660607262203231,0.0,0.46340150699677074,0.1238767149424608,0.8158823137855283,0.4054612136396447,0.2907541769287097,0.3693448892278275,2021,0.0,0.0,0.012165722027463776,1.0
2021-09-21,0.6709269715777277,0.2047944706809654,0.45210333703762556,0.8786629825096123,0.41061330116012734,0.7070019126997248,1.0,0.47631862217438103,0.6451813186004914,0.0,0.46340150699677074,0.24285898305623682,0.5779426342212168,0.4054612136396447,0.42439164774725885,0.3693448892278275,2021,1.0,0.0,0.01259009893974724,2.0
2021-09-22,0.20308010040034274,0.8155578546341898,0.5688005717352388,1.0968978878960405,0.3562302291453881,0.7224964489642736,0.0,0.47631862217438103,0.15983099321551278,1.0,0.46340150699677074,0.7615963538758427,0.36327604892397664,0.4054612136396447,1.318718067812357,0.3693448892278275,2021,0.0,0.0,0.013047504308767109,3.0
2021-09-23,0.036767140116883854,0.7523008381313143,0.5761151426822873,1.0423418335392776,0.43957920185854027,0.7685386998955313,0.0,0.47631862217438103,0.043350233192778906,0.0,0.46340150699677074,0.6566089687077309,0.6308067007247168,0.4054612136396447,0.07900677200903305,0.3693448892278275,2021,0.0,0.0,0.013801980847435403,4.0
2021-09-24,0.5019301199446617,0.5868981158309479,0.3708306991856335,0.642282400139113,0.49606383921847774,0.8196259194917241,1.0,0.47631862217438103,0.6671419108259362,0.0,0.46340150699677074,0.4410126596860198,0.42382416052891236,0.4054612136396447,0.22530882097082683,0.3693448892278275,2021,1.0,0.0,0.014073103746597626,0.0
2021-09-27,0.28448566693101374,0.7005154326771391,0.3209222415680448,0.623616553095095,0.44585942731089373,0.7055053043192733,0.0,0.47631862217438103,0.40993083970608346,1.0,0.46340150699677074,0.6772311063021211,0.18255453625011503,0.4054612136396447,0.949283588500604,0.3693448892278275,2021,0.0,0.0,0.013302049118774448,1.0
2021-09-28,0.14865937486272304,0.6954230416197464,0.40317148489174215,0.7586760884787596,0.3726741387618977,0.591110245922057,0.0,0.47631862217438103,0.14707258539947896,1.0,0.46340150699677074,0.6926953572627439,0.48964874853519463,0.4054612136396447,0.5237222439229606,0.3693448892278275,2021,0.0,0.0,0.013710215616323242,2.0
2021-09-29,0.19933584376235913,0.7586288732731871,0.46857086539264486,0.7437354394305001,0.4706594155089626,0.627537409742769,1.0,0.47631862217438103,0.18735849455446796,0.0,0.46340150699677074,0.7132176567284749,1.554548130703563,0.4054612136396447,0.17062113629673653,0.3693448892278275,2021,0.0,0.0,0.014054438711972959,3.0
2021-09-30,0.6742081106935125,0.044692564334985425,0.4736055369695404,0.7800952339669709,0.36583442584378173,0.6617751839399466,0.0,0.47631862217438103,0.639353094749219,0.0,0.46340150699677074,0.0767806750888357,0.2720719239097629,0.4054612136396447,0.2812816928432392,0.3693448892278275,2021,0.0,0.0,0.014831862465301668,4.0
2021-10-01,0.8539924194620548,0.35198511761930784,0.5064122554065489,0.7416245168222374,0.45342887654612324,0.6738627078569603,1.0,0.47631862217438103,0.8246959382315018,1.0,0.46340150699677074,0.33159468958464605,0.37101862774683264,0.4054612136396447,0.49968450796960273,0.3693448892278275,2021,0.0,1.0,0.014788047852728876,0.0
2021-10-04,0.8600348850581231,0.11509297931684585,0.4725809216398351,0.721242210354677,0.34105233159853154,0.6506734706567975,0.0,0.47631862217438103,0.8639847137955539,0.0,0.46340150699677074,0.13498540510750395,0.0330904844001967,0.4054612136396447,0.799232523218953,0.3693448892278275,2021,0.0,0.0,0.014518497943865456,1.0
2021-10-05,0.6478131400596785,0.4367885290175316,0.4889869479795441,0.8746040687017452,0.3571265538904591,0.731714555028528,0.0,0.47631862217438103,0.49114504294835254,1.0,0.46340150699677074,0.5009713677234853,0.20380524180282744,0.4054612136396447,0.5354205504989606,0.3693448892278275,2021,0.0,1.0,0.01480550623904583,2.0
2021-10-06,0.8062938053799751,0.1932337294016494,0.4600922070210002,0.7713361123417375,0.34463015910493694,0.6502964838964009,1.0,0.47631862217438103,0.8194675798637725,0.0,0.46340150699677074,0.20225764182696096,0.1883540046247645,0.4054612136396447,0.4368299348328827,0.3693448892278275,2021,1.0,0.0,0.013495648029414083,3.0
2021-10-07,0.39900258585222204,0.7011920444294839,0.4894636593587534,0.8787414096970437,0.38849883629155085,0.7224240366586367,1.0,0.47631862217438103,0.29170474433516375,0.0,0.46340150699677074,0.7916735479996028,1.1127723195215706,0.4054612136396447,0.08030756087142718,0.3693448892278275,2021,1.0,0.0,0.013337739364278095,4.0
2021-10-08,0.059202381095788674,0.7307247959528428,0.451994555624817,0.6668254694457104,0.348814211132766,0.4784728790092364,0.0,0.47631862217438103,0.12332304748894753,1.0,0.46340150699677074,0.7157405158546227,0.18662152767282641,0.4054612136396447,0.2716803191971739,0.3693448892278275,2021,0.0,1.0,0.013452989562272581,0.0
2021-10-11,0.5541530107972858,0.6911328639249005,0.4278083444281818,0.6972520167108666,0.37350456188444775,0.6903524303987452,1.0,0.47631862217438103,0.5265392553689776,0.0,0.46340150699677074,0.7008172498221328,0.6654084489320832,0.4054612136396447,0.1558931773143326,0.3693448892278275,2021,1.0,0.0,0.012944481768765653,1.0
2021-10-12,0.4378538855343954,0.530216551426959,0.5518573451023285,0.7534488394703259,0.3488080983328387,0.6878667549903295,1.0,0.47631862217438103,0.5367324776807832,0.0,0.46340150699677074,0.4746764849971152,1.6024445363974942,0.4054612136396447,0.09714485787949488,0.3693448892278275,2021,0.0,0.0,0.012750333399079708,2.0
2021-10-13,0.8149668701622106,0.023877035732236727,0.4440818954662833,0.757366760654604,0.3546354107504403,0.5415397024826435,1.0,0.47631862217438103,0.7111280778592817,0.0,0.46340150699677074,0.046577443338289636,0.33849000031896587,0.4054612136396447,0.2813307390513839,0.3693448892278275,2021,1.0,0.0,0.012489861026343004,3.0
2021-10-14,0.7020542402060747,0.42791275014831054,0.5290159785456228,0.7886578645520582,0.43935421838512345,0.8042765125573295,0.0,0.47631862217438103,0.7433094515224006,1.0,0.46340150699677074,0.39266878211917033,0.023008507347254042,0.4054612136396447,1.3972028873421,0.3693448892278275,2021,0.0,0.0,0.012342467682159975,4.0
2021-10-15,0.05568184400232499,0.7315417854541457,0.36260325508917135,0.6671291812659642,0.29901001391022236,0.5899472395191244,0.0,0.47631862217438103,0.05110473040496252,1.0,0.46340150699677074,0.7634773429766962,0.19680181700991067,0.4054612136396447,0.31496884687395166,0.3693448892278275,2021,0.0,0.0,0.01316729631731159,0.0
2021-10-18,0.406223534440873,0.7424318556906626,0.3269458501402838,0.6952870586681843,0.5006489001992829,0.7604978821030561,1.0,0.47631862217438103,0.5082317639960596,0.0,0.46340150699677074,0.6808480663905925,0.9190352313967333,0.4054612136396447,0.08452965924784513,0.3693448892278275,2021,1.0,0.0,0.012602970604806587,1.0
2021-10-19,0.13866035659094128,0.6434768345777813,0.40475130964145345,0.6228175673602767,0.380046983752987,0.6409202995082569,1.0,0.47631862217438103,0.2831211771324148,0.0,0.46340150699677074,0.6066824616221159,0.8591731266149867,0.4054612136396447,0.11983204134367331,0.3693448892278275,2021,1.0,0.0,0.012497759607047193,2.0
2021-10-20,0.46498569548037505,0.31401300541814975,0.3562137231511389,0.6915623947553652,0.33683938500663596,0.6465341376850199,1.0,0.47631862217438103,0.671388188212467,0.0,0.46340150699677074,0.23472720469423566,0.35992950689380265,0.4054612136396447,0.2612391582293833,0.3693448892278275,2021,1.0,0.0,0.011600313307470238,3.0
2021-10-21,0.5911696182381556,0.5539271651987814,0.37326420059744086,0.7046848301974652,0.5021291314131805,0.9431000703638328,1.0,0.47631862217438103,0.5966531140065916,0.0,0.46340150699677074,0.5492625602542497,1.5055071053820241,0.4054612136396447,0.004864320211257111,0.3693448892278275,2021,0.0,0.0,0.011530378165635867,4.0
2021-10-22,0.07749074153289855,0.6219513225794956,0.3077645991294779,0.5181056998621403,0.4743765784454894,0.7630360183392529,0.0,0.47631862217438103,0.17725600768823907,0.0,0.46340150699677074,0.44857322254883125,0.8318984435666238,0.4054612136396447,0.002836017421247289,0.3693448892278275,2021,0.0,0.0,0.011804461774889863,0.0
2021-10-25,0.7988680486621604,0.3367659294792784,0.4176596887703209,0.6886137701679647,0.418783419872271,0.9251869784338381,0.0,0.47631862217438103,0.8542569088306178,1.0,0.46340150699677074,0.16580366799436191,0.030635620747431824,0.4054612136396447,1.2125004273942572,0.3693448892278275,2021,0.0,1.0,0.011557091566053695,1.0
2021-10-26,0.28979915084930513,0.48595110114305806,0.3667671296170544,0.6371771080106646,0.3793969264169798,0.6769621364641838,0.0,0.47631862217438103,0.22316912681984336,0.0,0.46340150699677074,0.5073988561124844,0.3008890968647555,0.4054612136396447,0.4384651380439917,0.3693448892278275,2021,0.0,0.0,0.011920699734475777,2.0
2021-10-27,0.8129717912357501,0.31477562820578325,0.3536208695340101,0.779962828622892,0.38364882820073104,0.8497038906237191,1.0,0.47631862217438103,0.8367400707534359,0.0,0.46340150699677074,0.21814757565189713,0.626037119722771,0.4054612136396447,0.20479157642197243,0.3693448892278275,2021,1.0,0.0,0.011930270073869022,3.0
2021-10-28,0.3606800726799574,0.5728220356563314,0.36841117259320066,0.7794544601548273,0.44810192667872045,0.7945968226280816,0.0,0.47631862217438103,0.37505048926987633,1.0,0.46340150699677074,0.6043562642509147,0.11345218800648948,0.4054612136396447,1.2894927411290051,0.3693448892278275,2021,0.0,0.0,0.011515344527163658,4.0
2021-10-29,0.22824501526684024,0.4085164876012479,0.35464805840947955,0.6092567175600853,0.3798636549651541,0.7640040665451692,0.0,0.47631862217438103,0.17847622754570228,0.0,0.46340150699677074,0.501672422856571,0.575498020894159,0.4054612136396447,0.1762377522548877,0.3693448892278275,2021,0.0,0.0,0.01234812234184052,0.0
2021-11-01,0.7613404818378857,0.3139518878885337,0.402429286289779,0.6720074313638574,0.4022560246440486,0.7750965973670553,1.0,0.47631862217438103,0.8452783945014146,0.0,0.46340150699677074,0.20605664043651983,0.150006533385599,0.4054612136396447,0.3087024696197566,0.3693448892278275,2021,1.0,0.0,0.012194432117581555,1.0
2021-11-02,0.39893028890356536,0.8011694198960995,0.46637199254440637,0.7309908431674457,0.3799570334483407,0.8414064539708849,0.0,0.47631862217438103,0.2945299702226685,1.0,0.46340150699677074,0.8436913342770619,0.015107370238478328,0.4054612136396447,1.456350490989535,0.3693448892278275,2021,0.0,0.0,0.011106805270349102,2.0
2021-11-03,0.22341322419331,0.4723794126101967,0.48931653045468415,0.9227896436325959,0.41566393293230147,0.6278949190846291,1.0,0.47631862217438103,0.1490192287121743,0.0,0.46340150699677074,0.49623323950365505,1.3887847281404406,0.4054612136396447,0.05536049088120377,0.3693448892278275,2021,0.0,0.0,0.011840584202759574,3.0
2021-11-04,0.5699090093666174,0.11070776248264999,0.31958980759507155,0.63739490107131,0.4014847424247723,0.6808472229380914,1.0,0.47631862217438103,0.6227019466320035,0.0,0.46340150699677074,0.11807544388804535,1.2819635093965,0.4054612136396447,0.3110259131208709,0.3693448892278275,2021,0.0,0.0,0.011647787307169385,4.0
2021-11-05,0.857364761580631,0.0297554361588149,0.595520017681776,0.9274795134287851,0.3672066234755019,0.5206568320762802,1.0,0.47631862217438103,0.7976205463549982,0.0,0.46340150699677074,0.05129864285958086,0.38945958016971954,0.4054612136396447,0.23313979455113992,0.3693448892278275,2021,0.0,0.0,0.01231756091388711,0.0
2021-11-08,0.847663109439116,0.3162676664166808,0.6914097242289409,0.8082005852027707,0.3455293683895685,0.7306548678849057,1.0,0.47631862217438103,0.8543920938523772,0.0,0.46340150699677074,0.2454745054350176,0.39327389537170265,0.4054612136396447,0.2354136619903025,0.3693448892278275,2021,0.0,0.0,0.011945810782554767,1.0
2021-11-09,0.8655551652434054,0.34325974341973975,0.547925336172033,0.873615124928263,0.4489092873446005,0.812902036321061,1.0,0.47631862217438103,0.8927352625707595,0.0,0.46340150699677074,0.18787672666936103,1.7376905731497936,0.4054612136396447,0.4358361659879513,0.3693448892278275,2021,0.0,0.0,0.011586626538065891,2.0
2021-11-10,0.18279333215943294,0.1257091339973155,0.4426772778354069,0.862897639068933,0.6072137491896384,0.8664249064200591,0.0,0.47631862217438103,0.24513162020442814,0.0,0.46340150699677074,0.13178035527000426,0.7152109436474737,0.4054612136396447,0.26862780703347866,0.3693448892278275,2021,0.0,0.0,0.012763393219278359,3.0
2021-11-11,0.7969075824344771,0.23266137309915164,0.4482883719013072,0.8824997143433791,0.33547996452869444,0.898552593508796,1.0,0.47631862217438103,0.7711225266391694,0.0,0.46340150699677074,0.1736199104805938,0.29380947952509306,0.4054612136396447,0.7191171456027748,0.3693448892278275,2021,1.0,0.0,0.0123763382858125,4.0
2021-11-12,0.6424030411449645,0.25223669491840267,0.5358929925278477,0.8527451133267361,0.4235646778293689,0.7959373395335766,1.0,0.47631862217438103,0.7399880292978583,0.0,0.46340150699677074,0.19235812509139288,0.24479848904864937,0.4054612136396447,0.34288847594967403,0.3693448892278275,2021,1.0,0.0,0.012577298258250895,0.0
2021-11-15,0.55524514110064,0.6796748122133717,0.4376578248733901,0.9634352560921564,0.41278982399314346,0.8772647814265484,1.0,0.47631862217438103,0.5612551408014019,1.0,0.46340150699677074,0.5882682273577026,0.6360415084788618,0.4054612136396447,0.5815616299671019,0.3693448892278275,2021,1.0,0.0,0.012120459141766576,1.0
2021-11-16,0.045002967677921134,0.8665695466436032,0.31433457551265365,0.5902836934943767,0.36217592450556446,0.6555952889645501,0.0,0.47631862217438103,0.07440060411623475,1.0,0.46340150699677074,0.800311141035101,0.7453397199255595,0.4054612136396447,0.04143149159471697,0.3693448892278275,2021,0.0,1.0,0.012651929692373253,2.0
2021-11-17,0.8524564942322533,0.24395339027591292,0.30360415365684645,0.7447684619184173,0.3201453935725195,0.8550067896027395,1.0,0.47631862217438103,0.9006491064169485,0.0,0.46340150699677074,0.13337209020013296,0.1526280528655794,0.4054612136396447,0.5248188074791376,0.3693448892278275,2021,1.0,0.0,0.012561433896209617,3.0
2021-11-18,0.3173443423873399,0.7495092114922388,0.42042384015041523,0.6600397471638306,0.41287039210571325,0.738454472582871,0.0,0.47631862217438103,0.28957980113210985,1.0,0.46340150699677074,0.7579605849521818,0.2935820564068457,0.4054612136396447,0.6995336442371757,0.3693448892278275,2021,0.0,0.0,0.012112262354346206,4.0
2021-11-19,0.13655347872788295,0.8028695920084429,0.4129911438259514,0.6612381395906588,0.3429141408254128,0.6706581412850317,0.0,0.47631862217438103,0.12909395573495275,1.0,0.46340150699677074,0.7924471847027639,0.1469690361971169,0.4054612136396447,1.8909725250763247,0.3693448892278275,2021,0.0,0.0,0.012423605392050625,0.0
2021-11-22,0.009522863105199316,0.836226237754738,0.41319655059608146,0.7095025656686161,0.31742161760723125,0.7300656514684928,0.0,0.47631862217438103,0.018785180071968395,1.0,0.46340150699677074,0.6892662672211987,0.30409258638040854,0.4054612136396447,0.8891870736889197,0.3693448892278275,2021,0.0,0.0,0.014158818467734978,1.0
2021-11-23,0.16143384366122807,0.7036888985240939,0.4481581851520185,0.7766532183535741,0.34090149517035684,0.8192817951923719,0.0,0.47631862217438103,0.13987868118929833,1.0,0.46340150699677074,0.6591602788079318,0.2889774088414751,0.4054612136396447,0.40675227722220925,0.3693448892278275,2021,0.0,1.0,0.014333467222559829,2.0
2021-11-24,0.47153917262201644,0.5142130785801743,0.3875250983534186,1.1029347142806858,0.4185354537405848,0.8015442690949295,0.0,0.47631862217438103,0.6050363194696272,0.0,0.46340150699677074,0.4725492933595126,0.2625732175318116,0.4054612136396447,0.09856594627348225,0.3693448892278275,2021,0.0,0.0,0.013841439889961818,3.0
2021-11-25,0.5574798154584678,0.7777881028792114,0.4060172834503842,1.058025885799299,0.49603425325014305,0.865299314554644,1.0,0.47631862217438103,0.47631363910391933,1.0,0.46340150699677074,0.7862520641010855,1.1629379092065644,0.4054612136396447,0.3453625841685561,0.3693448892278275,2021,1.0,1.0,0.012870433825514515,4.0
2021-11-26,0.09260373563565223,0.41452153074372283,0.40193030904641097,0.6452986260542672,0.4297469388217123,0.6230725349849213,0.0,0.47631862217438103,0.1612155077944093,1.0,0.46340150699677074,0.49652607092903395,0.353825972890252,0.4054612136396447,0.503600058300545,0.3693448892278275,2021,0.0,1.0,0.013683718429322134,0.0
2021-11-29,0.2905964372387822,0.6826661398763907,0.47791204229192547,0.8095595740262369,0.3755864479679992,0.6439880598714681,1.0,0.47631862217438103,0.29905508499800876,1.0,0.46340150699677074,0.6796433945672893,0.9650074209384659,0.4054612136396447,0.588594588423327,0.3693448892278275,2021,1.0,0.0,0.014022993290288305,1.0
2021-11-30,0.025611808875152735,0.718988109112613,0.4500644133472782,0.8249440471366587,0.3992410927664137,0.6426355237893974,0.0,0.47631862217438103,0.05953289603070536,0.0,0.46340150699677074,0.6241417718009548,0.7977033604383407,0.4054612136396447,0.10853662090874042,0.3693448892278275,2021,0.0,0.0,0.013808721577440498,2.0
2021-12-01,0.44949018257309586,0.5312035013701729,0.4165432845459524,0.9717418865284074,0.3342692155852796,0.7075915064628354,0.0,0.47631862217438103,0.44628368315986405,1.0,0.46340150699677074,0.5092620348385268,0.06547793042969517,0.4054612136396447,0.8135632855890039,0.3693448892278275,2021,0.0,0.0,0.013714292128453332,3.0
2021-12-02,0.46970861225090443,0.5629590147887311,0.4816282424836403,0.8808518696295498,0.2272894451017088,0.6570586326950142,1.0,0.47631862217438103,0.25447839867308947,0.0,0.46340150699677074,0.6887502190449311,0.736950387961433,0.4054612136396447,0.08435222196096685,0.3693448892278275,2021,1.0,0.0,0.013744560589338836,4.0
2021-12-03,0.7782930408536198,0.20602115403636395,0.34514701386056523,0.6864176029175226,0.3035541706647813,0.7031563789119828,1.0,0.47631862217438103,0.848195310023748,0.0,0.46340150699677074,0.1848681595759957,0.17983950118353637,0.4054612136396447,0.3035044166041219,0.3693448892278275,2021,1.0,0.0,0.013875715375199466,0.0
2021-12-06,0.3942490956773746,0.685943371534955,0.468490973223714,0.9184381428416053,0.434577477740406,0.7628200830501076,0.0,0.47631862217438103,0.34790330428117905,1.0,0.46340150699677074,0.8110740935340219,0.3955997461392063,0.4054612136396447,0.26655383964459306,0.3693448892278275,2021,0.0,1.0,0.013290559120073323,1.0
2021-12-07,0.7791048338844496,0.25439487455674886,0.42561470515286315,1.026978485041855,0.3327832632686891,0.7439408006323952,1.0,0.47631862217438103,0.8068074271217829,0.0,0.46340150699677074,0.29260196791759085,0.38741923686455876,0.4054612136396447,0.18474948189686397,0.3693448892278275,2021,1.0,0.0,0.013137190998549828,2.0
2021-12-08,0.3614185476314126,0.6647597767108254,0.38659083506047104,0.8992376679948633,0.44952244129656893,0.7353413594075,0.0,0.47631862217438103,0.3666447206546934,1.0,0.46340150699677074,0.7706418324460346,0.19088564058469717,0.4054612136396447,0.4191745485812555,0.3693448892278275,2021,0.0,0.0,0.013045429052159278,3.0
2021-12-09,0.2482567044279382,0.736794374148721,0.4046094424679804,0.8263240309632962,0.32116764731273306,0.7198861137425941,1.0,0.47631862217438103,0.23274327692289587,1.0,0.46340150699677074,0.8385426095811032,0.6235549815730669,0.4054612136396447,0.22446215390430246,0.3693448892278275,2021,1.0,1.0,0.012774589082106312,4.0
2021-12-10,0.5133111962267998,0.275103499246067,0.3998134897358996,0.9208908416319631,0.2815059720906442,0.5794517168253871,1.0,0.47631862217438103,0.6529699829514478,0.0,0.46340150699677074,0.30673933612139365,0.4214918784701877,0.4054612136396447,0.04055591957788344,0.3693448892278275,2021,1.0,0.0,0.011619063647000362,0.0
2021-12-13,0.477269151239907,0.5489321492355237,0.38682666462961934,0.8281892198831794,0.3256592994396732,0.7234284145881751,0.0,0.47631862217438103,0.6594935979248027,1.0,0.46340150699677074,0.5771864483080503,0.15090131945735483,0.4054612136396447,1.055268537446571,0.3693448892278275,2021,0.0,0.0,0.010756965740033654,1.0
2021-12-14,0.1277530187248461,0.6003683730547682,0.440701172946366,0.8544014342942899,0.2881404180417058,0.5356952999160168,0.0,0.47631862217438103,0.1120166522146253,1.0,0.46340150699677074,0.708403713387042,0.5285906920806224,0.4054612136396447,0.9122781442472345,0.3693448892278275,2021,0.0,1.0,0.011069478029270625,2.0
2021-12-15,0.7703187361405908,0.07705652659582106,0.4694342865509861,0.9037897427623114,0.385138716570027,0.8088767200603956,1.0,0.47631862217438103,0.6775317016132951,0.0,0.46340150699677074,0.11169519025752993,1.0778031257448297,0.4054612136396447,0.0695971943205439,0.3693448892278275,2021,0.0,0.0,0.011805142988985495,3.0
2021-12-16,0.8689387251929588,0.05930666937058524,0.45800290675510125,0.7044482315907264,0.3462134010144965,0.727794408408917,1.0,0.47631862217438103,0.8563815399813405,0.0,0.46340150699677074,0.0744214249865594,0.7473855285471982,0.4054612136396447,0.1691633691351085,0.3693448892278275,2021,1.0,0.0,0.011236989960394196,4.0
2021-12-17,0.1066373896750133,0.8023522035498949,0.41637571742705987,0.6843066815827167,0.35517319848623813,0.5911567864626894,0.0,0.47631862217438103,0.15809780210690189,1.0,0.46340150699677074,0.7908792283642063,0.3228542914171679,0.4054612136396447,0.46756487025947685,0.3693448892278275,2021,0.0,0.0,0.011148197596795698,0.0
2021-12-20,0.23962531987926436,0.7732351890965997,0.4344806804832407,0.706077066243645,0.43643346807620564,0.9005265160751964,0.0,0.47631862217438103,0.18985128216479136,1.0,0.46340150699677074,0.7766872897953132,0.5132028580304485,0.4054612136396447,0.32292637465050406,0.3693448892278275,2021,0.0,1.0,0.010271374566142888,1.0
2021-12-21,0.27337199628261355,0.6714846782705588,0.39041275475762005,0.6966218316876884,0.3647385027734134,0.6597265285917805,1.0,0.47631862217438103,0.2762969205356466,0.0,0.46340150699677074,0.6956917932284079,0.8935338465834319,0.4054612136396447,0.1692129721967359,0.3693448892278275,2021,0.0,0.0,0.010009686664744747,2.0
2021-12-22,0.8381393614133987,0.12349594064897401,0.3216424063642695,0.7019080447448417,0.3472426444506472,0.6861615086686752,1.0,0.47631862217438103,0.8359547544546221,0.0,0.46340150699677074,0.10980504352237627,0.40662262326780807,0.4054612136396447,0.2532226877215607,0.3693448892278275,2021,0.0,0.0,0.009832058117824668,3.0
2021-12-23,0.7526630272624947,0.3193610055435318,0.5091238085306048,0.9455789516359052,0.34956296250942664,0.7429367254320107,1.0,0.47631862217438103,0.82605479958287,0.0,0.46340150699677074,0.2612172821935798,0.2992749395783048,0.4054612136396447,0.30277523126926265,0.3693448892278275,2021,0.0,0.0,0.009479200899967127,4.0
2021-12-27,0.8252163468221968,0.344937088410271,0.5908116249225274,0.864769117439057,0.3572337806707057,0.8532169986610408,1.0,0.47631862217438103,0.8586139740787866,0.0,0.46340150699677074,0.2538369866506996,0.4986993370814814,0.4054612136396447,0.403541159687835,0.3693448892278275,2021,1.0,0.0,0.00939618270714454,1.0
2021-12-28,0.14630967751132867,0.8393370899916468,0.41555044538329844,0.808604961459235,0.22908112577682582,0.6361793965324187,0.0,0.47631862217438103,0.13655310361039552,1.0,0.46340150699677074,0.8193817662218623,0.08762864944339496,0.4054612136396447,0.9821466078554838,0.3693448892278275,2021,0.0,0.0,0.009414419544975636,2.0
2021-12-29,0.6090935215460378,0.1900497948057368,0.4248603649525206,0.7757690710684635,0.36591141597727767,0.5762132993894066,1.0,0.47631862217438103,0.7058311833658422,0.0,0.46340150699677074,0.18986485402255904,0.737388296339002,0.4054612136396447,0.4779475353127692,0.3693448892278275,2021,0.0,0.0,0.009613093093758813,3.0
2021-12-30,0.7224073141878564,0.11256910145474233,0.3083133285404223,0.7322474600481489,0.38708741502854094,0.5913062009179677,1.0,0.47631862217438103,0.7659958401975976,0.0,0.46340150699677074,0.11864391384178817,0.7260131347108806,0.4054612136396447,0.017379465000797883,0.3693448892278275,2021,0.0,0.0,0.00983006412451727,4.0
2021-12-31,0.7803039443193407,0.3883971038918763,0.5705077761473776,0.8275343712218325,0.4748775162450475,0.6844437312932291,1.0,0.47631862217438103,0.8407890178022231,1.0,0.46340150699677074,0.21311802118738185,0.37103589743590054,0.4054612136396447,1.5473230769230844,0.3693448892278275,2021,1.0,0.0,0.009539124302518772,0.0
2022-01-03,0.018280676244124706,0.7364473092465543,0.3951744416159904,0.6534254048005144,0.34940743572294586,0.7724038601054493,0.0,0.47967863894139884,0.027104927310520558,0.0,0.46313799621928164,0.6657141456881434,0.7999850511996409,0.4006292551142536,0.1444054114657297,0.3661192750756693,2022,0.0,0.0,0.010611003116124595,1.0
2022-01-04,0.7806967218863833,0.24923733808877932,0.2806076655872041,0.5749096760554004,0.4026411862092913,0.8070790208982082,1.0,0.47967863894139884,0.841140283619266,0.0,0.46313799621928164,0.1383613433377917,0.7985521051628915,0.4006292551142536,0.33819775195276147,0.3661192750756693,2022,1.0,0.0,0.01033174161394832,2.0
2022-01-05,0.05299571231992343,0.893303532925898,0.46436923599781865,0.7885841968708122,0.43016352154989523,0.863744098744034,0.0,0.47967863894139884,0.10164968217421863,1.0,0.46313799621928164,0.7437835372364223,0.06739198497182329,0.4006292551142536,1.306199123356291,0.3661192750756693,2022,0.0,0.0,0.010082436704615205,3.0
2022-01-06,0.11634580974209999,0.7448290907399767,0.4496833103634236,0.8376964208870483,0.4438537717591642,0.7569981373515631,0.0,0.47967863894139884,0.07371405026502915,1.0,0.46313799621928164,0.6866217685960283,0.427880866988925,0.4006292551142536,0.4611726181194482,0.3661192750756693,2022,0.0,1.0,0.010231203175454028,4.0
2022-01-07,0.7687267344043008,0.24806176620802203,0.3790535173380295,0.7569778851803548,0.4164942996259694,0.8574800648241391,1.0,0.47967863894139884,0.8314413283443995,0.0,0.46313799621928164,0.1670654410689604,0.30997325782602514,0.4006292551142536,0.3551203397829196,0.3661192750756693,2022,0.0,0.0,0.010108503020863378,0.0
2022-01-10,0.7994522451306436,0.3116335625267276,0.37285877876877116,0.7271899980483455,0.4382508079591548,0.710256926203788,1.0,0.47967863894139884,0.893565134287062,0.0,0.46313799621928164,0.1844444547224724,1.2015008781734005,0.4006292551142536,0.08494331789876962,0.3661192750756693,2022,0.0,0.0,0.009932441004821102,1.0
2022-01-11,0.8767460930706501,0.06923848701055939,0.36950407134602853,0.8373224980087823,0.4568572694247239,0.7652431204634623,1.0,0.47967863894139884,0.8208918640094358,0.0,0.46313799621928164,0.07877984338321335,0.36496746203904673,0.4006292551142536,0.35791757049891065,0.3661192750756693,2022,0.0,0.0,0.010124247132652888,2.0
2022-01-12,0.8042364828272855,0.23859231705944878,0.39269962520418095,0.7178504163754544,0.3991504150364562,0.7126501385721853,0.0,0.47967863894139884,0.8420809937085625,1.0,0.46313799621928164,0.22296080084700115,0.11312683197338,0.4006292551142536,0.7563970529984884,0.3661192750756693,2022,0.0,1.0,0.009875444074225028,3.0
2022-01-13,0.7209496469537334,0.2876789522291225,0.378002956384715,0.776173360060846,0.48090221998568566,0.6818730845615576,1.0,0.47967863894139884,0.6248145817722546,0.0,0.46313799621928164,0.3696400160287999,0.3679613164872885,0.4006292551142536,0.4383871470909366,0.3661192750756693,2022,1.0,0.0,0.010050393056434095,4.0
2022-01-14,0.263048449877202,0.738464341733366,0.40389055036321475,0.7570243986355742,0.3629049275567578,0.6572740046142752,0.0,0.47967863894139884,0.24158852410084722,1.0,0.46313799621928164,0.7592165582527818,0.2929970485645193,0.4006292551142536,0.25060370270995863,0.3661192750756693,2022,0.0,1.0,0.010252361591743078,0.0
2022-01-17,0.6701143317957706,0.5858312713567059,0.33471312544825055,0.7968644638427025,0.4466122955516627,0.844878459184784,0.0,0.47967863894139884,0.714598910281058,1.0,0.46313799621928164,0.48463191523317223,0.20042243604788085,0.4006292551142536,0.7222874129703553,0.3661192750756693,2022,0.0,1.0,0.010039102472982054,1.0
2022-01-18,0.47717253308221835,0.39915124954495595,0.46479486401261216,0.8845997655181251,0.346592056360421,0.5543514575755042,1.0,0.47967863894139884,0.4021095833943937,0.0,0.46313799621928164,0.5229093488205685,1.6354985844605248,0.4006292551142536,0.18441333752751943,0.3661192750756693,2022,0.0,0.0,0.010016549835801365,2.0
2022-01-19,0.8190755022216083,0.026549594759468914,0.5732400426076932,0.8757905461116262,0.3666740829711182,0.5329388116793571,1.0,0.47967863894139884,0.6988719493902633,0.0,0.46313799621928164,0.040628861447996246,0.3890349230191442,0.4006292551142536,0.24025535110776988,0.3661192750756693,2022,1.0,0.0,0.010335205287526728,3.0
2022-01-20,0.4241316355936599,0.6895256406415828,0.42970197752829037,0.8834592599347791,0.5287735365996007,0.7487248543156424,0.0,0.47967863894139884,0.38634309177584025,1.0,0.46313799621928164,0.7269330948035296,0.19493604014941937,0.4006292551142536,0.5842798384966702,0.3661192750756693,2022,0.0,0.0,0.010290843203756435,4.0
2022-01-21,0.46931680008780874,0.5867360893040232,0.37707563231815205,0.9761518116025882,0.45057057450116617,0.7658868204930654,1.0,0.47967863894139884,0.3663042610571688,0.0,0.46313799621928164,0.616688059120566,0.5813443740867041,0.4006292551142536,0.24947231693456037,0.3661192750756693,2022,1.0,0.0,0.009594690906541716,0.0
2022-01-24,0.8112309678770974,0.25450982015503376,0.39289499270833594,0.9894500490838257,0.3507414468604724,0.7148414718092838,1.0,0.47967863894139884,0.8642421711541972,0.0,0.46313799621928164,0.1572348283885447,0.628164491828915,0.4006292551142536,0.4650722430329826,0.3661192750756693,2022,0.0,0.0,0.00941577468806587,1.0
2022-01-25,0.6229939249378038,0.3606685018691251,0.5282552832815749,1.0219137136349399,0.41006276957514803,0.7685436742714442,0.0,0.47967863894139884,0.6208000813811171,1.0,0.46313799621928164,0.23698635161568735,0.11870817573465045,0.4006292551142536,1.9220250218213584,0.3661192750756693,2022,0.0,0.0,0.009299695331482574,2.0
2022-01-26,0.020480176725922273,0.8559526965917721,0.5491538027403927,1.0473466694037312,0.46256473220568856,0.9646714158487907,0.0,0.47967863894139884,0.01934966555701524,1.0,0.46313799621928164,0.5987697525724277,0.15307873418731877,0.4006292551142536,1.5386088830360363,0.3661192750756693,2022,0.0,0.0,0.009838772750616006,3.0
2022-01-27,0.10152508701389203,0.6364749868463428,0.5162702908745148,0.7780364501878299,0.422714298465822,0.6582554713663681,0.0,0.47967863894139884,0.04843249326456116,1.0,0.46313799621928164,0.6322858434216403,0.1222314611837603,0.4006292551142536,0.8889560813364572,0.3661192750756693,2022,0.0,0.0,0.01051673423960567,4.0
2022-01-28,0.5788058150944659,0.32613495016204463,0.35068834309311614,0.719137418504954,0.42278819357224073,0.8368224662550526,1.0,0.47967863894139884,0.4973703756425845,0.0,0.46313799621928164,0.3967572327961519,0.4427672029748507,0.4006292551142536,0.2953499502963826,0.3661192750756693,2022,1.0,0.0,0.010830763979385588,0.0
2022-01-31,0.6181479170380098,0.29834663876366113,0.3427886989039411,0.7324510861415537,0.45940766493174273,0.7213582318529773,1.0,0.47967863894139884,0.8243242740856314,0.0,0.46313799621928164,0.23288524987308826,0.6129093606177033,0.4006292551142536,0.08253775056102633,0.3661192750756693,2022,0.0,0.0,0.010449132663565001,1.0
2022-02-01,0.43416815568795314,0.5241430300055312,0.3242335318879664,0.8598358417744988,0.4342515545587347,0.6962075848193949,1.0,0.47967863894139884,0.49655677986792357,1.0,0.46313799621928164,0.6008960245533826,0.5202558635394468,0.4006292551142536,0.353411513859282,0.3661192750756693,2022,1.0,1.0,0.010416493150989145,2.0
2022-02-02,0.6271109289894853,0.20459216576411415,0.37404060517231036,0.7403760368125115,0.4165029480539388,0.6908744443233732,0.0,0.47967863894139884,0.754449439808417,1.0,0.46313799621928164,0.24885155273430154,0.11589139927853029,0.4006292551142536,0.9643440288589402,0.3661192750756693,2022,0.0,1.0,0.010411527124133372,3.0
2022-02-03,0.700399338881615,0.10964459265234136,0.5160337121160661,0.7426988723767848,0.32875164690650766,0.5635013783092724,1.0,0.47967863894139884,0.6933708464516118,0.0,0.46313799621928164,0.20375252493060808,0.5242841204908862,0.4006292551142536,0.6570472294533236,0.3661192750756693,2022,1.0,0.0,0.010642550412601651,4.0
2022-02-04,0.4753942635303029,0.18548895436755963,0.38063446260648265,0.8159754236339706,0.30636324093003653,0.5543609765965143,1.0,0.47967863894139884,0.5952636181306792,0.0,0.46313799621928164,0.2408085058217518,0.7829176437149167,0.4006292551142536,0.07013429972287777,0.3661192750756693,2022,0.0,0.0,0.011121103307012924,0.0
2022-02-07,0.7963253994047563,0.28251606075833063,0.3466513130437944,0.7343610892788761,0.3656993047584561,0.6301938681524766,1.0,0.47967863894139884,0.82183283296988,0.0,0.46313799621928164,0.1972488182391455,0.41687961385576944,0.4006292551142536,0.24545712663258692,0.3661192750756693,2022,0.0,0.0,0.011056140835520268,1.0
2022-02-08,0.7357247428601146,0.36238005381898253,0.4313309770951399,0.7751689615736121,0.3424242085766766,0.7847414748341298,1.0,0.47967863894139884,0.818173102140455,0.0,0.46313799621928164,0.2656772456643453,0.529481357096521,0.4006292551142536,0.06625195588290263,0.3661192750756693,2022,0.0,0.0,0.010250690668792707,2.0
2022-02-09,0.7719397237780418,0.460039854733794,0.37318235823223045,0.7979074358585923,0.44594385305329315,0.676238023082197,1.0,0.47967863894139884,0.8136548054097469,1.0,0.46313799621928164,0.3385707234714205,0.4904100149305091,0.4006292551142536,0.597603460816973,0.3661192750756693,2022,1.0,1.0,0.01018041879984783,3.0
2022-02-10,0.1357012703700752,0.6486935535940949,0.40704319388574617,0.8176103900731112,0.44273125650938716,0.8564609097825387,1.0,0.47967863894139884,0.18534332830131803,1.0,0.46313799621928164,0.6686877212477743,2.0341880341880376,0.4006292551142536,0.295996401259553,0.3661192750756693,2022,0.0,1.0,0.010432015917857827,4.0
2022-02-11,0.888567046432139,0.01002946764374083,0.5221247839401099,0.7534816461219179,0.5138068341806111,0.7309891273723989,1.0,0.47967863894139884,0.49526256967706606,0.0,0.46313799621928164,0.03373330241119064,0.7615161529641826,0.4006292551142536,0.33850408039388,0.3661192750756693,2022,0.0,0.0,0.011400552535040898,0.0
2022-02-14,0.7608311507072416,0.11832783087668002,0.3997917573407913,0.7826817606269025,0.45780734828515346,0.758137788533841,1.0,0.47967863894139884,0.8038925681327024,1.0,0.46313799621928164,0.12631620783601083,0.3820254595007835,0.4006292551142536,1.2498421245055982,0.3661192750756693,2022,1.0,1.0,0.01148474502774323,1.0
2022-02-15,0.06394383054370434,0.46841291527027956,0.3587720911820662,0.6213814198586476,0.425220439810951,0.600646121384125,0.0,0.47967863894139884,0.07222840515918096,0.0,0.46313799621928164,0.523399457876859,0.8873599893641866,0.4006292551142536,0.14610961544852694,0.3661192750756693,2022,0.0,0.0,0.011595479739994845,2.0
2022-02-16,0.7240933983183271,0.19164451503764973,0.21753429743771638,0.6529255682606154,0.5185323031288761,0.8073949354728781,1.0,0.47967863894139884,0.8087755322556206,0.0,0.46313799621928164,0.13098791687976358,1.5142759562841481,0.4006292551142536,0.0798497267759599,0.3661192750756693,2022,0.0,0.0,0.011187819338115138,3.0
2022-02-17,0.7373072317273226,0.03872862000429505,0.5489500384238458,1.0709178927153684,0.3700984905375657,0.5964875552009512,1.0,0.47967863894139884,0.7615990081620453,0.0,0.46313799621928164,0.05411055584592536,0.18512848907272683,0.4006292551142536,0.5357782627104851,0.3661192750756693,2022,1.0,0.0,0.011552878793922031,4.0
2022-02-18,0.637986481996379,0.5122252784560817,0.4569870615078254,0.7673410309305271,0.4886945114409105,0.8913239188052146,1.0,0.47967863894139884,0.7006020059872178,0.0,0.46313799621928164,0.38808506987480257,0.5073252949565705,0.4006292551142536,0.42972902891222803,0.3661192750756693,2022,0.0,0.0,0.011616777379741183,0.0
2022-02-21,0.7857289211570299,0.29121398508776325,0.4749934404607991,0.8529961178435098,0.43224465501848114,0.8962780491155575,1.0,0.47967863894139884,0.773836258536893,0.0,0.46313799621928164,0.2105424915852813,0.4433266900762393,0.4006292551142536,0.5611337825440549,0.3661192750756693,2022,1.0,0.0,0.011858743980780503,1.0
2022-02-22,0.19803820400574537,0.7413789132405623,0.4182093167096388,0.7195231423911396,0.36367958365236097,0.7135256574426396,0.0,0.47967863894139884,0.25824561885895864,1.0,0.46313799621928164,0.6317325318591196,0.5245657568238188,0.4006292551142536,0.38126550868487263,0.3661192750756693,2022,0.0,1.0,0.012130643721789843,2.0
2022-02-23,0.8660453909953014,0.19430020659109642,0.3755809819015152,0.9297974210541736,0.47486127071189665,0.9613012977126105,1.0,0.47967863894139884,0.8617096045747963,1.0,0.46313799621928164,0.13796809921874495,2.8321669659998765,0.4006292551142536,1.3456369604260854,0.3661192750756693,2022,1.0,1.0,0.01208349110893924,3.0
2022-02-24,0.0002654352909355518,0.358134536397268,0.546525427453432,0.9493775156179413,0.5653329353199882,1.1074647123157624,0.0,0.47967863894139884,0.006328567753154742,0.0,0.46313799621928164,0.07999474325437188,0.6191316625485344,0.4006292551142536,0.7349099894105252,0.3661192750756693,2022,0.0,0.0,0.014879826883482487,4.0
2022-02-25,0.05196126005398756,0.8041744815108014,0.560917889630464,0.6618180135722953,0.3976580320686194,0.8146232603267513,1.0,0.47967863894139884,0.09049574875366134,0.0,0.46313799621928164,0.698902308653906,1.408611157647847,0.4006292551142536,0.0,0.3661192750756693,2022,1.0,0.0,0.015802459984221355,0.0
2022-02-28,0.1259547660577212,0.5199345792443902,0.35924585855440133,0.6885710625474264,0.42446274757142527,0.7950432831805325,1.0,0.47967863894139884,0.36021532885895424,0.0,0.46313799621928164,0.3592188495660323,1.3036234155954658,0.4006292551142536,0.22698974336005776,0.3661192750756693,2022,0.0,0.0,0.016712101546582345,1.0
2022-03-01,0.7565496639189092,0.04012634547262032,0.3406589502534112,0.7165748381271091,0.4878251685816867,0.6565065874587724,0.0,0.47967863894139884,0.7558410213400699,0.0,0.46313799621928164,0.07242020292130602,0.08500444022221924,0.4006292551142536,0.9107618595237608,0.3661192750756693,2022,0.0,0.0,0.017782774055461123,2.0
2022-03-02,0.4950549417718448,0.4223991949919466,0.5317592597287047,0.8535099190622124,0.3778961446263158,0.6613025144647529,0.0,0.47967863894139884,0.35193585895111834,0.0,0.46313799621928164,0.5417503248369929,0.35677736530550946,0.4006292551142536,0.18513093207584802,0.3661192750756693,2022,0.0,0.0,0.01845780390838025,3.0
2022-03-03,0.8765176991733838,0.4450312882145248,0.3334932839570613,0.7682091406555458,0.3886239582394967,0.7117051227852111,1.0,0.47967863894139884,0.8189989830088468,0.0,0.46313799621928164,0.34593073733288143,1.0182571211224702,0.4006292551142536,0.19436226861635172,0.3661192750756693,2022,0.0,0.0,0.017458440102911976,4.0
2022-03-04,0.9023529579738598,0.05670815472661628,0.4221790213880201,0.9282323294303049,0.36984673346617725,0.637306540201687,1.0,0.47967863894139884,0.8703262765148473,0.0,0.46313799621928164,0.06945341000693854,0.9114130324078799,0.4006292551142536,0.2737661173690724,0.3661192750756693,2022,0.0,0.0,0.017795159026585627,0.0
2022-03-07,0.7708749922241525,0.09318662379325868,0.4280057054290822,0.7807674104435951,0.44406106185823924,0.9121392771043417,1.0,0.47967863894139884,0.7913011172855335,0.0,0.46313799621928164,0.11016372578892249,2.0537573881227136,0.4006292551142536,0.4649591894173931,0.3661192750756693,2022,0.0,0.0,0.017787323090478556,1.0
2022-03-08,0.6052363943044261,0.011819992073826634,0.4393011269470102,1.0825329597044455,0.6126972740599999,1.0313186170429332,0.0,0.47967863894139884,0.3643518955340116,1.0,0.46313799621928164,0.03872272547434244,0.23428369045511566,0.4006292551142536,1.825925270054893,0.3661192750756693,2022,0.0,1.0,0.019678453992074258,2.0
2022-03-09,0.02386716252070716,0.5931902495577392,0.41445669320574285,0.6432022136350231,0.41754532901171115,0.6157242751030841,0.0,0.47967863894139884,0.03067558461079936,1.0,0.46313799621928164,0.5416626079008738,0.3978127136021879,0.4006292551142536,0.4818865345181153,0.3661192750756693,2022,0.0,1.0,0.022036672557840628,3.0
2022-03-10,0.554785216027822,0.29959030561717376,0.3529288903138565,0.6260133814290686,0.39486001280553173,0.8059012063986468,0.0,0.47967863894139884,0.6827030431640723,1.0,0.46313799621928164,0.32567912589470044,0.05052882653861742,0.4006292551142536,0.8352634717383839,0.3661192750756693,2022,0.0,1.0,0.022797699838513624,4.0
2022-03-11,0.5614843944137081,0.24677019596403904,0.43819755334023586,0.653315865059966,0.406050440186882,0.6035849741295208,0.0,0.47967863894139884,0.6995006994850452,1.0,0.46313799621928164,0.29979546862851997,0.03729468893184964,0.4006292551142536,0.8200569314843283,0.3661192750756693,2022,0.0,0.0,0.023602218916840938,0.0
2022-03-14,0.12413246687691401,0.8225055858403956,0.41525055095583574,0.685433127077191,0.30318166046887846,0.5465429026688514,0.0,0.47967863894139884,0.10151288379736136,1.0,0.46313799621928164,0.8751290326794477,0.08468746293441189,0.4006292551142536,0.903540505278139,0.3661192750756693,2022,0.0,0.0,0.02469926064809561,1.0
2022-03-15,0.19326085572611218,0.6833217570467766,0.4093853535137105,0.6746833497765863,0.25603016006276863,0.46424435650011364,0.0,0.47967863894139884,0.18026188168997512,1.0,0.46313799621928164,0.7366141832655523,0.23418849735464847,0.4006292551142536,0.4524050596808479,0.3661192750756693,2022,0.0,1.0,0.026118713637616506,2.0
2022-03-16,0.8263585595933669,0.14808727906799835,0.4118236928539677,0.8096729865454131,0.2866977839162371,0.6079614760430494,1.0,0.47967863894139884,0.8656436611408387,0.0,0.46313799621928164,0.18780042057741397,0.5164176769651915,0.4006292551142536,0.06438795463433825,0.3661192750756693,2022,0.0,0.0,0.02370519745493141,3.0
2022-03-17,0.7258792526172965,0.3040957597520333,0.29149851351760264,0.7720838639247115,0.40805997814294365,0.6136097913535732,0.0,0.47967863894139884,0.814806291594649,1.0,0.46313799621928164,0.3405608747531124,0.06270222023875807,0.4006292551142536,0.5480307932611832,0.3661192750756693,2022,0.0,0.0,0.023070903839916827,4.0
2022-03-18,0.2173739492431809,0.7439607066486871,0.34376023751714974,0.6733972619015132,0.23860137193254286,0.5073745259640348,0.0,0.47967863894139884,0.1884362385200019,0.0,0.46313799621928164,0.8678615833022895,0.4750138721154148,0.4006292551142536,0.056435029539446346,0.3661192750756693,2022,0.0,0.0,0.02279052017909868,0.0
2022-03-21,0.8074983337776892,0.3028851467722159,0.3336869573266256,0.7167783777127729,0.3618358401992674,0.771558106981873,0.0,0.47967863894139884,0.8461949077914371,1.0,0.46313799621928164,0.31804528711550084,0.06222963997411654,0.4006292551142536,0.5991689090227835,0.3661192750756693,2022,0.0,1.0,0.02166653505913854,1.0
2022-03-22,0.509713938858385,0.4971422154151954,0.41101121983447164,0.717418538415,0.19034689607129596,0.5316979678314,1.0,0.47967863894139884,0.42696677850585907,0.0,0.46313799621928164,0.6694822979133804,0.6523911245865529,0.4006292551142536,0.1396430540242548,0.3661192750756693,2022,0.0,0.0,0.02158028924903956,2.0
2022-03-23,0.8360899081304191,0.11194622472523465,0.42755353016121456,0.663670538613141,0.18585348420414433,0.5416708550614011,1.0,0.47967863894139884,0.8622495798948272,0.0,0.46313799621928164,0.18644881216045778,0.519435045368083,0.4006292551142536,0.1588471962695487,0.3661192750756693,2022,0.0,0.0,0.02182548867887512,3.0
2022-03-24,0.6807660035451191,0.26886922451381573,0.3997797127201318,0.7178781784646993,0.3278670352036169,0.5958278563988147,0.0,0.47967863894139884,0.7715413589432963,0.0,0.46313799621928164,0.3321761116442727,0.16025574920078547,0.4006292551142536,0.347461414183076,0.3661192750756693,2022,0.0,0.0,0.02122934788954408,4.0
2022-03-25,0.7171054070611763,0.35102179477674667,0.2975161322845862,0.6383502077517462,0.2837121757989165,0.5837652250239348,0.0,0.47967863894139884,0.7925285146119604,1.0,0.46313799621928164,0.4076780036125673,0.022944278181560855,0.4006292551142536,1.0227661393758,0.3661192750756693,2022,0.0,0.0,0.02047904086760859,0.0
2022-03-28,0.09780270031742865,0.7781758010962175,0.31181132467636596,0.8284213925370918,0.3599369688447954,0.7312959909823233,0.0,0.47967863894139884,0.091777230996942,1.0,0.46313799621928164,0.7672018777285692,0.17929155313351272,0.4006292551142536,0.8912806539509532,0.3661192750756693,2022,0.0,1.0,0.019087244831621407,1.0
2022-03-29,0.5951721438910722,0.09806761082039922,0.34016770222323034,0.6577228493020044,0.3102775852876002,0.45723692835199814,1.0,0.47967863894139884,0.6112632401075337,0.0,0.46313799621928164,0.2075715062594726,0.5671610034256028,0.4006292551142536,0.1069384454988378,0.3661192750756693,2022,0.0,0.0,0.017489574875207393,2.0
2022-03-30,0.6966667884174241,0.21332490175540406,0.3016166042098907,0.6149697378628611,0.2996896559225573,0.7062051284542066,1.0,0.47967863894139884,0.7963084029616013,0.0,0.46313799621928164,0.3011219233487683,0.5322349727979552,0.4006292551142536,0.4125900310565876,0.3661192750756693,2022,1.0,0.0,0.016781001663278523,3.0
2022-03-31,0.43264036888558016,0.2746914258384613,0.3688392267421181,0.694267773916173,0.28116776316637626,0.6091119066277271,0.0,0.47967863894139884,0.5579948155405147,1.0,0.46313799621928164,0.3634766546183624,0.07656471541422111,0.4006292551142536,0.5995993968446861,0.3661192750756693,2022,0.0,1.0,0.016384634956690416,4.0
2022-04-01,0.3971051105293939,0.5470853499207542,0.300217616067099,0.6398400698035664,0.24686499581775984,0.6310377887139207,0.0,0.47967863894139884,0.3204807172635123,1.0,0.46313799621928164,0.7345676404114719,0.41253877244101733,0.4006292551142536,0.2911457843782278,0.3661192750756693,2022,0.0,1.0,0.0157964677322366,0.0
2022-04-04,0.7964773257652947,0.1829313053500338,0.3094108329925911,0.6066427166836057,0.36394056607591807,0.7398947282228713,1.0,0.47967863894139884,0.8178998513398289,0.0,0.46313799621928164,0.24621508914511114,0.41788951770421434,0.4006292551142536,0.513597435769014,0.3661192750756693,2022,1.0,0.0,0.01475946296163516,1.0
2022-04-05,0.1353657301775737,0.6144611540274494,0.2663888057299185,0.5515283146278309,0.2953373019080754,0.7292208892991902,0.0,0.47967863894139884,0.18856076036547095,1.0,0.46313799621928164,0.7309630784872337,0.3604413567633893,0.4006292551142536,0.2978647323252937,0.3661192750756693,2022,0.0,1.0,0.01454003113598821,2.0
2022-04-06,0.6185441550362579,0.49149359600018877,0.422406091154253,0.8410932509225146,0.40482490067089955,0.810931483022423,1.0,0.47967863894139884,0.6291236123372164,0.0,0.46313799621928164,0.49268299251894127,0.4630030515635942,0.4006292551142536,0.1690618398059558,0.3661192750756693,2022,1.0,0.0,0.014225607652093903,3.0
2022-04-07,0.5833668536143418,0.4517684312840891,0.45168131532900097,0.7813117943943376,0.47900637775203825,0.9110241218723233,1.0,0.47967863894139884,0.7270164423636232,0.0,0.46313799621928164,0.40920937007964275,0.6247221106200644,0.4006292551142536,0.14586848801392313,0.3661192750756693,2022,0.0,0.0,0.013806668915080948,4.0
2022-04-08,0.8615701520370198,0.18258758761269803,0.3779223527322582,0.6656447427349917,0.315130030077711,0.6644508109007602,1.0,0.47967863894139884,0.9071675113753829,0.0,0.46313799621928164,0.13214466502673303,0.8272177854521855,0.4006292551142536,0.2904705374487393,0.3661192750756693,2022,0.0,0.0,0.013592868218418881,0.0
2022-04-11,0.48480970507832727,0.3500769722669168,0.41693251693376354,0.7113878529835811,0.32857340803912666,0.7382562827378772,1.0,0.47967863894139884,0.3864828272724396,0.0,0.46313799621928164,0.41990999479342217,0.9403742382345828,0.4006292551142536,0.1510913044645487,0.3661192750756693,2022,1.0,0.0,0.013619179244179245,1.0
2022-04-12,0.3495014075964551,0.43692390713434026,0.3726323867284507,0.6801734204658901,0.3614896646897201,0.7494628630444652,1.0,0.47967863894139884,0.5379034845336306,0.0,0.46313799621928164,0.3011254101747486,0.5692044807290684,0.4006292551142536,0.1385988228593162,0.3661192750756693,2022,1.0,0.0,0.01339174476610848,2.0
2022-04-13,0.678634780465122,0.4252841995998934,0.4576162004110271,0.9034193878572333,0.3746982636024907,0.7587504650935842,0.0,0.47967863894139884,0.8393186449838793,1.0,0.46313799621928164,0.23391322457229918,0.08902524055222324,0.4006292551142536,0.68682192162878,0.3661192750756693,2022,0.0,1.0,0.012947520922587141,3.0
2022-04-14,0.7053857656121814,0.35179890894816596,0.41989067837731436,0.8269232658446719,0.3739663828823241,0.8077443925496886,1.0,0.47967863894139884,0.6559133918859066,0.0,0.46313799621928164,0.3908473158879225,0.9802977723049368,0.4006292551142536,0.11048919735810797,0.3661192750756693,2022,1.0,0.0,0.012933836613486335,4.0
2022-04-18,0.13056701651870695,0.7937333808649707,0.37666464144682527,0.6450053527970753,0.4467355935497085,0.7556337451507409,0.0,0.47967863894139884,0.23458175705677972,1.0,0.46313799621928164,0.567238141837039,0.13705095708417633,0.4006292551142536,1.4214957899950451,0.3661192750756693,2022,0.0,0.0,0.012390921050161501,1.0
2022-04-19,0.038469172246119794,0.801849449602893,0.36717151180363,0.6470995408622259,0.46524411989069503,0.8446498053260606,0.0,0.47967863894139884,0.04970604881462948,1.0,0.46313799621928164,0.6511846842109412,0.33716206342247623,0.4006292551142536,0.4402747333041065,0.3661192750756693,2022,0.0,1.0,0.012532838491033779,2.0
2022-04-20,0.881946391612753,0.204455946884315,0.30551243110010123,0.7306033205530995,0.45147723576809334,0.9114044072912441,0.0,0.47967863894139884,0.8867478224518015,1.0,0.46313799621928164,0.1512551769447521,0.0,0.4006292551142536,0.8560794044665038,0.3661192750756693,2022,0.0,1.0,0.012353058378162972,3.0
2022-04-21,0.7723117167378262,0.17684255640147858,0.364667350807996,0.7998586863953563,0.4341999117658671,0.7859740439279124,0.0,0.47967863894139884,0.6538780937108831,1.0,0.46313799621928164,0.32651340819880453,0.18960374946739764,0.4006292551142536,1.0502769492969797,0.3661192750756693,2022,0.0,0.0,0.012028926827018177,4.0
2022-04-22,0.10647138917497039,0.6993943684655076,0.3499979410628757,0.623972203751624,0.3624518927132188,0.685164603506625,0.0,0.47967863894139884,0.09912989113966662,1.0,0.46313799621928164,0.7177474668302549,0.12491820831598373,0.4006292551142536,1.6672416869906614,0.3661192750756693,2022,0.0,0.0,0.01243371177101437,0.0
2022-04-25,0.044964696189146745,0.6383247644045995,0.4317641136289364,0.7207702477018442,0.38673989844532974,0.6275651763329129,0.0,0.47967863894139884,0.03634436675667542,0.0,0.46313799621928164,0.6418023276667438,0.5249951099561326,0.4006292551142536,0.0825439405370627,0.3661192750756693,2022,0.0,0.0,0.013469497442876854,1.0
2022-04-26,0.5896709903862715,0.4440873575487696,0.30415633980763535,0.779766404438359,0.44593565977071975,0.721381217635553,0.0,0.47967863894139884,0.713139874506327,1.0,0.46313799621928164,0.4403329214630748,0.07911657007756115,0.4006292551142536,0.9570683043566035,0.3661192750756693,2022,0.0,0.0,0.013004226382948078,2.0
2022-04-27,0.20378211332470741,0.6703726176514428,0.4764176757329143,0.8087206315548284,0.2197884459947723,0.639635901503883,0.0,0.47967863894139884,0.13394360098494854,1.0,0.46313799621928164,0.7625162336257719,0.4321500183569178,0.4006292551142536,0.5416701968426129,0.3661192750756693,2022,0.0,1.0,0.013412103733298777,3.0
2022-04-28,0.883669681018158,0.07674114160180028,0.36433942562131294,0.7470636142553462,0.2866711977887194,0.580075518482239,1.0,0.47967863894139884,0.8340694380700042,0.0,0.46313799621928164,0.14424682124327368,0.9831493317838423,0.4006292551142536,0.07708696494286306,0.3661192750756693,2022,1.0,0.0,0.013626718185849112,4.0
2022-04-29,0.10651563253410722,0.7489956687997985,0.3878592862656539,0.7353220882332088,0.3161493355456422,0.7995715174821634,0.0,0.47967863894139884,0.15747865272844874,1.0,0.46313799621928164,0.7260973435983563,0.13458979442196323,0.4006292551142536,1.593786492138061,0.3661192750756693,2022,0.0,0.0,0.013870024129314436,0.0
2022-05-02,0.052839049773362526,0.6489048804004819,0.5145534623569991,0.7638895399919187,0.3748389110077223,0.5862521386267998,0.0,0.47967863894139884,0.045613371882798695,1.0,0.46313799621928164,0.609786216940839,0.556573808903931,0.4006292551142536,0.45378807602186305,0.3661192750756693,2022,0.0,1.0,0.01472797533092889,1.0
2022-05-03,0.5287989458447793,0.2552786643233373,0.3374892457786175,0.6775168079946335,0.37055082873441425,0.7101019980656318,1.0,0.47967863894139884,0.5957574246672892,0.0,0.46313799621928164,0.30323214350073013,0.7911071633836718,0.4006292551142536,0.24431788494696124,0.3661192750756693,2022,0.0,0.0,0.014636112249704798,2.0
2022-05-04,0.7380986521362035,0.15855056550633548,0.4657615888761037,0.7884201380129053,0.31139045707152657,0.6713294210828947,1.0,0.47967863894139884,0.67676721913297,0.0,0.46313799621928164,0.24506228021807971,1.020970824308835,0.4006292551142536,0.3082176073385104,0.3661192750756693,2022,1.0,0.0,0.014901915814143147,3.0
2022-05-05,0.032221276995112055,0.6076963730914751,0.45486851616176843,0.6881503317883554,0.3107082726096976,0.5519090998946004,0.0,0.47967863894139884,0.09762039281539872,1.0,0.46313799621928164,0.6949102275484363,0.5277669334374413,0.4006292551142536,0.3767811829006437,0.3661192750756693,2022,0.0,1.0,0.015596648684194482,4.0
2022-05-06,0.6023226353138125,0.33421393134278676,0.3732403288653469,0.7092655437615862,0.34997266358454654,0.7223174339814262,0.0,0.47967863894139884,0.6572496480996038,1.0,0.46313799621928164,0.3146059178702022,0.07882882882882736,0.4006292551142536,1.0868096357226815,0.3661192750756693,2022,0.0,0.0,0.015491904372533862,0.0
2022-05-09,0.06673820310937184,0.8111796824079804,0.38866666077418827,0.6335185569937165,0.24774055435500678,0.5065194589190739,0.0,0.47967863894139884,0.06366667873294317,1.0,0.46313799621928164,0.8105613910279996,0.4058573266053245,0.4006292551142536,0.6354506777481009,0.3661192750756693,2022,0.0,0.0,0.015578026151416792,1.0
2022-05-10,0.07983630208041527,0.8378096555902118,0.5448769107417542,0.9070442666342319,0.2767235405676375,0.5908218421602228,0.0,0.47967863894139884,0.11104677579455675,1.0,0.46313799621928164,0.79906330344475,0.6714337305886555,0.4006292551142536,0.2066209221138837,0.3661192750756693,2022,0.0,1.0,0.0161399753791058,2.0
2022-05-11,0.7760267700055288,0.13664308412367804,0.4024842798917742,0.7551331270855608,0.32202830391904674,0.6146533043833033,1.0,0.47967863894139884,0.7889509657685683,1.0,0.46313799621928164,0.22076074569555787,0.210316139767053,0.4006292551142536,1.0386023294509172,0.3661192750756693,2022,1.0,0.0,0.016221847941093895,3.0
2022-05-12,0.06076268228437919,0.7132962870214339,0.48535167825319525,0.6906336906208022,0.30863793496921066,0.6469130662295407,0.0,0.47967863894139884,0.05114958172591301,1.0,0.46313799621928164,0.8234088704255015,0.22575909398084754,0.4006292551142536,0.7438305408617427,0.3661192750756693,2022,0.0,0.0,0.01682454997181074,4.0
2022-05-13,0.25134288540563804,0.4056683433784065,0.35420498238969544,0.6837133338793863,0.39278039358072003,0.5735629124356373,0.0,0.47967863894139884,0.3286501387073917,1.0,0.46313799621928164,0.5443508486744819,0.522209663067274,0.4006292551142536,0.8285996007791993,0.3661192750756693,2022,0.0,1.0,0.01639682355659764,0.0
2022-05-16,0.8388695207977738,0.019623656705647696,0.41640914245804117,0.59093054642712,0.2644600160460846,0.4894629932808137,1.0,0.47967863894139884,0.767663528473083,0.0,0.46313799621928164,0.09310832300394627,0.3871934604904581,0.4006292551142536,0.3499999999999998,0.3661192750756693,2022,1.0,0.0,0.017247280733565535,1.0
2022-05-17,0.151903118806421,0.6671414673103854,0.4104438732350116,0.655405371090689,0.280415034583687,0.5695046800667068,0.0,0.47967863894139884,0.17521408800322397,1.0,0.46313799621928164,0.8400087311313766,0.31074168797954077,0.4006292551142536,0.24552429667519407,0.3661192750756693,2022,0.0,1.0,0.01723415977961431,2.0
2022-05-18,0.6537593324280333,0.3660203604415237,0.38933158256129835,0.6928329913191245,0.3220183380458254,0.5139288832856131,1.0,0.47967863894139884,0.6444396715058566,0.0,0.46313799621928164,0.5503794332198686,1.0632705658362185,0.4006292551142536,0.1823585409459283,0.3661192750756693,2022,0.0,0.0,0.016936002680252468,3.0
2022-05-19,0.721822149128618,0.05219567282504599,0.38902785610002677,0.6589047489458105,0.3896022772075651,0.5502978906099073,1.0,0.47967863894139884,0.7357474929083722,0.0,0.46313799621928164,0.12705605573034182,0.23267819943845414,0.4006292551142536,0.30780726383479884,0.3661192750756693,2022,1.0,0.0,0.01712551602618539,4.0
2022-05-20,0.7462223135070504,0.2329820941227617,0.34421922137058664,0.6423554251013776,0.33744420587034113,0.539405503868579,1.0,0.47967863894139884,0.8579272330652351,0.0,0.46313799621928164,0.2839300923432343,0.6467584638095056,0.4006292551142536,0.096556397163804,0.3661192750756693,2022,0.0,0.0,0.015986366924704728,0.0
2022-05-23,0.5291286144830195,0.47450091160114494,0.39286478531204816,0.6270629769490662,0.29613715749285346,0.5423764717273256,1.0,0.47967863894139884,0.5239613778225866,0.0,0.46313799621928164,0.5381714103013459,0.5569763161124073,0.4006292551142536,0.1425941833353816,0.3661192750756693,2022,0.0,0.0,0.01570220798209383,1.0
2022-05-24,0.7799668479603848,0.26557014051530703,0.2922536765995398,0.5955093573653569,0.4092246423537041,0.7482179785398837,0.0,0.47967863894139884,0.8550339535091724,1.0,0.46313799621928164,0.22134725778545675,0.05747183979974516,0.4006292551142536,0.853667083854822,0.3661192750756693,2022,0.0,1.0,0.015289173963627473,2.0
2022-05-25,0.5010409167915508,0.3849499838438976,0.4567562493433411,0.8189741979443347,0.2730635613677881,0.48215061084484917,0.0,0.47967863894139884,0.3510460113847071,1.0,0.46313799621928164,0.5627236832732854,0.04219039769214356,0.4006292551142536,0.4374098495775843,0.3661192750756693,2022,0.0,1.0,0.014964562079189161,3.0
2022-05-26,0.8209600683354844,0.3410895830541631,0.4644922699245391,0.718105877504084,0.24473230887320782,0.5936069023319838,1.0,0.47967863894139884,0.8095070172105291,0.0,0.46313799621928164,0.4024002230671311,0.42067935796939043,0.4006292551142536,0.10115714818962425,0.3661192750756693,2022,1.0,0.0,0.014475760261093235,4.0
2022-05-27,0.4245803891175656,0.6234260272418567,0.3841381805497599,0.6976965683171595,0.24481796411901985,0.6561096845399522,1.0,0.47967863894139884,0.4821638888912035,0.0,0.46313799621928164,0.701173626263672,0.4392868208320458,0.4006292551142536,0.1849421175675225,0.3661192750756693,2022,1.0,0.0,0.013686784925916433,0.0
2022-05-30,0.4730239762526996,0.5660453768317065,0.34157031723300657,0.689320624789817,0.29915867187133016,0.7287995933083391,0.0,0.47967863894139884,0.5433131290659294,1.0,0.46313799621928164,0.5884175114595052,0.07558907244930556,0.4006292551142536,0.8306581765896893,0.3661192750756693,2022,0.0,0.0,0.013120822139110984,1.0
2022-05-31,0.19680717341742596,0.8017854710025405,0.48890080307375555,0.8132500147771975,0.2674105981345034,0.5702223928091674,0.0,0.47967863894139884,0.12311808018391308,1.0,0.46313799621928164,0.8213408564831,0.5220902612826672,0.4006292551142536,0.37036817102137143,0.3661192750756693,2022,0.0,1.0,0.013093248968440148,2.0
2022-06-01,0.7870144322532401,0.16378492082254692,0.4289652128690298,0.6635433522586964,0.2101345137040316,0.6362675490661226,1.0,0.47967863894139884,0.7927811448974226,0.0,0.46313799621928164,0.18525782864038443,1.0589262330859874,0.4006292551142536,0.09515495416848808,0.3661192750756693,2022,0.0,0.0,0.012409138672530911,3.0
2022-06-02,0.8828908762099036,0.08085698095275297,0.43247669050604454,0.5847759705315122,0.3262738550346475,0.6072285437596945,1.0,0.47967863894139884,0.8346492626014862,0.0,0.46313799621928164,0.0889576060513056,0.2451962451962426,0.4006292551142536,0.933156933156936,0.3661192750756693,2022,1.0,0.0,0.012135720058075313,4.0
2022-06-03,0.07143069043536972,0.7480119921402316,0.3112777421681046,0.5276434673438704,0.40393904088312277,0.6282518273243397,0.0,0.47967863894139884,0.08320278741045216,1.0,0.46313799621928164,0.7424360695424175,0.3190817601789148,0.4006292551142536,0.4687232783003277,0.3661192750756693,2022,0.0,0.0,0.011734376869314878,0.0
2022-06-06,0.1733352607270732,0.8158331303085423,0.36935363234265833,0.5866107959977171,0.34993664512761674,0.6308508274878096,0.0,0.47967863894139884,0.13034181355479088,1.0,0.46313799621928164,0.8576024129800419,0.6629303980132842,0.4006292551142536,0.21471239680515153,0.3661192750756693,2022,0.0,1.0,0.01155843803214083,1.0
2022-06-07,0.7817046470541471,0.2310110688126225,0.3619127260214002,0.6574790021078638,0.39702781650741764,0.5995877840547852,1.0,0.47967863894139884,0.815043160399912,0.0,0.46313799621928164,0.19326653235954294,0.34384815879169256,0.4006292551142536,0.3602218806389115,0.3661192750756693,2022,1.0,0.0,0.011540217615972901,2.0
2022-06-08,0.5012520834408376,0.4789322648495622,0.3246125993869287,0.6954406530576936,0.48140051670647793,0.762617509829377,0.0,0.47967863894139884,0.6130812423398143,1.0,0.46313799621928164,0.44549034645166746,0.10855465777744923,0.4006292551142536,0.6670531540997907,0.3661192750756693,2022,0.0,1.0,0.010637699213552612,3.0
2022-06-09,0.6255373616419052,0.4228301390205748,0.4216974091506679,0.8282873007487027,0.4235553465112126,0.6970193930581485,1.0,0.47967863894139884,0.5261717536282375,1.0,0.46313799621928164,0.5099013843011817,1.4212886992670344,0.4006292551142536,1.1726652809685314,0.3661192750756693,2022,0.0,1.0,0.010599432439682222,4.0
2022-06-10,0.6860172768404651,0.002875325874365356,0.379060304650663,0.7215501951358059,0.5143294547555827,0.8106466300759695,1.0,0.47967863894139884,0.4266008559887602,1.0,0.46313799621928164,0.02152632577460695,0.34734411085450273,0.4006292551142536,2.4133949191685917,0.3661192750756693,2022,1.0,0.0,0.011569744450263457,0.0
2022-06-13,0.002148586507305166,0.8174338193878413,0.4670427224805919,0.762973482283181,0.3786004635346743,0.7137245980362701,0.0,0.47967863894139884,0.004483411987330823,1.0,0.46313799621928164,0.5958402711217085,0.5023502963417116,0.4006292551142536,0.5804210096055612,0.3661192750756693,2022,0.0,0.0,0.013447849388484256,1.0
2022-06-14,0.1376705370402732,0.8427734401828254,0.4865179128105325,0.7708163940301976,0.32708920102056127,0.713528911097189,1.0,0.47967863894139884,0.1138847584367922,0.0,0.46313799621928164,0.7636931657885849,1.3714285714285688,0.4006292551142536,0.03959183673469502,0.3661192750756693,2022,0.0,0.0,0.013549236265498657,2.0
2022-06-15,0.617110685160268,0.08735862561173463,0.4157312776078785,0.7341497279560584,0.30179396856518204,0.6499383639424544,1.0,0.47967863894139884,0.6707327555777243,0.0,0.46313799621928164,0.12517977953725953,0.9189337579268075,0.4006292551142536,0.6798803085623327,0.3661192750756693,2022,0.0,0.0,0.014190041455629378,3.0
2022-06-16,0.6377627167071048,0.01263076983276137,0.3850365523427145,0.6623772325389937,0.39238386488393867,0.5302198581818237,0.0,0.47967863894139884,0.7773057652916603,0.0,0.46313799621928164,0.05318802391076863,0.02322080175558983,0.4006292551142536,0.8163004924851418,0.3661192750756693,2022,0.0,0.0,0.01507661222687128,4.0
2022-06-17,0.310436007725784,0.6408625530675739,0.5048355439630864,0.6930375531991354,0.3246906248828598,0.6369902222852896,0.0,0.47967863894139884,0.2446805372877314,0.0,0.46313799621928164,0.7365753637115705,0.21443587946741047,0.4006292551142536,0.19236159775753373,0.3661192750756693,2022,0.0,0.0,0.015510953863879684,0.0
2022-06-20,0.532004848438164,0.7318928931290514,0.41368027023822834,0.8189864314166095,0.4532360703991175,0.7144700936254967,0.0,0.47967863894139884,0.3868203889671031,1.0,0.46313799621928164,0.8269291232564547,0.23710518876409997,0.4006292551142536,0.305826116008327,0.3661192750756693,2022,0.0,0.0,0.015129787768477801,1.0
2022-06-21,0.4232500661795871,0.715800539792186,0.3698564784703518,0.8241455818510853,0.3237224085148278,0.6352916454406476,1.0,0.47967863894139884,0.4066170186055056,1.0,0.46313799621928164,0.753382029408106,0.5443001593812834,0.4006292551142536,0.35079560003135113,0.3661192750756693,2022,1.0,1.0,0.01491451422710525,2.0
2022-06-22,0.5596764084726802,0.24693373636699292,0.3768600710658856,0.733025434399613,0.22599797031950314,0.575926796820103,0.0,0.47967863894139884,0.5929431830027178,1.0,0.46313799621928164,0.3755806420882895,0.30297300136569055,0.4006292551142536,0.5647652064292441,0.3661192750756693,2022,0.0,0.0,0.014798427968235977,3.0
2022-06-23,0.11137990496398864,0.7135177999646181,0.5160395326728309,0.8240374993116076,0.24330241929764246,0.4028015937951789,0.0,0.47967863894139884,0.09690257900761154,1.0,0.46313799621928164,0.8696627900045649,0.3418070119690728,0.4006292551142536,0.2120538078593384,0.3661192750756693,2022,0.0,1.0,0.014800218217389638,4.0
2022-06-24,0.6738326413883712,0.376563886463217,0.3752191284610236,0.7740933151643721,0.2886430122637432,0.5515264694693682,1.0,0.47967863894139884,0.7709206958909502,0.0,0.46313799621928164,0.41746086360060103,0.5279782672383986,0.4006292551142536,0.22595680080965028,0.3661192750756693,2022,1.0,0.0,0.014681099477381453,0.0
2022-06-27,0.15059620544896635,0.7473165382082214,0.3861730877012608,0.770703722357909,0.24949199060580868,0.7340563995859711,0.0,0.47967863894139884,0.18130267758456511,1.0,0.46313799621928164,0.8323286323911889,0.2551125964828566,0.4006292551142536,0.15596403278426973,0.3661192750756693,2022,0.0,0.0,0.014775284465670108,1.0
2022-06-28,0.40972262808679494,0.7561281693578716,0.4012089955867192,0.7735955832255185,0.308760145485838,0.6530200855955207,1.0,0.47967863894139884,0.3074268412196123,1.0,0.46313799621928164,0.8689510476340756,0.49465190467254977,0.4006292551142536,0.29161193469694113,0.3661192750756693,2022,1.0,0.0,0.01464179932849392,2.0
2022-06-29,0.3071262733020867,0.48351593174515456,0.4817536571265511,0.9019458682833525,0.26196902036625286,0.570786952071728,0.0,0.47967863894139884,0.3141660756670733,1.0,0.46313799621928164,0.7063666890712128,0.2695080408777619,0.4006292551142536,0.5600887269270338,0.3661192750756693,2022,0.0,0.0,0.01488023199157535,3.0
2022-06-30,0.1885554388766646,0.544039284227936,0.4673903312074201,0.7438290835829254,0.2951215787998128,0.5938554272244992,0.0,0.47967863894139884,0.19025974688320785,1.0,0.46313799621928164,0.75579014646419,0.08911852021009455,0.4006292551142536,0.9015757022151174,0.3661192750756693,2022,0.0,1.0,0.013847505101109051,4.0
2022-07-01,0.8251726005840746,0.033113132717494186,0.42440018451567946,0.7882158937794972,0.27206911388727323,0.4479241755564356,1.0,0.47967863894139884,0.837299954407063,0.0,0.46313799621928164,0.09800400209340587,0.21532314327392302,0.4006292551142536,0.23885330119871157,0.3661192750756693,2022,1.0,0.0,0.012449653009449136,0.0
2022-07-04,0.4466718902374746,0.5761150097277464,0.37141670056251236,0.8957083607593093,0.2221246187070936,0.6933094008485351,0.0,0.47967863894139884,0.44674460765801177,1.0,0.46313799621928164,0.7631881208343374,0.23873211180954565,0.4006292551142536,2.0123712719005002,0.3661192750756693,2022,0.0,0.0,0.01182260557450792,1.0
2022-07-05,0.004714577268953201,0.7615849551014304,0.4642905415817693,0.7963457212232731,0.38430644282568277,0.8229012245814077,0.0,0.47967863894139884,0.00803774069806135,1.0,0.46313799621928164,0.659413439173294,0.3708253358925141,0.4006292551142536,1.4501599488163872,0.3661192750756693,2022,0.0,0.0,0.012654333481763317,2.0
2022-07-06,0.03534322173025064,0.5253258882697829,0.47889421926118936,0.7729938611226884,0.31454571041602786,0.6710470672806965,0.0,0.47967863894139884,0.03345600202054692,0.0,0.46313799621928164,0.5694476884534173,0.45729320413271246,0.4006292551142536,0.10825900019251117,0.3661192750756693,2022,0.0,0.0,0.012802533066158583,3.0
2022-07-07,0.5237255464968859,0.6123342011134137,0.4059759877091515,0.7696888275545967,0.3990670718867543,0.7659981515474962,1.0,0.47967863894139884,0.4018507605990284,1.0,0.46313799621928164,0.741484560371955,0.5762926018287573,0.4006292551142536,0.34121363258520104,0.3661192750756693,2022,1.0,1.0,0.012346201023657058,4.0
2022-07-08,0.33700105303967737,0.36271924679341144,0.3280515529935113,0.6856086297646495,0.3021110112845883,0.6970729889559071,0.0,0.47967863894139884,0.4650867874933396,1.0,0.46313799621928164,0.49372792972886864,0.11423020883924181,0.4006292551142536,0.4827586206896605,0.3661192750756693,2022,0.0,1.0,0.012664887527105328,0.0
2022-07-11,0.39850961715782185,0.6739586479063451,0.3181318642141179,0.7488671618179451,0.3705444823085907,0.7397174118963852,0.0,0.47967863894139884,0.26152860473695505,1.0,0.46313799621928164,0.8280146971757457,0.4816733457140049,0.4006292551142536,0.47300687453164814,0.3661192750756693,2022,0.0,0.0,0.0126468523170032,1.0
2022-07-12,0.13861764117906689,0.5822443636527281,0.42248318710097676,0.795193745841633,0.33509423085600465,0.5091548256562247,1.0,0.47967863894139884,0.14552566887871707,1.0,0.46313799621928164,0.7754238557766374,0.8956788292296993,0.4006292551142536,0.8822967138007257,0.3661192750756693,2022,1.0,1.0,0.012555890868578423,2.0
2022-07-13,0.3650046333132434,0.027808795341033726,0.4198617107160895,0.8276242842640142,0.3716147926438918,0.5580609501956771,0.0,0.47967863894139884,0.44304081441723403,1.0,0.46313799621928164,0.10655806224885302,0.04354109072631361,0.4006292551142536,1.6519225936164967,0.3661192750756693,2022,0.0,1.0,0.013103924096696992,3.0
2022-07-14,0.1850041807294715,0.18993918197719284,0.4302040211471031,0.6781661640979252,0.32821664561566594,0.5897355019108532,0.0,0.47967863894139884,0.08637076303925448,0.0,0.46313799621928164,0.5123285613520083,0.29193109700815506,0.4006292551142536,0.43523528207528356,0.3661192750756693,2022,0.0,0.0,0.014287552826714987,4.0
2022-07-15,0.5021746865307282,0.33379279643874266,0.3777741289976698,0.7383079674644761,0.3483235514815297,0.6556476375373567,1.0,0.47967863894139884,0.5200031119959768,0.0,0.46313799621928164,0.5512075095336234,0.6825345391345323,0.4006292551142536,0.06392317436003002,0.3661192750756693,2022,1.0,0.0,0.014202624726381795,0.0
2022-07-18,0.1558800231356771,0.5966282097755489,0.3111361846127354,0.63924422152329,0.3187012544132701,0.6994673601017263,0.0,0.47967863894139884,0.2606108621104992,1.0,0.46313799621928164,0.7764290333164495,0.38181818181818417,0.4006292551142536,0.1535353535353519,0.3661192750756693,2022,0.0,1.0,0.014482661766943232,1.0
2022-07-19,0.6106650118444441,0.42405662500766705,0.42632525187476866,0.8386871733177956,0.38427727641161746,0.7362864810520904,0.0,0.47967863894139884,0.6210708486111512,1.0,0.46313799621928164,0.586069491968891,0.12231404958677855,0.4006292551142536,0.7950413223140511,0.3661192750756693,2022,0.0,0.0,0.014138982694352566,2.0
2022-07-20,0.1938502661916509,0.6776400095023046,0.39153489593844487,0.7830958770682922,0.39854525997199647,0.679614979040172,1.0,0.47967863894139884,0.16808385674639695,1.0,0.46313799621928164,0.7680371919492798,0.9779655009451841,0.4006292551142536,0.6492202268431025,0.3661192750756693,2022,0.0,1.0,0.014254725751471945,3.0
2022-07-21,0.8460340130681591,0.005983423246533173,0.2904631085709189,0.6834132282030156,0.34042334553993914,0.5966310619160772,1.0,0.47967863894139884,0.7335201737275289,0.0,0.46313799621928164,0.05398230545952189,0.8413004077933861,0.4006292551142536,0.2045763479836916,0.3661192750756693,2022,0.0,0.0,0.01468160882360033,4.0
2022-07-22,0.34313216065259344,0.23682409030979656,0.24599490481020003,0.6697264521038037,0.39806438118806337,0.7036606640369948,0.0,0.47967863894139884,0.5198432523203453,0.0,0.46313799621928164,0.3768775364908929,0.3419719988084593,0.4006292551142536,0.4701167167655052,0.3661192750756693,2022,0.0,0.0,0.01527253326274779,0.0
2022-07-25,0.262798360947253,0.5166986172998261,0.3911833157475998,0.8012110481736588,0.3445059803331687,0.57803452389032,0.0,0.47967863894139884,0.2229873508939609,1.0,0.46313799621928164,0.7336895899084007,0.3559252772913034,0.4006292551142536,0.24191476941039416,0.3661192750756693,2022,0.0,1.0,0.014232125721264685,1.0
2022-07-26,0.42425583630041086,0.5730714775238296,0.39841719173738727,0.7964431874007147,0.32825538079310346,0.6432834525517209,1.0,0.47967863894139884,0.3334224444768213,1.0,0.46313799621928164,0.7588287139883135,1.020248286318979,0.4006292551142536,0.25782607322235895,0.3661192750756693,2022,0.0,1.0,0.013168184382034995,2.0
2022-07-27,0.8874953592526792,0.045938019194441244,0.5350815631467356,0.8668331030548788,0.29982770664042185,0.5812374004179556,1.0,0.47967863894139884,0.720847072844778,0.0,0.46313799621928164,0.1340887000452037,0.9437635183850055,0.4006292551142536,0.045842345589998945,0.3661192750756693,2022,0.0,0.0,0.013707802427773377,3.0
2022-07-28,0.8649250772636026,0.06076280310575565,0.3101289539650513,0.6854633046065233,0.3167114510993511,0.45329562740997714,1.0,0.47967863894139884,0.8758180882358907,0.0,0.46313799621928164,0.10689382664030882,0.504365904365899,0.4006292551142536,0.15634095634095585,0.3661192750756693,2022,0.0,0.0,0.013698083976943942,4.0
2022-07-29,0.7974035895661822,0.19784526546861658,0.39515333377164197,0.6539162653161229,0.29816547442076624,0.5723399654569303,1.0,0.47967863894139884,0.8780106290338644,0.0,0.46313799621928164,0.21711453931488872,0.3873077602969812,0.4006292551142536,0.30770137293029426,0.3661192750756693,2022,0.0,0.0,0.013730071534554543,0.0
2022-08-01,0.7809119889535314,0.2626118632601459,0.20693598335849117,0.679678798923475,0.43580346622696275,0.8202114562587446,1.0,0.47967863894139884,0.837429259417631,0.0,0.46313799621928164,0.24635341372164896,0.66380390051887,0.4006292551142536,0.49012942088626454,0.3661192750756693,2022,1.0,0.0,0.013516269583758242,1.0
2022-08-02,0.03776245936261998,0.8351956040874877,0.41461258802887463,0.8199356636577626,0.2851571437582655,0.7529001768903439,0.0,0.47967863894139884,0.06702447101971405,1.0,0.46313799621928164,0.8016324873407544,0.5074433656957921,0.4006292551142536,0.29126213592232986,0.3661192750756693,2022,0.0,1.0,0.013160136286201033,2.0
2022-08-03,0.7191325577340779,0.2870385917453869,0.3956964863550947,0.8006834483416212,0.4294581313221771,0.6547797361499957,1.0,0.47967863894139884,0.622381351326241,0.0,0.46313799621928164,0.38065561659916125,1.3594822771919526,0.4006292551142536,0.10163923655595189,0.3661192750756693,2022,0.0,0.0,0.01231679171872674,3.0
2022-08-04,0.7711882917353843,0.04785094410634084,0.33353637735533526,0.6758469604542515,0.4030369140683701,0.6728406824695344,0.0,0.47967863894139884,0.7563163518330932,0.0,0.46313799621928164,0.07536559281604413,0.16443690722944573,0.4006292551142536,1.1523773632309442,0.3661192750756693,2022,0.0,0.0,0.01269843042263497,4.0
2022-08-05,0.1662359722598325,0.4340033199149827,0.2539069724392075,0.5301380928402792,0.3962181528406481,0.6457971530805691,0.0,0.47967863894139884,0.17382630393316797,0.0,0.46313799621928164,0.5474956774689619,0.6260938020407538,0.4006292551142536,0.21237169588518448,0.3661192750756693,2022,0.0,0.0,0.01328904590227258,0.0
2022-08-08,0.9018420928240127,0.14942519829719397,0.365049794260903,0.6873052269816653,0.37077982238421464,0.8321144266739815,1.0,0.47967863894139884,0.8894878646878296,0.0,0.46313799621928164,0.13781581845510255,0.4771971496437063,0.4006292551142536,0.23901425178147273,0.3661192750756693,2022,0.0,0.0,0.013447632889204758,1.0
2022-08-09,0.6077086555540563,0.33117573117940047,0.3565557929496295,0.7288153353034378,0.39558291384481575,0.8433239426067017,1.0,0.47967863894139884,0.7086897943414439,0.0,0.46313799621928164,0.37771412018429756,0.5725220745562557,0.4006292551142536,0.2944881415182481,0.3661192750756693,2022,1.0,0.0,0.013209540582027094,2.0
2022-08-10,0.20006195509117466,0.6745030707221414,0.3290473265788759,0.7180133015237005,0.43578625336687626,0.6344481255134607,0.0,0.47967863894139884,0.2332167413198066,1.0,0.46313799621928164,0.7012525424106432,0.31888317413665895,0.4006292551142536,0.3859693959045508,0.3661192750756693,2022,0.0,1.0,0.012476305263141111,3.0
2022-08-11,0.47654354256463066,0.5133285699181678,0.30074990946290936,0.7462693934446311,0.41822143945274204,0.7195957331983069,1.0,0.47967863894139884,0.41963408817241066,0.0,0.46313799621928164,0.6412562654548617,0.5847028868092934,0.4006292551142536,0.2111041301544237,0.3661192750756693,2022,0.0,0.0,0.012071012247042016,4.0
2022-08-12,0.8557922822535047,0.15932024976746273,0.27320019636838605,0.629745318820653,0.3828224650715176,0.7416352585533771,1.0,0.47967863894139884,0.9074851748710022,1.0,0.46313799621928164,0.12217791381357689,0.017372057146684803,0.4006292551142536,1.3611241531960572,0.3661192750756693,2022,1.0,0.0,0.011819800564153866,0.0
2022-08-15,0.10012998430299239,0.58982815876659,0.3055627835658961,0.7050007512677781,0.3725596661722841,0.7146877319359574,0.0,0.47967863894139884,0.09414216493265756,1.0,0.46313799621928164,0.6667396800231662,0.16599022083026235,0.4006292551142536,0.3583778083154901,0.3661192750756693,2022,0.0,1.0,0.012560815041988456,1.0
2022-08-16,0.49757376375063656,0.6520394374099746,0.3497434740557086,0.7811208281203227,0.46897156696319625,0.7042839830351297,0.0,0.47967863894139884,0.44459959777950336,1.0,0.46313799621928164,0.7239447222094856,0.3275961180806751,0.4006292551142536,0.7389848848611986,0.3661192750756693,2022,0.0,0.0,0.01189805643218431,2.0
2022-08-17,0.1666603926574117,0.7627996015353116,0.38979511173122094,0.928307900958078,0.36564311940237715,0.6831353436715728,0.0,0.47967863894139884,0.09933083332958263,1.0,0.46313799621928164,0.7910910592610791,0.49733654531266147,0.4006292551142536,0.3130322668204874,0.3661192750756693,2022,0.0,0.0,0.011948206735232446,3.0
2022-08-18,0.30163557418898834,0.7187924817688464,0.3416344272352259,0.7727880540577675,0.4038708204412924,0.6863396582011959,0.0,0.47967863894139884,0.21911069764470903,1.0,0.46313799621928164,0.773843650233535,0.04873267995945528,0.4006292551142536,0.6079756674552178,0.3661192750756693,2022,0.0,0.0,0.012020129146314897,4.0
2022-08-19,0.264108939006278,0.7268802426556142,0.34626016618939487,0.7723216601524057,0.27064381207926197,0.6515122524024938,0.0,0.47967863894139884,0.19772722858634612,1.0,0.46313799621928164,0.8483132149839517,0.08698323831631838,0.4006292551142536,0.9300515481514385,0.3661192750756693,2022,0.0,0.0,0.011975281690774197,0.0
2022-08-22,0.3443798841865619,0.4739645804153375,0.3464370959477326,0.7326092668768511,0.4094701979533577,0.7735775347114584,1.0,0.47967863894139884,0.2779358432104696,0.0,0.46313799621928164,0.5691966295300418,0.8832745925951859,0.4006292551142536,0.25599330006630217,0.3661192750756693,2022,1.0,0.0,0.011790655688332024,1.0
2022-08-23,0.5980691152023535,0.18618175903487297,0.41187936649536594,0.9157122072495286,0.3588708353426922,0.7282740365238285,1.0,0.47967863894139884,0.6745537496106182,0.0,0.46313799621928164,0.19566036710425586,0.3877410941039164,0.4006292551142536,0.25609170155809946,0.3661192750756693,2022,1.0,0.0,0.011908099452941792,2.0
2022-08-24,0.6832713598547301,0.3716581207854932,0.4149991608225114,0.8848642260970145,0.3179184458353676,0.7723853109971032,1.0,0.47967863894139884,0.7252506806116248,0.0,0.46313799621928164,0.3851795486210703,0.729716860188273,0.4006292551142536,0.06717702648254369,0.3661192750756693,2022,0.0,0.0,0.011135375097481939,3.0
2022-08-25,0.6084978549143941,0.39588036616193245,0.33773113675076,0.7829980827407605,0.44874094789709923,0.7030560597658282,0.0,0.47967863894139884,0.6023415399213622,1.0,0.46313799621928164,0.40855526099699063,0.018406805877811443,0.4006292551142536,1.3198762567672022,0.3661192750756693,2022,0.0,0.0,0.01050384328558268,4.0
2022-08-26,0.11057899060466544,0.5774694303906586,0.3242491380020675,0.5967639842151705,0.34829537166018854,0.8059321227969266,0.0,0.47967863894139884,0.07011059352047105,1.0,0.46313799621928164,0.7275585188120082,0.4079836078014757,0.4006292551142536,0.9296501479851258,0.3661192750756693,2022,0.0,1.0,0.010832063961541526,0.0
2022-08-29,0.5157519280752447,0.12488025053197364,0.41924629614137204,0.7998200979911977,0.3965797811913066,0.6706638092938598,0.0,0.47967863894139884,0.5020508113475639,0.0,0.46313799621928164,0.21745500354794137,0.15728019448229902,0.4006292551142536,0.8405466131349197,0.3661192750756693,2022,0.0,0.0,0.011161202477837105,1.0
2022-08-30,0.22309116884785177,0.6727250834938875,0.44071024236490075,0.7666569477324391,0.4319327582023017,0.7851575188117379,0.0,0.47967863894139884,0.13375457752939138,1.0,0.46313799621928164,0.7698928485555329,0.11964926560360824,0.4006292551142536,0.7608864552887675,0.3661192750756693,2022,0.0,0.0,0.011197065705138814,2.0
2022-08-31,0.19881883064717823,0.7213628346017458,0.4760693110539625,0.8877985145473314,0.43297191062414486,0.7578195525956027,0.0,0.47967863894139884,0.12301286642461465,1.0,0.46313799621928164,0.8377089082029949,0.022170662541895543,0.4006292551142536,1.1456560969322016,0.3661192750756693,2022,0.0,0.0,0.011335608832365066,3.0
2022-09-01,0.3474159126311339,0.3055504230909744,0.4166492772006341,0.8547235802669328,0.2810635759566258,0.7164065030250465,1.0,0.47967863894139884,0.23475088846345318,0.0,0.46313799621928164,0.5470093538083525,1.0305787212534798,0.4006292551142536,0.1293909527419735,0.3661192750756693,2022,0.0,0.0,0.011654894938058519,4.0
2022-09-02,0.6138203290902923,0.1557705094652172,0.32170728551479905,0.7012037107867705,0.3828516347531647,0.6869081099978988,0.0,0.47967863894139884,0.6937267989144421,0.0,0.46313799621928164,0.15890813711544471,0.17747061867100622,0.4006292551142536,0.23904205780175342,0.3661192750756693,2022,0.0,0.0,0.011286911470869196,0.0
2022-09-05,0.6052577649659094,0.6371669672136382,0.42252273530271867,0.8531580364573543,0.44879122168193175,0.700737797291269,1.0,0.47967863894139884,0.5289724698371682,1.0,0.46313799621928164,0.7360253628498993,0.8460529766587916,0.4006292551142536,0.5654340414371984,0.3661192750756693,2022,1.0,0.0,0.0111449515970631,1.0
2022-09-06,0.04247000547908271,0.6915960922816573,0.4672707737660844,0.789312383169301,0.3885129451094937,0.7218273783572429,0.0,0.47967863894139884,0.06121835933003672,1.0,0.46313799621928164,0.7206631954738699,0.9087692137565019,0.4006292551142536,0.5392753142393646,0.3661192750756693,2022,0.0,1.0,0.011386482282517745,2.0
2022-09-07,0.8838215335797425,0.025289488743997647,0.402202377153771,0.732604889329225,0.34494296840271876,0.6821431552045275,1.0,0.47967863894139884,0.7872733922255423,0.0,0.46313799621928164,0.06455155127831787,0.49445605582911295,0.4006292551142536,0.7062240957880195,0.3661192750756693,2022,1.0,0.0,0.011735151161417887,3.0
2022-09-08,0.13176141761014382,0.5168066860556026,0.4139865330292784,0.7498485367911893,0.3975645420757746,0.657083231209642,1.0,0.47967863894139884,0.1279655075523544,0.0,0.46313799621928164,0.6982414876656218,1.0013669605631905,0.4006292551142536,0.0028706171826916676,0.3661192750756693,2022,1.0,0.0,0.012233932250555218,4.0
2022-09-09,0.23802149037346726,0.49181669865470806,0.3228072190535433,0.5984436685535343,0.4037056195632042,0.6576795851799658,1.0,0.47967863894139884,0.3959386134569467,0.0,0.46313799621928164,0.4864910552460542,0.8673074949543271,0.4006292551142536,0.2428077857216128,0.3661192750756693,2022,1.0,0.0,0.012161303151879636,0.0
2022-09-12,0.3174891675194451,0.2914180637437065,0.35353043148105284,0.6642296477166649,0.3012719129362744,0.6082446772793447,0.0,0.47967863894139884,0.4886578282422042,1.0,0.46313799621928164,0.33379912702191655,0.3430644443683836,0.4006292551142536,1.3238646086450656,0.3661192750756693,2022,0.0,0.0,0.012101420163925593,1.0
2022-09-13,0.03767623198140252,0.599766840896025,0.4354777254881439,0.8144512895562523,0.35225801333228424,0.5783726194768591,0.0,0.47967863894139884,0.05172692380633297,1.0,0.46313799621928164,0.6513062909675074,0.21206709611582378,0.4006292551142536,0.38841762867529017,0.3661192750756693,2022,0.0,1.0,0.013157596604989294,2.0
2022-09-14,0.5027275688628806,0.6660015693517797,0.41618419500408416,0.8331729383087937,0.34806334247233783,0.7721817779469246,0.0,0.47967863894139884,0.36275862640408896,1.0,0.46313799621928164,0.7571574525505503,0.039102378888573194,0.4006292551142536,1.6661209027577113,0.3661192750756693,2022,0.0,0.0,0.013108094118716426,3.0
2022-09-15,0.02641054428918946,0.6043620903631638,0.4625830124449477,0.7717509902698474,0.30379628415952814,0.7383645492015481,0.0,0.47967863894139884,0.033205902858160864,1.0,0.46313799621928164,0.6888473269891658,0.679067475593607,0.4006292551142536,0.4540051122540104,0.3661192750756693,2022,0.0,1.0,0.013933252891693849,4.0
2022-09-16,0.6793409336573891,0.07390203217040828,0.3851790150641683,0.7091100028716695,0.3780566479279989,0.6866587617301132,0.0,0.47967863894139884,0.7210564148657993,0.0,0.46313799621928164,0.16153838593659842,0.2049660845277917,0.4006292551142536,0.6634541604002264,0.3661192750756693,2022,0.0,0.0,0.013893070137809214,0.0
2022-09-19,0.764787547618166,0.11465087810134215,0.372749375539195,0.7935564700796794,0.3714514907951127,0.6181268325303539,0.0,0.47967863894139884,0.7626069439080445,0.0,0.46313799621928164,0.2407276422295429,0.16071264578932887,0.4006292551142536,0.67327884409343,0.3661192750756693,2022,0.0,0.0,0.013924837336825289,1.0
2022-09-20,0.40370595990568986,0.5593470947463374,0.43493846482505427,0.7706230457575824,0.36855766610736695,0.708119077516267,1.0,0.47967863894139884,0.24413468529954252,1.0,0.46313799621928164,0.736274907900443,0.988545559505364,0.4006292551142536,0.4721538601768265,0.3661192750756693,2022,1.0,1.0,0.014120963278545028,2.0
2022-09-21,0.5111030970564252,0.15483723022963244,0.5007528579935567,0.9720803884762209,0.3460263915248286,0.9992429504049241,0.0,0.47967863894139884,0.4038131967324554,0.0,0.46313799621928164,0.23130386710125322,0.4563699313420633,0.4006292551142536,0.7455548383310794,0.3661192750756693,2022,0.0,0.0,0.014544321731560329,3.0
2022-09-22,0.46905898204760493,0.15060945407216147,0.5579811313504528,0.7835269966790838,0.33830485581288605,0.6725581758549588,0.0,0.47967863894139884,0.39428095282154213,1.0,0.46313799621928164,0.3634560469550392,0.18995765275257287,0.4006292551142536,1.270820729985886,0.3661192750756693,2022,0.0,0.0,0.014836644327429368,4.0
2022-09-23,0.05957283292287185,0.6787659981065086,0.38040413117873706,0.5993135240927154,0.33946239596847283,0.5697535331735027,0.0,0.47967863894139884,0.05951548348658359,1.0,0.46313799621928164,0.7393986985443192,0.22494004796162997,0.4006292551142536,0.8438049560351774,0.3661192750756693,2022,0.0,0.0,0.016308726407100207,0.0
2022-09-26,0.10535463783509409,0.7285074355995651,0.5806186282972094,0.8588434204974885,0.2667030600114846,0.6787228106569372,0.0,0.47967863894139884,0.07878108413191286,0.0,0.46313799621928164,0.8280795302489679,0.7422554636112892,0.4006292551142536,0.013367281986000927,0.3661192750756693,2022,0.0,0.0,0.016599337153564098,1.0
2022-09-27,0.38539894489272475,0.6310814501786003,0.5202214641643876,0.8423972103008931,0.372147823418728,0.7372261761963169,1.0,0.47967863894139884,0.4148045120950034,1.0,0.46313799621928164,0.6242923055965663,1.2691089269758768,0.4006292551142536,0.5450951723391051,0.3661192750756693,2022,0.0,1.0,0.016192533888444112,2.0
2022-09-28,0.8382515313650045,0.006566017738671707,0.36275567289478394,0.5796895803546889,0.272900519694234,0.6094886233395111,1.0,0.47967863894139884,0.7039652660000265,0.0,0.46313799621928164,0.04256289708268449,0.17776986106163203,0.4006292551142536,0.6544353402208728,0.3661192750756693,2022,1.0,0.0,0.01691096290673365,3.0
2022-09-29,0.6697635131458166,0.09776706288640878,0.43260359328136216,0.7994688942483502,0.3170962465567028,0.5971291051414611,1.0,0.47967863894139884,0.7859621589399001,0.0,0.46313799621928164,0.2378973462788682,0.5269255090426167,0.4006292551142536,0.04355634248134632,0.3661192750756693,2022,1.0,0.0,0.017006905143325157,4.0
2022-09-30,0.31036674132480935,0.7287260331490991,0.5138889191500587,0.6559242151603368,0.45400014434997815,0.6745610955232462,1.0,0.47967863894139884,0.24625501240118022,0.0,0.46313799621928164,0.8487390846105785,1.4613680848871948,0.4006292551142536,0.04471000309055356,0.3661192750756693,2022,0.0,0.0,0.016698448250206634,0.0
2022-10-03,0.9054247060883022,0.017143468719528095,0.3282760265812919,0.5326855742827367,0.3560703405152782,0.5598115907428807,1.0,0.47967863894139884,0.802764348260133,0.0,0.46313799621928164,0.048930346923495446,1.06011233112382,0.4006292551142536,0.15655517886959944,0.3661192750756693,2022,0.0,0.0,0.016611569344875603,1.0
2022-10-04,0.8081242585560204,0.036030430620638605,0.36969161252155136,0.6859860605057125,0.3202021160368764,0.3977211092132642,0.0,0.47967863894139884,0.8221893199946779,0.0,0.46313799621928164,0.09773003662473,0.04642445213379838,0.4006292551142536,0.8716359092656625,0.3661192750756693,2022,0.0,0.0,0.017218722795775087,2.0
2022-10-05,0.6595699266900301,0.18999315928149366,0.3559564432759961,0.656570110996099,0.2618130893123272,0.4895624588678368,0.0,0.47967863894139884,0.507877666745962,0.0,0.46313799621928164,0.4150748760871384,0.32038667357155115,0.4006292551142536,0.3231486276540698,0.3661192750756693,2022,0.0,0.0,0.016877206884898195,3.0
2022-10-06,0.4820415919905272,0.6323499097050399,0.36362125625679154,0.5827807743648847,0.46978368496109413,0.7044282906993932,0.0,0.47967863894139884,0.37268747664139523,1.0,0.46313799621928164,0.7236224701626656,0.08374594716866905,0.4006292551142536,0.7706034634428365,0.3661192750756693,2022,0.0,0.0,0.016595687882440775,4.0
2022-10-07,0.2306728365747981,0.7481520531802486,0.4638022323771731,0.814054564378483,0.2538147832402259,0.5329693513437012,0.0,0.47967863894139884,0.18006409607815438,1.0,0.46313799621928164,0.7892737166484345,0.17624521072797533,0.4006292551142536,1.0160222918843553,0.3661192750756693,2022,0.0,0.0,0.016939552172758655,0.0
2022-10-10,0.09014916624596672,0.7437845162194323,0.4669990661039607,0.7734118789863259,0.310083779646256,0.6376226244073728,0.0,0.47967863894139884,0.07212598139648123,1.0,0.46313799621928164,0.8046304733697213,0.5335125146984749,0.4006292551142536,0.2371913321014596,0.3661192750756693,2022,0.0,1.0,0.017844296299848926,1.0
2022-10-11,0.2518518260348389,0.6616948733921449,0.4880040593608348,1.0902662024796734,0.3170533532020659,0.8238101074305411,0.0,0.47967863894139884,0.26955435185193005,0.0,0.46313799621928164,0.7363229582671875,0.41933334978164405,0.4006292551142536,0.1699439934864696,0.3661192750756693,2022,0.0,0.0,0.0173752936536516,2.0
2022-10-12,0.7925815172606994,0.37374165268793424,0.43352868338807254,0.8401050813171148,0.4485671164059153,0.7090894360897776,1.0,0.47967863894139884,0.7827149142165762,1.0,0.46313799621928164,0.3708166343866777,0.33227340947826844,0.4006292551142536,1.0933326549820592,0.3661192750756693,2022,1.0,1.0,0.016782589243022453,3.0
2022-10-13,0.37235027786087144,0.09639524430478477,0.45202734382334264,0.9015743851623601,0.3297849106028541,0.6522145726489238,0.0,0.47967863894139884,0.3494345570554248,1.0,0.46313799621928164,0.2628910732441533,0.19963720648997563,0.4006292551142536,0.9149450770936146,0.3661192750756693,2022,0.0,1.0,0.017016540667440072,4.0
2022-10-14,0.1955649546480682,0.5809530260689298,0.4002246172867352,0.7447669681771021,0.3179417147399092,0.6237501428558941,0.0,0.47967863894139884,0.09878367989854912,0.0,0.46313799621928164,0.7737123921906847,0.851826843724216,0.4006292551142536,0.026258534023557663,0.3661192750756693,2022,0.0,0.0,0.017372615159232677,0.0
2022-10-17,0.2644183917025903,0.6174461465906983,0.4502952665641583,0.7708363341151059,0.3468276790285159,0.7393111931108874,0.0,0.47967863894139884,0.31948395973826627,0.0,0.46313799621928164,0.6496282807768988,0.35743944636678743,0.4006292551142536,0.16332179930795945,0.3661192750756693,2022,0.0,0.0,0.017509208995734778,1.0
2022-10-18,0.5482587964785218,0.5152031926028415,0.3892714799202542,0.7378601747963469,0.4103073902711224,0.6705751299329686,0.0,0.47967863894139884,0.5303625484779937,1.0,0.46313799621928164,0.6529387577184476,0.0918798246321869,0.4006292551142536,0.9146561230802321,0.3661192750756693,2022,0.0,0.0,0.016075806514379107,2.0
2022-10-19,0.12510610623346302,0.7015571292053768,0.4119213538893895,0.7560692256942853,0.2634281714656844,0.5246549127477591,0.0,0.47967863894139884,0.08643736303040189,1.0,0.46313799621928164,0.839965642939851,0.6224544194477045,0.4006292551142536,0.2462949141699507,0.3661192750756693,2022,0.0,1.0,0.016449552105302395,3.0
2022-10-20,0.2784637871113935,0.5914271438769769,0.4222348138948485,0.8786054870470281,0.3113179184435559,0.5609123141353972,1.0,0.47967863894139884,0.26379895828810707,1.0,0.46313799621928164,0.7089763282394557,1.0944995161248168,0.4006292551142536,0.39913164020609954,0.3661192750756693,2022,0.0,1.0,0.016774024282915186,4.0
2022-10-21,0.9121308755986864,0.0075895711497672245,0.2772437242093188,0.626462499385429,0.2926974312357057,0.5438942634548458,1.0,0.47967863894139884,0.8039321598422773,0.0,0.46313799621928164,0.045610725022896904,0.47394781696604454,0.4006292551142536,0.5069883309295901,0.3661192750756693,2022,1.0,0.0,0.01643128160980457,0.0
2022-10-24,0.13084386468515563,0.579958171203502,0.3653207294441891,0.6937181566978016,0.3026317543359047,0.6014728170281661,0.0,0.47967863894139884,0.1772061334277087,1.0,0.46313799621928164,0.7171104773940806,0.48699561168789435,0.4006292551142536,0.41731777801563014,0.3661192750756693,2022,0.0,1.0,0.016184436402942762,1.0
2022-10-25,0.5885618459165942,0.24391506838729818,0.36708387767768624,0.6977082660746411,0.31277615610384796,0.5713282166978577,1.0,0.47967863894139884,0.6090535758590493,0.0,0.46313799621928164,0.3530041920991253,0.8235960817119546,0.4006292551142536,0.12996195050867776,0.3661192750756693,2022,0.0,0.0,0.01601161778824759,2.0
2022-10-26,0.47062402855978785,0.2047189478198837,0.36437178270732373,0.589474416793964,0.39640601547038834,0.631894733164124,0.0,0.47967863894139884,0.6057233063463973,0.0,0.46313799621928164,0.3444340806840245,0.22790783996605815,0.4006292551142536,0.3637616989686413,0.3661192750756693,2022,0.0,0.0,0.016184011225010845,3.0
2022-10-27,0.7048210041973039,0.3367753364873539,0.3711093900210634,0.7051264035419099,0.34912512489535974,0.5039537223668388,0.0,0.47967863894139884,0.6232674082064948,1.0,0.46313799621928164,0.5426384559402496,0.1408236857088644,0.4006292551142536,0.9610931865629118,0.3661192750756693,2022,0.0,0.0,0.015839185224375947,4.0
2022-10-28,0.1811468226596646,0.47652805322090075,0.423940827209162,0.6951908919287985,0.31865347442502195,0.45126376372766186,0.0,0.47967863894139884,0.14344006081905616,1.0,0.46313799621928164,0.6929856359018952,0.038500673761790796,0.4006292551142536,0.49588867805186965,0.3661192750756693,2022,0.0,0.0,0.01579295733908019,0.0
2022-10-31,0.4109651914501346,0.6797754982377745,0.3756149313104599,0.6708667093200241,0.30359329366883364,0.5429828091330814,1.0,0.47967863894139884,0.24050648242375228,1.0,0.46313799621928164,0.8599941413948697,0.9259102574949947,0.4006292551142536,0.11213582649405987,0.3661192750756693,2022,0.0,1.0,0.015503825125143,1.0
2022-11-01,0.5889164794035862,0.1545510113832932,0.39645029038080126,0.6259341832017196,0.2822215336664879,0.529462307998805,1.0,0.47967863894139884,0.6379955043047171,0.0,0.46313799621928164,0.2753507373105074,0.8385376580538734,0.4006292551142536,0.49873556899395355,0.3661192750756693,2022,1.0,0.0,0.01577109286130457,2.0
2022-11-02,0.039047794378996414,0.8445058050475986,0.48044509688641013,0.8998363415373628,0.36496988984347206,0.8059739244979927,0.0,0.47967863894139884,0.04993112621030429,1.0,0.46313799621928164,0.7737991756043168,0.2307821042061839,0.4006292551142536,0.7200714046636095,0.3661192750756693,2022,0.0,0.0,0.015662064271603944,3.0
2022-11-03,0.4339037233061023,0.2411592241524432,0.4264244051679853,0.7946881654879125,0.3015359982743469,0.6050707737243085,1.0,0.47967863894139884,0.464437195016138,0.0,0.46313799621928164,0.4369432547545314,2.078059612264072,0.4006292551142536,0.04264525863295781,0.3661192750756693,2022,0.0,0.0,0.015397138070604097,4.0
2022-11-04,0.8649995461881664,0.002375834605099508,0.2623585622367919,0.5544748900375251,0.46909714998590135,0.557223934570077,1.0,0.47967863894139884,0.7217044186435586,0.0,0.46313799621928164,0.020769519419778133,0.04059040590405565,0.4006292551142536,0.5125461254612494,0.3661192750756693,2022,1.0,0.0,0.01612356241484559,0.0
2022-11-07,0.46970825326771953,0.3686911087704051,0.30340088207842153,0.5783517446306196,0.42065783593967077,0.6831612884031817,1.0,0.47967863894139884,0.6558025283547518,1.0,0.46313799621928164,0.5436160690201116,1.5364053355828589,0.4006292551142536,0.39231296462276155,0.3661192750756693,2022,0.0,1.0,0.01617393869985989,1.0
2022-11-08,0.7600519866667651,0.00682439154453808,0.36318794007515887,0.8219635203708524,0.42796940256219385,0.5140496415883173,1.0,0.47967863894139884,0.6624990580096782,0.0,0.46313799621928164,0.0389176648268594,0.34371526662878854,0.4006292551142536,0.3527058068021851,0.3661192750756693,2022,1.0,0.0,0.01688816030967397,2.0
2022-11-09,0.22232471623552705,0.6023646494740732,0.27488768934013325,0.6021526705248867,0.5386466924577912,0.6793665405899625,1.0,0.47967863894139884,0.292048191802773,0.0,0.46313799621928164,0.7624013659368203,1.7529186269384902,0.4006292551142536,0.1073357727827202,0.3661192750756693,2022,0.0,0.0,0.016811276649344706,3.0
2022-11-10,0.8226298187451132,0.005426726888007661,0.40860038466104476,0.9981619792250367,0.3249801554227332,0.5299965827098588,1.0,0.47967863894139884,0.7401045228853214,0.0,0.46313799621928164,0.028884649388342044,0.577476346785091,0.4006292551142536,0.27775632361459834,0.3661192750756693,2022,0.0,0.0,0.0168582300648744,4.0
2022-11-11,0.7816653826114309,0.08279608117766471,0.403208343882491,0.9793789252534674,0.27073077404199386,0.5277591711108568,1.0,0.47967863894139884,0.876755427242816,0.0,0.46313799621928164,0.13914764425004975,0.13833523043762322,0.4006292551142536,0.600130779104407,0.3661192750756693,2022,1.0,0.0,0.016653907987470944,0.0
2022-11-14,0.6882292867125672,0.1947355813218424,0.5018714786272238,0.7598515720073061,0.29714183100918096,0.6985149894897702,1.0,0.47967863894139884,0.8122471211388093,0.0,0.46313799621928164,0.25298965350981195,0.5220801364023855,0.4006292551142536,0.1398124467178223,0.3661192750756693,2022,0.0,0.0,0.016557132694196945,1.0
2022-11-15,0.7544754512317671,0.4112346524557528,0.49206871746754555,0.8420634043898128,0.4145336261077047,0.6989544435318363,0.0,0.47967863894139884,0.6914209391265934,0.0,0.46313799621928164,0.4330687532139919,0.21896619885352597,0.4006292551142536,0.28953350464519106,0.3661192750756693,2022,0.0,0.0,0.016253005874406246,2.0
2022-11-16,0.466077695428009,0.7091372619538354,0.41754045019794306,0.747916365187597,0.5089471231456371,0.9196752717741226,0.0,0.47967863894139884,0.36240275919210446,1.0,0.46313799621928164,0.8024183612835429,0.03643303261623716,0.4006292551142536,0.6689798750867447,0.3661192750756693,2022,0.0,0.0,0.01624824522334289,3.0
2022-11-17,0.4077722476731142,0.5354546091811747,0.3454097831691062,0.6581797062627043,0.33938303592943264,0.7773380504620463,0.0,0.47967863894139884,0.299307924865456,1.0,0.46313799621928164,0.7433439389738536,0.26703480419474057,0.4006292551142536,0.44895891382542497,0.3661192750756693,2022,0.0,0.0,0.016020550196614726,4.0
2022-11-18,0.2324979584714129,0.7725636464349193,0.25595185084405275,0.6237476485737901,0.40164532294697625,0.6334636867452224,0.0,0.47967863894139884,0.2219334751873487,1.0,0.46313799621928164,0.8155698166894265,0.0806302824802395,0.4006292551142536,0.6321274526914208,0.3661192750756693,2022,0.0,0.0,0.016365035480901666,0.0
2022-11-21,0.3357618999255736,0.6153950473588359,0.29786139747885615,0.6723752348879595,0.32949696458803707,0.6230871653286739,0.0,0.47967863894139884,0.2788156247177161,0.0,0.46313799621928164,0.7594259516417347,0.42543393552957837,0.4006292551142536,0.024796315975913773,0.3661192750756693,2022,0.0,0.0,0.016245518527257127,1.0
2022-11-22,0.4351430740162518,0.6953707791484596,0.28566620233474926,0.5635814417312772,0.33995777332861654,0.8629530114487883,1.0,0.47967863894139884,0.39715800352548997,1.0,0.46313799621928164,0.7979958306466206,0.5057077013773523,0.4006292551142536,0.5368454901120084,0.3661192750756693,2022,1.0,1.0,0.0153199042988346,2.0
2022-11-23,0.7939498475050382,0.05504132422315172,0.23004827975546674,0.6533860612712961,0.38474138180356343,0.6883983525044721,1.0,0.47967863894139884,0.7836040517334295,0.0,0.46313799621928164,0.15490817151290429,0.34310445541925627,0.4006292551142536,0.02193192076895024,0.3661192750756693,2022,0.0,0.0,0.015377429288404984,3.0
2022-11-24,0.7544585591772397,0.44976606174636247,0.2556576926489733,0.9344821525998344,0.49170416478869433,0.8878265672745077,1.0,0.47967863894139884,0.8189608791873244,1.0,0.46313799621928164,0.4500468151869386,0.23779371605197,0.4006292551142536,0.39828346787504204,0.3661192750756693,2022,1.0,1.0,0.013559229618634205,4.0
2022-11-25,0.6555624999063142,0.31274749767418486,0.29534880304135913,0.6871608512480509,0.434591444330771,0.9125245769658963,1.0,0.47967863894139884,0.704323188198842,1.0,0.46313799621928164,0.43941644091865717,0.34645149679044923,0.4006292551142536,0.6651868738376686,0.3661192750756693,2022,1.0,0.0,0.013565178612118416,0.0
2022-11-28,0.07162842100607698,0.6948831748733996,0.3271783885142051,0.5592952793622467,0.32877954150495886,0.807798653697701,0.0,0.47967863894139884,0.0882087129393998,1.0,0.46313799621928164,0.7950201474001765,0.8022672913731527,0.4006292551142536,0.09128141279774615,0.3661192750756693,2022,0.0,1.0,0.0125184982231862,1.0
2022-11-29,0.5085372666557663,0.3801241867176458,0.4002214526675351,0.7450800047631295,0.3290937154699006,0.9060446826953958,1.0,0.47967863894139884,0.5498693568053608,0.0,0.46313799621928164,0.41985410445109167,0.9322607125266762,0.4006292551142536,0.22341159087178358,0.3661192750756693,2022,0.0,0.0,0.01243281462920372,2.0
2022-11-30,0.9053042738993757,0.06317505818994315,0.46238083668266444,0.8687753231899266,0.36538410984668623,0.8283034288236045,1.0,0.47967863894139884,0.8174389443711169,0.0,0.46313799621928164,0.0748126508665241,1.7987043538055056,0.4006292551142536,0.022293800441535793,0.3661192750756693,2022,0.0,0.0,0.011159919124816144,3.0
2022-12-01,0.8342199520036547,0.01649069805925292,0.34461606625541824,0.9642278453833145,0.37223856877347994,0.8970846309884201,1.0,0.47967863894139884,0.7572313077501187,0.0,0.46313799621928164,0.030520635628995044,0.07611347319998042,0.4006292551142536,1.184149996514948,0.3661192750756693,2022,1.0,0.0,0.011368633917626355,4.0
2022-12-02,0.5081371698949045,0.13556006575191812,0.3261912222329262,0.7076952587477212,0.43122280579926303,0.8962502180808842,1.0,0.47967863894139884,0.5647934745926706,1.0,0.46313799621928164,0.20229423746560302,0.5898484484002868,0.4006292551142536,1.5390906904017287,0.3661192750756693,2022,1.0,0.0,0.011561288456511006,0.0
2022-12-05,0.007496144976510606,0.7783731292577006,0.3595762659056026,0.7083252077031443,0.37422948983273024,0.8423679340034655,0.0,0.47967863894139884,0.017293937116706574,0.0,0.46313799621928164,0.6267146363806922,0.5412405407972548,0.4006292551142536,0.060728873127953706,0.3661192750756693,2022,0.0,0.0,0.012755087617270662,1.0
2022-12-06,0.44646461632652373,0.7732697254108255,0.27620761880313,0.8179747053074744,0.5266062009054457,0.8939614421575725,1.0,0.47967863894139884,0.39025656896139777,0.0,0.46313799621928164,0.7410714372229458,0.8701344094563211,0.4006292551142536,0.1018715642972878,0.3661192750756693,2022,0.0,0.0,0.012693133583826892,2.0
2022-12-07,0.7076330386977613,0.15184706487840427,0.36151448777705325,0.6926980207530683,0.3922726637566039,0.6906102204731339,1.0,0.47967863894139884,0.7833151426131506,0.0,0.46313799621928164,0.1832155931822099,0.3891471397400604,0.4006292551142536,0.20807640008854483,0.3661192750756693,2022,1.0,0.0,0.01264675158889241,3.0
2022-12-08,0.6356156114010716,0.3537528104643631,0.39347145081825696,0.8561239310162969,0.4448895262713567,0.729828247842079,1.0,0.47967863894139884,0.6669487514384288,0.0,0.46313799621928164,0.4984106799967038,0.7775013730494532,0.4006292551142536,0.019448841792397774,0.3661192750756693,2022,0.0,0.0,0.012359082186519021,4.0
2022-12-09,0.42892835222070375,0.3924872241740739,0.37891747807177534,0.7328216594661353,0.3649261022478051,0.7157419625131105,0.0,0.47967863894139884,0.5409614023814967,1.0,0.46313799621928164,0.48991017577654944,0.010041404492551689,0.4006292551142536,0.8886642975907154,0.3661192750756693,2022,0.0,0.0,0.01219268844149196,0.0
2022-12-12,0.22147487798926743,0.71313202307369,0.24425642300585654,0.5969396669627929,0.4109547749757655,0.7665162706614387,1.0,0.47967863894139884,0.17876466031189617,0.0,0.46313799621928164,0.7742901380802489,1.9270026457556355,0.4006292551142536,0.03971821108666669,0.3661192750756693,2022,0.0,0.0,0.012579284659696497,1.0
2022-12-13,0.45646785048359584,0.04585768474396587,0.4328108671005875,0.7773687570501706,0.44172158630321534,0.6422568512970755,0.0,0.47967863894139884,0.4094491681280452,0.0,0.46313799621928164,0.08090337284770127,0.15188339040576668,0.4006292551142536,0.6520803660717037,0.3661192750756693,2022,0.0,0.0,0.013018969608069806,2.0
2022-12-14,0.5265086842395179,0.4631006489075482,0.3569955826871611,0.980553966724585,0.3592431210109747,0.8520912043932574,0.0,0.47967863894139884,0.6521643698724338,1.0,0.46313799621928164,0.3927236347384693,0.05119131870724263,0.4006292551142536,1.3862939372493477,0.3661192750756693,2022,0.0,0.0,0.013403083752673744,3.0
2022-12-15,0.06740200086828935,0.6426743709093816,0.43263924096683526,0.7386348277298452,0.2086518843004666,0.6252818368500371,0.0,0.47967863894139884,0.050184154813533506,0.0,0.46313799621928164,0.7643527769807766,0.6840022296544022,0.4006292551142536,0.09442586399108417,0.3661192750756693,2022,0.0,0.0,0.01442473528520211,4.0
2022-12-16,0.8752842557061199,0.1419116785203337,0.3279521324635627,0.7101408169623727,0.40066172484717355,0.8032960067825866,1.0,0.47967863894139884,0.8924956527138651,0.0,0.46313799621928164,0.14651970207163117,0.2289516720239084,0.4006292551142536,0.3611909998308274,0.3661192750756693,2022,1.0,0.0,0.014129227493868812,0.0
2022-12-19,0.29103132535934384,0.7018345669959097,0.3937712269345162,0.7287849483550213,0.36424956463147495,0.732982063587998,1.0,0.47967863894139884,0.3469942199155362,0.0,0.46313799621928164,0.7719409410190313,1.341501727929624,0.4006292551142536,0.12195470253906417,0.3661192750756693,2022,0.0,0.0,0.013990191322748957,1.0
2022-12-20,0.7976059951439067,0.029270529730800927,0.3759614110370975,0.7514433753301667,0.35848652016526494,0.44915540576265534,1.0,0.47967863894139884,0.7691738384732134,0.0,0.46313799621928164,0.06749455079606288,0.2400508863630007,0.4006292551142536,0.22417655355513882,0.3661192750756693,2022,1.0,0.0,0.014209634052506368,2.0
2022-12-21,0.4274871646182255,0.7309008225965835,0.3728517112004218,0.6756413804395849,0.5186387859174023,0.7979643113377809,0.0,0.47967863894139884,0.33325336125595784,1.0,0.46313799621928164,0.8258067359422528,0.2595664020850606,0.4006292551142536,1.2136595190143338,0.3661192750756693,2022,0.0,0.0,0.01329383453341649,3.0
2022-12-22,0.05665945630818741,0.7174365122483249,0.3985089241308376,0.6465236565283532,0.4122847557049458,0.7969183288158918,0.0,0.47967863894139884,0.08084589821360647,0.0,0.46313799621928164,0.6291315025665282,0.4377267230955221,0.4006292551142536,0.04997984683595362,0.3661192750756693,2022,0.0,0.0,0.013841776389198836,4.0
2022-12-23,0.6962416604524639,0.6317861037291028,0.33526092129273494,0.7471903477823524,0.5447571079727094,0.7666426746751484,1.0,0.47967863894139884,0.7327946763719968,0.0,0.46313799621928164,0.47864219603573455,1.5523969669088515,0.4006292551142536,0.0,0.3661192750756693,2022,0.0,0.0,0.012518945833187693,0.0
2022-12-27,0.1989466401391734,0.34644135497841616,0.38167234890003626,0.5634609444827239,0.34520825764003343,0.5523354518201119,0.0,0.47967863894139884,0.2797602030243342,1.0,0.46313799621928164,0.3445829834395179,0.0415973377703827,0.4006292551142536,0.6851081530782043,0.3661192750756693,2022,0.0,1.0,0.013256134546457125,2.0
2022-12-28,0.550351033840619,0.5646470141703481,0.37595001864422417,0.7314943480950138,0.3529271131608998,0.7875270363872768,1.0,0.47967863894139884,0.42280515728480034,0.0,0.46313799621928164,0.6303896731198828,0.670540068637489,0.4006292551142536,0.023601661749651497,0.3661192750756693,2022,0.0,0.0,0.013150768665556058,3.0
2022-12-29,0.6693866071878435,0.398015118013119,0.3920497232658309,0.7308326870507817,0.38562630162743083,0.8439900977067863,1.0,0.47967863894139884,0.7628752989071191,0.0,0.46313799621928164,0.34656752721009837,0.47034252297410145,0.4006292551142536,0.0672514619882999,0.3661192750756693,2022,0.0,0.0,0.013191318195092656,4.0
2022-12-30,0.7761328096871252,0.3871162319200107,0.26282936244423766,0.6920072156911017,0.49620074520014307,0.8668161112131083,1.0,0.47967863894139884,0.8699321992806875,0.0,0.46313799621928164,0.285902012861153,1.1156441996307584,0.4006292551142536,0.0,0.3661192750756693,2022,0.0,0.0,0.012941400417684377,0.0
2023-01-03,0.5475422910815306,0.26525065822881216,0.4034035900620809,0.7126191778630212,0.45922576582538693,0.7225124334721612,1.0,0.4806234203875316,0.5817008090115231,0.0,0.4654591406908172,0.2882792426600155,1.0670820353063273,0.4042520039821611,0.1370716510903408,0.3672984810834352,2023,0.0,0.0,0.013088293656186968,2.0
2023-01-04,0.5564032181074452,0.22366531076658794,0.41348961676184826,0.7325607567975795,0.5677079393068659,0.876679700320712,0.0,0.4806234203875316,0.553367037715157,1.0,0.4654591406908172,0.2220029224174715,0.18871323415225666,0.4042520039821611,1.2866416125725972,0.3672984810834352,2023,0.0,0.0,0.01240037374049376,3.0
2023-01-05,0.08152041298259606,0.5595338379531508,0.4105828912980804,0.6373858912605216,0.4057702392487738,0.6530742962677925,1.0,0.4806234203875316,0.08952876426462184,0.0,0.4654591406908172,0.620968231967945,1.533165158035312,0.4042520039821611,0.11716871939456636,0.3672984810834352,2023,0.0,0.0,0.013130595944732634,4.0
2023-01-06,0.8253547844379846,0.026654787181216274,0.4681894034083185,0.8527656055021273,0.40143496308918475,0.7602867591478972,1.0,0.4806234203875316,0.7244109973590476,0.0,0.4654591406908172,0.054060158061192416,0.6392862366535088,0.4042520039821611,0.0,0.3672984810834352,2023,0.0,0.0,0.013086650200367188,0.0
2023-01-09,0.32764364616729985,0.6477140445004018,0.3735970629952728,0.701636137088083,0.4622082164621921,0.7039575774784411,0.0,0.4806234203875316,0.4827752423474472,0.0,0.4654591406908172,0.6628190117687625,0.3745666795057916,0.4042520039821611,0.16301739207727456,0.3672984810834352,2023,0.0,0.0,0.012880399398856168,1.0
2023-01-10,0.7920699690872297,0.42324492707105943,0.4587291065984869,0.884093362007217,0.487263553129473,0.9114187435442567,1.0,0.4806234203875316,0.8030714444247012,1.0,0.4654591406908172,0.3841539879657407,0.4043276108726684,0.4042520039821611,0.4097520267048236,0.3672984810834352,2023,1.0,1.0,0.012768843291676265,2.0
2023-01-11,0.5528204671136266,0.43187670454452853,0.365044172932523,0.7026527522164364,0.44020267032248067,0.859343912066054,1.0,0.4806234203875316,0.44056761485461926,0.0,0.4654591406908172,0.5421809792439944,1.1387118047922573,0.4042520039821611,0.23213893163332508,0.3672984810834352,2023,0.0,0.0,0.0121262042235124,3.0
2023-01-12,0.7220107147782124,0.08959778267899719,0.43983302476277186,0.9256356575649154,0.38202321517032084,0.7777285529653779,1.0,0.4806234203875316,0.7429920596295786,0.0,0.4654591406908172,0.10827571662221196,1.0441324566080252,0.4042520039821611,0.18701498726378762,0.3672984810834352,2023,0.0,0.0,0.012714095164787637,4.0
2023-01-13,0.8357116120806756,0.057880968735821416,0.5126566541062515,1.2678622009327132,0.37466724197244033,0.9048054704342349,1.0,0.4806234203875316,0.8250405955914517,0.0,0.4654591406908172,0.08000700951431929,0.36542287057689227,0.4042520039821611,0.39580444873109205,0.3672984810834352,2023,1.0,0.0,0.012341527540227678,0.0
2023-01-16,0.45280037433332393,0.6461680196258658,0.41538545771431096,0.7758815565073094,0.525785804397394,1.0977037565636858,0.0,0.4806234203875316,0.30304861214467305,1.0,0.4654591406908172,0.7325704679778915,0.14591969679023978,0.4042520039821611,0.4870898969560586,0.3672984810834352,2023,0.0,0.0,0.01259337263137797,1.0
2023-01-17,0.5018262060392502,0.6402257312213407,0.3731884269888454,0.8252562014813484,0.5996211544368208,1.0016185975257892,1.0,0.4806234203875316,0.36115403159845433,1.0,0.4654591406908172,0.7213124063011308,0.7650609986165317,0.4042520039821611,0.5269148534775516,0.3672984810834352,2023,1.0,1.0,0.011903077718818785,2.0
2023-01-18,0.10302639302562865,0.5627189898698398,0.36388788676659045,0.7497324009194494,0.3389227248116578,0.7979319662861851,1.0,0.4806234203875316,0.1673703713198239,0.0,0.4654591406908172,0.5927253927475408,1.31377303588749,0.4042520039821611,0.13918525703200665,0.3672984810834352,2023,0.0,0.0,0.012375455846045002,3.0
2023-01-19,0.8587975469760861,0.04098321685450444,0.4645196992334413,1.153141277994975,0.3943309774696725,0.9672924393202104,1.0,0.4806234203875316,0.7852638917152833,0.0,0.4654591406908172,0.0739502297932203,0.21501912623313554,0.4042520039821611,0.46184819810751093,0.3672984810834352,2023,1.0,0.0,0.012853623443435769,4.0
2023-01-20,0.48492396745098293,0.6314089656111621,0.42255036566044857,0.9078448143201042,0.4583866745742996,1.1327548812002626,0.0,0.4806234203875316,0.3672952346986031,1.0,0.4654591406908172,0.7196086271987789,0.38261809288172743,0.4042520039821611,0.5745243579899263,0.3672984810834352,2023,0.0,1.0,0.013041668953832866,0.0
2023-01-23,0.8382070491930745,0.16136931971414994,0.37936191634285404,0.9338033002543261,0.5062761961904575,1.277602250687574,1.0,0.4806234203875316,0.7544167491499342,0.0,0.4654591406908172,0.2037110466568914,0.4632736016488214,0.4042520039821611,0.551039102307208,0.3672984810834352,2023,0.0,0.0,0.012922982222113707,1.0
2023-01-24,0.7608959224857363,0.1845428599683293,0.4282562002924034,0.9907183622473258,0.4852157084603383,1.2008370396895067,1.0,0.4806234203875316,0.7296003505365464,0.0,0.4654591406908172,0.19754192096597142,0.43742405832320586,0.4042520039821611,0.7039287160793887,0.3672984810834352,2023,0.0,0.0,0.012744936094650123,2.0
2023-01-25,0.8369751523080508,0.07961074319919126,0.4327198485280784,1.0996889360122353,0.4197603011823679,1.023058681862523,1.0,0.4806234203875316,0.794423972887742,1.0,0.4654591406908172,0.10962338773156607,0.1256214880409595,0.4042520039821611,1.1334765084875398,0.3672984810834352,2023,1.0,1.0,0.012475931593238607,3.0
2023-01-26,0.24556657488559486,0.4724306785129099,0.39331965572360844,0.849604550522151,0.34009089571641477,0.9483912008003249,0.0,0.4806234203875316,0.16359349419542665,1.0,0.4654591406908172,0.5472225149163507,0.25184423751360663,0.4042520039821611,0.5231587858265763,0.3672984810834352,2023,0.0,1.0,0.01224726772921232,4.0
2023-01-27,0.6522816662976971,0.43103341371390647,0.40895782364087285,0.8076819695969645,0.3859145400279892,0.8787267274489594,0.0,0.4806234203875316,0.6461573159153199,0.0,0.4654591406908172,0.4068637153428538,0.26533917111498295,0.4042520039821611,0.3127811431655892,0.3672984810834352,2023,0.0,0.0,0.012353326018002837,0.0
2023-01-30,0.40456695588527164,0.7794094928377768,0.3874595862357821,0.7073297587267502,0.4569722580193286,0.8075227594432868,0.0,0.4806234203875316,0.29555431556789147,1.0,0.4654591406908172,0.818656923170141,0.33380201633409257,0.4042520039821611,0.9343943518712484,0.3672984810834352,2023,0.0,1.0,0.012415335634134064,1.0
2023-01-31,0.8023903631047582,0.07669019407197163,0.40637581987047705,0.8130944922178835,0.46110211851969457,0.6255654579107572,1.0,0.4806234203875316,0.7412326606476517,0.0,0.4654591406908172,0.11686820969888875,1.0707744029677753,0.4042520039821611,0.3099930442847153,0.3672984810834352,2023,0.0,0.0,0.012782251252885868,2.0
2023-02-01,0.9246124487041263,0.03284602328655254,0.5581924694179565,0.8846165938969195,0.365578421056717,0.9223006721276888,1.0,0.4806234203875316,0.7359192925967366,1.0,0.4654591406908172,0.09259746739942244,0.39357268101986115,0.4042520039821611,1.5577912558567364,0.3672984810834352,2023,1.0,0.0,0.012743354144291601,3.0
2023-02-02,0.0068858816760780294,0.7603935698201274,0.491076438906058,0.7779813065074946,0.2802948007277288,0.6296845724450626,0.0,0.4806234203875316,0.01687982548800514,1.0,0.4654591406908172,0.7008623011159341,0.22983991927787195,0.4042520039821611,1.9559300771768975,0.3672984810834352,2023,0.0,0.0,0.013694450440572242,4.0
2023-02-03,0.007889088055601129,0.7105377039938049,0.4397100564171161,0.8339736580342266,0.41114559040281634,0.6112357630630665,0.0,0.4806234203875316,0.015130402215943242,1.0,0.4654591406908172,0.6434918360267579,0.5422025129342132,0.4042520039821611,0.20625769894062634,0.3672984810834352,2023,0.0,1.0,0.015540518292939731,0.0
2023-02-06,0.5030216364970951,0.49078082080314883,0.3917664876530856,0.6854870792338242,0.4145287898985886,0.6905516860924106,1.0,0.4806234203875316,0.43106618365062294,0.0,0.4654591406908172,0.6350120039168637,0.5710959668226963,0.4042520039821611,0.08861833967937964,0.3672984810834352,2023,1.0,0.0,0.015770048649144813,1.0
2023-02-07,0.35341363763894584,0.6383215142763088,0.34610161558312363,0.9349694574961366,0.39249149061947575,0.9030315776781936,1.0,0.4806234203875316,0.5499417279737516,0.0,0.4654591406908172,0.5723762199264216,0.4421858303720101,0.4042520039821611,0.1631669193111523,0.3672984810834352,2023,1.0,0.0,0.01534062274366166,2.0
2023-02-08,0.3449687913810086,0.5806219538682214,0.3847679887647379,0.6882781337599457,0.35054707900738014,0.7723904157613807,1.0,0.4806234203875316,0.4755107850473517,1.0,0.4654591406908172,0.6618332758716164,0.5359338122779259,0.4042520039821611,0.6005653966854255,0.3672984810834352,2023,1.0,0.0,0.014684934887660645,3.0
2023-02-09,0.05464631439525007,0.7538462209722137,0.46447339305820134,0.735991387830383,0.3667183919415317,0.740705473724238,0.0,0.4806234203875316,0.1014114807207672,1.0,0.4654591406908172,0.7832316206222097,0.37339399090136743,0.4042520039821611,0.31110333449982064,0.3672984810834352,2023,0.0,1.0,0.015349917966993415,4.0
2023-02-10,0.6203181881708674,0.36479221024687913,0.3843583364624007,0.666957785050591,0.31951700540712086,0.7780525645476478,0.0,0.4806234203875316,0.7060164619035495,1.0,0.4654591406908172,0.40112261465766025,0.04813185702007631,0.4042520039821611,0.5244956772334273,0.3672984810834352,2023,0.0,1.0,0.015148242776266448,0.0
2023-02-13,0.3948682900224293,0.6810264622816524,0.3894431094308425,0.7375082436877985,0.33670390827672353,0.7252517858732737,1.0,0.4806234203875316,0.27496018576240877,1.0,0.4654591406908172,0.8240910482027328,0.6212964160952208,0.4042520039821611,0.3702419459179722,0.3672984810834352,2023,1.0,1.0,0.01489299549414146,1.0
2023-02-14,0.30512659400719916,0.3898324582336691,0.4273735244895619,0.7881817572910215,0.29012798721126504,0.7177570205662063,0.0,0.4806234203875316,0.3671486428514105,1.0,0.4654591406908172,0.5244703070508102,0.20620267607094114,0.4042520039821611,0.871641945856239,0.3672984810834352,2023,0.0,0.0,0.01485432637455674,2.0
2023-02-15,0.18871537129031166,0.5875669200134859,0.3658680456312417,0.7013108143794818,0.3892478344102259,0.612158082943068,0.0,0.4806234203875316,0.13263350454293676,1.0,0.4654591406908172,0.7333853895336889,0.34203139619503437,0.4042520039821611,0.30055099282669717,0.3672984810834352,2023,0.0,1.0,0.014970099486808351,3.0
2023-02-16,0.5146928823467827,0.48606408212824226,0.3702490192753221,0.6573442017913376,0.33742460587122214,0.5894612047898604,0.0,0.4806234203875316,0.587127082021561,1.0,0.4654591406908172,0.552063514892615,0.2635182629975714,0.4042520039821611,0.6374736403634385,0.3672984810834352,2023,0.0,1.0,0.014940414928979436,4.0
2023-02-17,0.8141841822834555,0.11325422493210316,0.33231095541184996,0.5770880335375478,0.33578821944127885,0.6370551081290977,1.0,0.4806234203875316,0.8587206107667704,0.0,0.4654591406908172,0.14618908177530482,0.1807320407026751,0.4042520039821611,0.17966891105149188,0.3672984810834352,2023,1.0,0.0,0.015316285601078701,0.0
2023-02-20,0.552575406851554,0.6251474607743794,0.3670726406065462,0.8734803477910141,0.35913887298571606,0.6837933770861125,0.0,0.4806234203875316,0.5709495022398066,1.0,0.4654591406908172,0.7278158484821895,0.09819975996799143,0.4042520039821611,0.4092278970529422,0.3672984810834352,2023,0.0,0.0,0.014546183891386408,1.0
2023-02-21,0.5323353437376308,0.6274189784084404,0.4869310468105921,0.9150168178525767,0.30363888521353777,0.7152860113690461,1.0,0.4806234203875316,0.45188416495420053,1.0,0.4654591406908172,0.72618023179094,0.4375617048884352,0.4042520039821611,0.44901413218245423,0.3672984810834352,2023,1.0,0.0,0.013800209741700042,2.0
2023-02-22,0.13458226061994094,0.8336812692978718,0.48986092460837377,0.9538650679609597,0.34460258469119415,0.7536837573099214,0.0,0.4806234203875316,0.12137271221871145,1.0,0.4654591406908172,0.815045512666217,0.36782658994732703,0.4042520039821611,0.3337291076810738,0.3672984810834352,2023,0.0,0.0,0.012854630398557314,3.0
2023-02-23,0.3771469258919611,0.5863041448852943,0.48429844413359247,0.9275129963426229,0.2778800463540678,0.7650619422083278,0.0,0.4806234203875316,0.3217100324817321,1.0,0.4654591406908172,0.687435549673276,0.2696051167964391,0.4042520039821611,0.6472469410456049,0.3672984810834352,2023,0.0,0.0,0.011276483154655728,4.0
2023-02-24,0.1701945124011079,0.7571714079189116,0.38249227398579905,0.6703438959320306,0.3159532672782389,0.8576194805103181,0.0,0.4806234203875316,0.1266835166236079,1.0,0.4654591406908172,0.8174050216331615,0.4659785127448929,0.4042520039821611,0.20349694543922991,0.3672984810834352,2023,0.0,1.0,0.011235591602300598,0.0
2023-02-27,0.8001925097498293,0.31050230880480606,0.4304024767107345,0.7698136339524005,0.33686093420023033,0.9976051585345392,1.0,0.4806234203875316,0.8203898916055147,1.0,0.4654591406908172,0.2783299451022093,0.700978459553423,0.4042520039821611,0.626715888319416,0.3672984810834352,2023,0.0,1.0,0.010967029338700031,1.0
2023-02-28,0.6896917743694794,0.06790720700271889,0.3856631230754972,0.7268502770616676,0.3298740841710226,0.792925052880991,1.0,0.4806234203875316,0.6946206896632268,0.0,0.4654591406908172,0.12741443328098237,0.8650675183115202,0.4042520039821611,0.1783594265282781,0.3672984810834352,2023,0.0,0.0,0.011264139316057497,2.0
2023-03-01,0.5534653258139318,0.20119885551745378,0.4176276050900727,0.6801211522808348,0.25472036274088883,0.6172161364685465,0.0,0.4806234203875316,0.5971086726077006,0.0,0.4654591406908172,0.2781230902660196,0.11924956871765988,0.4042520039821611,0.3346032202415115,0.3672984810834352,2023,0.0,0.0,0.010821355843080997,3.0
2023-03-02,0.8243388916177424,0.45527901825616535,0.39812067683995556,0.7674765661644626,0.3563708012471699,0.7435632012819439,1.0,0.4806234203875316,0.7490643989726675,0.0,0.4654591406908172,0.49276172502368426,1.0851699663802772,0.4042520039821611,0.004183787822185215,0.3672984810834352,2023,0.0,0.0,0.010416934191592201,4.0
2023-03-03,0.899630421909588,0.08247364067148134,0.41615271848538243,0.599583983386805,0.34584362392413104,0.682421110620008,1.0,0.4806234203875316,0.8661376319617059,0.0,0.4654591406908172,0.09627698846639439,0.15524141729392252,0.4042520039821611,0.5202129612630756,0.3672984810834352,2023,1.0,0.0,0.010485687335168524,0.0
2023-03-06,0.1964092270788169,0.768918669242256,0.3070812463594561,0.6344464829581421,0.48318049133865504,0.8661233577260982,0.0,0.4806234203875316,0.18815563498722654,1.0,0.4654591406908172,0.8396970801141384,0.27119169378583635,0.4042520039821611,1.8419339841934026,0.3672984810834352,2023,0.0,0.0,0.009984210619963303,1.0
2023-03-07,0.004561470932938715,0.8192414620289172,0.4817917309139136,0.6508876254488786,0.3837561419461987,0.6963173071417977,0.0,0.4806234203875316,0.009951794800493238,1.0,0.4654591406908172,0.6879797331386228,0.5895508433374469,0.4042520039821611,0.18901230412505562,0.3672984810834352,2023,0.0,1.0,0.010534688947145713,2.0
2023-03-08,0.3284918239690249,0.6728815501660207,0.3999858041035754,0.7667837501747282,0.4107765172168966,0.86837174209785,1.0,0.4806234203875316,0.34176955450884755,0.0,0.4654591406908172,0.6832158241347608,1.1624338624338653,0.4042520039821611,0.09735449735449314,0.3672984810834352,2023,0.0,0.0,0.010420572083893864,3.0
2023-03-09,0.6762655440345288,0.09165951325212318,0.36329006211278786,0.7185889462033458,0.3458756944571953,0.6711733286077658,1.0,0.4806234203875316,0.7160928715959559,0.0,0.4654591406908172,0.13047699747958105,2.089195646402982,0.4042520039821611,0.16299442527209654,0.3672984810834352,2023,0.0,0.0,0.010287964692644659,4.0
2023-03-10,0.7291020171257568,0.008278058468952422,0.3830429373394184,0.6603514982579041,0.4302248514359715,0.684977826703193,1.0,0.4806234203875316,0.654626437442621,0.0,0.4654591406908172,0.028193061115915602,2.251807798878148,0.4042520039821611,0.0,0.3672984810834352,2023,0.0,0.0,0.011322394804721778,0.0
2023-03-13,0.6795838285898521,0.012619442108764907,0.4288843305360412,0.9004130801502132,0.44702973313250927,0.7876406510106553,0.0,0.4806234203875316,0.7741268396708895,0.0,0.4654591406908172,0.02749044729274384,0.0297014699196771,0.4042520039821611,0.7641763903621761,0.3672984810834352,2023,0.0,0.0,0.012317266197793001,1.0
2023-03-14,0.2630982540092895,0.6164246054360841,0.4952044755569468,0.8784846519011893,0.3870274054272469,0.8374297610326803,1.0,0.4806234203875316,0.43034712498338185,1.0,0.4654591406908172,0.575873548104307,1.4360074798442755,0.4042520039821611,0.7798044204653387,0.3672984810834352,2023,0.0,1.0,0.012238605727131716,2.0
2023-03-15,0.4280135685483448,0.07413737483958922,0.3350841064678875,0.7307035449703261,0.5756089608321512,0.9534395784013745,0.0,0.4806234203875316,0.2596330773618664,0.0,0.4654591406908172,0.1086861004123525,0.5935026841551814,0.4042520039821611,0.4121976866456407,0.3672984810834352,2023,0.0,0.0,0.01345730328124637,3.0
2023-03-16,0.44842141086641785,0.44324595366207975,0.5342016062481848,0.861250276586577,0.46704576432872386,0.8590899922941551,1.0,0.4806234203875316,0.4168182108248306,0.0,0.4654591406908172,0.48092324930634456,2.5978833107191392,0.4042520039821611,0.0429308005427364,0.3672984810834352,2023,0.0,0.0,0.013713648597151415,4.0
2023-03-17,0.9491851894664706,0.0017646258480459307,0.5929870571638051,1.3040711707295298,0.5951189096242034,1.0209462681901986,1.0,0.4806234203875316,0.6300562812963131,0.0,0.4654591406908172,0.015427483978971411,0.8194349536982477,0.4042520039821611,0.6323900186149565,0.3672984810834352,2023,1.0,0.0,0.015271936112574503,0.0
2023-03-20,0.07260625306686651,0.46687814468036953,0.6093364161784023,0.9136327404012538,0.48976833789550683,0.8107068576714773,0.0,0.4806234203875316,0.1506134135948612,1.0,0.4654591406908172,0.5210316967037817,0.20686065981807428,0.4042520039821611,1.3710458433271568,0.3672984810834352,2023,0.0,0.0,0.015953879087834032,1.0
2023-03-21,0.05041006451376131,0.7063271838707919,0.49703050868203946,0.8475852337345311,0.34047849266173297,0.6397364234573802,0.0,0.4806234203875316,0.045428018857564964,1.0,0.4654591406908172,0.7196009106766378,1.1365994726545918,0.4042520039821611,0.19022709874967744,0.3672984810834352,2023,0.0,1.0,0.017310172615857555,2.0
2023-03-22,0.9408583725459476,0.03933994546475565,0.4797627886845592,0.9388408570842565,0.4968062152821581,0.6412450461249619,1.0,0.4806234203875316,0.7180288499281122,0.0,0.4654591406908172,0.137420750763906,0.930510250479408,0.4042520039821611,0.1439218709843242,0.3672984810834352,2023,0.0,0.0,0.0183436300101105,3.0
2023-03-23,0.4782905789572237,0.16832249080255252,0.34486216053660723,0.7896751922885805,0.46858235757314937,0.5736206203585362,0.0,0.4806234203875316,0.7335357253931423,0.0,0.4654591406908172,0.19817470804047901,0.24374785231568433,0.4042520039821611,0.49711733038066314,0.3672984810834352,2023,0.0,0.0,0.01876612596397527,4.0
2023-03-24,0.20715354096759028,0.733964455143632,0.43666408977835763,0.6777694115673107,0.3865323368621793,0.6123132254096293,0.0,0.4806234203875316,0.19950265929491154,1.0,0.4654591406908172,0.8287087582441878,0.016381872213964244,0.4042520039821611,0.903343239227341,0.3672984810834352,2023,0.0,0.0,0.019435461920717455,0.0
2023-03-27,0.3122494629116271,0.5335683764100587,0.35291296735125105,0.6694975380746158,0.3772456932861642,0.6369589286461668,0.0,0.4806234203875316,0.27849176069842585,0.0,0.4654591406908172,0.6401371547426098,0.4942315962678308,0.4042520039821611,0.19057235279819543,0.3672984810834352,2023,0.0,0.0,0.01952622409026582,1.0
2023-03-28,0.9274217554497262,0.17226007766317153,0.24431927808275614,0.7541150458531913,0.3389885551710354,0.6780199525506266,0.0,0.4806234203875316,0.8988297831086606,0.0,0.4654591406908172,0.17841959003202953,0.0202527009705173,0.4042520039821611,0.38275041201244797,0.3672984810834352,2023,0.0,0.0,0.01976476276855791,2.0
2023-03-29,0.7089636547598683,0.6737127709155597,0.3691411511714901,0.8000810233547092,0.44739681708794754,0.8094369509591443,1.0,0.4806234203875316,0.52511016067884,1.0,0.4654591406908172,0.7406558863002779,0.5175740227876776,0.4042520039821611,0.23783944536347187,0.3672984810834352,2023,0.0,1.0,0.019562662625245968,3.0
2023-03-30,0.8394599109240976,0.16062796856066167,0.30140864648820126,0.6085332522333826,0.37313939507363564,0.6788463214700684,1.0,0.4806234203875316,0.8477019933419454,0.0,0.4654591406908172,0.2019114969632591,0.19667568907018143,0.4042520039821611,0.3567915824787501,0.3672984810834352,2023,1.0,0.0,0.018923678368888704,4.0
2023-03-31,0.24430546714159532,0.7968758847048347,0.29344867996894686,0.6791571960236916,0.3926732618451397,0.624153763787979,1.0,0.4806234203875316,0.23616928435234136,1.0,0.4654591406908172,0.8534230562628972,0.5982401157184185,0.4042520039821611,0.5490196078431372,0.3672984810834352,2023,1.0,1.0,0.018054826082288436,0.0
2023-04-03,0.6082682487926293,0.10045821327598696,0.3155738827586676,0.674875683625431,0.33550494180411067,0.6967883508146405,1.0,0.4806234203875316,0.7623400212798256,0.0,0.4654591406908172,0.14893401579808177,1.092336103416435,0.4042520039821611,0.20306248076331093,0.3672984810834352,2023,0.0,0.0,0.018711476689122538,1.0
2023-04-04,0.7609969793011047,0.043038631086478187,0.35118930133934556,0.7627962594997881,0.31428673039573846,0.6279520544898072,1.0,0.4806234203875316,0.7915858969924047,0.0,0.4654591406908172,0.08465266192256864,0.3139974046599955,0.4042520039821611,0.287695376808504,0.3672984810834352,2023,1.0,0.0,0.018252012172014536,2.0
2023-04-05,0.44644313845077105,0.5074712174164049,0.4239437648366379,0.6219047079866072,0.5022646841485073,0.8539396899084702,0.0,0.4806234203875316,0.5864352606642927,1.0,0.4654591406908172,0.5773727234678313,0.017754711827365856,0.4042520039821611,0.5424747336793264,0.3672984810834352,2023,0.0,0.0,0.018117573700072737,3.0
2023-04-06,0.46165794001435784,0.648492136899808,0.3802470906674858,0.6767671901512645,0.39979957137268907,0.786686419118714,0.0,0.4806234203875316,0.36496471038406353,1.0,0.4654591406908172,0.743589796921304,0.0,0.4042520039821611,0.7692540018121358,0.3672984810834352,2023,0.0,0.0,0.016496437646355427,4.0
2023-04-10,0.5769498046547497,0.46979974383389267,0.3959820784996197,0.7019991974221286,0.3496403234594284,0.6219761265324766,1.0,0.4806234203875316,0.3660446480734607,0.0,0.4654591406908172,0.6468094157378874,0.5118651685393258,0.4042520039821611,0.07644943820224927,0.3672984810834352,2023,1.0,0.0,0.015963094759800248,1.0
2023-04-11,0.7182591747981791,0.39419737670100335,0.3522301345201366,0.7566108284554479,0.4214829734675454,0.7241369556443061,1.0,0.4806234203875316,0.8436648914684047,0.0,0.4654591406908172,0.27747842478775986,0.8341346734639679,0.4042520039821611,0.07948971949068297,0.3672984810834352,2023,0.0,0.0,0.01475537359554966,2.0
2023-04-12,0.605347792907132,0.2820683490703955,0.5233067170669752,0.8194891934796592,0.25554804103984635,0.6469222459353099,1.0,0.4806234203875316,0.5174012244886211,0.0,0.4654591406908172,0.4210852143858807,1.1960739787550678,0.4042520039821611,0.04062271339540609,0.3672984810834352,2023,0.0,0.0,0.014050110038456718,3.0
2023-04-13,0.6416413621744151,0.17223054077060226,0.4813780281186354,0.8079114834904032,0.4230062875393273,0.9836392528636791,0.0,0.4806234203875316,0.6854346757650298,1.0,0.4654591406908172,0.15208763443431084,0.2628655864669282,0.4042520039821611,1.6991745643534153,0.3672984810834352,2023,0.0,0.0,0.013743697478991573,4.0
2023-04-14,0.037437517809941825,0.5329020502365183,0.40684469602298795,0.6157312317407124,0.26279526666298003,0.6192024542548786,0.0,0.4806234203875316,0.03883678114632947,1.0,0.4654591406908172,0.5314969977001331,0.3604964150449001,0.4042520039821611,0.7686810700078606,0.3672984810834352,2023,0.0,1.0,0.014961869169803521,0.0
2023-04-17,0.3477285582818917,0.4171543851003444,0.42779450743058295,0.6711647463984403,0.3597293651819415,0.7302888662945104,0.0,0.4806234203875316,0.2865685644306289,0.0,0.4654591406908172,0.5031447601502714,0.5595983743724618,0.4042520039821611,0.128854888835761,0.3672984810834352,2023,0.0,0.0,0.014976051921753594,1.0
2023-04-18,0.7124460660777382,0.401783295758013,0.3886742124070107,0.6372786015458867,0.3808589382845874,0.7632576128028616,0.0,0.4806234203875316,0.753660031122312,1.0,0.4654591406908172,0.3515321763488782,0.09871338227811595,0.4042520039821611,1.2222141455259157,0.3672984810834352,2023,0.0,1.0,0.014701199221179441,2.0
2023-04-19,0.4522912953306423,0.16038031774238917,0.40422853509787876,0.7118225960667822,0.3130643265422274,0.6072884042081603,1.0,0.4806234203875316,0.45253134582371757,0.0,0.4654591406908172,0.2704532147843512,0.5661918197875776,0.4042520039821611,0.13552634597297838,0.3672984810834352,2023,1.0,0.0,0.01561060889718403,3.0
2023-04-20,0.6808930109087987,0.2922202076847994,0.4423911016956829,0.6976471813209516,0.3025312447246081,0.6558117548801979,0.0,0.4806234203875316,0.7283231458423186,1.0,0.4654591406908172,0.3697867824661997,0.026448979591834995,0.4042520039821611,1.0817959183673522,0.3672984810834352,2023,0.0,0.0,0.015276371381682296,4.0
2023-04-21,0.22289254959063476,0.4165265295898203,0.30950988090643067,0.5662607330917016,0.2973336259094771,0.5891877333727461,0.0,0.4806234203875316,0.21006238031322244,0.0,0.4654591406908172,0.6229986322180013,0.2546894445072964,0.4042520039821611,0.2749632311347462,0.3672984810834352,2023,0.0,0.0,0.015921008454219378,0.0
2023-04-24,0.8377274900170016,0.30020617985418047,0.4387054091,0.702643079578285,0.3026537445920308,0.7489960942141642,1.0,0.4806234203875316,0.8890098920274747,0.0,0.4654591406908172,0.23839383205034861,0.49583612520340686,0.4042520039821611,0.4335215851440629,0.3672984810834352,2023,0.0,0.0,0.015006747793410484,1.0
2023-04-25,0.7041531200494503,0.1546765974966271,0.4745594908836513,0.8008093808213914,0.34878296950187665,0.5884908721088079,1.0,0.4806234203875316,0.7187846087761575,0.0,0.4654591406908172,0.2287712162565824,0.4310726504326835,0.4042520039821611,0.48460454819883303,0.3672984810834352,2023,1.0,0.0,0.014218043380912782,2.0
2023-04-26,0.1421609756529372,0.6568705237419575,0.48606236709343115,0.822865685392805,0.3066987955748653,0.7515454790025546,0.0,0.4806234203875316,0.22656336618208975,1.0,0.4654591406908172,0.7177401108793804,0.487329628983631,0.4042520039821611,0.5291904417810732,0.3672984810834352,2023,0.0,1.0,0.014410237002492589,3.0
2023-04-27,0.5509268970800113,0.331424955792063,0.4519851931152176,0.765355281880817,0.2793650718564933,0.6773308011956175,0.0,0.4806234203875316,0.41185867645354635,0.0,0.4654591406908172,0.47606427585289424,0.24621914333105832,0.4042520039821611,0.392721241096693,0.3672984810834352,2023,0.0,0.0,0.014731437655503676,4.0
2023-04-28,0.7873665948978055,0.3784219901643455,0.3555520362233148,0.7171825584259736,0.37153244031947413,0.7122611427002058,1.0,0.4806234203875316,0.7541402500836227,0.0,0.4654591406908172,0.3715249644700278,0.5791666666666694,0.4042520039821611,0.42569444444444454,0.3672984810834352,2023,1.0,0.0,0.014477236054349944,0.0
2023-05-01,0.14416338818372795,0.5611449212699428,0.3303136479416711,0.6690341073283878,0.2656555332239859,0.5389239505350857,1.0,0.4806234203875316,0.18328592184705825,0.0,0.4654591406908172,0.7290977771253729,1.248839009287923,0.4042520039821611,0.13680340557275433,0.3672984810834352,2023,0.0,0.0,0.01489620504188115,1.0
2023-05-02,0.8779691361142785,0.04003839324983593,0.39787642111355026,0.7357228845360972,0.3211622286700274,0.6078110154108768,1.0,0.4806234203875316,0.8081575467909491,0.0,0.4654591406908172,0.07194634884016142,0.7787059787059866,0.4042520039821611,0.3161343161343121,0.3672984810834352,2023,0.0,0.0,0.015136788967623865,2.0
2023-05-03,0.8580208753648185,0.057201716556422755,0.4581648620229171,0.7341862206353892,0.3671205312215714,0.7413540738620725,1.0,0.4806234203875316,0.8401495872583821,0.0,0.4654591406908172,0.10306796758478363,1.340943254415633,0.4042520039821611,0.26700488538143957,0.3672984810834352,2023,0.0,0.0,0.014919191218365567,3.0
2023-05-04,0.09133005599116568,0.3374370785150501,0.37081224463301754,0.6331608037149138,0.5384376986927096,0.673401975646123,0.0,0.4806234203875316,0.199285100342303,1.0,0.4654591406908172,0.31068323547111804,0.09341117597997424,0.4042520039821611,1.6897414512093447,0.3672984810834352,2023,0.0,0.0,0.014621024032622316,4.0
2023-05-05,0.051128996450213744,0.45203038928297234,0.47003311642042395,0.7515720693791493,0.3084632317208705,0.7050837298822411,0.0,0.4806234203875316,0.07330799394039224,0.0,0.4654591406908172,0.4676012786851506,0.4063837537564887,0.4042520039821611,0.07585830070120746,0.3672984810834352,2023,0.0,0.0,0.015557934213499734,0.0
2023-05-08,0.6781363145745721,0.6465241268258991,0.43432969228886037,0.7441668561020842,0.4931155090198307,0.837459285781559,1.0,0.4806234203875316,0.6383057047962897,0.0,0.4654591406908172,0.6107256092307994,0.52282157676348,0.4042520039821611,0.06002766251729322,0.3672984810834352,2023,0.0,0.0,0.015328914403313692,1.0
2023-05-09,0.862887534607265,0.25978085205033075,0.3683278823162178,0.645927889738835,0.43327501647865024,0.7881216142120099,1.0,0.4806234203875316,0.8642401928683174,0.0,0.4654591406908172,0.25848154586547983,0.46788724208078936,0.4042520039821611,0.43737285672769893,0.3672984810834352,2023,1.0,0.0,0.014497709760709831,2.0
2023-05-10,0.353415310762121,0.45361267875307804,0.4359919192013055,0.7132806931108975,0.3506297195181442,0.6735692316860156,0.0,0.4806234203875316,0.31250714455941697,1.0,0.4654591406908172,0.6392497304004501,0.36560787035928394,0.4042520039821611,0.637719319242645,0.3672984810834352,2023,0.0,0.0,0.014698555933815851,3.0
2023-05-11,0.12767553128329834,0.6326695567572996,0.45075964547147,0.6555427546998707,0.3152221505693237,0.5115767063715458,0.0,0.4806234203875316,0.12942943755992614,1.0,0.4654591406908172,0.7765861335489332,0.255455929622736,0.4042520039821611,0.47809169345288866,0.3672984810834352,2023,0.0,0.0,0.014667493796526038,4.0
2023-05-12,0.4348495051712004,0.5025809243967061,0.3719633512528374,0.7018928548394862,0.28550850222594804,0.5737400105377608,0.0,0.4806234203875316,0.500349128924296,0.0,0.4654591406908172,0.5729346931977565,0.3771404007355646,0.4042520039821611,0.12170133498912968,0.3672984810834352,2023,0.0,0.0,0.01487395166933669,0.0
2023-05-15,0.7330943228250308,0.5410124215029297,0.4569907396237614,0.7900821338079971,0.3935041841050668,0.7436711755541315,0.0,0.4806234203875316,0.7457997874557359,1.0,0.4654591406908172,0.47634801627819884,0.06760119238254916,0.4042520039821611,1.0657534921534293,0.3672984810834352,2023,0.0,0.0,0.014379235464364523,1.0
2023-05-16,0.1261759389429194,0.6998785330335983,0.42258286713567633,0.7274094908250018,0.3221470056682561,0.528623463237331,0.0,0.4806234203875316,0.08560730625866185,1.0,0.4654591406908172,0.7928319436588938,0.1414346972890498,0.4042520039821611,0.4687356154759293,0.3672984810834352,2023,0.0,0.0,0.01482458099916604,2.0
2023-05-17,0.545701288150241,0.6475995495440793,0.4056880153315758,0.8320078303823895,0.36746939353136066,0.7479146948841124,0.0,0.4806234203875316,0.4319888318107417,1.0,0.4654591406908172,0.6906199415533647,0.15616752153777277,0.4042520039821611,1.032866889099145,0.3672984810834352,2023,0.0,0.0,0.014477269007858996,3.0
2023-05-18,0.13763733976306222,0.6490637033775501,0.43472916902382197,0.6004352509253275,0.3267327057184701,0.608047787070384,0.0,0.4806234203875316,0.10569424015477623,0.0,0.4654591406908172,0.742152115578706,0.899381324636708,0.4042520039821611,0.11447892187425351,0.3672984810834352,2023,0.0,0.0,0.015217786367122964,4.0
2023-05-19,0.7597258355586451,0.15105888221244193,0.3505297352688835,0.6288992051773772,0.32562740480044094,0.5887513449141997,0.0,0.4806234203875316,0.7645288585551928,0.0,0.4654591406908172,0.1861606721484638,0.16668260495361278,0.4042520039821611,0.2935354308119037,0.3672984810834352,2023,0.0,0.0,0.0151074729764481,0.0
2023-05-22,0.5587098701652872,0.7037165630959055,0.40818080987907884,0.7411114296766471,0.37980030546556537,0.7634487968622566,0.0,0.4806234203875316,0.34499665002914737,1.0,0.4654591406908172,0.8210746951032573,0.21477333742425425,0.4042520039821611,0.6253483674669545,0.3672984810834352,2023,0.0,1.0,0.014168773271370522,1.0
2023-05-23,0.8278488352531044,0.14753571037062746,0.39903683584058314,0.7672962512304969,0.37473999989959483,0.831045164168302,1.0,0.4806234203875316,0.8203298335888444,0.0,0.4654591406908172,0.1867573954304097,0.3801553153531296,0.4042520039821611,0.6677510756637662,0.3672984810834352,2023,1.0,0.0,0.013785800003906131,2.0
2023-05-24,0.07940317951766132,0.7910489108787532,0.4175635812070351,0.7300942584590281,0.3539339986941287,0.6831344337084398,0.0,0.4806234203875316,0.07112493563116364,1.0,0.4654591406908172,0.830282731317406,0.29335624601568605,0.4042520039821611,0.7104964106543961,0.3672984810834352,2023,0.0,0.0,0.013167201082017715,3.0
2023-05-25,0.14828988487824346,0.7848972607697373,0.49150351184709534,0.7953190193913773,0.3472430902587001,0.9251771865532341,0.0,0.4806234203875316,0.08858404680162757,1.0,0.4654591406908172,0.8049537105410157,0.694937126736892,0.4042520039821611,0.16638156117763744,0.3672984810834352,2023,0.0,1.0,0.012263921083373742,4.0
2023-05-26,0.6643166536874869,0.39398510065016507,0.4147422417361972,0.7125803341352049,0.3689153613093858,1.0231569455078962,0.0,0.4806234203875316,0.5217049167217616,0.0,0.4654591406908172,0.48356210969799607,0.12487447575166809,0.4042520039821611,0.2671156004489355,0.3672984810834352,2023,0.0,0.0,0.012423285533025645,0.0
2023-05-29,0.5631861947925224,0.6833438209254776,0.3973944871525225,0.9910753167252604,0.40208525690556984,1.09831013616532,1.0,0.4806234203875316,0.4846279174903748,1.0,0.4654591406908172,0.7744702743031198,0.862484848484846,0.4042520039821611,0.47557575757575943,0.3672984810834352,2023,0.0,1.0,0.01213033716455941,1.0
2023-05-30,0.732664304207728,0.04866678793964568,0.3814492425578244,0.7169683287954594,0.36260756751650347,0.6596786932868476,1.0,0.4806234203875316,0.7314064728416836,0.0,0.4654591406908172,0.1041315139684528,0.6497431609126738,0.4042520039821611,0.23581412017679576,0.3672984810834352,2023,1.0,0.0,0.012207108150515922,2.0
2023-05-31,0.3265034170988655,0.41081728552255914,0.38511742960126527,0.7306458543225638,0.3625442705645763,0.727293369593974,1.0,0.4806234203875316,0.42256023417948996,1.0,0.4654591406908172,0.5313009898862762,0.8827281648675156,0.4042520039821611,0.3937070657507395,0.3672984810834352,2023,0.0,1.0,0.011868062435442287,3.0
2023-06-01,0.6983332679633618,0.08192848107791391,0.3266581993179825,0.5985992597964629,0.38940416768954184,0.5957253135173256,1.0,0.4806234203875316,0.7072251462103687,1.0,0.4654591406908172,0.13625596773465629,0.2501421602370349,0.4042520039821611,1.252805794151982,0.3672984810834352,2023,1.0,0.0,0.01206929559353134,4.0
2023-06-02,0.017885145935092623,0.7295824787711732,0.36202008199231867,0.6125278180527154,0.24456777845601313,0.7246080007738381,0.0,0.4806234203875316,0.035616560921173525,1.0,0.4654591406908172,0.796495169358446,0.6312380308662838,0.4042520039821611,0.3907288498366601,0.3672984810834352,2023,0.0,1.0,0.01301988036142377,0.0
2023-06-05,0.873129910491772,0.0635998221190541,0.38459835692130123,0.5632243912273059,0.4224719148679859,0.669606530389178,1.0,0.4806234203875316,0.8271125857311378,0.0,0.4654591406908172,0.12517839717842613,0.18417877865226348,0.4042520039821611,0.2995921181134046,0.3672984810834352,2023,1.0,0.0,0.012675806082814,1.0
2023-06-06,0.6535145315658429,0.38607325846478235,0.40413049346514557,0.7074879927740725,0.36328130628231037,0.6810436060590326,1.0,0.4806234203875316,0.8242632278577302,1.0,0.4654591406908172,0.3789919824258912,0.2835349815886403,0.4042520039821611,0.962709684961131,0.3672984810834352,2023,1.0,0.0,0.012449409946430203,2.0
2023-06-07,0.04024502784214903,0.7255384534810575,0.3806011959539558,0.6306574919195757,0.34901220174210124,0.6351065509248967,1.0,0.4806234203875316,0.04802636342468742,1.0,0.4654591406908172,0.8208656445920806,1.265471302395648,0.4042520039821611,0.01612855581485068,0.3672984810834352,2023,1.0,1.0,0.012464928236359751,3.0
2023-06-08,0.7053334908204191,0.07724494979165569,0.36008784360575463,0.6226565196147875,0.43082425004300656,0.7882509493491431,1.0,0.4806234203875316,0.7604429076032292,0.0,0.4654591406908172,0.10618634481746084,0.3086172344689387,0.4042520039821611,0.3713308970882943,0.3672984810834352,2023,1.0,0.0,0.012330909693493384,4.0
2023-06-09,0.24649695586292764,0.6351172091833279,0.38408024186735934,0.6146817696019853,0.3574511876510569,0.7928402448712947,0.0,0.4806234203875316,0.312653126492732,1.0,0.4654591406908172,0.7621018104593056,0.26399649174097545,0.4042520039821611,0.4649612629732455,0.3672984810834352,2023,0.0,1.0,0.012461945615566555,0.0
2023-06-12,0.5653966335673913,0.41411497457003016,0.40618307577648116,0.6735675254674075,0.3511699427209691,0.785826374213904,1.0,0.4806234203875316,0.4971558141703242,1.0,0.4654591406908172,0.565230699522223,0.5572698356074743,0.4042520039821611,0.7245756413686532,0.3672984810834352,2023,1.0,0.0,0.012275269049492256,1.0
2023-06-13,0.039315335410234895,0.6432282809641539,0.3978789468118505,0.7096712465430215,0.42597008878384146,0.7331233797766092,0.0,0.4806234203875316,0.0822724901574369,1.0,0.4654591406908172,0.7312900642698398,0.6928482844150474,0.4042520039821611,0.15832988838362666,0.3672984810834352,2023,0.0,1.0,0.012446809058025074,2.0
2023-06-14,0.16587950262528495,0.8015875466789019,0.404070688602883,0.7510564501952278,0.43892931900964055,1.0444847557380446,1.0,0.4806234203875316,0.1746830420016621,1.0,0.4654591406908172,0.7996221094639986,0.7764712940188381,0.4042520039821611,0.7193592896994374,0.3672984810834352,2023,1.0,1.0,0.012263479785379902,3.0
2023-06-15,0.7333396424465143,0.02981695908515892,0.33722113792249636,0.5824350769352841,0.36158785692523326,0.8428572524327056,1.0,0.4806234203875316,0.7462155204939119,0.0,0.4654591406908172,0.07347538238415452,0.3989096126255408,0.4042520039821611,0.1892109038737462,0.3672984810834352,2023,1.0,0.0,0.01271366991299982,4.0
2023-06-16,0.2944876018399821,0.5957711746337382,0.3672369104504708,0.6470019395154801,0.4036132919803722,0.7289306741719465,0.0,0.4806234203875316,0.40288830967225303,1.0,0.4654591406908172,0.7464237228487256,0.052649437312670334,0.4042520039821611,0.38200531584007613,0.3672984810834352,2023,0.0,0.0,0.01290573550942002,0.0
2023-06-19,0.5008177872355299,0.6679948078347235,0.29335386132661223,0.7217216213816297,0.38373633857264755,0.7592397201740646,0.0,0.4806234203875316,0.36541544219420435,1.0,0.4654591406908172,0.8191804003265797,0.274452116481536,0.4042520039821611,0.8595016511558112,0.3672984810834352,2023,0.0,0.0,0.012200088781192449,1.0
2023-06-20,0.10802067396423105,0.5985332541778716,0.3821195253919695,0.5713487164121879,0.3449912269982299,0.713452824755477,0.0,0.4806234203875316,0.15633758357855454,1.0,0.4654591406908172,0.6794418128723391,0.13797580407199422,0.4042520039821611,0.7043375627028695,0.3672984810834352,2023,0.0,1.0,0.012502656214952721,2.0
2023-06-21,0.4965311993102749,0.2875110527715908,0.4088724612459466,0.7650510467305629,0.32290720157300834,0.6348842166432369,0.0,0.4806234203875316,0.6338905806471531,1.0,0.4654591406908172,0.35220704385672325,0.09770603228546955,0.4042520039821611,0.8619371282922761,0.3672984810834352,2023,0.0,0.0,0.012180230151502614,3.0
2023-06-22,0.11285323757517536,0.7499153972591687,0.42674252070741203,0.6372969622192982,0.36008701967169726,0.776789760379786,1.0,0.4806234203875316,0.0905174754039258,1.0,0.4654591406908172,0.8336412296737025,1.0450866320981358,0.4042520039821611,0.1615657012773531,0.3672984810834352,2023,1.0,1.0,0.011805166234567033,4.0
2023-06-23,0.2552329761588136,0.3129020653934956,0.3485180835796719,0.6198758003693732,0.2828923735461088,0.674782760554271,0.0,0.4806234203875316,0.3241903110952515,0.0,0.4654591406908172,0.4381782330540993,0.5381902902839785,0.4042520039821611,0.0,0.3672984810834352,2023,0.0,0.0,0.011809269990652826,0.0
2023-06-26,0.32531574866437163,0.7441199623101441,0.40602688265146564,0.7362212404642853,0.42428761682506555,0.8320457912075601,0.0,0.4806234203875316,0.3029762108829597,1.0,0.4654591406908172,0.8414063812650369,0.336123348017626,0.4042520039821611,0.5374449339207069,0.3672984810834352,2023,0.0,0.0,0.011804226641151508,1.0
2023-06-27,0.1580718730119862,0.6696296217076041,0.45245197161872447,0.7123119951967921,0.3683446389029833,0.5819674332137285,0.0,0.4806234203875316,0.16058078066804696,1.0,0.4654591406908172,0.7890877740295997,0.16453429696911084,0.4042520039821611,0.49177979620405465,0.3672984810834352,2023,0.0,0.0,0.011465734188469991,2.0
2023-06-28,0.4499166164244112,0.6554693909265682,0.4155161769773154,0.7342244078260953,0.35258759705608217,0.7677973872326512,0.0,0.4806234203875316,0.3610286629102859,1.0,0.4654591406908172,0.70967346112044,0.2751049624888061,0.4042520039821611,0.6957120242274095,0.3672984810834352,2023,0.0,1.0,0.010881792975555105,3.0
2023-06-29,0.603588048077297,0.16306639524974817,0.4040613332227617,0.7313620747784423,0.32388823941308975,0.7588055690073064,1.0,0.4806234203875316,0.6995876961380854,0.0,0.4654591406908172,0.2471650657999788,0.6932200509770573,0.4042520039821611,0.3635004248088408,0.3672984810834352,2023,0.0,0.0,0.01101466700705762,4.0
2023-06-30,0.8034323849178747,0.12323497126115374,0.4421494437874582,0.6689892883535761,0.31267198679932473,0.7561542812038857,1.0,0.4806234203875316,0.7841301573763629,0.0,0.4654591406908172,0.15622640692881598,0.5465930018416243,0.4042520039821611,0.43596182822701934,0.3672984810834352,2023,1.0,0.0,0.011114543248654647,0.0
2023-07-03,0.3934283524831326,0.2953858320278519,0.42762296032822233,0.6165637444462213,0.3603358594718603,0.6948294106555823,0.0,0.4806234203875316,0.4952631277250844,0.0,0.4654591406908172,0.3899251231559959,0.4498459194626209,0.4042520039821611,0.0780443890447068,0.3672984810834352,2023,0.0,0.0,0.01073642324429499,1.0
2023-07-04,0.7495379145075153,0.4931730702116142,0.4158975616418352,0.7955347591248887,0.393361046736822,0.868916873870787,1.0,0.4806234203875316,0.6797402832528263,1.0,0.4654591406908172,0.5316834724534113,0.46899072050445545,0.4042520039821611,0.548744222707895,0.3672984810834352,2023,1.0,0.0,0.01035292913226943,2.0
2023-07-05,0.05993782827573433,0.8237368996896447,0.47864652008302766,0.6784208101474656,0.38527440518740746,0.6777963288480308,0.0,0.4806234203875316,0.07942530710669228,1.0,0.4654591406908172,0.8287057820977884,0.6623701569489726,0.4042520039821611,0.6650238835393105,0.3672984810834352,2023,0.0,0.0,0.009838249598682382,3.0
2023-07-06,0.1614449380809162,0.43120480065194433,0.47159666361766556,0.8249657669962406,0.3865182008458296,0.701859257557036,1.0,0.4806234203875316,0.19490378331079009,0.0,0.4654591406908172,0.5269507538065451,1.226117089184751,0.4042520039821611,0.06587634506656746,0.3672984810834352,2023,1.0,0.0,0.01024808476883776,4.0
2023-07-07,0.4604059550151766,0.2141126215171072,0.3259651672739082,0.6187997715801894,0.36861763802820874,0.757501783945415,0.0,0.4806234203875316,0.55964947354072,0.0,0.4654591406908172,0.23468189132441433,0.13394807085658764,0.4042520039821611,0.615869934481913,0.3672984810834352,2023,0.0,0.0,0.010702061464787865,0.0
2023-07-10,0.7241595057700299,0.29006289823689274,0.40651584689284975,0.7383895404575769,0.3639531724450128,0.6993382519943598,1.0,0.4806234203875316,0.7908344789007246,0.0,0.4654591406908172,0.25154753608044267,0.6703257023181911,0.4042520039821611,0.043980645627217645,0.3672984810834352,2023,0.0,0.0,0.010274892516922,1.0
2023-07-11,0.5534750457885341,0.45092094479856226,0.3981609738204285,0.6881559084846952,0.42131782832237613,0.7698798411998355,1.0,0.4806234203875316,0.6430867035036094,0.0,0.4654591406908172,0.44962000933913554,1.422343726910004,0.4042520039821611,0.002068863602776306,0.3672984810834352,2023,0.0,0.0,0.010006513771710418,2.0
2023-07-12,0.8402597101473591,0.05128489812393681,0.34329458077593045,0.6178147984181214,0.3335712041465039,0.8037601142114392,1.0,0.4806234203875316,0.7954559530518476,0.0,0.4654591406908172,0.06800546861266608,0.31440699488444945,0.4042520039821611,0.2534557196241344,0.3672984810834352,2023,0.0,0.0,0.010058424473322163,3.0
2023-07-13,0.7310480165272204,0.3761483070246033,0.3418711913335613,0.6052337709275017,0.542493514521267,0.7530786939833835,1.0,0.4806234203875316,0.7873550376454669,1.0,0.4654591406908172,0.36363182499338104,0.1850125216721283,0.4042520039821611,0.5108071662492791,0.3672984810834352,2023,1.0,1.0,0.009457178710981621,4.0
2023-07-14,0.36643117301878625,0.6205735522633036,0.3834078207025429,0.6577091693639268,0.35587149441879873,0.6287856699993861,0.0,0.4806234203875316,0.3822463000672859,1.0,0.4654591406908172,0.6924087266964106,0.24746387949584486,0.4042520039821611,0.5110667076544724,0.3672984810834352,2023,0.0,1.0,0.009507053573255174,0.0
2023-07-17,0.7605336643362519,0.31250773893396777,0.38761521472799626,0.7678055463484295,0.36732085675098153,0.7235858987532879,1.0,0.4806234203875316,0.6608455029829795,0.0,0.4654591406908172,0.38825244757525995,1.62657655887784,0.4042520039821611,0.034654826922314814,0.3672984810834352,2023,0.0,0.0,0.009299913910662948,1.0
2023-07-18,0.6798917714478973,0.04897935510227813,0.4371414631283468,0.6276824195323888,0.3994015100363471,0.537346628447466,0.0,0.4806234203875316,0.6667680113015693,0.0,0.4654591406908172,0.07946032436029436,0.11342532647701081,0.4042520039821611,0.4687210979985923,0.3672984810834352,2023,0.0,0.0,0.00975750448149968,2.0
2023-07-19,0.7639395742336947,0.4116985467050312,0.43242819001659766,0.8445380210122618,0.4271651759340515,0.6226158829903742,1.0,0.4806234203875316,0.7059171237151483,1.0,0.4654591406908172,0.4532147186322151,0.5666411629686391,0.4042520039821611,0.6164498852333588,0.3672984810834352,2023,1.0,0.0,0.009445088409496247,3.0
2023-07-20,0.1459997259682747,0.5691595711504541,0.45665407791745827,0.7449831143889929,0.35350517295234957,0.6875266854714148,0.0,0.4806234203875316,0.12959659187301484,1.0,0.4654591406908172,0.6889143131558286,0.23093998775259966,0.4042520039821611,0.677281077770979,0.3672984810834352,2023,0.0,0.0,0.00947632152758535,4.0
2023-07-21,0.31187676931989694,0.6378626489502546,0.35184324391784483,0.6757542618707566,0.3944544586186664,0.7581106879326279,0.0,0.4806234203875316,0.2523710990190984,1.0,0.4654591406908172,0.6761674024806718,0.3335795079099838,0.4042520039821611,0.45112138997939716,0.3672984810834352,2023,0.0,0.0,0.009367365144095103,0.0
2023-07-24,0.20427210875179364,0.793324711305603,0.41607530667842546,0.7190274647239794,0.3533105616567832,0.8406352677051988,0.0,0.4806234203875316,0.16704927889355953,1.0,0.4654591406908172,0.8372316549315555,0.5861963190184089,0.4042520039821611,0.1878834355828221,0.3672984810834352,2023,0.0,1.0,0.009529850942607495,1.0
2023-07-25,0.8692315167617032,0.16192649880118076,0.4391519402483307,0.7788878430445012,0.337060678753587,0.6554071042937709,1.0,0.4806234203875316,0.8880119746183492,0.0,0.4654591406908172,0.14993822019413947,0.7402816459420241,0.4042520039821611,0.15541521201898156,0.3672984810834352,2023,0.0,0.0,0.009267566679366117,2.0
2023-07-26,0.6850864199600607,0.3411393141997243,0.47103349303306025,1.0883694966106296,0.3879250375509956,0.8544474945279141,1.0,0.4806234203875316,0.6333534363163471,1.0,0.4654591406908172,0.3335506306643688,0.5714169678755738,0.4042520039821611,1.6789993095885944,0.3672984810834352,2023,1.0,0.0,0.008918429852164792,3.0
2023-07-27,0.00799107016356954,0.6837728550686678,0.45246384337935874,0.6747125228421109,0.42800975392025026,0.6612942750285723,0.0,0.4806234203875316,0.01304306045704324,0.0,0.4654591406908172,0.5850273085925441,0.9662584929561246,0.4042520039821611,0.0069862961114795065,0.3672984810834352,2023,0.0,0.0,0.009564661236742171,4.0
2023-07-28,0.7506762689452826,0.2942843440508223,0.35955334684160667,0.6632259812899886,0.37360520315623547,0.8283315893368824,1.0,0.4806234203875316,0.7680326066019846,0.0,0.4654591406908172,0.20478440110552737,0.7016757229167353,0.4042520039821611,0.4378158604704185,0.3672984810834352,2023,0.0,0.0,0.0095948555211709,0.0
2023-07-31,0.4539790217513272,0.2956324227791933,0.32552780803468784,0.65751555430052,0.38542683372041064,0.7290153931473348,0.0,0.4806234203875316,0.6092271814039831,1.0,0.4654591406908172,0.24890677902556865,0.025881830954669796,0.4042520039821611,1.2516453449678346,0.3672984810834352,2023,0.0,0.0,0.009829183144946118,1.0
2023-08-01,0.10097813234506153,0.694310987041162,0.4537362119361759,0.6552053202203666,0.4090302997878959,0.6184623402158516,0.0,0.4806234203875316,0.06319810832864312,1.0,0.4654591406908172,0.7577546854907475,0.5582212257100181,0.4042520039821611,0.5807174887892321,0.3672984810834352,2023,0.0,0.0,0.00983214803775899,2.0
2023-08-02,0.13007140851454052,0.7886744339033948,0.423548882262671,0.6193618783588484,0.34662537055723336,0.7686518007438301,0.0,0.4806234203875316,0.09969490406951961,1.0,0.4654591406908172,0.7864573747582715,0.20885006650130497,0.4042520039821611,0.2647111686257586,0.3672984810834352,2023,0.0,1.0,0.010270642259415782,3.0
2023-08-03,0.6165761710617549,0.6559185451696872,0.4746774146850688,0.7767355979536368,0.47607161044193685,0.7461437131197287,1.0,0.4806234203875316,0.6312963186729723,1.0,0.4654591406908172,0.6165382974086127,0.6477611940298525,0.4042520039821611,0.44746996723698435,0.3672984810834352,2023,0.0,1.0,0.010145411408066397,4.0
2023-08-04,0.7127978257225164,0.15903240998976656,0.384632863738893,0.7093192490886238,0.3760457688111718,0.7866227115841726,0.0,0.4806234203875316,0.7354045623652272,0.0,0.4654591406908172,0.17952897739651927,0.212910773157501,0.4042520039821611,0.5454287638696872,0.3672984810834352,2023,0.0,0.0,0.010373343276798268,0.0
2023-08-07,0.43688978877391216,0.5647501411370883,0.4772051537776877,0.7444502764682343,0.34594814055885115,0.7444369702662669,0.0,0.4806234203875316,0.3314433071535413,1.0,0.4654591406908172,0.6732066782530759,0.08279372684058449,0.4042520039821611,0.7194670060261259,0.3672984810834352,2023,0.0,0.0,0.009854875096088454,1.0
2023-08-08,0.31139679675046694,0.7191493196030664,0.48330808295725247,0.7021077748489665,0.36794413241217144,0.6962637836419205,0.0,0.4806234203875316,0.18025479393820812,1.0,0.4654591406908172,0.8138654979457061,0.3757557882318225,0.4042520039821611,0.56982745907683,0.3672984810834352,2023,0.0,0.0,0.010064564007421159,2.0
2023-08-09,0.14364214590835525,0.7660208585845493,0.5034006027188176,0.6732964677039265,0.293894184409148,0.8241590213665542,0.0,0.4806234203875316,0.1003721794554084,1.0,0.4654591406908172,0.840165951255215,0.8071185553520058,0.4042520039821611,0.1324260664747434,0.3672984810834352,2023,0.0,0.0,0.009978585605348375,3.0
2023-08-10,0.13608258492722866,0.7913810648089747,0.5345307984674705,0.7676965031158995,0.3520541649321849,0.6300119795642671,0.0,0.4806234203875316,0.11520962864226444,1.0,0.4654591406908172,0.8373582744145414,0.4479457667523449,0.4042520039821611,0.08187134502923644,0.3672984810834352,2023,0.0,1.0,0.010027991869135212,4.0
2023-08-11,0.5414694404518052,0.6220693771559732,0.4232887519063193,0.6805542107169967,0.3411510340425994,0.6876500333289844,0.0,0.4806234203875316,0.44276266709487705,1.0,0.4654591406908172,0.7413202700357675,0.1319405018735102,0.4042520039821611,0.5860489761931768,0.3672984810834352,2023,0.0,0.0,0.009861496382513041,0.0
2023-08-14,0.48983622457157333,0.5970040348895763,0.38139850052997026,0.6391661588232322,0.345237930702072,0.6920882408061478,0.0,0.4806234203875316,0.37172281637735793,1.0,0.4654591406908172,0.6839553191191172,0.2286018075491857,0.4042520039821611,0.5869218500797431,0.3672984810834352,2023,0.0,0.0,0.009861850211025766,1.0
2023-08-15,0.43363955380949926,0.5400266574565734,0.44626715687796753,0.7445199575864151,0.3747207401420154,0.7626844145510593,0.0,0.4806234203875316,0.35212785257844315,1.0,0.4654591406908172,0.6433271122561235,0.28600830887678375,0.4042520039821611,0.537866371917517,0.3672984810834352,2023,0.0,0.0,0.009854094649185671,2.0
2023-08-16,0.1263006216635693,0.8599113275443112,0.4695782184295621,0.7361268809428262,0.3796727167335171,0.6346863813899025,0.0,0.4806234203875316,0.09546070629442595,1.0,0.4654591406908172,0.8636931205194993,0.6822818284850849,0.4042520039821611,0.40490282500104186,0.3672984810834352,2023,0.0,0.0,0.008994787304977018,3.0
2023-08-17,0.25570057017966485,0.5988629008614518,0.545866197558425,0.7080709808934725,0.33763483116722803,0.7362152614403523,0.0,0.4806234203875316,0.19124160861867442,0.0,0.4654591406908172,0.6602881542980589,0.44413712178358544,0.4042520039821611,0.14609001760120754,0.3672984810834352,2023,0.0,0.0,0.009021720637441158,4.0
2023-08-18,0.4512722238618712,0.7270114224979735,0.5108900893677673,0.7229066671178176,0.4007429559393181,0.8198404305288645,1.0,0.4806234203875316,0.3812708322584308,1.0,0.4654591406908172,0.7427946115841831,0.5710639795828556,0.4042520039821611,0.29323242101557634,0.3672984810834352,2023,1.0,1.0,0.008591177013176717,0.0
2023-08-21,0.7252037145531532,0.1931791613130773,0.43041496402366236,0.7335649557610298,0.3062435215658191,0.7125827950910059,1.0,0.4806234203875316,0.7077123784915086,0.0,0.4654591406908172,0.275846110875271,0.6321037809888725,0.4042520039821611,0.36000184663682344,0.3672984810834352,2023,1.0,0.0,0.008166270561765216,1.0
2023-08-22,0.5416903133451098,0.35822749474216,0.6478309129475898,0.8647502228556049,0.26034612817577285,0.8001561587314996,1.0,0.4806234203875316,0.4929004881632262,0.0,0.4654591406908172,0.39046974838913495,1.5352776059755424,0.4042520039821611,0.007326704410288781,0.3672984810834352,2023,0.0,0.0,0.007913124665878582,2.0
2023-08-23,0.7118416035999076,0.10218961768547992,0.4297478679675571,0.6820231871715572,0.32856233946718144,0.7885078246553159,1.0,0.4806234203875316,0.6712394226341069,0.0,0.4654591406908172,0.10273914781245569,0.49575779226577515,0.4042520039821611,0.2300616236491957,0.3672984810834352,2023,1.0,0.0,0.008351109055922673,3.0
2023-08-24,0.4402703579158434,0.4721284673046047,0.39125257087266846,0.7591379006778194,0.4518487063839946,0.7066983269056185,0.0,0.4806234203875316,0.48641189563360915,1.0,0.4654591406908172,0.5708106697428702,0.3688685415304038,0.4042520039821611,0.8502289077828649,0.3672984810834352,2023,0.0,1.0,0.007977127712301678,4.0
2023-08-25,0.56626128994172,0.19704772688885136,0.4845681037309097,0.7404306197494395,0.2992283884894426,0.5781348399631485,1.0,0.4806234203875316,0.40900340743326236,0.0,0.4654591406908172,0.34042874202277384,0.7585318737926582,0.4042520039821611,0.09723116548615532,0.3672984810834352,2023,1.0,0.0,0.008112880307589429,0.0
2023-08-28,0.5114776907806842,0.4127890775872873,0.3305427777908145,0.7381010598599633,0.40826410644112987,0.7906847540630432,1.0,0.4806234203875316,0.5999015245533479,0.0,0.4654591406908172,0.4038813021466921,1.1686165273908877,0.4042520039821611,0.3737233054781804,0.3672984810834352,2023,0.0,0.0,0.008012808589849842,1.0
2023-08-29,0.8021981217389098,0.029032987667546285,0.3477620292845651,0.6391610189974448,0.31186969967332256,0.47652306646062953,1.0,0.4806234203875316,0.7850974724297085,0.0,0.4654591406908172,0.05337503316080747,0.7405461709161772,0.4042520039821611,0.15280105067704364,0.3672984810834352,2023,0.0,0.0,0.008141133129519256,2.0
2023-08-30,0.4750111004879562,0.42179870294579874,0.3655090053373875,0.7094310229189521,0.30832363315742856,0.5448190882098485,0.0,0.4806234203875316,0.5364620102327811,0.0,0.4654591406908172,0.4304609546650363,0.3620188983636725,0.4042520039821611,0.20649919336252925,0.3672984810834352,2023,0.0,0.0,0.007978719491833337,3.0
2023-08-31,0.47691049867788615,0.757427739809784,0.48996437591401726,0.8273918682494543,0.506552377368377,0.7896620771284303,1.0,0.4806234203875316,0.25534144363978495,1.0,0.4654591406908172,0.8480863610727788,0.8324675324675305,0.4042520039821611,0.3688311688311739,0.3672984810834352,2023,1.0,1.0,0.007937939743821015,4.0
2023-09-01,0.165672970211665,0.46395389490169575,0.3796464864594311,0.6942926806263042,0.2962261670216548,0.5172884673745666,0.0,0.4806234203875316,0.21053237250375106,0.0,0.4654591406908172,0.5809741960675554,0.41831784175923403,0.4042520039821611,0.18408524144185612,0.3672984810834352,2023,0.0,0.0,0.008121779183351495,0.0
2023-09-04,0.4313638336859144,0.7696414462429675,0.44138044179226016,0.6014014002749584,0.38308111792593375,0.8803279093005683,0.0,0.4806234203875316,0.2948474195689709,1.0,0.4654591406908172,0.8044754704767012,0.028691197019100056,0.4042520039821611,0.8594317652538492,0.3672984810834352,2023,0.0,0.0,0.007911205834320829,1.0
2023-09-05,0.19923493350967672,0.7715972397491352,0.540303962518239,0.7695750564494086,0.30246333151205207,0.6726624542180267,0.0,0.4806234203875316,0.1019348521489298,1.0,0.4654591406908172,0.8551018660858778,0.2084742577978257,0.4042520039821611,0.7043404735062049,0.3672984810834352,2023,0.0,0.0,0.007895135042116266,2.0
2023-09-06,0.20035646577151608,0.8188794813255525,0.5917081555071655,0.7360649165882801,0.3125548051598903,0.6807267787788632,0.0,0.4806234203875316,0.11813976458198157,0.0,0.4654591406908172,0.8240153613096117,0.47997695188705675,0.4042520039821611,0.01613367905502802,0.3672984810834352,2023,0.0,0.0,0.007762241202718742,3.0
2023-09-07,0.748415111981548,0.6094237462133343,0.6212980170910597,0.9622208622313958,0.4675543594190523,0.8561049621846966,1.0,0.4806234203875316,0.6300399907566158,0.0,0.4654591406908172,0.6115545122099519,0.6878100982585965,0.4042520039821611,0.15526802218114458,0.3672984810834352,2023,1.0,0.0,0.007649699005665625,4.0
2023-09-08,0.15468179109772823,0.7830813134319055,0.5408051681753627,0.8700407278842832,0.3049188553104475,0.6371562100928234,1.0,0.4806234203875316,0.19592834109708776,1.0,0.4654591406908172,0.7850880037480508,0.8059628303829767,0.4042520039821611,0.15858382778405572,0.3672984810834352,2023,1.0,1.0,0.00759091189956306,0.0
2023-09-11,0.3675725997304951,0.5272766013768615,0.5517464723199497,0.8550820061024361,0.38649318802414917,0.9661350228976816,0.0,0.4806234203875316,0.3948805127579482,1.0,0.4654591406908172,0.5197174699380733,0.1520011844248171,0.4042520039821611,1.0197897645955694,0.3672984810834352,2023,0.0,0.0,0.007529338148027303,1.0
2023-09-12,0.2961142377599225,0.5154013389342889,0.5796937350798429,0.9193722319072449,0.3846759547905307,0.6172885166981961,0.0,0.4806234203875316,0.18748648203497986,1.0,0.4654591406908172,0.5691908863771339,0.17034057934124844,0.4042520039821611,0.5908466120246377,0.3672984810834352,2023,0.0,1.0,0.007333215362755786,2.0
2023-09-13,0.4322403762840229,0.6215317002364238,0.619174147651981,0.963550274408002,0.38068812887961606,0.727750846159436,0.0,0.4806234203875316,0.3022141960188299,1.0,0.4654591406908172,0.718871334704434,0.34158567774935933,0.4042520039821611,0.5127365728900152,0.3672984810834352,2023,0.0,1.0,0.007318462815845014,3.0
2023-09-14,0.7429267803212498,0.2074623604340016,0.517661184799445,0.9404212974187143,0.3751763652693519,0.5598550244565776,1.0,0.4806234203875316,0.7700045899106609,0.0,0.4654591406908172,0.22577689329174935,1.4734890619206447,0.4042520039821611,0.05784204671857418,0.3672984810834352,2023,0.0,0.0,0.007058361685422663,4.0
2023-09-15,0.489007756566843,0.1295808852016364,0.49278761854361613,0.740914982821166,0.3366053159969596,0.767430825821153,1.0,0.4806234203875316,0.5385024757936341,0.0,0.4654591406908172,0.1493245347675807,0.7508539383125152,0.4042520039821611,0.08850369615090563,0.3672984810834352,2023,0.0,0.0,0.007283363112875599,0.0
2023-09-18,0.9206048086916269,0.14737132040202378,0.6007258876696061,0.858742362489266,0.2973005176660487,0.7851569737992347,1.0,0.4806234203875316,0.883495043987063,0.0,0.4654591406908172,0.1253395299682068,0.2850472363991746,0.4042520039821611,0.2903681181452877,0.3672984810834352,2023,1.0,0.0,0.006803882106432845,1.0
2023-09-19,0.5058878238659421,0.7046972219492005,0.6015989841128162,0.9442509438290995,0.5537251421715362,0.8003246962639127,1.0,0.4806234203875316,0.3083409469654949,1.0,0.4654591406908172,0.8021771860385205,1.2710795902285343,0.4042520039821611,0.265563435776193,0.3672984810834352,2023,1.0,1.0,0.006570839762642009,2.0
2023-09-20,0.03298587302150064,0.8555358149426034,0.6234236591976827,1.042664906126297,0.40170207251031603,0.8995753510213144,0.0,0.4806234203875316,0.08284492731589133,1.0,0.4654591406908172,0.6425470649911585,0.08770905229626164,0.4042520039821611,1.2227236527740932,0.3672984810834352,2023,0.0,0.0,0.006969679028426379,3.0
2023-09-21,0.2524977368078841,0.40647055263325177,0.5906239511345647,0.9426211548923816,0.32621983368155294,0.8084660122376454,0.0,0.4806234203875316,0.1575221102787091,0.0,0.4654591406908172,0.5405838325853936,0.6795391508427489,0.4042520039821611,0.0664604224450682,0.3672984810834352,2023,0.0,0.0,0.006974811362379927,4.0
2023-09-22,0.6491763245388263,0.5806747080623668,0.6030332785762867,0.9490770217730162,0.37608885941548564,0.8748416844892881,0.0,0.4806234203875316,0.6962743849173064,1.0,0.4654591406908172,0.38700161956496437,0.14001489520162513,0.4042520039821611,0.7559314820725668,0.3672984810834352,2023,0.0,0.0,0.006974233401970068,0.0
2023-09-25,0.16565235493137825,0.7843335661637542,0.6229917481726849,0.9022046164514401,0.36940653385468425,0.7270975627501944,0.0,0.4806234203875316,0.10706331227125082,1.0,0.4654591406908172,0.8478651891744989,0.07811577874349196,0.4042520039821611,1.250603573153071,0.3672984810834352,2023,0.0,0.0,0.006949607423056199,1.0
2023-09-26,0.08528514853550094,0.7700150931401304,0.6989259519405792,0.9801892360297568,0.3199717008198942,0.7586149058771111,0.0,0.4806234203875316,0.05528395116801504,1.0,0.4654591406908172,0.7762822135589693,0.24658254468979315,0.4042520039821611,2.063932702418501,0.3672984810834352,2023,0.0,0.0,0.007148419530293975,2.0
2023-09-27,0.010060686284742687,0.7107118099975469,0.6353533045210739,0.77511814827987,0.45077321196370623,0.6388751551804357,0.0,0.4806234203875316,0.013274874247718801,1.0,0.4654591406908172,0.6218772126223422,0.3052145091265476,0.4042520039821611,1.1319732972316978,0.3672984810834352,2023,0.0,0.0,0.008160685617977366,3.0
2023-09-28,0.2092362664403975,0.4978190128358202,0.532533457920036,0.7742746381329184,0.45746401296691125,0.7232058494568789,1.0,0.4806234203875316,0.14318108184215517,1.0,0.4654591406908172,0.5317069224987951,0.9407559646144193,0.4042520039821611,1.1571798766866224,0.3672984810834352,2023,1.0,0.0,0.008573297827679094,4.0
2023-09-29,0.005833742792709425,0.70866820655221,0.5704804442086541,0.6613843719887282,0.45309540959843175,0.6464491408155177,0.0,0.4806234203875316,0.02235485456604355,1.0,0.4654591406908172,0.6083557413707553,0.11795651637828025,0.4042520039821611,1.2388311207924034,0.3672984810834352,2023,0.0,0.0,0.009400967027260523,0.0
2023-10-02,0.057103310124853916,0.7556271588286607,0.6806567541086401,0.69951602995219,0.3206052053295112,0.5947516505593947,0.0,0.4806234203875316,0.042868248963135576,1.0,0.4654591406908172,0.8079646664866883,0.31200736206137386,0.4042520039821611,0.7063577801784449,0.3672984810834352,2023,0.0,0.0,0.009767278269535136,1.0
2023-10-03,0.4413592896099213,0.4205920769904007,0.5642005454983317,0.8267101673154448,0.3681611104581816,0.7462273072912237,0.0,0.4806234203875316,0.3524216383742776,0.0,0.4654591406908172,0.5319378825558674,0.4149477527871596,0.4042520039821611,0.345336596356299,0.3672984810834352,2023,0.0,0.0,0.010087200622559295,2.0
2023-10-04,0.4136026433949751,0.6769550095204002,0.5282191902945469,0.8454252960439068,0.41883650266253414,0.79770589661367,0.0,0.4806234203875316,0.3631049102411804,1.0,0.4654591406908172,0.6789618673130277,0.43702790195775715,0.4042520039821611,0.4321720363804531,0.3672984810834352,2023,0.0,1.0,0.010177969332728744,3.0
2023-10-05,0.4504310784504424,0.4261958447608946,0.48358498627242735,0.7642305304671353,0.3827826405677494,0.6828447281741449,1.0,0.4806234203875316,0.4280672123581626,1.0,0.4654591406908172,0.5358599968778619,0.8083470620538187,0.4042520039821611,0.5326743547501277,0.3672984810834352,2023,0.0,1.0,0.010004999752759472,4.0
2023-10-06,0.8075069016551976,0.04856664354764307,0.45327295782004307,0.6811348991579693,0.36290191634798485,0.6270857545560903,1.0,0.4806234203875316,0.7477462502883082,0.0,0.4654591406908172,0.10639836715692069,1.653736920777288,0.4042520039821611,0.0,0.3672984810834352,2023,0.0,0.0,0.01043447337883532,0.0
2023-10-09,0.9046199127711586,0.13342334099028413,0.47180704179704236,0.6031503051398337,0.31028260519584855,0.6528469704180281,1.0,0.4806234203875316,0.887427106014158,0.0,0.4654591406908172,0.12208050713111254,0.19537786311891076,0.4042520039821611,0.3998765601426383,0.3672984810834352,2023,1.0,0.0,0.0111919907651877,1.0
2023-10-10,0.644307047690669,0.47609653569226007,0.4745921719936261,0.7256430681516994,0.400913456838568,0.6979146845788258,1.0,0.4806234203875316,0.6799745795036485,0.0,0.4654591406908172,0.4783651864258009,0.8270893371758017,0.4042520039821611,0.08807197582062104,0.3672984810834352,2023,0.0,0.0,0.010924920829455427,2.0
2023-10-11,0.7253919290466924,0.1860546125473924,0.34504531033446495,0.5385517994479463,0.459964470481851,0.47957448225876287,1.0,0.4806234203875316,0.8255925281589245,0.0,0.4654591406908172,0.1736838884928522,0.5256558439284106,0.4042520039821611,0.3113726314314804,0.3672984810834352,2023,1.0,0.0,0.01088115602230882,3.0
2023-10-12,0.15627929752209496,0.7459756227708361,0.4099206868457782,0.6241591159176589,0.39901540957001663,0.721642328848353,1.0,0.4806234203875316,0.14404951864235854,0.0,0.4654591406908172,0.8458311028983991,3.0589562185993984,0.4042520039821611,0.0,0.3672984810834352,2023,0.0,0.0,0.011183983193637063,4.0
2023-10-13,0.8658142604120429,0.000669268795840823,0.4595690365495071,0.6772885218051333,0.48222419275789813,0.6784232373329817,0.0,0.4806234203875316,0.5981454893372543,0.0,0.4654591406908172,0.008383114856488039,0.0,0.4042520039821611,0.9790124531916817,0.3672984810834352,2023,0.0,0.0,0.012734928357017151,0.0
2023-10-16,0.6551646653905703,0.33342840568088356,0.4436911712599328,0.7102896886679749,0.3448011256376031,0.8174191736371365,1.0,0.4806234203875316,0.5602834170021839,0.0,0.4654591406908172,0.4529894981826515,0.45604035452706276,0.4042520039821611,0.31001168457351264,0.3672984810834352,2023,1.0,0.0,0.013053263594902038,1.0
2023-10-17,0.4815366598415645,0.4753356064090754,0.3263942871550819,0.5941197535285679,0.45655094863196694,0.7648098351107366,1.0,0.4806234203875316,0.5948920950508628,0.0,0.4654591406908172,0.44609871724871186,1.6351933864777075,0.4042520039821611,0.0062001771479222745,0.3672984810834352,2023,0.0,0.0,0.012580723523464324,2.0
2023-10-18,0.4433056823514912,0.1550667914288914,0.4015788204910772,0.683625507651969,0.3599545713492834,0.5438139698721394,1.0,0.4806234203875316,0.4554561101737526,0.0,0.4654591406908172,0.16001510894951398,1.1842769766006438,0.4042520039821611,0.09269962403905116,0.3672984810834352,2023,0.0,0.0,0.01307237006668588,3.0
2023-10-19,0.8964282811838437,0.07165295061378912,0.4213117948922914,1.3160414577386348,0.3954749275319465,0.7688728871803975,1.0,0.4806234203875316,0.7960576394806593,0.0,0.4654591406908172,0.08858252076183623,0.8985621429978315,0.4042520039821611,0.0925743549340126,0.3672984810834352,2023,0.0,0.0,0.012857851976416715,4.0
2023-10-20,0.28198300365673895,0.7054251694649176,0.47400547660602066,0.7696275970388797,0.4486267389601476,0.8280030677906358,0.0,0.4806234203875316,0.34268398450237164,1.0,0.4654591406908172,0.5620093856425264,0.08039891307392605,0.4042520039821611,0.7251589769448421,0.3672984810834352,2023,0.0,1.0,0.012873089519847494,0.0
2023-10-23,0.53223451387882,0.5524376091878713,0.49110768134487087,0.7467560308670931,0.42259006656444387,0.8102247272898472,0.0,0.4806234203875316,0.49716533790838846,1.0,0.4654591406908172,0.5185565952015838,0.3159769571146262,0.4042520039821611,0.7465004313583647,0.3672984810834352,2023,0.0,1.0,0.013010811867708503,1.0
2023-10-24,0.4934416223106456,0.37682303512379894,0.42056718308879076,0.7610633444092866,0.42367853430416585,0.9137453870130863,1.0,0.4806234203875316,0.5601636609413535,0.0,0.4654591406908172,0.3227538445353688,0.6086629810530855,0.4042520039821611,0.330631742794266,0.3672984810834352,2023,1.0,0.0,0.013504002783284345,2.0
2023-10-25,0.597996734393429,0.3445771393269014,0.3887978091449866,0.7798364777391192,0.4265838374819171,0.975796641206165,1.0,0.4806234203875316,0.689852803277269,0.0,0.4654591406908172,0.28546981263727733,0.5115462242143083,0.4042520039821611,0.28329532646588657,0.3672984810834352,2023,1.0,0.0,0.01376681112718901,3.0
2023-10-26,0.6517942550880284,0.47992927622322834,0.421490339543455,0.861157713470533,0.3743550607437467,0.8274032445399206,1.0,0.4806234203875316,0.6449116803932582,0.0,0.4654591406908172,0.3955417160811665,0.9081980198019857,0.4042520039821611,0.2979273927392717,0.3672984810834352,2023,0.0,0.0,0.01363017055796791,4.0
2023-10-27,0.9103379528221616,0.06366703181520163,0.5466078529817324,0.941505604119902,0.34549114643553985,0.7046953819820077,0.0,0.4806234203875316,0.7931233883806446,0.0,0.4654591406908172,0.10508538552756658,0.028016957632250747,0.4042520039821611,0.5548094899544441,0.3672984810834352,2023,0.0,0.0,0.013523050824764743,0.0
2023-10-30,0.5357488876840774,0.7356196388860359,0.43041638317981484,0.8920558691970533,0.39632442765663106,0.9525372258446624,1.0,0.4806234203875316,0.40687085147791857,1.0,0.4654591406908172,0.7349448872605643,0.43259042747534293,0.4042520039821611,0.6339057362075227,0.3672984810834352,2023,1.0,0.0,0.01371187527554007,1.0
2023-10-31,0.13179545378460283,0.765201873949416,0.33334380727233603,0.7671437127859824,0.45901548767179073,0.7877489826050635,0.0,0.4806234203875316,0.15195156395163553,1.0,0.4654591406908172,0.73387068128627,0.28762983467506104,0.4042520039821611,0.5020189450694608,0.3672984810834352,2023,0.0,1.0,0.014177270426293827,2.0
2023-11-01,0.5930982750921433,0.48513365143743287,0.3341885577398559,0.8136477935426409,0.4332696032574319,0.9425508905758792,0.0,0.4806234203875316,0.6016510928146531,0.0,0.4654591406908172,0.4431523365539067,0.2926976009626202,0.4042520039821611,0.1361710661552769,0.3672984810834352,2023,0.0,0.0,0.014371530599892787,3.0
2023-11-02,0.6234437895475146,0.6653297915394992,0.30929722539747107,0.731609058513186,0.4746634894736505,0.8398882629917818,1.0,0.4806234203875316,0.7180319034442708,0.0,0.4654591406908172,0.5222565795235772,0.7362903225806442,0.4042520039821611,0.1056451612903181,0.3672984810834352,2023,0.0,0.0,0.012488795334830655,4.0
2023-11-03,0.4410597515475492,0.5250235303862388,0.35165894050483043,0.6674314145081528,0.44525655665229,0.8957736025898944,0.0,0.4806234203875316,0.48712123887332703,1.0,0.4654591406908172,0.5155807757767734,0.0231983487892064,0.4042520039821611,0.6157737143521659,0.3672984810834352,2023,0.0,0.0,0.012331724426701541,0.0
2023-11-06,0.17268906559172567,0.8453938801394393,0.433408838706405,0.6486252877247554,0.32651392393071565,0.7584146421141492,0.0,0.4806234203875316,0.1466286176751649,1.0,0.4654591406908172,0.8909924056192915,0.01973626244530017,0.4042520039821611,0.8683955475931701,0.3672984810834352,2023,0.0,0.0,0.012297163082146017,1.0
2023-11-07,0.7006391090908285,0.3709053570943111,0.45211960928217365,0.8629534483095109,0.2710197595422191,0.5860411865316,0.0,0.4806234203875316,0.49695879042154284,1.0,0.4654591406908172,0.42283392372935685,0.08077424157826724,0.4042520039821611,0.9419318816303768,0.3672984810834352,2023,0.0,0.0,0.01169448511327377,2.0
2023-11-08,0.11707362617917959,0.8094925155161229,0.40857076097953743,0.6507617365037559,0.4021645887148601,0.7916884303564308,0.0,0.4806234203875316,0.10247659093625344,1.0,0.4654591406908172,0.7923791431060851,0.6878948375981049,0.4042520039821611,0.2572905366600723,0.3672984810834352,2023,0.0,1.0,0.011479761892552771,3.0
2023-11-09,0.6294273555727703,0.2755135281394347,0.4049671028742464,0.7657554659083607,0.3892378515715971,0.748292445401187,0.0,0.4806234203875316,0.659111729954707,1.0,0.4654591406908172,0.29198505400518626,0.10632796845710916,0.4042520039821611,1.1533191131794973,0.3672984810834352,2023,0.0,0.0,0.011285278805690567,4.0
2023-11-10,0.19181796905352355,0.6617284766521379,0.33844811004961123,0.6508258272578368,0.4473685279542231,0.6794273792711731,0.0,0.4806234203875316,0.0997530244904688,1.0,0.4654591406908172,0.7051708980167777,0.4826976509219531,0.4042520039821611,0.29483455418035176,0.3672984810834352,2023,0.0,1.0,0.011671915687435003,0.0
2023-11-13,0.7504231125623075,0.19493850722092568,0.3505765868977219,0.5836037270869044,0.3805668456734414,0.8099732777345086,1.0,0.4806234203875316,0.8208977767228621,0.0,0.4654591406908172,0.21832061913174935,1.123501823866601,0.4042520039821611,0.11125586242834014,0.3672984810834352,2023,0.0,0.0,0.011269367390038892,1.0
2023-11-14,0.6118411843090797,0.11091852159006038,0.3419028403657322,0.5996875255336003,0.3631141017246629,0.619868098843327,1.0,0.4806234203875316,0.6485653219649108,0.0,0.4654591406908172,0.1794179117956585,0.5507246376811629,0.4042520039821611,0.3464673913043518,0.3672984810834352,2023,1.0,0.0,0.011248032358469905,2.0
2023-11-15,0.10677653812552172,0.6233406866465692,0.4386695494733741,0.7198896485054104,0.3259909899150889,0.6782716761220128,1.0,0.4806234203875316,0.21135759842439766,0.0,0.4654591406908172,0.7394572574652614,1.3081003677547443,0.4042520039821611,0.12757509682038384,0.3672984810834352,2023,0.0,0.0,0.011202458729510595,3.0
2023-11-16,0.7468566637059566,0.0686048086151627,0.3763764607253093,0.6489710661648297,0.32793234938087046,0.5677690105703462,1.0,0.4806234203875316,0.660547092430862,0.0,0.4654591406908172,0.10703867661208229,0.5546954107463605,0.4042520039821611,0.11981055038380416,0.3672984810834352,2023,1.0,0.0,0.011037738502040264,4.0
2023-11-17,0.2257493658936282,0.6885522280623739,0.41619536672095353,0.7528361233981418,0.34811519370246713,0.6491500882481828,0.0,0.4806234203875316,0.24613489473253733,1.0,0.4654591406908172,0.8169199218640116,0.20879084860204966,0.4042520039821611,0.6965813366547602,0.3672984810834352,2023,0.0,0.0,0.011003131901977676,0.0
2023-11-20,0.6379605412076615,0.2324762267151309,0.4259307734192934,0.8213100591611328,0.3165947336244204,0.7188671263618236,1.0,0.4806234203875316,0.5702124337512234,0.0,0.4654591406908172,0.36734907019188234,1.4150120082535649,0.4042520039821611,0.017048337448833332,0.3672984810834352,2023,0.0,0.0,0.01067775171617689,1.0
2023-11-21,0.49969323944386834,0.14325080347540656,0.3695523941806058,0.639130941788161,0.3549119658523136,0.6259656331802194,0.0,0.4806234203875316,0.5903420429949129,0.0,0.4654591406908172,0.15204374383799743,0.37344398340249585,0.4042520039821611,0.5260488704472144,0.3672984810834352,2023,0.0,0.0,0.010854334727865967,2.0
2023-11-22,0.20750177563649377,0.7115476490994155,0.4163148765625289,0.7704188146244687,0.37309305498893175,0.627510665460144,0.0,0.4806234203875316,0.175669438829134,0.0,0.4654591406908172,0.7849002561462047,0.3917028461167407,0.4042520039821611,0.05222704614889193,0.3672984810834352,2023,0.0,0.0,0.01116228479531325,3.0
2023-11-23,0.6377363822268237,0.6423693864237028,0.35568730850265207,0.8922635304613521,0.4575191610498563,0.7570692373274744,1.0,0.4806234203875316,0.558982149074384,0.0,0.4654591406908172,0.6971023985542972,0.5199879971993401,0.4042520039821611,0.04621078251592076,0.3672984810834352,2023,0.0,0.0,0.010752753705905223,4.0
2023-11-24,0.796215540549905,0.2997035454428288,0.40974469431829696,0.7180943372289513,0.39282552569657886,0.8063930062458105,1.0,0.4806234203875316,0.8831419010674026,0.0,0.4654591406908172,0.24827743838495472,0.7681198542313395,0.4042520039821611,0.060939398029421936,0.3672984810834352,2023,0.0,0.0,0.010575138219725656,0.0
2023-11-27,0.7960773763705075,0.2435924829335099,0.38160840501821197,0.7164230079538948,0.39571433217363994,0.7137625741041996,1.0,0.4806234203875316,0.8013135296008869,0.0,0.4654591406908172,0.22688115519537752,1.3798364749751941,0.4042520039821611,0.12165167117102615,0.3672984810834352,2023,0.0,0.0,0.010366404211389397,1.0
2023-11-28,0.8125390904273414,0.03308482460068528,0.519658204367695,1.1270954456407338,0.35566586396737015,0.6662343721389451,1.0,0.4806234203875316,0.7944490140129784,0.0,0.4654591406908172,0.057943163290549826,0.5019492852620593,0.4042520039821611,0.2724334410716137,0.3672984810834352,2023,0.0,0.0,0.010502132901270647,2.0
2023-11-29,0.5529717846145501,0.48000485474044785,0.49822890626124966,0.7168377160018445,0.43719678622776986,0.8992961220205402,0.0,0.4806234203875316,0.5782632666991572,1.0,0.4654591406908172,0.4678488352582605,0.1444763999323273,0.4042520039821611,0.6077482659448555,0.3672984810834352,2023,0.0,1.0,0.010327380224403443,3.0
2023-11-30,0.4134639648579935,0.6026410475777151,0.42955441831232877,0.7012396469562642,0.44909138453164915,0.6826334911510655,1.0,0.4806234203875316,0.2976523586165324,0.0,0.4654591406908172,0.7114957355073264,1.9406184985366146,0.4042520039821611,0.10367079234105113,0.3672984810834352,2023,0.0,0.0,0.009949227679755496,4.0
2023-12-01,0.8543186118580527,0.015446913893979945,0.6341048057393216,1.4170674642891568,0.4437766775123087,0.8959383094454987,1.0,0.4806234203875316,0.6755058830842621,1.0,0.4654591406908172,0.035197981484658886,3.3254611105689453,0.4042520039821611,2.3513223382453448,0.3672984810834352,2023,1.0,0.0,0.010599416464902731,0.0
2023-12-04,3.4296523494354666e-06,0.5629048116477059,0.5128620481080528,0.7967118433448253,0.43548169740838455,0.8082190916341561,0.0,0.4806234203875316,0.0004018268539208523,1.0,0.4654591406908172,0.08769592520226198,0.4200207417650283,0.4042520039821611,0.6640821768976254,0.3672984810834352,2023,0.0,0.0,0.014256917410703293,1.0
2023-12-05,0.2633345397663034,0.5367185317016853,0.5246995709912611,0.7324908857443887,0.36900097853191416,0.7597187841574683,0.0,0.4806234203875316,0.22852200341506065,0.0,0.4654591406908172,0.6253778900149668,0.5559263438407783,0.4042520039821611,0.07327203322690053,0.3672984810834352,2023,0.0,0.0,0.014734181263008662,2.0
2023-12-06,0.36775562173041215,0.5854694918999538,0.4464812059118404,0.9171535358832779,0.27944330417460705,0.7268979695493878,1.0,0.4806234203875316,0.5509121281564148,0.0,0.4654591406908172,0.5892347551468077,0.5059196512607093,0.4042520039821611,0.177193243176298,0.3672984810834352,2023,1.0,0.0,0.014239300950274257,3.0
2023-12-07,0.416356149854746,0.4959202478404043,0.5801463960251126,0.828775739158306,0.3648683073471653,0.6801850445448432,0.0,0.4806234203875316,0.5128800561037226,1.0,0.4654591406908172,0.6034227402291068,0.1897770926619185,0.4042520039821611,1.1609288213560434,0.3672984810834352,2023,0.0,0.0,0.0143912125183724,4.0
2023-12-08,0.1542760661808344,0.4411426692731556,0.49693888679545445,0.7888008293798182,0.28515343833766554,0.5368946499307287,0.0,0.4806234203875316,0.11624944370170245,1.0,0.4654591406908172,0.6380983433483223,0.11078689978757998,0.4042520039821611,0.9320479002777835,0.3672984810834352,2023,0.0,0.0,0.01526697153805143,0.0
2023-12-11,0.2599037037792386,0.5918818703030595,0.2946018482173536,0.7414638553630029,0.2755019176826618,0.597244787448873,0.0,0.4806234203875316,0.13810254003908692,0.0,0.4654591406908172,0.7451022789841234,0.48765288564386405,0.4042520039821611,0.14844440310654144,0.3672984810834352,2023,0.0,0.0,0.01550096453009075,1.0
2023-12-12,0.2758493569993292,0.7235521001365134,0.40335549825451994,0.7060204403219256,0.32024021238539935,0.660374533203626,1.0,0.4806234203875316,0.23874443109856736,1.0,0.4654591406908172,0.8372746012861134,1.5748331744518627,0.4042520039821611,0.20735194959194236,0.3672984810834352,2023,0.0,1.0,0.015520607414410933,2.0
2023-12-13,0.980417418323045,0.0017959066854514863,0.35651867334307114,0.7264958901693183,0.2915716016646912,0.6759092383135721,1.0,0.4806234203875316,0.7973352093326745,0.0,0.4654591406908172,0.03928771680953929,0.6071834603562227,0.4042520039821611,0.1016884921470391,0.3672984810834352,2023,0.0,0.0,0.016735549565738247,3.0
2023-12-14,0.3910167695427061,0.34919532618424465,0.3993167236939838,0.7411928924530103,0.4623043965960966,0.9361006818738945,0.0,0.4806234203875316,0.6168390796164313,1.0,0.4654591406908172,0.4991871436076704,0.245265968371328,0.4042520039821611,0.5963442185253648,0.3672984810834352,2023,0.0,0.0,0.017079212609362737,4.0
2023-12-15,0.14298134021569672,0.6874693074153145,0.452826292091293,0.815628187976026,0.29065282579874624,0.5044907502776776,0.0,0.4806234203875316,0.17191528188546032,0.0,0.4654591406908172,0.8115625477427715,0.3992619630179301,0.4042520039821611,0.09742890377441812,0.3672984810834352,2023,0.0,0.0,0.017636605701495625,0.0
2023-12-18,0.7234266515182837,0.44214127531928876,0.39196925094357343,0.8297464648659811,0.4291737285294251,0.6292267838731576,1.0,0.4806234203875316,0.7636172197829872,0.0,0.4654591406908172,0.45766347921887457,0.5715935334872966,0.4042520039821611,0.15762124711316503,0.3672984810834352,2023,0.0,0.0,0.017088198586178487,1.0
2023-12-19,0.6833748675733019,0.2166788759322081,0.36003925422240957,0.7179025386170345,0.3490044935237545,0.6423079963512565,0.0,0.4806234203875316,0.7843329030576263,0.0,0.4654591406908172,0.3052533757874729,0.09444511972773015,0.4042520039821611,0.360479721243056,0.3672984810834352,2023,0.0,0.0,0.01728268153607964,2.0
2023-12-20,0.5187979331201235,0.6811524215101764,0.46619961520066977,0.8718536025301862,0.24530530738923237,0.627662888488641,1.0,0.4806234203875316,0.3860222798320359,0.0,0.4654591406908172,0.8105793550756752,0.4170683300255185,0.4042520039821611,0.00085058123050674,0.3672984810834352,2023,0.0,0.0,0.017363606825320243,3.0
2023-12-21,0.8820946382072746,0.2076461943704509,0.4967680821918342,0.973285746920142,0.1934511806650781,0.6546966701827384,1.0,0.4806234203875316,0.9382477723828213,0.0,0.4654591406908172,0.19663611826006608,0.7444927319046879,0.4042520039821611,0.008392027573804065,0.3672984810834352,2023,0.0,0.0,0.016309820599305865,4.0
2023-12-22,0.28781490033224405,0.5847804377916834,0.5032159621723251,0.892277594491651,0.22818065001939422,0.6516885142243585,0.0,0.4806234203875316,0.31683514254035355,0.0,0.4654591406908172,0.6095322380265991,0.6082485445345156,0.4042520039821611,0.022471298764900265,0.3672984810834352,2023,0.0,0.0,0.012788825381980829,0.0
2023-12-26,0.9243437947362169,0.2211309271781227,0.5320953752937274,0.960141228206467,0.31677574294285354,0.8671397099892676,1.0,0.4806234203875316,0.9021117873923361,0.0,0.4654591406908172,0.18182842675411767,0.6635296785531986,0.4042520039821611,0.24842678156358955,0.3672984810834352,2023,0.0,0.0,0.012186822700004067,2.0
2023-12-27,0.69783958599771,0.3348627407311837,0.5242195291044487,0.803932279418773,0.295307878926511,0.8166903407444679,1.0,0.4806234203875316,0.7104822738965071,0.0,0.4654591406908172,0.27800323177732944,0.42505041451936976,0.4042520039821611,0.5089625812233934,0.3672984810834352,2023,1.0,0.0,0.012275448072420458,3.0
2023-12-28,0.09726502701760371,0.8446766707068427,0.5097381624692582,0.7725610256738858,0.15220611267105352,0.6049889253432883,0.0,0.4806234203875316,0.10756517361011109,1.0,0.4654591406908172,0.8447862709865336,0.3643814375899741,0.4042520039821611,0.2775501162919604,0.3672984810834352,2023,0.0,0.0,0.012490627533332766,4.0
2023-12-29,0.43436067885367396,0.6977534327182667,0.45476928181110726,0.8027276875940149,0.24876764705959484,0.7411185387512885,1.0,0.4806234203875316,0.3519320887019264,1.0,0.4654591406908172,0.7276482414917126,0.6667060805817556,0.4042520039821611,0.2892784297496145,0.3672984810834352,2023,1.0,1.0,0.011714023932911927,0.0
2024-01-02,0.14632038036390838,0.789981579468036,0.48887507124603624,0.80456214097581,0.25535843346092757,0.5802538200332086,0.0,0.4815659445077917,0.16125146317317732,1.0,0.46826301786393004,0.7665915971609681,0.2987131237100784,0.40743473849275647,1.2029258225082045,0.3688311688311739,2024,0.0,0.0,0.011430403179475485,2.0
2024-01-03,0.2403620432830637,0.3914092464058764,0.4671084191466692,0.8010078669109425,0.3612486673020431,0.5844015415973806,0.0,0.4815659445077917,0.12275949644160389,0.0,0.46826301786393004,0.5478639565459247,0.3851946246524568,0.40743473849275647,0.21003243744206979,0.3688311688311739,2024,0.0,0.0,0.012081522283004596,3.0
2024-01-04,0.6160086230286975,0.568446185641606,0.4637572822625123,0.8563048559345335,0.4134186557735516,0.7738438726432094,1.0,0.4815659445077917,0.5724805231404373,1.0,0.46826301786393004,0.5489167952767386,0.9485927721896454,0.40743473849275647,0.8651092690278802,0.3688311688311739,2024,1.0,1.0,0.010669469816038049,4.0
2024-01-05,0.23732035571617022,0.18471295296242735,0.3875416901227307,0.6792523499681539,0.4610451280491116,0.815189630803285,0.0,0.4815659445077917,0.23570258068651767,1.0,0.46826301786393004,0.22433306563467434,0.0454006859993749,0.40743473849275647,1.2541939507327764,0.3688311688311739,2024,0.0,1.0,0.011198908254855972,0.0
2024-01-08,0.2827113606100322,0.4075963164059992,0.37167742603744097,0.6037925879747017,0.35131848556945927,0.6796054246013983,0.0,0.4815659445077917,0.18174189819214615,0.0,0.46826301786393004,0.5266568267653452,0.6080323785803273,0.40743473849275647,0.0854296388542982,0.3688311688311739,2024,0.0,0.0,0.011313436431660403,1.0
2024-01-09,0.4165059597072375,0.6965508329386121,0.40675641769928067,0.7650461347473708,0.3418325098266677,0.7564123578913471,0.0,0.4815659445077917,0.3572319895243012,1.0,0.46826301786393004,0.7265936396970131,0.4391709974328474,0.40743473849275647,0.4277753428088418,0.3688311688311739,2024,0.0,0.0,0.011238437694610854,2.0
2024-01-10,0.2628622552537008,0.6929306831487451,0.3846204558972974,0.7263622939714187,0.31619332543510886,0.6199495128448005,1.0,0.4815659445077917,0.21406428380299755,1.0,0.46826301786393004,0.7520108966137782,0.9993629355927949,0.40743473849275647,0.49187742880805263,0.3688311688311739,2024,1.0,1.0,0.011077660063966276,3.0
2024-01-11,0.4082134448150934,0.2057674875285681,0.3905251292237471,0.7786050649779659,0.28975456741995437,0.6245779319407917,1.0,0.4815659445077917,0.283594855922749,0.0,0.46826301786393004,0.3496897921741623,1.4184221645439832,0.40743473849275647,0.01267580129172262,0.3688311688311739,2024,0.0,0.0,0.011666852111892459,4.0
2024-01-12,0.4045326984294677,0.172694626403473,0.3007820434279385,0.7854778350714934,0.33169057807566193,0.5772264850789138,0.0,0.4815659445077917,0.5108911109742502,0.0,0.46826301786393004,0.21472509023171443,0.38508288869234125,0.40743473849275647,0.12662995406168265,0.3688311688311739,2024,0.0,0.0,0.01221787539280082,0.0
2024-01-15,0.7028238059316376,0.5173658608095084,0.35655970997007236,0.7688842851672006,0.4715295444725011,0.8166979332358952,0.0,0.4815659445077917,0.769141106072303,1.0,0.46826301786393004,0.4319929073434481,0.06003075467233698,0.40743473849275647,1.2345635202271101,0.3688311688311739,2024,0.0,0.0,0.011759403767349073,1.0
2024-01-16,0.1457319883825203,0.5817824985240244,0.45846610700868035,0.6615153997168767,0.2974224996806136,0.6414601402508926,0.0,0.4815659445077917,0.07667741660329584,1.0,0.46826301786393004,0.7626267091347375,0.18686768498314002,0.40743473849275647,1.04860146796271,0.3688311688311739,2024,0.0,0.0,0.01242721414449192,2.0
2024-01-17,0.11932611568123358,0.6384166130648052,0.3519943036418142,0.751772040576587,0.38221216167870564,0.6370350972840507,0.0,0.4815659445077917,0.09044924971994235,0.0,0.46826301786393004,0.7518710921873577,0.6646539068775407,0.40743473849275647,0.04381907320721699,0.3688311688311739,2024,0.0,0.0,0.012854401287469586,3.0
2024-01-18,0.94425171985675,0.1080578213357496,0.4412583001401217,0.8636560278977804,0.3382029001392977,0.6859288812670481,1.0,0.4815659445077917,0.9171219086711849,0.0,0.46826301786393004,0.1333350280650269,0.6435242489028891,0.40743473849275647,0.10475976144931126,0.3688311688311739,2024,0.0,0.0,0.012551621668954677,4.0
2024-01-19,0.5077690027416666,0.46001069822108814,0.3999324444403385,0.6630947464714646,0.3738164819096695,0.7711129057165625,0.0,0.4815659445077917,0.5631422867994065,1.0,0.46826301786393004,0.5171277188476161,0.1032632990612378,0.40743473849275647,0.510058113544925,0.3688311688311739,2024,0.0,1.0,0.012597361002101197,0.0
2024-01-22,0.5373879397343985,0.54150068118275,0.3987784863364632,0.7771253141071618,0.4027549582436898,0.7336102675685096,1.0,0.4815659445077917,0.40209110697825146,0.0,0.46826301786393004,0.7162479672560166,0.6462767475035602,0.40743473849275647,0.08388017118402832,0.3688311688311739,2024,1.0,0.0,0.012383924994046521,1.0
2024-01-23,0.5781589311279117,0.38646165381370234,0.42182054943375485,0.8926134038903119,0.31999427768695593,0.6459633302490659,0.0,0.4815659445077917,0.6036250357081693,1.0,0.46826301786393004,0.4630483552346113,0.31112044145872725,0.40743473849275647,0.7574376199616112,0.3688311688311739,2024,0.0,0.0,0.01173738171624006,2.0
2024-01-24,0.09437334314087183,0.7809562331156871,0.3468511653356068,0.6993557884208491,0.3780251285400049,0.6970328159616617,0.0,0.4815659445077917,0.10810265491200101,1.0,0.46826301786393004,0.8049459201200213,0.4791261148717344,0.40743473849275647,0.17977397518956756,0.3688311688311739,2024,0.0,1.0,0.012210609512363144,3.0
2024-01-25,0.8311835766655375,0.24203456705718626,0.42698885267643444,0.8108671169050918,0.32693838844205925,0.668929820821465,1.0,0.4815659445077917,0.7773164737076671,0.0,0.46826301786393004,0.31416674496639807,0.2596066942998743,0.40743473849275647,0.2116121793872869,0.3688311688311739,2024,1.0,0.0,0.011341969919230834,4.0
2024-01-26,0.432514307915332,0.6974931688331062,0.40423288696822496,0.7870368585483222,0.3792119208027607,0.7553873271639053,1.0,0.4815659445077917,0.378236720801287,0.0,0.46826301786393004,0.8008656842550158,0.8861874792977764,0.40743473849275647,0.0,0.3688311688311739,2024,0.0,0.0,0.010683904356584062,0.0
2024-01-29,0.7479234142732907,0.21670886489701102,0.4362237384125449,0.8739306815673565,0.3105354755056141,0.786762133733462,1.0,0.4815659445077917,0.7834222997474048,0.0,0.46826301786393004,0.24648696540155005,0.7250081940347518,0.40743473849275647,0.17115699770567128,0.3688311688311739,2024,1.0,0.0,0.010720874255494832,1.0
2024-01-30,0.4132267413585353,0.44254253589188436,0.4947102689555037,0.8650803853261123,0.33734719495836435,0.641878307978355,1.0,0.4815659445077917,0.41786835020754776,0.0,0.46826301786393004,0.5510984705667197,0.8780711825488001,0.40743473849275647,0.2796785304247954,0.3688311688311739,2024,1.0,0.0,0.010690579525146795,2.0
2024-01-31,0.1609914950153013,0.5959860504238432,0.48218297496001983,0.886535187976422,0.46467153870655326,1.0170056803241463,1.0,0.4815659445077917,0.25011005954662957,1.0,0.46826301786393004,0.5340809517102603,1.2389589373609338,0.40743473849275647,0.43044973366596495,0.3688311688311739,2024,1.0,1.0,0.01039043835865963,3.0
2024-02-01,0.4362687945459368,0.08906666078021794,0.41105063826662835,0.8683649190551281,0.30309748246617096,0.6892789969266376,0.0,0.4815659445077917,0.47047907505955666,1.0,0.46826301786393004,0.12073115683749752,0.12961223668322522,0.40743473849275647,1.2693546222997454,0.3688311688311739,2024,0.0,1.0,0.010362939248259333,4.0
2024-02-02,0.2234265373736365,0.30982330278335196,0.3089166945971041,0.62374554828836,0.36427305134627236,0.691333991453836,0.0,0.4815659445077917,0.19216797445576375,1.0,0.46826301786393004,0.4957666668042252,0.11285306251983347,0.40743473849275647,1.097873690891783,0.3688311688311739,2024,0.0,0.0,0.011035347433082217,0.0
2024-02-05,0.3147835016968435,0.33733972460506034,0.4348661663121298,0.7501949564470477,0.37410704410421386,0.6478640492986237,0.0,0.4815659445077917,0.20489713746523183,0.0,0.46826301786393004,0.5430715097689989,0.6242124212421194,0.40743473849275647,0.09675967596760088,0.3688311688311739,2024,0.0,0.0,0.010973002069166455,1.0
2024-02-06,0.8005708164264033,0.28108749491592744,0.38769201922774604,0.8498672229389259,0.3403412818655002,0.7659482315771424,1.0,0.4815659445077917,0.8332334917566712,0.0,0.46826301786393004,0.22548142868278037,0.41154210028382454,0.40743473849275647,0.2483443708609273,0.3688311688311739,2024,1.0,0.0,0.010384226193400067,2.0
2024-02-07,0.3625103199336459,0.6661378860124268,0.4127757015811899,0.8082286335839791,0.4028345127143238,0.7336091982604958,0.0,0.4815659445077917,0.40853670026830663,1.0,0.46826301786393004,0.6950714679628032,0.17233575641202187,0.40743473849275647,0.7171855712522317,0.3688311688311739,2024,0.0,1.0,0.010236322729873253,3.0
2024-02-08,0.7949553210582101,0.1631847689406919,0.44894893434682237,0.8857991438713938,0.30234549325162974,0.6110272135033364,0.0,0.4815659445077917,0.7237592702010419,0.0,0.46826301786393004,0.2581344025853537,0.13847580451282185,0.40743473849275647,0.6726654531716869,0.3688311688311739,2024,0.0,0.0,0.010223895480797324,4.0
2024-02-09,0.3523025132245764,0.7105962175634836,0.359435325028571,0.6437409202229201,0.40446630589391447,0.6971982493988989,0.0,0.4815659445077917,0.24112285169509734,1.0,0.46826301786393004,0.7557940055884911,0.16089752360103496,0.40743473849275647,0.5904364482145372,0.3688311688311739,2024,0.0,0.0,0.010316699672389388,0.0
2024-02-12,0.5386773458359625,0.519739184299191,0.39224709649244627,0.7514760714889123,0.352268535419187,0.759709510245012,1.0,0.4815659445077917,0.5347250534452812,1.0,0.46826301786393004,0.5176262677120936,0.4797598095040812,0.40743473849275647,1.4431445629292246,0.3688311688311739,2024,1.0,0.0,0.010246920478069396,1.0
2024-02-13,0.01085164485239876,0.7538258169416233,0.46571023213287394,0.7341436570928014,0.3637410627613855,0.5875073901567853,0.0,0.4815659445077917,0.02330635763857846,1.0,0.46826301786393004,0.6752766016217921,0.14684992766012603,0.40743473849275647,0.40280152571353367,0.3688311688311739,2024,0.0,1.0,0.010899959929780358,2.0
2024-02-14,0.7872503393534762,0.46399822621762327,0.5024818500272289,0.9123591703201317,0.4694838291963131,0.81304032722819,1.0,0.4815659445077917,0.7532082728019028,0.0,0.46826301786393004,0.42561321319009954,0.7502834656172954,0.40743473849275647,0.08870806376308304,0.3688311688311739,2024,0.0,0.0,0.010751647204270545,3.0
2024-02-15,0.6815372447852207,0.31431660168109987,0.4489321797718279,0.753949580730466,0.41180097625920187,0.682563314558506,1.0,0.4815659445077917,0.8082776283377612,0.0,0.46826301786393004,0.22602684915745216,0.4915480571931066,0.40743473849275647,0.42360681366641506,0.3688311688311739,2024,0.0,0.0,0.010941723021131505,4.0
2024-02-16,0.7566944913863928,0.1337413784410938,0.4035326336844341,0.6853378413536342,0.3444896977225546,0.6883146988578055,1.0,0.4815659445077917,0.8482110518046256,0.0,0.46826301786393004,0.14501231207550183,0.43410500340920954,0.40743473849275647,0.10954901133153004,0.3688311688311739,2024,0.0,0.0,0.010926598545863767,0.0
2024-02-19,0.7217398608987656,0.4849173408282201,0.4224432109273809,0.7514495406202115,0.4161026675684391,0.8131744082234519,1.0,0.4815659445077917,0.7227398589525316,0.0,0.46826301786393004,0.4724772175420032,0.5983622927901004,0.40743473849275647,0.1449304307303062,0.3688311688311739,2024,0.0,0.0,0.010633320001274219,1.0
2024-02-20,0.5327297669530245,0.5363217080980175,0.5088600318327899,0.8018816388088869,0.31379175220066247,0.7162760373802076,1.0,0.4815659445077917,0.6463480839611259,0.0,0.46826301786393004,0.41942446590780896,0.3856298942162375,0.40743473849275647,0.19954664102212274,0.3688311688311739,2024,1.0,0.0,0.010274506759451059,2.0
2024-02-21,0.5702719849612752,0.6138076349432657,0.5224744309277405,0.8635881368650525,0.36987855355309934,0.6480766016206132,1.0,0.4815659445077917,0.5898817159585384,1.0,0.46826301786393004,0.5572034476254507,0.468129571577837,0.40743473849275647,0.33228840125392484,0.3688311688311739,2024,1.0,1.0,0.009447606260890177,3.0
2024-02-22,0.402624252889423,0.6430120078311627,0.5510561789432165,0.9978044014573998,0.293902835178444,0.6755889770326492,1.0,0.4815659445077917,0.3269516406573706,1.0,0.46826301786393004,0.6630164707972125,0.9377884729180648,0.40743473849275647,0.4578484358357311,0.3688311688311739,2024,0.0,1.0,0.008944449776432863,4.0
2024-02-23,0.6328764623568218,0.14567929032708338,0.44499287025141193,0.8175827960644866,0.2831297956008127,0.805426613133501,0.0,0.4815659445077917,0.6144915045541325,0.0,0.46826301786393004,0.13274990579541665,0.08627887559142525,0.40743473849275647,0.5755635958808876,0.3688311688311739,2024,0.0,0.0,0.008826361662195756,0.0
2024-02-26,0.6433684052053529,0.5689249654953261,0.5004022308540907,0.9671500640242634,0.4045706901956508,0.8218585478245138,1.0,0.4815659445077917,0.5540240152583056,0.0,0.46826301786393004,0.5548554835564918,0.474250141482745,0.40743473849275647,0.12903225806451452,0.3688311688311739,2024,1.0,0.0,0.008700019202079738,1.0
2024-02-27,0.30972953474546916,0.8492911483709015,0.5039588087600193,0.879084363900605,0.42519672699609695,0.8659431147905885,0.0,0.4815659445077917,0.2677572660432447,1.0,0.46826301786393004,0.8306800593028552,0.44164037854889826,0.40743473849275647,0.33151706337826037,0.3688311688311739,2024,0.0,1.0,0.008587823859718258,2.0
2024-02-28,0.740282573652658,0.3433132049866395,0.43970305802799525,0.8602172990539302,0.35139748878356475,0.7080679027421819,1.0,0.4815659445077917,0.7622289094874519,0.0,0.46826301786393004,0.28232411769491966,0.9528949129852735,0.40743473849275647,0.37190428380188223,0.3688311688311739,2024,0.0,0.0,0.008392869431613421,3.0
2024-02-29,0.5410538579285106,0.2404929642989648,0.43383146447544996,0.7679243961930846,0.34088104717660894,0.6520225899905652,1.0,0.4815659445077917,0.5964277285603493,0.0,0.46826301786393004,0.18122420095971092,2.5284529596797127,0.40743473849275647,0.2871032313411483,0.3688311688311739,2024,0.0,0.0,0.008554179733174178,4.0
2024-03-01,0.6406325399033825,0.005273033347200402,0.46116187250696455,1.0069857606792725,0.4612543853242155,0.7553465278373261,1.0,0.4815659445077917,0.47198126176361643,0.0,0.46826301786393004,0.017685731212771148,1.857579132684239,0.40743473849275647,0.17655301261091763,0.3688311688311739,2024,0.0,0.0,0.00954459068990042,0.0
2024-03-04,0.6287169921572173,0.027778852552288392,0.5673714208919515,1.2600593214728664,0.44979494001355425,0.9592461665788039,1.0,0.4815659445077917,0.5742083570844305,0.0,0.46826301786393004,0.03697335122635136,1.3760619421442972,0.40743473849275647,0.19421443165933552,0.3688311688311739,2024,0.0,0.0,0.009424687634290904,1.0
2024-03-05,0.39641692036463905,0.27081166606218054,0.6686778983767678,1.220097453734817,0.4026880794363328,1.0904562159498734,1.0,0.4815659445077917,0.3939799637603201,0.0,0.46826301786393004,0.23503742037508465,1.1436712255296269,0.40743473849275647,0.19804237060873278,0.3688311688311739,2024,0.0,0.0,0.010014414687808214,2.0
2024-03-06,0.7694153464121831,0.1411834152101441,0.5011914310911062,1.2640830282949036,0.48808875173498106,1.0628373224181173,1.0,0.4815659445077917,0.7570730271146989,0.0,0.46826301786393004,0.10198715790382967,0.7531559526121532,0.40743473849275647,0.17763967113355683,0.3688311688311739,2024,0.0,0.0,0.010272913545122803,3.0
2024-03-07,0.7778722600452698,0.288091581174259,0.7218765794063795,1.3054329624724266,0.44879740903590043,1.007210653965308,1.0,0.4815659445077917,0.7639150277239396,0.0,0.46826301786393004,0.21791380859834522,1.5940661258524305,0.40743473849275647,0.2665072234252436,0.3688311688311739,2024,0.0,0.0,0.01023247538530936,4.0
2024-03-08,0.19356692055720662,0.25361866111864434,0.5780021768869588,1.282841719799301,0.4360526973028146,1.073092238931717,0.0,0.4815659445077917,0.3607996762344447,0.0,0.46826301786393004,0.1609139807075382,0.43045751247894937,0.40743473849275647,0.15547744927194682,0.3688311688311739,2024,0.0,0.0,0.011100866836156234,0.0
2024-03-11,0.7010026727420795,0.6678629285540517,0.7111555334942009,1.1856274487436906,0.5441792419690382,1.0945569208232684,0.0,0.4815659445077917,0.6825531074792103,1.0,0.46826301786393004,0.4956298372327633,0.08355354968972666,0.40743473849275647,1.3372724843374042,0.3688311688311739,2024,0.0,0.0,0.011021307621421249,1.0
2024-03-12,0.140809609870152,0.6609054322623875,0.4731072651992371,0.6743563986655068,0.49681598415317535,1.0555840383685056,0.0,0.4815659445077917,0.09719745633891815,0.0,0.46826301786393004,0.6629309000321525,0.8412486064660134,0.40743473849275647,0.09754738015607582,0.3688311688311739,2024,0.0,0.0,0.011874755091450176,2.0
2024-03-13,0.7612596060753066,0.3191147059916254,0.437395698205371,0.7536962314566318,0.5555602216860971,1.0603315331593368,0.0,0.4815659445077917,0.7760488601755537,1.0,0.46826301786393004,0.21456955590669252,0.10398868150405455,0.40743473849275647,0.8189584807095817,0.3688311688311739,2024,0.0,1.0,0.012074720422618515,3.0
2024-03-14,0.4923657205350477,0.5759199747734433,0.4619287533846292,0.7460044423017701,0.467687873655014,0.8576327015612022,0.0,0.4815659445077917,0.326019874201863,0.0,0.46826301786393004,0.6012229224269913,0.40300136425646926,0.40743473849275647,0.26701227830833063,0.3688311688311739,2024,0.0,0.0,0.012107881388352795,4.0
2024-03-15,0.29402493886508463,0.8763026615945724,0.41020877886952484,0.6832833926550738,0.39435513524252147,0.7916287209900886,0.0,0.4815659445077917,0.18317134172789462,1.0,0.46826301786393004,0.8701312738723773,0.2821442966545745,0.40743473849275647,0.3743114335617458,0.3688311688311739,2024,0.0,1.0,0.012329322617772124,0.0
2024-03-18,0.7859164000801941,0.3857718018176463,0.40205986237865277,0.7932933814608119,0.4618327387648826,0.8613190282364962,0.0,0.4815659445077917,0.8372623017917553,0.0,0.46826301786393004,0.2672688783132573,0.09384071356942904,0.40743473849275647,0.4865677943737815,0.3688311688311739,2024,0.0,0.0,0.012529634466910262,1.0
2024-03-19,0.7233343220754682,0.5818342992685885,0.43445376774075056,0.8352591280724838,0.4200118690497086,0.6862907673059171,1.0,0.4815659445077917,0.7420531464716917,0.0,0.46826301786393004,0.42431902990913223,1.1477818296298223,0.40743473849275647,0.29273027782879923,0.3688311688311739,2024,0.0,0.0,0.012619258397996137,2.0
2024-03-20,0.9637374010716526,0.026374486223790454,0.5161969083963039,1.1602884041857735,0.37282903614068874,0.8076713711183255,1.0,0.4815659445077917,0.7912989814189106,0.0,0.46826301786393004,0.07042635421003632,1.285717877165185,0.40743473849275647,0.6986449455715571,0.3688311688311739,2024,1.0,0.0,0.012996428816477782,3.0
2024-03-21,0.016809578123170205,0.6130533766183922,0.40316924544058036,0.633707668397671,0.4829881720977287,0.863643464154347,0.0,0.4815659445077917,0.06379042599333122,1.0,0.46826301786393004,0.39312520635523795,0.16768744443348071,0.40743473849275647,0.8335967598537859,0.3688311688311739,2024,0.0,0.0,0.013260188128837226,4.0
2024-03-22,0.29701940376297187,0.6064936105412427,0.4948236051753361,0.6887367903937133,0.35291223876057154,0.6024952783124143,0.0,0.4815659445077917,0.20282416139693216,0.0,0.46826301786393004,0.674233952607295,0.5739629930866076,0.40743473849275647,0.06049206994714261,0.3688311688311739,2024,0.0,0.0,0.012979874991504901,0.0
2024-03-25,0.48853645178859245,0.7135160424723659,0.3448942821798777,0.7547842776337964,0.4012676785035402,0.8319190396809409,1.0,0.4815659445077917,0.5727834325449278,0.0,0.46826301786393004,0.5650992171181518,1.0471077425127653,0.40743473849275647,0.15032370124743122,0.3688311688311739,2024,1.0,0.0,0.01249847050139926,1.0
2024-03-26,0.17746438734891323,0.5870882111315702,0.36426604048467526,0.7162477723196174,0.4107422904391424,0.7988916069008657,0.0,0.4815659445077917,0.2723526452484034,0.0,0.46826301786393004,0.5150888362033949,0.6910833832608219,0.40743473849275647,0.19547266143947908,0.3688311688311739,2024,0.0,0.0,0.012586450082720631,2.0
2024-03-27,0.8877636391483675,0.19294178388733527,0.4592035806794279,0.861026315199746,0.39974670431514375,0.7393824133237189,1.0,0.4815659445077917,0.8509473149028498,0.0,0.46826301786393004,0.1575606837667172,1.495846876128566,0.40743473849275647,0.2683279162152337,0.3688311688311739,2024,0.0,0.0,0.012616586094872742,3.0
2024-03-28,0.893831227599449,0.022230161207150892,0.559411552490909,0.965793752834438,0.4311063552368142,1.007819467269149,1.0,0.4815659445077917,0.7167504795876718,0.0,0.46826301786393004,0.043654591799437995,1.163509446369411,0.40743473849275647,0.15190065504944344,0.3688311688311739,2024,0.0,0.0,0.012649096113807646,4.0
2024-04-01,0.5634670936012052,0.28015423565948366,0.6139028923584751,0.7320823291834915,0.4320077334814708,1.22599812629832,1.0,0.4815659445077917,0.5352214533897698,0.0,0.46826301786393004,0.2456649800474828,0.9955302722470531,0.40743473849275647,0.15459999521953874,0.3688311688311739,2024,0.0,0.0,0.013274271702959905,1.0
2024-04-02,0.9322857943402315,0.07757608550461416,0.7811460961922788,1.3820349299040044,0.4134367387589074,1.0360983801574628,1.0,0.4815659445077917,0.8666377048562415,0.0,0.46826301786393004,0.07741693641096364,0.6917048929663547,0.40743473849275647,0.5023891437308857,0.3688311688311739,2024,0.0,0.0,0.013110596855411327,2.0
2024-04-03,0.8353816874580801,0.14335576504405254,0.7274990060929988,1.35378152863084,0.4607278849387458,1.0050344887476468,1.0,0.4815659445077917,0.8320809163811858,0.0,0.46826301786393004,0.09094155676894852,0.19265457926546037,0.40743473849275647,0.649558344955836,0.3688311688311739,2024,1.0,0.0,0.013362572372835023,3.0
2024-04-04,0.44954368040476184,0.6873372619173904,0.6589441540471727,1.1774253568947404,0.5244029926213097,1.032953557629386,1.0,0.4815659445077917,0.41560970287637206,1.0,0.46826301786393004,0.5746397184242857,1.2831307166840318,0.40743473849275647,0.749195322449929,0.3688311688311739,2024,0.0,1.0,0.013465293311723175,4.0
2024-04-05,0.7960200999571978,0.015652642591239604,0.6174007356181114,1.319816655295178,0.39775378093137254,1.018790683069997,1.0,0.4815659445077917,0.7017064297751361,0.0,0.46826301786393004,0.03399315661891119,0.7217190775681385,0.40743473849275647,0.7760167714884713,0.3688311688311739,2024,0.0,0.0,0.014627262395914914,0.0
2024-04-08,0.5921335837644803,0.11899796200562726,0.7606849459600801,1.2077708894515153,0.3621877414042913,1.032115764090959,1.0,0.4815659445077917,0.5185939648182342,0.0,0.46826301786393004,0.1775305181720981,0.7260762270359206,0.40743473849275647,0.05703317795448115,0.3688311688311739,2024,1.0,0.0,0.01559353340830087,1.0
2024-04-09,0.5491071969968562,0.49621168422397605,0.7012654264656707,1.0833134157554092,0.5307572639639813,1.1111019443226795,0.0,0.4815659445077917,0.6215890119940066,1.0,0.46826301786393004,0.4489454785202576,0.2107636169115289,0.40743473849275647,0.8780925816250486,0.3688311688311739,2024,0.0,0.0,0.01589518404134818,2.0
2024-04-10,0.19568435398319642,0.6536474860492797,0.44696012053190526,0.7070688241363943,0.46616217840439084,1.0377327749235254,1.0,0.4815659445077917,0.24033979007114298,0.0,0.46826301786393004,0.5937674388510236,1.1785795930808527,0.40743473849275647,0.20776499276080082,0.3688311688311739,2024,0.0,0.0,0.01606790074707228,3.0
2024-04-11,0.9151045620890814,0.0449252407418576,0.7067276147011099,1.3986654778933223,0.41877793968750815,1.015677339042069,1.0,0.4815659445077917,0.7659112330085052,0.0,0.46826301786393004,0.07721217012073986,1.590640129101664,0.40743473849275647,1.0357719203873108,0.3688311688311739,2024,1.0,0.0,0.015672289806688753,4.0
2024-04-12,0.0008213078862703392,0.88701402566819,0.43638307388036784,0.6968385088316654,0.7058230585064632,0.9750952081103605,0.0,0.4815659445077917,0.015835220512468134,1.0,0.46826301786393004,0.4684286920100246,1.0395275029276487,0.40743473849275647,0.46570832131158446,0.3688311688311739,2024,0.0,1.0,0.017956416506213633,0.0
2024-04-15,0.7617805740929958,0.06281979089960812,0.41336301350700017,0.7008740652506511,0.4586230740844581,1.0799319169845967,1.0,0.4815659445077917,0.7726481633475571,0.0,0.46826301786393004,0.07298263184577718,0.3365840593638288,0.40743473849275647,0.44267641359318494,0.3688311688311739,2024,1.0,0.0,0.01902521868825414,1.0
2024-04-16,0.44223589691072285,0.6421326812730093,0.42626961246201445,0.7346568210239277,0.5135549672025818,1.111126673786742,0.0,0.4815659445077917,0.5891094189104218,1.0,0.46826301786393004,0.4598591752088334,0.2850241545893722,0.40743473849275647,0.6179183135704943,0.3688311688311739,2024,0.0,0.0,0.01911381407471765,2.0
2024-04-17,0.1412896231078045,0.8758412635092717,0.4348072920310572,0.7769271243849132,0.4530525428393457,0.8077880868102223,0.0,0.4815659445077917,0.17909389077846158,0.0,0.46826301786393004,0.7857565045312824,0.677995629383988,0.40743473849275647,0.0,0.3688311688311739,2024,0.0,0.0,0.01979624422860388,3.0
2024-04-18,0.5456441165769976,0.6451605971486702,0.4067161237474282,0.6766440433305806,0.38614405992357514,0.837375866423825,1.0,0.4815659445077917,0.6616005106821555,0.0,0.46826301786393004,0.4562793159872807,0.8588377457980905,0.40743473849275647,0.12984730308689105,0.3688311688311739,2024,1.0,0.0,0.019134481584401525,4.0
2024-04-19,0.23599414028123095,0.593263886478618,0.38852931662393914,0.6673427210216477,0.42325481536295906,0.82183131051795,0.0,0.4815659445077917,0.4053460134705156,1.0,0.46826301786393004,0.5128447805718136,0.0,0.40743473849275647,1.4441447307227206,0.3688311688311739,2024,0.0,0.0,0.019268786215227582,0.0
2024-04-22,0.030594395181702986,0.8788487785865712,0.4879073014614434,0.6875164867736234,0.3055599742541519,0.759833221271115,0.0,0.4815659445077917,0.04339853937887768,1.0,0.46826301786393004,0.8172243886102825,0.15132229818524842,0.40743473849275647,0.7398668103893785,0.3688311688311739,2024,0.0,0.0,0.020787151089374064,1.0
2024-04-23,0.4549405227634135,0.372995672839749,0.42716654356015765,0.6352592161201315,0.33359458257130087,0.5949392856161566,1.0,0.4815659445077917,0.6815486545338016,0.0,0.46826301786393004,0.30040429457485845,0.31082028511334014,0.40743473849275647,0.21164407571863303,0.3688311688311739,2024,1.0,0.0,0.02106002710635648,2.0
2024-04-24,0.20171619899992405,0.8600602637902226,0.4032002873404607,0.5877614206963111,0.4529199143782161,0.6988604059094199,1.0,0.4815659445077917,0.31108361027236014,1.0,0.46826301786393004,0.8342755529161858,0.5914570881618035,0.40743473849275647,0.22463503382969716,0.3688311688311739,2024,1.0,1.0,0.021105865821334068,3.0
2024-04-25,0.6483803768448533,0.2986636016993288,0.4126715168459543,0.6564353905475477,0.35116789314979874,0.5921377801481011,1.0,0.4815659445077917,0.716837917167425,0.0,0.46826301786393004,0.30173488577831253,0.42623694275218477,0.40743473849275647,0.13058003658297057,0.3688311688311739,2024,1.0,0.0,0.02025884377804119,4.0
2024-04-26,0.5132316767050257,0.5649765522910833,0.42562331143548354,0.6377035695062823,0.4511014935486714,0.7430172627983366,0.0,0.4815659445077917,0.5667481465744586,1.0,0.46826301786393004,0.6176918401105013,0.2000659558096053,0.40743473849275647,0.39397603605584364,0.3688311688311739,2024,0.0,1.0,0.01945790786315941,0.0
2024-04-29,0.5183173256199488,0.5501859142843978,0.36640667441234115,0.6372450415565367,0.3857245073928035,0.7092103620601298,0.0,0.4815659445077917,0.6747211351225626,1.0,0.46826301786393004,0.4916523742260063,0.018071625344346177,0.40743473849275647,1.1098622589531693,0.3688311688311739,2024,0.0,0.0,0.019429219833861464,1.0
2024-04-30,0.038792877240326214,0.8876265651126282,0.42954233960475285,0.6303997655367916,0.24383301098253954,0.6354216410107875,0.0,0.4815659445077917,0.06193459309106198,1.0,0.46826301786393004,0.8500606931214328,0.9155980920522822,0.40743473849275647,0.09604782258563718,0.3688311688311739,2024,0.0,1.0,0.020175874937821383,2.0
2024-05-01,0.8163206182730866,0.11660352324173233,0.5136914056989352,0.8393080548012035,0.4115013704189783,0.6869602491683474,0.0,0.4815659445077917,0.783585565803706,0.0,0.46826301786393004,0.16763175473517997,0.15630855715177205,0.40743473849275647,0.7391317926296146,0.3688311688311739,2024,0.0,0.0,0.01972303973804454,3.0
2024-05-02,0.3374092142440126,0.5320298489361786,0.4087215041370303,0.7329736898491559,0.36322939820865807,0.5887380498600104,0.0,0.4815659445077917,0.35986278336956495,1.0,0.46826301786393004,0.531172469643866,0.4103750149903232,0.40743473849275647,0.6293536173784869,0.3688311688311739,2024,0.0,1.0,0.018100096127011706,4.0
2024-05-03,0.3335791582880967,0.31397961831605653,0.34937416063275295,0.648079945543164,0.345911196877956,0.5744288235010095,1.0,0.4815659445077917,0.4756819289396324,0.0,0.46826301786393004,0.368086547225758,0.754501428039242,0.40743473849275647,0.24711287718863192,0.3688311688311739,2024,0.0,0.0,0.017493667696344875,0.0
2024-05-06,0.6043762419113786,0.15263875141624086,0.3493546323358707,0.7191030339084481,0.28223226910946186,0.5419710664685436,0.0,0.4815659445077917,0.7694630493440588,0.0,0.46826301786393004,0.1858345893538398,0.14893355137063902,0.40743473849275647,0.3426702537321321,0.3688311688311739,2024,0.0,0.0,0.017480460465407938,1.0
2024-05-07,0.48897068584920145,0.7116824537791003,0.4417258505408777,0.7717922171473375,0.337766453410871,0.6671548082641525,0.0,0.4815659445077917,0.33315937099676646,1.0,0.46826301786393004,0.8224588814475792,0.1889473299729794,0.40743473849275647,0.26437285411643596,0.3688311688311739,2024,0.0,0.0,0.016902451898886568,2.0
2024-05-08,0.49219858280425843,0.6651312365957488,0.38482275925410564,0.6730061031331676,0.27417019387427066,0.5662550467056554,1.0,0.4815659445077917,0.4455999914182758,0.0,0.46826301786393004,0.7714939948600491,1.0082833583208355,0.40743473849275647,0.0571964017991081,0.3688311688311739,2024,0.0,0.0,0.01650840951250691,3.0
2024-05-09,0.9306827039654664,0.037564726478966304,0.43222951393672915,0.7555738971385927,0.22411222394943514,0.49833626024623306,1.0,0.4815659445077917,0.87462024498694,0.0,0.46826301786393004,0.08777506975496474,0.8563330246971873,0.40743473849275647,0.021428166512347153,0.3688311688311739,2024,0.0,0.0,0.01611324854246668,4.0
2024-05-10,0.3203657380266532,0.5317248166461286,0.4195925825068688,0.6770963145075629,0.32326927999578914,0.5998625057233476,0.0,0.4815659445077917,0.4848329762466033,1.0,0.46826301786393004,0.46745773374928434,0.11491378441061269,0.40743473849275647,0.8007260260159231,0.3688311688311739,2024,0.0,0.0,0.015004959792094229,0.0
2024-05-13,0.19180394399085127,0.7240206001515267,0.44924840766748675,0.7171831725542002,0.32640702368601276,0.6877694298982636,0.0,0.4815659445077917,0.13674050480842115,0.0,0.46826301786393004,0.8053890333787052,0.6734958880392349,0.40743473849275647,0.042995238782289315,0.3688311688311739,2024,0.0,0.0,0.014833410378892943,1.0
2024-05-14,0.8572369895600898,0.21536362665100403,0.43322833928942933,0.7076111612536532,0.3195520936990787,0.69472183189065,1.0,0.4815659445077917,0.8993057924854468,0.0,0.46826301786393004,0.1589321331665707,0.9337186500154803,0.40743473849275647,0.17512643203632836,0.3688311688311739,2024,0.0,0.0,0.014675713534434073,2.0
2024-05-15,0.8024946575176485,0.09068873158845571,0.4788501747147005,0.7405259023434493,0.31700761696875285,0.5933986232674209,1.0,0.4815659445077917,0.8152133481886802,0.0,0.46826301786393004,0.11613648863982377,0.33222206116828673,0.40743473849275647,0.4322365560226215,0.3688311688311739,2024,1.0,0.0,0.014458341366909471,3.0
2024-05-16,0.2255768660743326,0.7437429500116415,0.419224393590367,0.6549395461660205,0.39931626641409923,0.8107588491147595,1.0,0.4815659445077917,0.2610358376851978,0.0,0.46826301786393004,0.7644871268095682,1.333650800223614,0.40743473849275647,0.07942193420152997,0.3688311688311739,2024,0.0,0.0,0.01451611352016128,4.0
2024-05-17,0.7734086691543328,0.07229142913227951,0.6199502440833243,0.8739640370553139,0.3023372317985236,0.6557406859054777,1.0,0.4815659445077917,0.7217192299377182,0.0,0.46826301786393004,0.10568487569491285,1.0032889522903812,0.40743473849275647,0.18085275003962548,0.3688311688311739,2024,0.0,0.0,0.014935363539034878,0.0
2024-05-20,0.26100287779270365,0.4506289918284565,0.4541186201604249,0.7114037343707189,0.3765680763194122,0.8281217205212532,0.0,0.4815659445077917,0.355514765696178,1.0,0.46826301786393004,0.41320956159325317,0.22146988291719308,0.40743473849275647,0.565100860488073,0.3688311688311739,2024,0.0,1.0,0.01461010857109882,1.0
2024-05-21,0.4855645585085075,0.4962867591288211,0.48679786448118695,0.767533487787553,0.37576384320151773,0.6360152279787464,0.0,0.4815659445077917,0.5304924661930847,1.0,0.46826301786393004,0.4833623214582999,0.16860404230809517,0.40743473849275647,1.3450204209864882,0.3688311688311739,2024,0.0,0.0,0.014088076963478696,2.0
2024-05-22,0.026396912035260418,0.8516639432584797,0.4369740763014413,0.6368939715432955,0.41521106817984027,0.6287040648250601,0.0,0.4815659445077917,0.04030304894028633,1.0,0.46826301786393004,0.7586567847197802,0.14828624695252035,0.40743473849275647,1.480567904775574,0.3688311688311739,2024,0.0,0.0,0.014658090012822925,3.0
2024-05-23,0.01590376296891909,0.873175792242292,0.525331191271956,0.7244360719486902,0.30800788395856077,0.5881820031593458,0.0,0.4815659445077917,0.026952304257959327,1.0,0.46826301786393004,0.7745966601937648,0.5256106071179326,0.40743473849275647,0.08904396371249285,0.3688311688311739,2024,0.0,1.0,0.015385110905928572,4.0
2024-05-24,0.4130858147368524,0.6373790559410445,0.4550722058891261,0.7025101151949911,0.41527655714102985,0.7715289603918724,1.0,0.4815659445077917,0.49172940115658553,0.0,0.46826301786393004,0.6486724895483679,0.7179041470076917,0.40743473849275647,0.04548464531082345,0.3688311688311739,2024,0.0,0.0,0.014791053867179228,0.0
2024-05-27,0.6053920539375492,0.33299964195308895,0.33018899302609245,0.7207355334452613,0.37016389241672387,0.8079813641081091,1.0,0.4815659445077917,0.8136478539593736,0.0,0.46826301786393004,0.251756642484535,0.3322576692128562,0.40743473849275647,0.346554470814098,0.3688311688311739,2024,0.0,0.0,0.014867199669631263,1.0
2024-05-28,0.8090994027216886,0.2252730638900405,0.3799884519408121,0.7446900504274669,0.3403854462777072,0.6911138296812416,0.0,0.4815659445077917,0.8692498302895304,1.0,0.46826301786393004,0.21226648294231784,0.03333131569920653,0.40743473849275647,0.7550390412202669,0.3688311688311739,2024,0.0,0.0,0.014993855795427911,2.0
2024-05-29,0.23897413153571356,0.7967748203078387,0.43333066916416735,0.6992908284299721,0.37469940121177187,0.7776130635429759,0.0,0.4815659445077917,0.16341860853592263,1.0,0.46826301786393004,0.8271683451146277,0.3988983910711769,0.40743473849275647,0.4464415132627953,0.3688311688311739,2024,0.0,1.0,0.014754063301967463,3.0
2024-05-30,0.6538303204212533,0.36900041667670713,0.4247699491818135,0.7674868767110997,0.3276722024609122,0.6930270689153648,1.0,0.4815659445077917,0.7020192563400955,1.0,0.46826301786393004,0.3052531961449013,0.490238249357917,0.40743473849275647,0.6545279906454211,0.3688311688311739,2024,1.0,1.0,0.014600522912799882,4.0
2024-05-31,0.07372232401084847,0.7638428309173554,0.3549604017493821,0.6704138106820352,0.43051579066099593,0.7410028620232639,0.0,0.4815659445077917,0.13061822740993367,1.0,0.46826301786393004,0.7279049836687429,0.7970924964994551,0.40743473849275647,0.35631331850754056,0.3688311688311739,2024,0.0,1.0,0.014906544035448605,0.0
2024-06-03,0.7684149789098249,0.08463649827794836,0.40200090457197624,0.7620705637442913,0.34220886482391255,0.6244630102759423,0.0,0.4815659445077917,0.8098103205056719,0.0,0.46826301786393004,0.1156397578949767,0.06038097520066692,0.40743473849275647,0.9789545145960633,0.3688311688311739,2024,0.0,0.0,0.015218412571462583,1.0
2024-06-04,0.2662885270602337,0.531822714937258,0.395142543016765,0.6406818895859258,0.3763121659223094,0.6328316751288053,1.0,0.4815659445077917,0.20723385367932304,0.0,0.46826301786393004,0.658504141814085,0.8563136721173668,0.40743473849275647,0.02661969857695463,0.3688311688311739,2024,0.0,0.0,0.015337741594832852,2.0
2024-06-05,0.818531388263914,0.09989410118591822,0.4107888460953948,0.703841588958342,0.21435082586155826,0.5554614210471935,1.0,0.4815659445077917,0.8823825197696552,0.0,0.46826301786393004,0.13033467450592962,0.6470669810012473,0.40743473849275647,0.04881431146859579,0.3688311688311739,2024,0.0,0.0,0.015309133678395644,3.0
2024-06-06,0.8330297653905279,0.16177327755080181,0.38116772849963787,0.7338228368998462,0.2687138251017019,0.6234446657219099,1.0,0.4815659445077917,0.8802044364636968,1.0,0.46826301786393004,0.17993812042752239,0.35006547359232415,0.40743473849275647,2.588680343372623,0.3688311688311739,2024,1.0,0.0,0.014465575592261432,4.0
2024-06-07,0.0006713991031711315,0.7447965960957997,0.4579977211982318,0.7105053566491342,0.5138038427852377,0.8509848337712432,0.0,0.4815659445077917,0.004471643248343391,0.0,0.46826301786393004,0.517661996790207,0.5211620103446463,0.40743473849275647,0.15598524313601303,0.3688311688311739,2024,0.0,0.0,0.01679772845608255,0.0
2024-06-10,0.813318233341275,0.22139189348812355,0.42659156660430253,0.7508749188441405,0.2818725389506011,0.650654535003916,1.0,0.4815659445077917,0.8807901191956258,0.0,0.46826301786393004,0.19666668913365803,0.23644953684758568,0.40743473849275647,0.3434768051783803,0.3688311688311739,2024,0.0,0.0,0.016617952160871613,1.0
2024-06-11,0.7644518682128101,0.28008431119281846,0.33503070642570115,0.7053733000460368,0.40246559726070014,0.665253004344566,1.0,0.4815659445077917,0.8665040148118641,0.0,0.46826301786393004,0.24122737413117115,0.6842032777854204,0.40743473849275647,0.1699490428315679,0.3688311688311739,2024,0.0,0.0,0.015670321132596685,2.0
2024-06-12,0.3005928962176838,0.5669002088783586,0.41031289007313804,0.8255847863831793,0.47166462747527416,0.8065208234986095,0.0,0.4815659445077917,0.47546247538186087,1.0,0.46826301786393004,0.4949483316469382,0.05251922319633411,0.40743473849275647,0.8507533834898184,0.3688311688311739,2024,0.0,0.0,0.014824316684691762,3.0
2024-06-13,0.32412893733963083,0.5011090269695964,0.40783088586250416,0.6888285133618373,0.24255991643794514,0.5035113996727733,1.0,0.4815659445077917,0.2343766604383122,0.0,0.46826301786393004,0.7182289297831151,0.9309601301871457,0.40743473849275647,0.06777868185516993,0.3688311688311739,2024,0.0,0.0,0.015241435373647692,4.0
2024-06-14,0.7290348600358754,0.12389889494484409,0.3676390945594209,0.7967919160319229,0.2318591336861933,0.524075271064778,0.0,0.4815659445077917,0.8453060808377953,0.0,0.46826301786393004,0.13224013541822582,0.0,0.40743473849275647,0.6354732970898632,0.3688311688311739,2024,0.0,0.0,0.015320405057399468,0.0
2024-06-17,0.5725498159154243,0.5283852486260472,0.5194652037353152,0.8311657801958539,0.19910458674492923,0.571951630732134,1.0,0.4815659445077917,0.45826224917367964,1.0,0.46826301786393004,0.662730388543845,0.39255743155280465,0.40743473849275647,0.351619299405154,0.3688311688311739,2024,1.0,1.0,0.01537839367874685,1.0
2024-06-18,0.8079164175490609,0.16533641996998774,0.46546543966916765,0.8038112521070794,0.1618102025525055,0.4621058282350306,1.0,0.4815659445077917,0.8465183610618964,0.0,0.46826301786393004,0.20903738298392383,0.15970437017994382,0.40743473849275647,0.15801735218509955,0.3688311688311739,2024,1.0,0.0,0.015268973367613304,2.0
2024-06-19,0.5861194630549266,0.632669085872247,0.41921714354597833,0.9511501966182698,0.2507874267032407,0.6692637837938018,1.0,0.4815659445077917,0.6314286653463707,0.0,0.46826301786393004,0.7054140949529025,1.0796150481189837,0.40743473849275647,0.01983085447653224,0.3688311688311739,2024,0.0,0.0,0.01472685105651951,3.0
2024-06-20,0.8283497999717155,0.06906337786551256,0.4962481710643269,0.7476328176176599,0.3117840715401521,0.5572799640372873,1.0,0.4815659445077917,0.8074149758262009,1.0,0.46826301786393004,0.1258596465671847,0.25595486836606723,0.40743473849275647,1.266318428750519,0.3688311688311739,2024,1.0,0.0,0.014485717675602276,4.0
2024-06-21,0.023788716344329167,0.7531475197750733,0.3713861399421607,0.6757142253231644,0.3354206421673465,0.68718272127806,0.0,0.4815659445077917,0.04455765679522535,0.0,0.46826301786393004,0.7404581217154307,0.3837922670851702,0.40743473849275647,0.10329576259095116,0.3688311688311739,2024,0.0,0.0,0.015097599117709177,0.0
2024-06-24,0.8303143245386437,0.3250002369946274,0.39852719364141687,0.7739472449343464,0.37618093429144717,0.7005757013678562,1.0,0.4815659445077917,0.9284781288772134,1.0,0.46826301786393004,0.18339689269369946,0.08628751168919747,0.40743473849275647,0.5575958513984587,0.3688311688311739,2024,1.0,1.0,0.014398510574881647,1.0
2024-06-25,0.33870655943154787,0.6857330293823186,0.4321032938224437,0.790704432717317,0.29384876683128186,0.6690555532731246,0.0,0.4815659445077917,0.2545361461006787,1.0,0.46826301786393004,0.8133603839166865,0.13129273852165887,0.40743473849275647,0.7865407576250827,0.3688311688311739,2024,0.0,0.0,0.0141859369370202,2.0
2024-06-26,0.12262443102944597,0.792885301281833,0.41148537194146084,0.678635709478784,0.29555626131002655,0.6483758074788665,1.0,0.4815659445077917,0.15494612460183316,0.0,0.46826301786393004,0.7963719068927264,0.984412572998968,0.40743473849275647,0.04869460666438682,0.3688311688311739,2024,0.0,0.0,0.014476492173382247,3.0
2024-06-27,0.8488097541569598,0.06535162317859498,0.4241259764544628,0.7420183565221286,0.3592073184623965,0.608797306771763,1.0,0.4815659445077917,0.8186417148311254,0.0,0.46826301786393004,0.09356462824270284,0.42476324096808504,0.40743473849275647,0.3009470361276714,0.3688311688311739,2024,1.0,0.0,0.012248983905754598,4.0
2024-06-28,0.36344362885543174,0.614209796074852,0.38676084181323706,0.8282446310229428,0.3226803865911734,0.6720393466059073,0.0,0.4815659445077917,0.41871944578783493,1.0,0.46826301786393004,0.6466959333602258,0.42667750292070833,0.40743473849275647,0.28551836237111444,0.3688311688311739,2024,0.0,1.0,0.012088875679911008,0.0
2024-07-01,0.7535967992904135,0.3336055034539946,0.4111516258702042,0.8032160951894184,0.3226589446166442,0.7225140490973035,0.0,0.4815659445077917,0.7219583818488299,0.0,0.46826301786393004,0.3679258418491788,0.183090676883776,0.40743473849275647,0.4520051085568271,0.3688311688311739,2024,0.0,0.0,0.011993243346736793,1.0
2024-07-02,0.7743621055107172,0.45272040070483655,0.4231000056655446,0.8421586836974072,0.3932933348882402,0.722170234546194,1.0,0.4815659445077917,0.6444102991289918,0.0,0.46826301786393004,0.4807607206637524,1.3180171844018522,0.40743473849275647,0.090680766688691,0.3688311688311739,2024,0.0,0.0,0.011599280951910772,2.0
2024-07-03,0.6295021071860338,0.1488095367972842,0.37423561075408124,0.7436541096209713,0.3716180557420604,0.7422356437117504,0.0,0.4815659445077917,0.659471995214075,0.0,0.46826301786393004,0.12468340822815972,0.23988784464405874,0.40743473849275647,0.19699880575315662,0.3688311688311739,2024,0.0,0.0,0.011678278850060357,3.0
2024-07-04,0.7214486795399548,0.6298545670188336,0.43029692606906855,0.9363177686117105,0.4433266240011499,0.7956588204074904,1.0,0.4815659445077917,0.6516802212357827,0.0,0.46826301786393004,0.6057805804487703,1.41109546295529,0.40743473849275647,0.1882749288929345,0.3688311688311739,2024,0.0,0.0,0.010977095812013499,4.0
2024-07-05,0.882289124536604,0.026571848023976948,0.5485453862045044,1.0091495413029357,0.36190596699797534,0.6033784636935131,0.0,0.4815659445077917,0.7931447304207109,1.0,0.46826301786393004,0.05065296042571448,0.0,0.40743473849275647,1.479818272538668,0.3688311688311739,2024,0.0,1.0,0.011374457697734977,0.0
2024-07-08,0.08976938893074507,0.5692678333568821,0.3376238789097379,0.7273477736315551,0.4075905878315526,0.621540718817805,0.0,0.4815659445077917,0.07266446971919306,1.0,0.46826301786393004,0.6716758840996823,0.4421799746514583,0.40743473849275647,0.3449429657794763,0.3688311688311739,2024,0.0,1.0,0.01194477969223951,1.0
2024-07-09,0.7213319401571339,0.2683444644538055,0.43700717085417734,0.892435710962965,0.2987184049783297,0.6655098025635974,1.0,0.4815659445077917,0.689560613351698,0.0,0.46826301786393004,0.3705311552441403,0.7929350239281663,0.40743473849275647,0.019339878632392386,0.3688311688311739,2024,1.0,0.0,0.012250475658608895,2.0
2024-07-10,0.3315854044005483,0.6156572889086719,0.36943822776797025,0.7645318630169678,0.4101813418647472,0.6644762870709638,1.0,0.4815659445077917,0.39706806290678587,0.0,0.46826301786393004,0.6104936165600514,1.9063905930470328,0.40743473849275647,0.026840490797545996,0.3688311688311739,2024,0.0,0.0,0.01178426836321574,3.0
2024-07-11,0.7342783982566806,0.019328341165633995,0.5699481879430859,0.9545171091627258,0.38798030719175514,0.6602561300506237,0.0,0.4815659445077917,0.5844927495106901,0.0,0.46826301786393004,0.04678617340255455,0.10397273513402162,0.40743473849275647,0.8520779286840731,0.3688311688311739,2024,0.0,0.0,0.011627755669854316,4.0
2024-07-12,0.6556212660656031,0.27161058436552477,0.4830594504964904,0.9272955554122674,0.4145086712267015,0.6857998297054543,1.0,0.4815659445077917,0.6847385988062,0.0,0.46826301786393004,0.2682346129034229,0.9846138574548222,0.40743473849275647,0.3477764542386413,0.3688311688311739,2024,0.0,0.0,0.011936655390394051,0.0
2024-07-15,0.2856447061262573,0.307697879345063,0.3948776104337675,0.7653938195897726,0.40774472863326516,0.7691362965472832,1.0,0.4815659445077917,0.4248048288247731,0.0,0.46826301786393004,0.30339319306525103,1.5839111682989018,0.40743473849275647,0.07505897490885695,0.3688311688311739,2024,0.0,0.0,0.012375958785140712,1.0
2024-07-16,0.9075306203596707,0.018924331992940413,0.7673509737856505,1.4526920586199359,0.45086726163589325,1.0562726329713175,1.0,0.4815659445077917,0.8039077072100319,0.0,0.46826301786393004,0.04151948843541769,0.4775045537340622,0.40743473849275647,0.5473132969034628,0.3688311688311739,2024,1.0,0.0,0.012708031811745214,2.0
2024-07-17,0.2380299328676302,0.5833532203008673,0.5276328823457579,0.7349936828203341,0.4658546644166613,0.8574144391928893,0.0,0.4815659445077917,0.1865590558308372,1.0,0.46826301786393004,0.703725798885351,0.5225410773948447,0.40743473849275647,0.5846949517140373,0.3688311688311739,2024,0.0,0.0,0.012695688149412718,3.0
2024-07-18,0.1535768914995028,0.7853966424576926,0.5772218406944966,0.7742178389526465,0.4109553422610892,0.8358541037204112,0.0,0.4815659445077917,0.13057301047234918,1.0,0.46826301786393004,0.7578691899675907,0.01707885105911622,0.40743473849275647,1.593612066097363,0.3688311688311739,2024,0.0,0.0,0.013170656181166997,4.0
2024-07-19,0.05327094101778704,0.6792290186567773,0.4864959883370488,0.7026967027110241,0.3518188202439968,0.7797705493575615,0.0,0.4815659445077917,0.045512386936842265,1.0,0.46826301786393004,0.7201973324623225,0.343408813109868,0.40743473849275647,0.4756676127535302,0.3688311688311739,2024,0.0,1.0,0.014364157841766598,0.0
2024-07-22,0.47473489474729985,0.5112318501489358,0.4829330275882525,0.7745690687438861,0.3426638245423686,0.7127055878614177,0.0,0.4815659445077917,0.45905135848625567,0.0,0.46826301786393004,0.5640783603130082,0.4445525883569518,0.40743473849275647,0.23022487174808234,0.3688311688311739,2024,0.0,0.0,0.014700157562367694,1.0
2024-07-23,0.8351371318888777,0.23957414352671064,0.5180614866354684,0.8602172895814945,0.32617261500043415,0.7581194354583893,1.0,0.4815659445077917,0.8772305011940229,0.0,0.46826301786393004,0.19365788140136303,0.6589542265285654,0.40743473849275647,0.36952890076845596,0.3688311688311739,2024,1.0,0.0,0.014196659065548676,2.0
2024-07-24,0.061328465744544716,0.9025764936242596,0.5048718087560942,1.0144549932789348,0.30411295540327965,0.8118861319823206,0.0,0.4815659445077917,0.09857272514177257,1.0,0.46826301786393004,0.8463166795441431,0.11154489682097045,0.40743473849275647,1.2286670384829879,0.3688311688311739,2024,0.0,0.0,0.014959618208516887,3.0
2024-07-25,0.14552176165086317,0.602719860691005,0.5228162302534303,0.8145801573590215,0.39532507040819215,0.6227542049416325,0.0,0.4815659445077917,0.10519529670756485,0.0,0.46826301786393004,0.6525107940852766,0.7237630963379446,0.40743473849275647,0.23831895111355325,0.3688311688311739,2024,0.0,0.0,0.015368548505499062,4.0
2024-07-26,0.8269552567976464,0.1218835168070643,0.4001609446828571,0.8008077929908667,0.32692892107092547,0.6155009215291627,1.0,0.4815659445077917,0.839974669307029,0.0,0.46826301786393004,0.1365921292988876,0.44466073414906104,0.40743473849275647,0.489154616240271,0.3688311688311739,2024,1.0,0.0,0.015064430182482364,0.0
2024-07-29,0.3468005203323896,0.4640148926237912,0.4662540883457705,0.687882625007788,0.28515218446655066,0.5991685128936324,1.0,0.4815659445077917,0.39484870073226086,0.0,0.46826301786393004,0.5524652788449346,0.7953927433765828,0.40743473849275647,0.19252583326858627,0.3688311688311739,2024,0.0,0.0,0.01542875603182129,1.0
2024-07-30,0.9097275150225552,0.06507044984070327,0.4026069986657738,0.7472242592289402,0.34483493129644827,0.6064602145284348,1.0,0.4815659445077917,0.8698256287662011,0.0,0.46826301786393004,0.11509357103999777,1.0655548185350217,0.40743473849275647,0.1825452477968258,0.3688311688311739,2024,0.0,0.0,0.015634166720987983,2.0
2024-07-31,0.933978569650598,0.03327480713223488,0.4746315910351302,1.047807303466543,0.3215667171068472,0.5236955917127628,1.0,0.4815659445077917,0.8109680616320993,0.0,0.46826301786393004,0.08392348375748027,0.4060153264063585,0.40743473849275647,0.45710334760981036,0.3688311688311739,2024,1.0,0.0,0.01519762428210658,3.0
2024-08-01,0.43746556886594185,0.33966628986010905,0.36236976339990534,0.8287393513864427,0.33415809399698526,0.6711573303358924,1.0,0.4815659445077917,0.5095964897583467,1.0,0.46826301786393004,0.48342087500794595,0.8321417706114934,0.40743473849275647,0.9484712503802887,0.3688311688311739,2024,1.0,1.0,0.015355884417421245,4.0
2024-08-02,0.09835979060286135,0.19327425025608783,0.4166662049051517,0.8324197841954712,0.4532975351676326,0.6279685204345371,0.0,0.4815659445077917,0.18385608782586305,1.0,0.46826301786393004,0.2951703146542118,0.431771453305917,0.40743473849275647,1.9535764527648494,0.3688311688311739,2024,0.0,0.0,0.01622062815952069,0.0
2024-08-05,0.05054965507003699,0.10499797395410249,0.4745114261799542,0.9303270119924757,0.5938693753498641,0.9574631338334526,0.0,0.4815659445077917,0.07443334520286612,0.0,0.46826301786393004,0.20172004234899363,0.1974299065420625,0.40743473849275647,0.6623831775700915,0.3688311688311739,2024,0.0,0.0,0.01776073632361057,1.0
2024-08-06,0.5057781664845662,0.6558160945512607,0.4686162862236351,0.7786542057877678,0.26693755881619824,0.6836636961524911,0.0,0.4815659445077917,0.22404650848710914,1.0,0.46826301786393004,0.7505137025577278,0.40016560404073315,0.40743473849275647,0.25016146393971933,0.3688311688311739,2024,0.0,1.0,0.01804896070147793,2.0
2024-08-07,0.34958380013055185,0.6654320261180245,0.40191324680159013,0.8649176930977229,0.26668488503956567,0.7761282600821297,1.0,0.4815659445077917,0.24733765291095688,0.0,0.46826301786393004,0.8251918674269753,1.0474101851541853,0.40743473849275647,0.06351491612816909,0.3688311688311739,2024,0.0,0.0,0.01790562839960839,3.0
2024-08-08,0.9344718872359478,0.03284956351459814,0.4236596297074163,0.8387640091854743,0.34292573077673366,0.6246629304892027,1.0,0.4815659445077917,0.8788903023807506,0.0,0.46826301786393004,0.076440306781261,0.2325973653583395,0.40743473849275647,0.24227908310422702,0.3688311688311739,2024,0.0,0.0,0.01744785244297009,4.0
2024-08-09,0.751021049866566,0.3826278297048928,0.5360022838695939,0.7446892978000453,0.3718117465929503,0.7205298600834149,1.0,0.4815659445077917,0.7984470221031371,0.0,0.46826301786393004,0.41908894785896716,1.01706741457742,0.40743473849275647,0.16544105072339502,0.3688311688311739,2024,0.0,0.0,0.017183457520649884,0.0
2024-08-12,0.8917768824749813,0.03971298321651182,0.356115810645748,0.770752940463055,0.3123550107251503,0.5292725576034238,1.0,0.4815659445077917,0.8647630450825586,0.0,0.46826301786393004,0.08154860192986045,0.11560390589160419,0.40743473849275647,0.30827708237761464,0.3688311688311739,2024,1.0,0.0,0.017637169476450342,1.0
2024-08-13,0.49689708114847425,0.6375273603924889,0.3312299122425158,0.7706042185123111,0.44525989371721725,0.6582594055694301,1.0,0.4815659445077917,0.5076380466237349,1.0,0.46826301786393004,0.7412962164137495,0.3502004514368473,0.40743473849275647,0.6331907152242003,0.3688311688311739,2024,1.0,0.0,0.01720338747293406,2.0
2024-08-14,0.13372705286414274,0.5918770347277628,0.3196779613952209,0.6917152637688071,0.34483184368448666,0.5099966055346863,0.0,0.4815659445077917,0.19868067906977138,1.0,0.46826301786393004,0.7058678427623493,0.5292014302741318,0.40743473849275647,0.3754469606674614,0.3688311688311739,2024,0.0,1.0,0.0171374179895909,3.0
2024-08-15,0.5869458063055978,0.21222367634505335,0.3544348911217821,0.835498213051613,0.31092171495710835,0.5931289152417973,1.0,0.4815659445077917,0.6453772491309225,0.0,0.46826301786393004,0.33304654235873415,1.2612783547070163,0.40743473849275647,0.13661081841128386,0.3688311688311739,2024,0.0,0.0,0.017164293245417774,4.0
2024-08-16,0.8921266119426183,0.018548293010835274,0.5187125288402958,0.8541729251857547,0.26013603964779747,0.44189973589638215,1.0,0.4815659445077917,0.8300216430707863,0.0,0.46826301786393004,0.06344732516330155,0.05798749289368346,0.40743473849275647,0.4982376350199053,0.3688311688311739,2024,1.0,0.0,0.017537317897037278,0.0
2024-08-19,0.6628406345863832,0.3590073890840038,0.3948346375496335,0.7506107009289801,0.3455165651198219,0.6556236530513837,1.0,0.4815659445077917,0.8080148537440871,0.0,0.46826301786393004,0.3451046142990161,0.6383450925833861,0.40743473849275647,0.1586008148663456,0.3688311688311739,2024,0.0,0.0,0.017222405728593487,1.0
2024-08-20,0.47732212662651574,0.4366650510741614,0.3643539987212639,0.6707709898638031,0.364019648318275,0.5991193073831487,0.0,0.4815659445077917,0.535673480679771,1.0,0.46826301786393004,0.4950663658939502,0.14044763242035802,0.40743473849275647,0.4862377560860131,0.3688311688311739,2024,0.0,1.0,0.016795207068244587,2.0
2024-08-21,0.7263370051112686,0.3779015635154242,0.37600834978978087,0.7235000260912914,0.4272875563624286,0.6753270375363919,0.0,0.4815659445077917,0.7656948406718522,1.0,0.46826301786393004,0.3614081274806179,0.055715920542468475,0.40743473849275647,0.9930824807419738,0.3688311688311739,2024,0.0,0.0,0.016645816866729956,3.0
2024-08-22,0.18274470973992887,0.6075228954839296,0.33882697650460586,0.649830195792922,0.38416648814419707,0.6069123152500111,1.0,0.4815659445077917,0.20172018980581413,0.0,0.46826301786393004,0.6343385181544376,0.8380982860394022,0.40743473849275647,0.0074674631960674615,0.3688311688311739,2024,1.0,0.0,0.01616931728016006,4.0
2024-08-23,0.7734782472316589,0.1907657319929198,0.4841636093997062,0.8972179210138413,0.3455893071747217,0.858753644458857,1.0,0.4815659445077917,0.8171558922563361,0.0,0.46826301786393004,0.16781000769534093,0.40387297286528356,0.40743473849275647,0.10347850340678279,0.3688311688311739,2024,1.0,0.0,0.01427058906480644,0.0
2024-08-26,0.5379458437699333,0.6350352367757015,0.4293523812850333,0.7308921293752171,0.4221481688559389,0.6842357294389674,0.0,0.4815659445077917,0.6582582691140988,1.0,0.46826301786393004,0.5632239938977446,0.23143607886950335,0.40743473849275647,0.41855461072146155,0.3688311688311739,2024,0.0,1.0,0.013711255978621627,1.0
2024-08-27,0.9283210623093051,0.1649311641278237,0.6622476984621603,0.9386150070663359,0.3407275290667943,0.6845612508245306,1.0,0.4815659445077917,0.8949348077175954,1.0,0.46826301786393004,0.17922705656065513,0.12748053252951258,0.40743473849275647,0.9102403081302843,0.3688311688311739,2024,1.0,1.0,0.013515876316660578,2.0
2024-08-28,0.276673073066399,0.6298865494697826,0.42559802148374226,0.6792708713774162,0.33263173326233564,0.7112780667557382,0.0,0.4815659445077917,0.21145660168409658,0.0,0.46826301786393004,0.6411284852008928,0.7241534794838261,0.40743473849275647,0.03006033538745628,0.3688311688311739,2024,0.0,0.0,0.013282450498466202,3.0
2024-08-29,0.7614936929323728,0.43075512269900884,0.5968786713239266,0.910645913509122,0.27790471168147984,0.5669973220735339,0.0,0.4815659445077917,0.768360710632914,1.0,0.46826301786393004,0.3074451433580731,0.17161309511163947,0.40743473849275647,0.8030422128274316,0.3688311688311739,2024,0.0,0.0,0.013336298781144274,4.0
2024-08-30,0.3309457816195875,0.5807706777494747,0.4008098783194906,0.729381423361268,0.3039062178848387,0.7308121311649951,0.0,0.4815659445077917,0.20982544985563134,1.0,0.46826301786393004,0.6778499019793665,0.12394018806844409,0.40743473849275647,0.4085093263449979,0.3688311688311739,2024,0.0,1.0,0.012957362746233828,0.0
2024-09-02,0.6462964734902541,0.5899409140932941,0.4268167242598959,0.714682305424219,0.36357858290984235,0.7522993372749371,0.0,0.4815659445077917,0.6373506820167844,1.0,0.46826301786393004,0.5696369905887158,0.22288464935523888,0.40743473849275647,0.799417064122937,0.3688311688311739,2024,0.0,1.0,0.012944658213346755,1.0
2024-09-03,0.6166145195474052,0.2614145980752338,0.41852794330466564,0.8077010395445606,0.3662562587376756,0.7152140038106038,0.0,0.4815659445077917,0.508636678391594,1.0,0.46826301786393004,0.3554678331391987,0.22658413055710636,0.40743473849275647,0.666831738885773,0.3688311688311739,2024,0.0,1.0,0.012728445877530706,2.0
2024-09-04,0.7884382088384717,0.21167621772440484,0.41896808471826447,0.8819838315234022,0.40744737228939626,0.7608446641294706,1.0,0.4815659445077917,0.7801541147403127,0.0,0.46826301786393004,0.19953249497635187,0.8986540894972856,0.40743473849275647,0.05733348671345409,0.3688311688311739,2024,0.0,0.0,0.01244071590287854,3.0
2024-09-05,0.7523736135632877,0.21348734705976508,0.47426138346612834,0.9438702869007897,0.37515884251717463,0.745581796123903,1.0,0.4815659445077917,0.75691987058076,1.0,0.46826301786393004,0.18680990594215297,0.4323737635363477,0.40743473849275647,1.090258763166341,0.3688311688311739,2024,1.0,1.0,0.01150612473582658,4.0
2024-09-06,0.13396210336149803,0.44933974631050083,0.3163027740726738,0.7441592856201856,0.39103282351435825,0.7220956637054179,0.0,0.4815659445077917,0.11240232047383329,0.0,0.46826301786393004,0.5613237062761351,0.32709048985929573,0.40743473849275647,0.38769940238106426,0.3688311688311739,2024,0.0,0.0,0.012156703691860069,0.0
2024-09-09,0.8433092534122796,0.2740215928351233,0.4689279235519131,0.8068302092983882,0.35415571048702627,0.7450599404087842,1.0,0.4815659445077917,0.89365058860696,0.0,0.46826301786393004,0.15363682861228778,0.4108160543227815,0.40743473849275647,0.21321692736753467,0.3688311688311739,2024,0.0,0.0,0.011751626446759573,1.0
2024-09-10,0.8514807688601562,0.20461478498181532,0.4887170064139689,0.8623306011221877,0.3217942834922224,0.7352096702186285,1.0,0.4815659445077917,0.88862070240365,0.0,0.46826301786393004,0.20127764888870944,0.4287233779404896,0.40743473849275647,0.544734954362185,0.3688311688311739,2024,1.0,0.0,0.011474381535177835,2.0
2024-09-11,0.2560337522293036,0.5828316561829262,0.45524803958555166,0.8965410475502318,0.3410566913378635,0.6164817824589671,1.0,0.4815659445077917,0.3110572560449261,0.0,0.46826301786393004,0.5697377628928594,1.7537835890044318,0.40743473849275647,0.01837743230722502,0.3688311688311739,2024,0.0,0.0,0.011050358599097117,3.0
2024-09-12,0.9160645936835297,0.012004591245988584,0.6203006643408674,1.1214946626991271,0.3181254405871644,0.5539268734912824,1.0,0.4815659445077917,0.7789576954849149,0.0,0.46826301786393004,0.035710181871308436,0.9508334778193372,0.40743473849275647,0.07039357986772456,0.3688311688311739,2024,0.0,0.0,0.01127095174816585,4.0
2024-09-13,0.7239150200859226,0.25364231490794575,0.607619233532268,0.914349860902149,0.4257034806042291,0.8042092020943925,1.0,0.4815659445077917,0.7568499019227869,0.0,0.46826301786393004,0.19921767439001659,0.35759897828864595,0.40743473849275647,0.13055736282801633,0.3688311688311739,2024,1.0,0.0,0.011493702130346702,0.0
2024-09-16,0.56820984306571,0.6078734430073002,0.4245700830276543,0.7440494879215582,0.5591745152293661,0.8537394208832808,0.0,0.4815659445077917,0.6543391618264225,1.0,0.46826301786393004,0.5849378683654568,0.15787921969435328,0.40743473849275647,0.7433049972974345,0.3688311688311739,2024,0.0,0.0,0.011258425424756476,1.0
2024-09-17,0.4712351268313279,0.4759883477594066,0.487055221386534,0.7972930479674787,0.4226105676341732,0.6335618523722475,1.0,0.4815659445077917,0.28222186805362937,1.0,0.46826301786393004,0.6502622823376562,1.0797114200246454,0.40743473849275647,0.797818053844803,0.3688311688311739,2024,1.0,0.0,0.01105895906064038,2.0
2024-09-18,0.033796189436310076,0.769591277521287,0.5396010743732096,0.8820515888721222,0.4852862512459547,1.0507464480419788,0.0,0.4815659445077917,0.07034828308536085,0.0,0.46826301786393004,0.49284641343591507,1.176003943014057,0.40743473849275647,0.2638533574295219,0.3688311688311739,2024,0.0,0.0,0.011892480609509523,3.0
2024-09-19,0.7058887908331776,0.09310214117955956,0.5203060998733233,1.004523189750791,0.35409226550143685,0.7483640914268413,1.0,0.4815659445077917,0.6866625307533697,0.0,0.46826301786393004,0.10583140905862705,1.2478038067349941,0.40743473849275647,0.06213396778915265,0.3688311688311739,2024,0.0,0.0,0.012070443319283546,4.0
2024-09-20,0.7493751993263631,0.10266857883639616,0.5647121691207914,0.8057237171846341,0.40273337521630675,0.9331725662780312,1.0,0.4815659445077917,0.818366828969998,0.0,0.46826301786393004,0.0860092156099184,0.38619641888225864,0.40743473849275647,0.25402061855669134,0.3688311688311739,2024,0.0,0.0,0.01255118540940699,0.0
2024-09-23,0.7215022172961185,0.45606712639215063,0.5102270187043392,0.8159141775409395,0.4832541154704495,0.9810072369987204,1.0,0.4815659445077917,0.7631238205612747,0.0,0.46826301786393004,0.35717195764676396,1.1224958217270213,0.40743473849275647,0.18063509749303527,0.3688311688311739,2024,0.0,0.0,0.012195367200807885,1.0
2024-09-24,0.7887219549211703,0.10667013146755061,0.7485108574595877,1.3482845866361526,0.40711001751282067,0.9973228976856967,1.0,0.4815659445077917,0.7389353460122484,0.0,0.46826301786393004,0.11833376720233155,0.40712292013761375,0.40743473849275647,0.2220395092714782,0.3688311688311739,2024,1.0,0.0,0.012424312155970443,2.0
2024-09-25,0.49060632407666005,0.6940613260340777,0.5858649828232183,0.7962050312955359,0.6027039948340366,1.050928421312297,1.0,0.4815659445077917,0.4437086478026404,0.0,0.46826301786393004,0.6827425178673422,0.8830693200370698,0.40743473849275647,0.06733442174470303,0.3688311688311739,2024,0.0,0.0,0.012185430606007809,3.0
2024-09-26,0.6507396365037655,0.41493576848215497,0.7196845700557624,1.204416030940633,0.45620061860564887,0.9472543751158533,0.0,0.4815659445077917,0.5812113851381713,1.0,0.46826301786393004,0.35292023811466433,0.06428149293085361,0.40743473849275647,0.9292176205846338,0.3688311688311739,2024,0.0,1.0,0.011759441713862317,4.0
2024-09-27,0.5359101035045619,0.4335123538887981,0.46490615977690314,0.7720836128840608,0.5060091480547355,1.08613481484807,0.0,0.4815659445077917,0.3926867416800281,1.0,0.46826301786393004,0.5019835980227992,0.24607306545631374,0.40743473849275647,1.0409825123481522,0.3688311688311739,2024,0.0,0.0,0.012078043736352222,0.0
2024-09-30,0.09783767084373445,0.7699958889402037,0.43068502891336263,0.6152099894456584,0.44347117974287403,0.7846121576973957,1.0,0.4815659445077917,0.13118804420547606,0.0,0.46826301786393004,0.6647369169921326,1.143649449618971,0.40743473849275647,0.07053344623199652,0.3688311688311739,2024,1.0,0.0,0.012808311846061663,1.0
2024-10-01,0.6582585109715207,0.1990000449163239,0.5020594280094367,0.7999370633183825,0.4741343308770583,1.2093032563453836,0.0,0.4815659445077917,0.7143045710790243,0.0,0.46826301786393004,0.1585448951290289,0.0,0.40743473849275647,0.643077937600461,0.3688311688311739,2024,0.0,0.0,0.013014124425606864,2.0
2024-10-02,0.8321432896291661,0.40307766630425523,0.48675329836956643,0.8316570082326814,0.4428932544447677,0.8618687193919427,0.0,0.4815659445077917,0.791431497539721,1.0,0.46826301786393004,0.2977910731017661,0.13072408752754952,0.40743473849275647,0.6502607064162136,0.3688311688311739,2024,0.0,1.0,0.012315113438645536,3.0
2024-10-03,0.7410197044466229,0.37840183303606806,0.5277316818624795,0.8581005516010372,0.4010539806516282,0.7517441153668548,1.0,0.4815659445077917,0.7288977138606697,1.0,0.46826301786393004,0.30852937419395066,0.4355651389469478,0.40743473849275647,0.7392901934035956,0.3688311688311739,2024,1.0,1.0,0.012222730206540442,4.0
2024-10-04,0.5142564372780474,0.3132678447640829,0.47369028433623234,0.8155953041012406,0.3653223288763932,0.8425046926798203,0.0,0.4815659445077917,0.45651667890060044,0.0,0.46826301786393004,0.35913418496750893,0.17655178183035575,0.40743473849275647,0.46202108080976395,0.3688311688311739,2024,0.0,0.0,0.012871458235865095,0.0
2024-10-07,0.5007706891588615,0.7458851485607385,0.566521615509996,0.7876834963905642,0.36827398361379277,0.8751896199742298,0.0,0.4815659445077917,0.30156328086298057,1.0,0.46826301786393004,0.7860081866262102,0.3052536040694834,0.40743473849275647,1.1208392257846598,0.3688311688311739,2024,0.0,0.0,0.01280564673421815,1.0
2024-10-08,0.22403023932922653,0.5314050433845237,0.5126067295318921,0.9280555667709871,0.4045643630766664,0.7219857217165988,0.0,0.4815659445077917,0.14819139659775496,0.0,0.46826301786393004,0.49317230953193025,0.07437910728002772,0.40743473849275647,0.497652982845435,0.3688311688311739,2024,0.0,0.0,0.012768811711518764,2.0
2024-10-09,0.34675576948303727,0.885404911176091,0.4961808976142176,0.8769194623315861,0.44272640685519693,0.8906573224055774,1.0,0.4815659445077917,0.23395606224146084,1.0,0.46826301786393004,0.8488107821452372,0.7498029323663956,0.40743473849275647,0.1690052025855173,0.3688311688311739,2024,0.0,1.0,0.0121620585190014,3.0
2024-10-10,0.8772431805487093,0.17320525541521192,0.531771611176736,0.9217616267459241,0.3986108167560504,0.832384021152394,1.0,0.4815659445077917,0.876458179937774,0.0,0.46826301786393004,0.11481177693199125,1.0150607287449303,0.40743473849275647,0.06542510121457437,0.3688311688311739,2024,0.0,0.0,0.01173932054523677,4.0
2024-10-11,0.711157750133687,0.22818174589221252,0.47022085730322216,0.7286672978792403,0.41827138071112424,0.849925862117634,1.0,0.4815659445077917,0.8205602831279977,0.0,0.46826301786393004,0.1310498036196239,0.3098933729248261,0.40743473849275647,0.43460655958968014,0.3688311688311739,2024,1.0,0.0,0.011951047322964311,0.0
2024-10-14,0.2960624485623226,0.7646827226641718,0.4993163547776122,0.8311376415550537,0.42218596973997796,0.7706838786053288,1.0,0.4815659445077917,0.26684763940661166,1.0,0.46826301786393004,0.7531819872327973,0.6674796557303988,0.40743473849275647,0.3440819868201976,0.3688311688311739,2024,1.0,1.0,0.011499823353479112,1.0
2024-10-15,0.7255631459618475,0.24498136871757864,0.47308137258181465,0.883880603466591,0.37515035932825314,0.7117384848035606,1.0,0.4815659445077917,0.7641256389671193,0.0,0.46826301786393004,0.1899717298907961,0.7287890938251896,0.40743473849275647,0.12766639935846108,0.3688311688311739,2024,0.0,0.0,0.011708216595434624,2.0
2024-10-16,0.5529980800346209,0.523976490016475,0.4814794513952579,0.8759744772750593,0.40656846451916634,0.8495217705211234,1.0,0.4815659445077917,0.6023507266306034,0.0,0.46826301786393004,0.4014176079892247,0.7453628752486247,0.40743473849275647,0.019751144826299624,0.3688311688311739,2024,0.0,0.0,0.011551313822357988,3.0
2024-10-17,0.7943394347376291,0.35030162580573043,0.48069382579336706,0.7617960245250691,0.4329462362927861,0.6164868317785689,1.0,0.4815659445077917,0.8501907217493796,0.0,0.46826301786393004,0.19854970891292567,0.9765295793215539,0.40743473849275647,0.021751924480326732,0.3688311688311739,2024,0.0,0.0,0.01126783651915388,4.0
2024-10-18,0.8635196449641215,0.14052781352981017,0.5837213311978399,0.9994249216180862,0.3743252093520692,0.7257050398506044,1.0,0.4815659445077917,0.8810981294739317,0.0,0.46826301786393004,0.09383490927525537,0.6462683681361316,0.40743473849275647,0.24632637277648084,0.3688311688311739,2024,1.0,0.0,0.010859916629352297,0.0
2024-10-21,0.1506939524977194,0.7926507560053166,0.42456339885425004,0.6422765138452313,0.4454882050357273,0.9016070083343382,1.0,0.4815659445077917,0.22134694254128942,0.0,0.46826301786393004,0.7271410735951719,1.0349976200616218,0.40743473849275647,0.028408948568277324,0.3688311688311739,2024,0.0,0.0,0.010484486941209945,1.0
2024-10-22,0.8932370578402515,0.16307457221600727,0.6747815828763447,1.3764570566936236,0.4080482590371825,0.8110979309121394,1.0,0.4815659445077917,0.8934267879271943,1.0,0.46826301786393004,0.08115654247353182,0.3252455795677821,0.40743473849275647,1.3845284872298655,0.3688311688311739,2024,1.0,0.0,0.010580624776538839,2.0
2024-10-23,0.028438467269105254,0.7988414081248744,0.5410185057882919,0.7954728448549072,0.34351830065619987,0.7513199295415779,0.0,0.4815659445077917,0.043548221143659846,0.0,0.46826301786393004,0.6734994800125863,0.9051836053412448,0.40743473849275647,0.03148182492582438,0.3688311688311739,2024,0.0,0.0,0.011347338626092322,3.0
2024-10-24,0.7327322428133607,0.40645864518524427,0.549178985045847,0.8207608064476051,0.45769718734759024,0.9326001558780435,1.0,0.4815659445077917,0.756083552568075,0.0,0.46826301786393004,0.2158578954713692,0.3913949962092413,0.40743473849275647,0.6259003032600584,0.3688311688311739,2024,0.0,0.0,0.011019778580984171,4.0
2024-10-25,0.8330508339100624,0.14125806713338523,0.4662673577819928,0.7971699465711845,0.38825452743853206,0.997306552885907,0.0,0.4815659445077917,0.8582169310602015,0.0,0.46826301786393004,0.11044112754911767,0.0,0.40743473849275647,0.7257622870933222,0.3688311688311739,2024,0.0,0.0,0.011205838040353893,0.0
2024-10-28,0.8042096766329105,0.4364098713095071,0.5701404843949874,0.8360504365517745,0.41429064500957324,1.0902205330085886,1.0,0.4815659445077917,0.7993286989913156,0.0,0.46826301786393004,0.2569758802584948,1.1258209471137153,0.40743473849275647,0.08606982371241764,0.3688311688311739,2024,0.0,0.0,0.010550115785059143,1.0
2024-10-29,0.8718346863254564,0.13963527526361152,0.6163116010086993,1.0360049146026844,0.4302140486187599,1.036024620524791,1.0,0.4815659445077917,0.872204485904544,0.0,0.46826301786393004,0.0720703721648327,0.5198489059938757,0.40743473849275647,0.11707409783099297,0.3688311688311739,2024,0.0,0.0,0.010837209374174496,2.0
2024-10-30,0.8148891164481956,0.5148672993411952,0.636182085451641,0.8886191914188212,0.39720886117623194,1.0023658591698485,1.0,0.4815659445077917,0.8734866316435914,1.0,0.46826301786393004,0.21926441305409836,0.09266559595075594,0.40743473849275647,1.9003260816664185,0.3688311688311739,2024,1.0,0.0,0.010530966330326979,3.0
2024-10-31,0.041219330761142335,0.6898362804261122,0.5848073952555173,0.8494039408230893,0.38873866359305964,0.7855076363100493,0.0,0.4815659445077917,0.03388735870146837,0.0,0.46826301786393004,0.5536103933186031,0.5903962575674154,0.40743473849275647,0.3438359933957088,0.3688311688311739,2024,0.0,0.0,0.01135226488201536,4.0
2024-11-01,0.15021029713059583,0.8878807191870719,0.5967424615467571,0.8616989912881133,0.38164022742880593,0.8193055100683893,0.0,0.4815659445077917,0.1562037205469161,1.0,0.46826301786393004,0.7980008427657849,0.37541332608597683,0.40743473849275647,0.2029261222086365,0.3688311688311739,2024,0.0,1.0,0.011525949701814267,0.0
2024-11-04,0.44477229642899313,0.8049355980828728,0.5412063018298515,0.7009811891205275,0.5160684964516173,0.9055898114310511,1.0,0.4815659445077917,0.47975196886504107,1.0,0.46826301786393004,0.6800362220316954,0.4370002564281845,0.40743473849275647,0.3880457840874614,0.3688311688311739,2024,1.0,1.0,0.011196881567860974,1.0
2024-11-05,0.630845878844432,0.4535163111115359,0.5404069518566404,0.9288558424814879,0.3775820934392622,0.8517867827824064,0.0,0.4815659445077917,0.7642456172221268,1.0,0.46826301786393004,0.2595630737667812,0.19024675476552305,0.40743473849275647,2.996795696409781,0.3688311688311739,2024,0.0,0.0,0.011130207416771384,2.0
2024-11-06,0.0010721648624079595,0.7242920750758047,0.49323925887591413,0.8475216653001933,0.4893196809628498,0.9116515324544314,0.0,0.4815659445077917,0.0033943773864796743,1.0,0.46826301786393004,0.5091759421375555,1.4330972568578553,0.40743473849275647,0.4343142144638459,0.3688311688311739,2024,0.0,1.0,0.01346565901002354,3.0
2024-11-07,0.7996221396022318,0.02128625324304872,0.37592393352802733,0.7251195927318408,0.3866624853550488,0.6556144655176878,1.0,0.4815659445077917,0.7140620793759926,0.0,0.46826301786393004,0.04232722016232196,0.09969878397976834,0.40743473849275647,0.6809713286973302,0.3688311688311739,2024,1.0,0.0,0.014194081673371956,4.0
2024-11-08,0.14285948079401237,0.7882387294726805,0.28315021443403937,0.6803787945930965,0.42217698618252425,0.7244433857153141,0.0,0.4815659445077917,0.18397019949352522,1.0,0.46826301786393004,0.8226241392156076,0.04085477347025286,0.40743473849275647,1.912417117632938,0.3688311688311739,2024,0.0,0.0,0.01440614017722773,0.0
2024-11-11,0.01445731994056684,0.6963463429714627,0.38963842534268084,0.5694517335961572,0.2439218205069608,0.6414150904424579,0.0,0.4815659445077917,0.024946407337919238,1.0,0.46826301786393004,0.667900351157425,0.18470979289184927,0.40743473849275647,0.7094860649450278,0.3688311688311739,2024,0.0,0.0,0.015997576298335633,1.0
2024-11-12,0.17109215194927965,0.6537572918703448,0.4004903330237409,0.6897129510675261,0.29387420032235556,0.5519832936673297,0.0,0.4815659445077917,0.20404270450027467,1.0,0.46826301786393004,0.739834163367771,0.5028290882501353,0.40743473849275647,0.6205539790038137,0.3688311688311739,2024,0.0,0.0,0.015791667331079277,2.0
2024-11-13,0.045709496554621226,0.8766475137633013,0.4145013525107829,0.6280663761795954,0.2609135434764928,0.5631299672014625,0.0,0.4815659445077917,0.07420569299680467,1.0,0.46826301786393004,0.8415893803672169,0.20185254048207113,0.40743473849275647,0.8533180081809265,0.3688311688311739,2024,0.0,0.0,0.01642493729806143,3.0
2024-11-14,0.3592776294144541,0.38070992216434063,0.35251769570533315,0.5853005720147703,0.2909823502749557,0.5047875302226017,0.0,0.4815659445077917,0.5358453386481192,0.0,0.46826301786393004,0.3385987220069284,0.26379760214024583,0.40743473849275647,0.23536017438979723,0.3688311688311739,2024,0.0,0.0,0.016865079365079354,4.0
2024-11-15,0.5571693730292582,0.6316740016417189,0.34324908148944955,0.6642453984486879,0.4427164858496032,0.7624179038399755,1.0,0.4815659445077917,0.5362834025129305,0.0,0.46826301786393004,0.6873381215996067,1.2074273714843136,0.40743473849275647,0.0,0.3688311688311739,2024,0.0,0.0,0.016855889792765002,0.0
2024-11-18,0.7665971288993441,0.109808179469931,0.3681908911635524,0.6679086766353709,0.38310912816008214,0.7164620677183866,1.0,0.4815659445077917,0.8501563464949402,0.0,0.46826301786393004,0.08676715001573684,0.6235829487530011,0.40743473849275647,0.0324173085272225,0.3688311688311739,2024,0.0,0.0,0.017008352523534203,1.0
2024-11-19,0.7731990345447688,0.3796527517553679,0.38772796892205336,0.5880064343176836,0.38592846447049084,0.6804217397412909,1.0,0.4815659445077917,0.8221623775276715,0.0,0.46826301786393004,0.2963638025903361,0.5149078939039012,0.40743473849275647,0.29511932645439387,0.3688311688311739,2024,0.0,0.0,0.01714756819216738,2.0
2024-11-20,0.7752906034859461,0.24283694481236612,0.39515188069661494,0.5716073853337086,0.40376925346786685,0.5813207998620625,1.0,0.4815659445077917,0.8347769533258825,0.0,0.46826301786393004,0.18553552433525541,0.5357248253926549,0.40743473849275647,0.030068531330949354,0.3688311688311739,2024,0.0,0.0,0.016439624794686608,3.0
2024-11-21,0.8194056348173494,0.3930294844272424,0.5317192168250435,0.6692341345270391,0.32882214384854125,0.48774983105273056,1.0,0.4815659445077917,0.8793125860817628,0.0,0.46826301786393004,0.25021054596277337,1.066607210688867,0.40743473849275647,0.03121438834662628,0.3688311688311739,2024,0.0,0.0,0.0162014503681576,4.0
2024-11-22,0.8706016025396245,0.07146022534666502,0.36721045673151675,0.6798221737088641,0.32985601638073386,0.5610614719535612,1.0,0.4815659445077917,0.891298663505592,1.0,0.46826301786393004,0.08176376821579599,0.13123690388039627,0.40743473849275647,2.2027948891654723,0.3688311688311739,2024,1.0,0.0,0.01669650518443148,0.0
2024-11-25,0.0034970128533123555,0.7055198702640275,0.3552693493111378,0.721926433755367,0.35974657163022233,0.8361454939992126,0.0,0.4815659445077917,0.013730053093632585,1.0,0.46826301786393004,0.6285991442587843,0.3211933955010059,0.40743473849275647,0.39635382442993583,0.3688311688311739,2024,0.0,1.0,0.019459793287137157,1.0
2024-11-26,0.5208850995210357,0.34739800655876835,0.27445802848049106,0.7262237183685141,0.3571284016098588,0.6267277402970133,1.0,0.4815659445077917,0.772007165763752,0.0,0.46826301786393004,0.27232679838643353,0.5368163764130748,0.40743473849275647,0.12939199511152238,0.3688311688311739,2024,1.0,0.0,0.017757517918925235,2.0
2024-11-27,0.25270799352504136,0.6820369877023476,0.37749908115457687,0.6538761301769331,0.3506105864373566,0.6668630570858278,0.0,0.4815659445077917,0.3698926762969418,1.0,0.46826301786393004,0.7109548873931937,0.3108145227746504,0.40743473849275647,0.338638530271934,0.3688311688311739,2024,0.0,1.0,0.01677096865629012,3.0
2024-11-28,0.5298184701398599,0.49568971139124507,0.3258138890261028,0.7504925725778258,0.2493759434973027,0.5832039526051556,1.0,0.4815659445077917,0.6556161639384482,0.0,0.46826301786393004,0.47786323623545635,0.6566927348974225,0.40743473849275647,0.07593788960671796,0.3688311688311739,2024,1.0,0.0,0.016727081074112554,4.0
2024-11-29,0.3240595649010174,0.5900675117550476,0.3200560070280109,0.6377675027005388,0.25942631002245836,0.5605523007794757,0.0,0.4815659445077917,0.5396893606537189,1.0,0.46826301786393004,0.5110606329665263,0.0870140496874985,0.40743473849275647,0.6673514511046524,0.3688311688311739,2024,0.0,1.0,0.015486827070280259,0.0
2024-12-02,0.5044057586828425,0.4739629173005825,0.33877509142373724,0.7078340420985167,0.2702511561383668,0.5443528457135747,1.0,0.4815659445077917,0.5588806194756942,0.0,0.46826301786393004,0.48897381804683054,0.41368623100357943,0.40743473849275647,0.11587159032876788,0.3688311688311739,2024,1.0,0.0,0.0153716098247073,1.0
2024-12-03,0.48856728797906135,0.6371951750091341,0.39545764192169053,0.7093113497602817,0.29099468816827734,0.6826881901823428,1.0,0.4815659445077917,0.5850838968688413,1.0,0.46826301786393004,0.6168541134058205,0.34996134447593924,0.40743473849275647,0.28862791296984364,0.3688311688311739,2024,1.0,1.0,0.014678687883206016,2.0
2024-12-04,0.6641375222485812,0.4585395799960188,0.35728263531890586,0.6979264369687289,0.3102771361209497,0.7803420651390961,0.0,0.4815659445077917,0.76536251159266,1.0,0.46826301786393004,0.3501119807637657,0.15245009074409668,0.40743473849275647,0.7031426115197236,0.3688311688311739,2024,0.0,0.0,0.014110495599315306,3.0
2024-12-05,0.30675519595527706,0.66324683003654,0.36170769543094305,0.6790045045798139,0.3212230327346651,0.5414224938659028,0.0,0.4815659445077917,0.2552741751247958,1.0,0.46826301786393004,0.7260794893215227,0.3587524585557698,0.40743473849275647,0.4859417439355677,0.3688311688311739,2024,0.0,1.0,0.014488446695217467,4.0
2024-12-06,0.5117038828847132,0.3675166689038996,0.3925323461274235,0.6869864025891815,0.2945716523655457,0.6335772589086321,1.0,0.4815659445077917,0.5979144670800699,0.0,0.46826301786393004,0.38554299382364743,1.1888694298501619,0.40743473849275647,0.14384121424402177,0.3688311688311739,2024,0.0,0.0,0.013942456911052606,0.0
2024-12-09,0.33514017334963514,0.3098570179256145,0.3166980580196166,0.6740807247371264,0.3360670256042337,0.7957443009911384,1.0,0.4815659445077917,0.58511926755488,0.0,0.46826301786393004,0.19623182268708467,0.9252360965372498,0.40743473849275647,0.06190975865687634,0.3688311688311739,2024,0.0,0.0,0.014329372582482236,1.0
2024-12-10,0.8538979892903693,0.149089609746162,0.42561149952114347,0.7029194634810881,0.32960354806210107,0.7053932591677604,1.0,0.4815659445077917,0.8796643433579588,0.0,0.46826301786393004,0.10340072097410707,0.7128938756428236,0.40743473849275647,0.4924544179523123,0.3688311688311739,2024,0.0,0.0,0.014178806482558292,2.0
2024-12-11,0.8098647513798698,0.09702830978925911,0.4596986224065637,0.7965722044670079,0.3100970204727295,0.5844851708310428,1.0,0.4815659445077917,0.8152396024953207,0.0,0.46826301786393004,0.10098931590320687,0.20390549142303185,0.40743473849275647,1.0771748120976707,0.3688311688311739,2024,1.0,0.0,0.014615639738435417,3.0
2024-12-12,0.05147322201506524,0.8207823208401416,0.4060680213302563,0.7022851465723141,0.4032712932965056,0.6233671218163023,0.0,0.4815659445077917,0.07170606721726554,1.0,0.46826301786393004,0.7617663611943833,0.2974890537038654,0.40743473849275647,0.8696988651594956,0.3688311688311739,2024,0.0,0.0,0.014909095947379753,4.0
2024-12-13,0.034336013571989836,0.897399936802629,0.4021184102952317,0.5516565735940367,0.3756517730543897,0.7317520916103977,0.0,0.4815659445077917,0.054725063623886926,1.0,0.46826301786393004,0.7950395448401503,0.4521363763539791,0.40743473849275647,0.13150005995442937,0.3688311688311739,2024,0.0,1.0,0.013496600900025156,0.0
2024-12-16,0.47930211504339226,0.7157172576004475,0.4148809901117594,0.6703415035465657,0.4281317334291112,0.8337272159915079,0.0,0.4815659445077917,0.5598688373716747,1.0,0.46826301786393004,0.6089038151806334,0.17392381030995846,0.40743473849275647,0.5636633785959033,0.3688311688311739,2024,0.0,1.0,0.013048800651012856,1.0
2024-12-17,0.4771549357195317,0.5562864743236698,0.4079672720388397,0.8209636807983699,0.3327524982799599,0.7015965327999588,0.0,0.4815659445077917,0.548328853662842,1.0,0.46826301786393004,0.5133556967366754,0.1560881910806656,0.40743473849275647,1.8335977952229818,0.3688311688311739,2024,0.0,0.0,0.01292782808385491,2.0
2024-12-18,0.0043715299362680395,0.9729814131930502,0.4712892145761001,0.7230268632286526,0.3949429688737963,0.8886117560502788,0.0,0.4815659445077917,0.016330991614352183,1.0,0.46826301786393004,0.7318897946346216,1.1028322271955526,0.40743473849275647,0.09372588362401062,0.3688311688311739,2024,0.0,1.0,0.014318864922206511,3.0
2024-12-19,0.28509681052118147,0.6776959095575642,0.445589358139547,0.8144019171131599,0.44433839601181385,0.6545107540711037,1.0,0.4815659445077917,0.226791504444236,0.0,0.46826301786393004,0.5825193140473139,0.9894776541580247,0.40743473849275647,0.1240807090326183,0.3688311688311739,2024,1.0,0.0,0.014600746804933687,4.0
2024-12-20,0.5399030808952622,0.27691867847405427,0.36286819109813395,0.8283025870029521,0.3801401227714426,0.6421431955820585,1.0,0.4815659445077917,0.7440627252875154,0.0,0.46826301786393004,0.17050519317606785,0.27869185456023304,0.40743473849275647,0.3702103299909445,0.3688311688311739,2024,1.0,0.0,0.014749951108595555,0.0
2024-12-23,0.2516895426713811,0.7674675470829312,0.39627558783018413,0.6969338096813853,0.3184339705735269,0.7168779241103582,0.0,0.4815659445077917,0.2836021244867723,0.0,0.46826301786393004,0.8014889565316065,0.2152068238099637,0.40743473849275647,0.07601577547464106,0.3688311688311739,2024,0.0,0.0,0.014902251725725284,1.0
2024-12-24,0.7715092016013176,0.6649355390708523,0.38899956215704257,0.9155357675970117,0.31767210938508433,0.7953816092404554,1.0,0.4815659445077917,0.8298116085091493,0.0,0.46826301786393004,0.49349878253734875,0.5663613623968013,0.40743473849275647,0.0,0.3688311688311739,2024,0.0,0.0,0.014509644898333418,2.0
2024-12-26,0.8280718170086019,0.4766660628471118,0.47576965694775875,0.7829103098802574,0.3775542813479204,0.7259515459247198,0.0,0.4815659445077917,0.8321638828986775,1.0,0.46826301786393004,0.3901174121573112,0.11952496978300838,0.40743473849275647,0.5965504671642087,0.3688311688311739,2024,0.0,0.0,0.014135955548612737,4.0
2024-12-27,0.46704371918757775,0.544021747549734,0.4503350329315986,0.7704691190970928,0.2658783372147334,0.49331543597236577,0.0,0.4815659445077917,0.40490232222680594,1.0,0.46826301786393004,0.6566655317225327,0.17456562209121496,0.40743473849275647,0.6950046540490203,0.3688311688311739,2024,0.0,0.0,0.014050146555496277,0.0
2024-12-30,0.27388555385968505,0.6329891876539779,0.4025859823163262,0.614921457390001,0.2380744604273696,0.4866982151776814,0.0,0.4815659445077917,0.2655063974092047,0.0,0.46826301786393004,0.6822359845252042,0.6135648268810563,0.40743473849275647,0.08644920708113439,0.3688311688311739,2024,0.0,0.0,0.01367336130196693,1.0
2024-12-31,0.757129915975118,0.33196047754007485,0.38637438897553433,0.7624091413536919,0.23492332513783357,0.6441126768998081,1.0,0.4815659445077917,0.8536367081590757,0.0,0.46826301786393004,0.21825247861694425,1.069656449290267,0.40743473849275647,0.0,0.3688311688311739,2024,0.0,0.0,0.013235580813553915,2.0
2025-01-02,0.8876576358997541,0.191709789511531,0.4598106134699959,0.7776746430342767,0.29452882611350034,0.7065909209445898,1.0,0.48719723183391006,0.8901619956148507,0.0,0.4626297577854671,0.1333870271572392,0.2124056999161716,0.4109484300793789,0.6254819782062085,0.3648734017810251,2025,1.0,0.0,0.01282401326043817,4.0
2025-01-03,0.202834872712789,0.7589367988033872,0.39615990375588084,0.6957814371506896,0.36067018118255334,0.7103399962516818,0.0,0.48719723183391006,0.1574887874246912,1.0,0.4626297577854671,0.8064663388827472,0.2813111438432926,0.4109484300793789,0.7863785257326343,0.3648734017810251,2025,0.0,0.0,0.01230601662950357,0.0
2025-01-06,0.5082990563345973,0.24534491366871716,0.4184127197005079,0.7557588664715975,0.3385269540957371,0.6994054139271988,1.0,0.48719723183391006,0.5010847504065243,0.0,0.4626297577854671,0.3276281880988802,0.8954866677203033,0.4109484300793789,0.09482739156939346,0.3648734017810251,2025,1.0,0.0,0.012002135350896668,1.0
2025-01-07,0.4107135895075289,0.46298388534204554,0.44547716849869773,0.8349713434206156,0.3434611913703024,0.6758886560430805,1.0,0.48719723183391006,0.5173973403692712,0.0,0.4626297577854671,0.42247797964553924,0.6605055361948007,0.4109484300793789,0.10498919228903206,0.3648734017810251,2025,1.0,0.0,0.012226806203314792,2.0
2025-01-08,0.7280167902847059,0.413765577703694,0.45513200444970414,0.8358980566406834,0.37073219391727663,0.7087580126536396,1.0,0.48719723183391006,0.7248029716277969,0.0,0.4626297577854671,0.3429612342861066,0.518381053375745,0.4109484300793789,0.18805231530577401,0.3648734017810251,2025,0.0,0.0,0.012147685192888487,3.0
2025-01-09,0.7750083081291927,0.4409230856919848,0.4767207466369096,0.7880584017994345,0.39007182254029055,0.7594007452780974,1.0,0.48719723183391006,0.7005294630031389,0.0,0.4626297577854671,0.35306807739697965,0.9539284750006068,0.4109484300793789,0.2247367516752157,0.3648734017810251,2025,0.0,0.0,0.01089820513053716,4.0
2025-01-10,0.6117187508673236,0.2902270697388805,0.3747144165689541,0.6210315913137516,0.4090593990315296,0.6561512006839302,0.0,0.48719723183391006,0.6731263807121238,1.0,0.4626297577854671,0.17602288607391633,0.13985556478195638,0.4109484300793789,1.1399813794318272,0.3648734017810251,2025,0.0,0.0,0.010556068205253235,0.0
2025-01-13,0.17092866582092553,0.6739077273057118,0.43529111630529393,0.6446847859348835,0.3940931171889319,0.7675568216800809,0.0,0.48719723183391006,0.0856493997703291,0.0,0.4626297577854671,0.7067339782945058,0.5438247011952212,0.4109484300793789,0.1126264174072973,0.3648734017810251,2025,0.0,0.0,0.01050281319605679,1.0
2025-01-14,0.8810030996716707,0.34824984601678965,0.43592512542739376,0.8012824443470177,0.3841719216833509,0.7786099833071021,1.0,0.48719723183391006,0.9046749627777467,0.0,0.4626297577854671,0.1659842538397686,0.7377994906709544,0.4109484300793789,0.28413284132841155,0.3648734017810251,2025,0.0,0.0,0.010267391892490403,2.0
2025-01-15,0.8666376017983484,0.14787236261686798,0.42777802481985483,0.8696277990163361,0.35575707781133903,0.8301060489538857,1.0,0.48719723183391006,0.8755716333955456,0.0,0.4626297577854671,0.10656069832758384,0.9772144333491135,0.4109484300793789,0.23358318599496383,0.3648734017810251,2025,0.0,0.0,0.010636860747369439,3.0
2025-01-16,0.5908205814014084,0.312744836693533,0.3880263698531618,0.8284986400153161,0.3962283762479256,0.724120099734795,0.0,0.48719723183391006,0.650914604487105,0.0,0.4626297577854671,0.2038632068714382,0.09585573422696335,0.4109484300793789,0.5245063767207503,0.3648734017810251,2025,0.0,0.0,0.010914664631739575,4.0
2025-01-17,0.37601408000129644,0.8410750012971131,0.3977437671620229,0.779835080772302,0.3927777384807748,0.7818280086532929,0.0,0.48719723183391006,0.2630778225454056,1.0,0.4626297577854671,0.8155387311892145,0.39536542766475735,0.4109484300793789,0.44530269858059585,0.3648734017810251,2025,0.0,1.0,0.01074531816989924,0.0
2025-01-20,0.7639325009411034,0.2650047726805555,0.41912401667036425,0.8024049651283853,0.2636791058638731,0.6267761860936613,1.0,0.48719723183391006,0.7617321523150206,0.0,0.4626297577854671,0.24464535190349285,1.3263305673243255,0.4109484300793789,0.19128080423175295,0.3648734017810251,2025,0.0,0.0,0.010520732613717212,1.0
2025-01-21,0.8691982704675532,0.04006896323870981,0.49846203978976833,0.847773952714067,0.3265469263376553,0.613499387983489,1.0,0.48719723183391006,0.8181888150330658,0.0,0.4626297577854671,0.05526182149182094,0.6194779357127467,0.4109484300793789,0.10570723171696665,0.3648734017810251,2025,0.0,0.0,0.010856237281607957,2.0
2025-01-22,0.7604193040353129,0.38711191454983773,0.48480029877167646,0.9103883574389012,0.37018698669636446,0.7086731913764269,0.0,0.48719723183391006,0.7373946394039853,1.0,0.4626297577854671,0.3368407894721063,0.0944579993028943,0.4109484300793789,0.7120948065528003,0.3648734017810251,2025,0.0,1.0,0.010409183592020954,3.0
2025-01-23,0.8025126269498676,0.2917669682335357,0.44852672802820487,0.8777294853026008,0.39608243653969094,0.7536694593845074,1.0,0.48719723183391006,0.7761833486579844,0.0,0.4626297577854671,0.23838402787268065,1.1048354532606501,0.4109484300793789,0.0473450434080407,0.3648734017810251,2025,0.0,0.0,0.010274574680216045,4.0
2025-01-24,0.38695136785017775,0.5014943252735843,0.46776111668312687,0.9112949339803862,0.503776215004917,0.870969392736901,0.0,0.48719723183391006,0.5024601405895289,1.0,0.4626297577854671,0.32559081147925684,0.05505378526487354,0.4109484300793789,1.4406332453825845,0.3648734017810251,2025,0.0,0.0,0.010160517408934013,0.0
2025-01-27,0.12222348236768266,0.5655288935415071,0.4200881802801766,0.7169772687944602,0.31140451814151726,0.681828161938252,0.0,0.48719723183391006,0.08391317291005086,0.0,0.4626297577854671,0.6110615689557234,0.8383958117251937,0.4109484300793789,0.20467229713044155,0.3648734017810251,2025,0.0,0.0,0.01055341994500984,1.0
2025-01-28,0.8555391036811353,0.1860576579434623,0.4533704113958554,0.9084090615108976,0.4519841327436822,0.8554532568614299,1.0,0.48719723183391006,0.8607562509743008,0.0,0.4626297577854671,0.10776120416686151,0.09860596607525395,0.4109484300793789,0.6380386040163866,0.3648734017810251,2025,1.0,0.0,0.010606135801550084,2.0
2025-01-29,0.7720318035130395,0.3898130622111356,0.48928727407011113,0.8949759312935036,0.3924656519914257,0.7994744310130169,1.0,0.48719723183391006,0.7123232136910035,0.0,0.4626297577854671,0.34682350210360363,1.3230987361576203,0.4109484300793789,0.07426601804092456,0.3648734017810251,2025,0.0,0.0,0.010587503293470055,3.0
2025-01-30,0.857321481439834,0.07492208063444582,0.5860087794594164,0.9628811552277746,0.40157120929962153,0.7229164249521568,1.0,0.48719723183391006,0.7911364638313008,0.0,0.4626297577854671,0.07737581158453323,0.7609720885466837,0.4109484300793789,0.12261790182867703,0.3648734017810251,2025,0.0,0.0,0.010622603140978005,4.0
2025-01-31,0.3031215479531848,0.7465967088243137,0.4677493056532795,0.9424924216590245,0.42193017546249667,0.8157751353061797,1.0,0.48719723183391006,0.3224439670197926,1.0,0.4626297577854671,0.6443592277325374,1.1075709001233007,0.4109484300793789,0.9163008631319336,0.3648734017810251,2025,1.0,1.0,0.010349451593917647,0.0
2025-02-03,0.4012469518383671,0.07799397599657976,0.5519552827332526,0.8643886225346156,0.49035619966419836,0.9978288692821197,1.0,0.48719723183391006,0.39331997156043425,0.0,0.4626297577854671,0.10328909651853499,0.9729899497487439,0.4109484300793789,0.2258165829145745,0.3648734017810251,2025,0.0,0.0,0.011313326558602609,1.0
2025-02-04,0.8189117393910088,0.1274540360106375,0.5269810243755197,0.9874808482065937,0.38288454971156083,0.9445347654821391,1.0,0.48719723183391006,0.8193144471160594,0.0,0.4626297577854671,0.10165455014348918,1.2392506142506097,0.4109484300793789,0.07125307125307619,0.3648734017810251,2025,0.0,0.0,0.011456680307247351,2.0
2025-02-05,0.46997416104249456,0.3447319683338872,0.6579558838207762,1.2310268395836308,0.42359635994801187,0.8708825561466808,0.0,0.48719723183391006,0.5760558898487447,1.0,0.4626297577854671,0.2094557286096464,0.1762904825563749,0.4109484300793789,1.0043123894950172,0.3648734017810251,2025,0.0,1.0,0.0115530246415369,3.0
2025-02-06,0.5042756484483792,0.2890636502952597,0.4591628566907625,0.9299257961525063,0.4940101361066571,0.9779164560752002,1.0,0.48719723183391006,0.41158830581873296,0.0,0.4626297577854671,0.37765551591874535,0.8919939732926014,0.4109484300793789,0.10171100699675904,0.3648734017810251,2025,1.0,0.0,0.012118148635216994,4.0
2025-02-07,0.17554379645487259,0.6572184288405398,0.4624531267624248,0.8501924299963495,0.39517590319988904,0.8827404799263989,1.0,0.48719723183391006,0.26922577490382393,0.0,0.4626297577854671,0.6598873685977678,1.4402313494711685,0.4109484300793789,0.20356326720459608,0.3648734017810251,2025,0.0,0.0,0.012345454009819646,0.0
2025-02-10,0.8013935817401842,0.044055958757812846,0.8285854292314463,1.305085306740992,0.39468805284263025,0.8700476900464797,1.0,0.48719723183391006,0.7587717339777263,0.0,0.4626297577854671,0.05384078619173862,0.9508158096247906,0.4109484300793789,0.7232137597926593,0.3648734017810251,2025,1.0,0.0,0.012510242821182446,1.0
2025-02-11,0.04189022752657828,0.6588272180357876,0.49970373648727184,0.8854022128834245,0.5161507371703444,0.8705856577140926,0.0,0.48719723183391006,0.10856717633133324,1.0,0.4626297577854671,0.5205976450427681,0.3006197593875255,0.4109484300793789,0.857965730951522,0.3648734017810251,2025,0.0,1.0,0.013524720704409656,2.0
2025-02-12,0.7368528264638345,0.14509939736930189,0.4454293872055712,0.8266472156723382,0.49478772517291303,0.8759604375002429,1.0,0.48719723183391006,0.7659362372249369,0.0,0.4626297577854671,0.1353884872701259,0.6204673650282074,0.4109484300793789,0.09196650667414075,0.3648734017810251,2025,0.0,0.0,0.014039918563258338,3.0
2025-02-13,0.8785383639880391,0.22865137122956405,0.5676975031454035,0.9393592001549514,0.5355404974857287,0.8827927935181252,1.0,0.48719723183391006,0.9045259467675114,1.0,0.4626297577854671,0.15083773638160874,0.2894764674775255,0.4109484300793789,1.2652564780539388,0.3648734017810251,2025,1.0,0.0,0.013838293213747847,4.0
2025-02-14,0.014228333007829745,0.8305033917974306,0.37022556434080084,0.6545331203538984,0.43709025813133795,0.824779701830425,0.0,0.48719723183391006,0.044078138741247296,0.0,0.4626297577854671,0.7304443616726142,0.5707679491320836,0.4109484300793789,0.1025858991142305,0.3648734017810251,2025,0.0,0.0,0.014575848483932346,0.0
2025-02-17,0.5926688370645969,0.5217067427791136,0.38700806556378264,0.8217463742186806,0.36510187391265314,0.7531539119292515,1.0,0.48719723183391006,0.7784293279626535,0.0,0.4626297577854671,0.3334733483535705,0.9322031007487499,0.4109484300793789,0.14064232232095347,0.3648734017810251,2025,0.0,0.0,0.01445154808613301,1.0
2025-02-18,0.8271108141503523,0.09261118759692374,0.4989095053934398,0.9228837105827188,0.41827458061900813,0.6791548833579685,1.0,0.48719723183391006,0.8723259584201445,0.0,0.4626297577854671,0.09984040917368009,0.26890839005987144,0.4109484300793789,0.3837283687361612,0.3648734017810251,2025,1.0,0.0,0.014835780695696263,2.0
2025-02-19,0.6121345028776349,0.5483849338292021,0.5089184332075091,0.9678921718713595,0.4093663299161891,0.7910628955285233,1.0,0.48719723183391006,0.5911367163541853,0.0,0.4626297577854671,0.5271901896817297,0.5079699953117693,0.4109484300793789,0.2135489920299971,0.3648734017810251,2025,1.0,0.0,0.014543942069699093,3.0
2025-02-20,0.4628648941940092,0.575303996264713,0.47484407764057524,0.9679287996032001,0.3610999253486603,0.7628522557588564,0.0,0.48719723183391006,0.5737885195426045,1.0,0.4626297577854671,0.5216978243399183,0.24357333953704335,0.4109484300793789,0.5220425729905798,0.3648734017810251,2025,0.0,1.0,0.014624678059750738,4.0
2025-02-21,0.504523916416099,0.5072815110222763,0.4130462342848766,0.971009841411952,0.37021222090856265,0.888053818910043,1.0,0.48719723183391006,0.5914433398607855,0.0,0.4626297577854671,0.43482379700338053,0.4964935425635293,0.4109484300793789,0.3565129843077371,0.3648734017810251,2025,0.0,0.0,0.01401627900979007,0.0
2025-02-24,0.7683258738086979,0.24364221804017258,0.4674653875017051,0.9138022984957912,0.4825363320604513,0.8839021911424131,0.0,0.48719723183391006,0.847841714427532,1.0,0.4626297577854671,0.16392292014063675,0.026875621716896295,0.4109484300793789,1.5714908989371974,0.3648734017810251,2025,0.0,0.0,0.01386249228262151,1.0
2025-02-25,0.1772027299013606,0.3897646244868423,0.4209986541913528,0.8178448485248471,0.4141156224646879,0.7703694902325495,0.0,0.48719723183391006,0.13750034658271054,0.0,0.4626297577854671,0.43128878856378744,0.36001074258090937,0.4109484300793789,0.5644554854303749,0.3648734017810251,2025,0.0,0.0,0.014599234162639215,2.0
2025-02-26,0.6145479556359916,0.36064756285363925,0.45973612657857615,0.8857842060707277,0.3258008568053893,0.8054858637566437,0.0,0.48719723183391006,0.6203454395284791,1.0,0.4626297577854671,0.33378662111284185,0.1059413748552773,0.4109484300793789,1.1397506669574993,0.3648734017810251,2025,0.0,0.0,0.01459785897741751,3.0
2025-02-27,0.13241307415843284,0.6637278055645912,0.5144820888549162,0.7708961892345745,0.28943012332650964,0.6652966907693083,0.0,0.48719723183391006,0.10108231353103779,1.0,0.4626297577854671,0.7223910722416133,0.1810845549354856,0.4109484300793789,1.0111123765517545,0.3648734017810251,2025,0.0,0.0,0.015259535999674258,4.0
2025-02-28,0.3917804229915686,0.3510593937245292,0.44848835712466845,0.7592655324050441,0.3646675677519302,0.7350974900050182,1.0,0.48719723183391006,0.30915900972540256,0.0,0.4626297577854671,0.4294491296703854,0.8569082458819856,0.4109484300793789,0.06529700612570338,0.3648734017810251,2025,0.0,0.0,0.015218930048557809,0.0
2025-03-03,0.8261206647242464,0.12119255237301296,0.3847912810644765,0.7526098257461357,0.2857808808313601,0.7346718031040128,1.0,0.48719723183391006,0.8823383991222256,0.0,0.4626297577854671,0.1105933928566433,0.8198326872066939,0.4109484300793789,0.27589607563082713,0.3648734017810251,2025,0.0,0.0,0.014518957692292497,1.0
2025-03-04,0.7694982728078288,0.11586615614512885,0.4707139243926045,0.7853338088627198,0.33943326205639557,0.786194361592757,1.0,0.48719723183391006,0.7322779766673285,0.0,0.4626297577854671,0.17745205384413523,0.28891719745223143,0.4109484300793789,0.5569087048832181,0.3648734017810251,2025,1.0,0.0,0.01441316213638438,2.0
2025-03-05,0.7154140090101773,0.27689203120307737,0.4626038670372925,0.9140255036155456,0.38658689584957806,0.8092905901157275,0.0,0.48719723183391006,0.6907878597390463,1.0,0.4626297577854671,0.3182342120332352,0.17803685722445675,0.4109484300793789,0.6528802056209737,0.3648734017810251,2025,0.0,1.0,0.014566537413637578,3.0
2025-03-06,0.6443356428934822,0.3664112899707547,0.4443886595992316,0.9571007178289723,0.3621746385784622,0.9058763977043025,1.0,0.48719723183391006,0.5334714427951107,0.0,0.4626297577854671,0.4377038734893141,0.47628611698380174,0.4109484300793789,0.36405919661733066,0.3648734017810251,2025,1.0,0.0,0.013927515086914453,4.0
2025-03-07,0.394500692108077,0.5950836223899472,0.4148372421641272,0.8809573403289268,0.42332456094782245,0.8781260285910785,0.0,0.48719723183391006,0.460466548081786,1.0,0.4626297577854671,0.5472247534210153,0.17457881335240388,0.4109484300793789,0.7542293069168874,0.3648734017810251,2025,0.0,0.0,0.014068665530469012,0.0
2025-03-10,0.2775210143569324,0.6383290543793405,0.38035093527319896,0.7322473416104311,0.40048837552767114,0.7328070155865375,1.0,0.48719723183391006,0.20458429920646187,1.0,0.4626297577854671,0.7210238879471345,0.8153012409751217,0.4109484300793789,0.23354339882433475,0.3648734017810251,2025,1.0,1.0,0.014004967215684264,1.0
2025-03-11,0.7346844760211878,0.18938377671689588,0.43286633237482214,0.876426231930605,0.46354716019559983,0.8247024415506874,1.0,0.48719723183391006,0.8001334065082362,0.0,0.4626297577854671,0.15419665525568668,0.5995417822259771,0.4109484300793789,0.23152055950801673,0.3648734017810251,2025,0.0,0.0,0.014221528647128421,2.0
2025-03-12,0.8191606107286624,0.22143709343700752,0.4235273700755253,0.856213356907451,0.3809930978714515,0.8301269977219711,1.0,0.48719723183391006,0.797097216186646,0.0,0.4626297577854671,0.23185167509092905,1.341789486297272,0.4109484300793789,0.019890788955646246,0.3648734017810251,2025,0.0,0.0,0.014226246485993655,3.0
2025-03-13,0.9383899977367034,0.02370172015874376,0.5090254362602221,1.1456557360669763,0.38650048416771604,0.8275886312628954,1.0,0.48719723183391006,0.8585469104641059,0.0,0.4626297577854671,0.06089511605996216,0.37710902812036673,0.4109484300793789,0.23160664364414654,0.3648734017810251,2025,1.0,0.0,0.01453414029161973,4.0
2025-03-14,0.3644730001059283,0.6895160195811937,0.511253364595432,0.9081992561133293,0.4550855692799374,0.8479737812660358,0.0,0.48719723183391006,0.38819601411070737,0.0,0.4626297577854671,0.7399111199124617,0.3748498598692152,0.4109484300793789,0.08337781929801523,0.3648734017810251,2025,0.0,0.0,0.014340306202761376,0.0
2025-03-17,0.8945142657651104,0.2987151498416222,0.620667994614161,1.0221714024631197,0.32242091502958764,0.6542112941832614,1.0,0.48719723183391006,0.9217532374960663,0.0,0.4626297577854671,0.1990473034453731,0.9459937865761094,0.4109484300793789,0.03565493822700299,0.3648734017810251,2025,0.0,0.0,0.013178346608320533,1.0
2025-03-18,0.8364130492267212,0.1601069632990966,0.572020070673268,0.9994787000017673,0.36183383133381597,0.7152666544342527,1.0,0.48719723183391006,0.845850396278367,0.0,0.4626297577854671,0.13520075975682674,0.4581284350592974,0.4109484300793789,0.28474833670812827,0.3648734017810251,2025,0.0,0.0,0.013022929038315841,2.0
2025-03-19,0.8888498070013399,0.2706018587188489,0.6491877990231713,1.0813676614684706,0.4105133177643346,0.8735079337916497,1.0,0.48719723183391006,0.8320359909273563,0.0,0.4626297577854671,0.21311615718482893,0.27368540344514697,0.4109484300793789,0.5669386521607745,0.3648734017810251,2025,1.0,0.0,0.012410904455445322,3.0
2025-03-20,0.5966255279621314,0.4527980244205181,0.5019858784432631,1.0404131410024067,0.4291053971739084,0.8837091972637767,0.0,0.48719723183391006,0.572804168323103,1.0,0.4626297577854671,0.4042523796174201,0.08610898229478893,0.4109484300793789,1.2368881290652207,0.3648734017810251,2025,0.0,0.0,0.011940034462305451,4.0
2025-03-21,0.36063760788716664,0.3556584567926448,0.4725133296420981,0.9367556362403134,0.3210535457031234,0.6207900429804117,0.0,0.48719723183391006,0.27107932151908226,0.0,0.4626297577854671,0.4008762131756006,0.2760075067231498,0.4109484300793789,0.5579739586356437,0.3648734017810251,2025,0.0,0.0,0.012212595132163115,0.0
2025-03-24,0.3989094025758699,0.6971886679983776,0.46925665466113403,0.8464953298006195,0.3408929355367174,0.7610616043735232,1.0,0.48719723183391006,0.30323675747583756,0.0,0.4626297577854671,0.6693629668918551,0.6689791280425761,0.4109484300793789,0.12559057472639207,0.3648734017810251,2025,1.0,0.0,0.011895868993905856,1.0
2025-03-25,0.4887985448257098,0.5597763837934638,0.4162764457404313,0.9418436107210486,0.37083785566022276,0.782260492861087,0.0,0.48719723183391006,0.49709997654863397,0.0,0.4626297577854671,0.5413205263634578,0.3433967605605355,0.4109484300793789,0.21656926778960822,0.3648734017810251,2025,0.0,0.0,0.011696817948949617,2.0
2025-03-26,0.5318294840550213,0.7728497487286355,0.47782454410644837,0.9818375096173881,0.487588970460616,0.8443029008927763,1.0,0.48719723183391006,0.4626634109112712,0.0,0.4626297577854671,0.7027624298796394,1.1913649839241798,0.4109484300793789,0.040335713390945716,0.3648734017810251,2025,0.0,0.0,0.011332700820767854,3.0
2025-03-27,0.8817126945149909,0.08397307085945788,0.5072278170538582,0.8861938223644185,0.40054996597158227,0.6550228904480693,1.0,0.48719723183391006,0.8373619279869863,0.0,0.4626297577854671,0.08667752545783278,0.8629093522225653,0.4109484300793789,0.07444820860281715,0.3648734017810251,2025,0.0,0.0,0.011381098193605535,4.0
2025-03-28,0.8752590932739929,0.23908693334681788,0.5221377061550534,1.0294838783240305,0.3970059887502255,0.749531490529637,1.0,0.48719723183391006,0.8792996571872467,0.0,0.4626297577854671,0.11480553144775282,1.2409368381711765,0.4109484300793789,0.24097836468585138,0.3648734017810251,2025,0.0,0.0,0.011150867096722784,0.0
2025-03-31,0.8134489918143071,0.09548309548111801,0.6974852943323075,1.5165950648735018,0.48616007429490626,0.9899868873406624,1.0,0.48719723183391006,0.7737861634440728,0.0,0.4626297577854671,0.06835050856763955,0.7183368695935926,0.4109484300793789,0.6563571078831415,0.3648734017810251,2025,1.0,0.0,0.011208104518730161,1.0
2025-04-01,0.1721080515268814,0.62060962581678,0.49040775036234424,1.1251168059704382,0.46621033102104553,1.0654135226393866,0.0,0.48719723183391006,0.15431434284069775,0.0,0.4626297577854671,0.5676777931914059,0.8022150328483799,0.4109484300793789,0.25675326995216086,0.3648734017810251,2025,0.0,0.0,0.01155679420130285,2.0
2025-04-02,0.660923159521519,0.4174876015612431,0.6517474081199509,1.429624392008454,0.4225505272785488,1.0825123812644317,1.0,0.48719723183391006,0.6763378900864551,1.0,0.4626297577854671,0.21478594500590872,1.0282404353562067,0.4109484300793789,2.2538753298153074,0.3648734017810251,2025,1.0,1.0,0.011063144667857053,3.0
2025-04-03,0.05049485841552515,0.05965498052219426,0.5804831201923806,1.0850432784178194,0.598280957486477,1.0304689616791358,0.0,0.48719723183391006,0.04272803343046014,1.0,0.4626297577854671,0.0916090720485288,0.5490819517478812,0.4109484300793789,2.4115581488793043,0.3648734017810251,2025,0.0,0.0,0.013129031074249715,4.0
2025-04-04,0.003999859681373062,0.6316610805528369,0.5166771409093927,0.8828995507075718,0.6204095293569862,1.0340226089172533,0.0,0.48719723183391006,0.010569879013659227,1.0,0.4626297577854671,0.39477040661933316,0.3542383948711907,0.4109484300793789,1.7096936958328421,0.3648734017810251,2025,0.0,0.0,0.01584057494723644,0.0
2025-04-07,0.06633631893827073,0.41930794858807185,0.5923786620107779,0.8972272396513101,0.49457338279512575,0.787820364704336,0.0,0.48719723183391006,0.04534344317604636,0.0,0.4626297577854671,0.47574041092367,0.7757230785990546,0.4109484300793789,0.13821558908437304,0.3648734017810251,2025,0.0,0.0,0.017590598673447116,1.0
2025-04-08,0.3179746354313935,0.7164082943288558,0.48576625755867614,0.9426914875950156,0.2977669716300638,0.7064694184782616,1.0,0.48719723183391006,0.21200535176547136,1.0,0.4626297577854671,0.7615536115717985,2.1875290523939137,0.4109484300793789,0.22386612656882893,0.3648734017810251,2025,0.0,1.0,0.01803529211688026,2.0
2025-04-09,0.711411699890221,0.009654533614037026,0.39301343264385874,0.7819993416348165,0.5115151266245201,1.0460732316837416,1.0,0.48719723183391006,0.5644955306153222,0.0,0.4626297577854671,0.03329519439012868,1.5381324557795175,0.4109484300793789,0.19481694775811947,0.3648734017810251,2025,0.0,0.0,0.019713517423473246,3.0
2025-04-10,0.9534437917942363,0.006938101753959339,0.47337654953309444,0.879368670322686,0.49735054634097253,0.7348599260395444,1.0,0.48719723183391006,0.8004026827163904,0.0,0.4626297577854671,0.04112806451557995,1.0782750418465359,0.4109484300793789,0.0,0.3648734017810251,2025,0.0,0.0,0.020426865890544106,4.0
2025-04-11,0.775696662345461,0.23902603669931574,0.5660919634523349,0.7657181010342867,0.41915562848631305,0.8209308382096725,1.0,0.48719723183391006,0.844162047124618,0.0,0.4626297577854671,0.12358623696947296,0.1172049027163458,0.4109484300793789,0.6510562376613885,0.3648734017810251,2025,1.0,0.0,0.020897330115293454,0.0
2025-04-14,0.2896184032677156,0.6457045852406726,0.5522841353132978,0.7027891708984736,0.4399019190256841,0.6892201299011547,0.0,0.48719723183391006,0.3414894408401424,0.0,0.4626297577854671,0.6922720346314553,0.3338690071491869,0.4109484300793789,0.00692255392793154,0.3648734017810251,2025,0.0,0.0,0.021597638796989647,1.0
2025-04-15,0.7321522802464608,0.5587272990554693,0.4596532079091946,0.8148884921491326,0.4716361502627338,0.7193067227661494,1.0,0.48719723183391006,0.8983158074922875,0.0,0.4626297577854671,0.32953329822891564,1.6341641100360196,0.4109484300793789,0.0,0.3648734017810251,2025,0.0,0.0,0.02155652729762069,2.0
2025-04-16,0.8559954616769652,0.014614903955740098,0.5492626501285773,1.2601052337566085,0.44450475384119126,0.7752577320536884,1.0,0.48719723183391006,0.8373662250472744,0.0,0.4626297577854671,0.04386711030000361,0.19416751894935352,0.4109484300793789,0.7904531594995233,0.3648734017810251,2025,1.0,0.0,0.02235402610067206,3.0
2025-04-17,0.43661986983415096,0.2956987057585025,0.5416730674918719,0.8371484613558253,0.41326472900400796,0.8912351884508017,1.0,0.48719723183391006,0.5158865418460146,0.0,0.4626297577854671,0.40335357090126756,1.3424639894037793,0.4109484300793789,0.0,0.3648734017810251,2025,0.0,0.0,0.02334618485141442,4.0
2025-04-21,0.7867769080169803,0.05748436399490627,0.6998673778272542,1.2341977955121282,0.4455828282003029,0.916240129260331,1.0,0.48719723183391006,0.8398770082937089,0.0,0.4626297577854671,0.077547957136694,0.92940505940637,0.4109484300793789,0.7061072383708187,0.3648734017810251,2025,1.0,0.0,0.02378915108744444,1.0
2025-04-22,0.010393057501994237,0.8002408540056367,0.523935946953481,0.8859391523024229,0.4330501718383644,0.8418987932171031,0.0,0.48719723183391006,0.06109517673233903,1.0,0.4626297577854671,0.6756653815489887,0.06282893394802337,0.4109484300793789,1.3807514993268324,0.3648734017810251,2025,0.0,0.0,0.025891613318668696,2.0
2025-04-23,0.04054415612095666,0.6071956836311241,0.584484132847569,0.7273231349575103,0.3083571345812419,0.6390782640625821,0.0,0.48719723183391006,0.09310788366665647,0.0,0.4626297577854671,0.6566692615532108,0.8419330040112323,0.4109484300793789,0.003942731445189822,0.3648734017810251,2025,0.0,0.0,0.028538801874709998,3.0
2025-04-24,0.7242605295800513,0.178816593113475,0.41978401699390855,0.721790902234557,0.3302179028513319,0.7231093941723934,1.0,0.48719723183391006,0.7926445525028736,1.0,0.4626297577854671,0.22582622256439808,0.2431338220811884,0.4109484300793789,0.9130101761680718,0.3648734017810251,2025,1.0,1.0,0.02729208413093271,4.0
2025-04-25,0.2413988826568614,0.2868186934735729,0.3998838261207029,0.7151361953787702,0.33004541793144304,0.7712115531778332,0.0,0.48719723183391006,0.35583560374890777,0.0,0.4626297577854671,0.40724064601666715,0.37622916452411453,0.4109484300793789,0.5643991234662645,0.3648734017810251,2025,0.0,0.0,0.027204848048676747,0.0
2025-04-28,0.7383013134846729,0.09920580530891768,0.37842301261049804,0.9065576268865477,0.34338678668236344,0.7241938970623126,0.0,0.48719723183391006,0.8185471171420169,0.0,0.4626297577854671,0.15376143643384957,0.0498535601683638,0.4109484300793789,0.49730326648848894,0.3648734017810251,2025,0.0,0.0,0.026692771467788413,1.0
2025-04-29,0.3987000646278128,0.6424212906039397,0.3826385809961935,0.7339232188861952,0.2550343265191023,0.7208670802503768,0.0,0.48719723183391006,0.45819133351923746,1.0,0.4626297577854671,0.711110355884402,0.12303288126919415,0.4109484300793789,0.561988229273284,0.3648734017810251,2025,0.0,0.0,0.026929182554947518,2.0
2025-04-30,0.3034518605466041,0.6149077203874731,0.4571434628941684,0.7492690907787247,0.24240468457310957,0.5930927982496311,0.0,0.48719723183391006,0.38161423094157404,1.0,0.4626297577854671,0.6725463597119357,0.0166996599157386,0.4109484300793789,1.0250748692959775,0.3648734017810251,2025,0.0,0.0,0.02567581304786405,3.0
2025-05-01,0.3361045278783968,0.386433817325173,0.4589340354667346,0.873038396590897,0.34339188723282066,0.5758110017968107,0.0,0.48719723183391006,0.28367381367412364,0.0,0.4626297577854671,0.5482652836255264,0.37623422340517093,0.4109484300793789,0.18282819610200096,0.3648734017810251,2025,0.0,0.0,0.02569298482466032,4.0
2025-05-02,0.5849699783586669,0.47805363154437747,0.3976580463429389,0.6597068014250282,0.323848012007674,0.6699389975702327,1.0,0.48719723183391006,0.5239826182699053,0.0,0.4626297577854671,0.6580933343985356,1.1857316848773773,0.4109484300793789,0.04330263653648692,0.3648734017810251,2025,0.0,0.0,0.025153053510654572,0.0
2025-05-05,0.9089752087694476,0.022158759968323026,0.4516047381390941,0.7317966889333554,0.3079160162484066,0.5575851696333335,1.0,0.48719723183391006,0.8597097518263336,0.0,0.4626297577854671,0.08035304437744084,1.1907556243064203,0.4109484300793789,0.13040992702693527,0.3648734017810251,2025,0.0,0.0,0.025485212757432832,1.0
2025-05-06,0.8688890292418071,0.03393592372933289,0.34353141449832775,0.7531307633958291,0.445880420338981,0.7227276756869848,1.0,0.48719723183391006,0.8462400990480121,0.0,0.4626297577854671,0.0775357564394734,0.08083874501212858,0.4109484300793789,0.7693920663484838,0.3648734017810251,2025,1.0,0.0,0.026612657055487834,2.0
2025-05-07,0.08553109905362966,0.8659564944377759,0.34997211529307953,0.6589273308478238,0.4083803163506363,0.6838120738753708,0.0,0.48719723183391006,0.11526393228304334,1.0,0.4626297577854671,0.8516132393592963,0.5671197140004505,0.4109484300793789,0.8528777094270333,0.3648734017810251,2025,0.0,0.0,0.026367525032971073,3.0
2025-05-08,0.026640280574048297,0.7477930064992468,0.43213051713934325,0.6994749076452106,0.3684321829111378,0.6411823510916939,0.0,0.48719723183391006,0.0796695561454747,1.0,0.4626297577854671,0.7013141398592175,0.45082087534283455,0.4109484300793789,0.33649322053540537,0.3648734017810251,2025,0.0,1.0,0.02796707950528507,4.0
2025-05-09,0.514332226624223,0.28661182799391893,0.41231132510821245,0.6333015925315953,0.4272190916068826,0.6861289405269357,0.0,0.48719723183391006,0.7362497286970572,1.0,0.4626297577854671,0.2985044675448316,0.0,0.4109484300793789,1.3181987346483057,0.3648734017810251,2025,0.0,0.0,0.02711670431414313,0.0
2025-05-12,0.17132969245994967,0.5123943973684981,0.3952754429035079,0.6699154308770829,0.27261281078166644,0.5241790413448293,0.0,0.48719723183391006,0.1950821803417248,0.0,0.4626297577854671,0.6819836030020612,0.3435610338226918,0.4109484300793789,0.2139407482159583,0.3648734017810251,2025,0.0,0.0,0.02756936004691717,1.0
2025-05-13,0.6657524435904749,0.32507125500062134,0.40150934358383616,0.6226074189604944,0.37116222422158107,0.6384404476678138,0.0,0.48719723183391006,0.7786241891841446,1.0,0.4626297577854671,0.373903512151569,0.0817120622568111,0.4109484300793789,0.9834118369854565,0.3648734017810251,2025,0.0,0.0,0.02575489859964661,2.0
2025-05-14,0.060426329423105496,0.7929202005228416,0.4400523766324691,0.6163578139302205,0.317700139329845,0.6063322879223004,0.0,0.48719723183391006,0.10085388896411486,1.0,0.4626297577854671,0.7983980620284497,0.748514851485147,0.4109484300793789,0.6720995176440726,0.3648734017810251,2025,0.0,1.0,0.026564679160181157,3.0
2025-05-15,0.8748667527214377,0.013555520023222646,0.3642167699674593,0.6167892111922758,0.3766793137358766,0.6572534286556827,1.0,0.48719723183391006,0.800813972261397,0.0,0.4626297577854671,0.06213547432804408,0.1423470880889653,0.4109484300793789,1.0026338893766478,0.3648734017810251,2025,1.0,0.0,0.026367042816929216,4.0
2025-05-16,0.22426445482391588,0.31993448535069613,0.38054489166558175,0.6055594545419337,0.31995303589849344,0.5383639614127355,0.0,0.48719723183391006,0.3402360063855323,0.0,0.4626297577854671,0.4424267720748844,0.5523191846661657,0.4109484300793789,0.0,0.3648734017810251,2025,0.0,0.0,0.026965285064707925,0.0
2025-05-19,0.5499655730896437,0.5133141048306991,0.4076609647327916,0.7255521004447492,0.29594402739302483,0.6630282125369996,1.0,0.48719723183391006,0.7225810882447847,1.0,0.4626297577854671,0.5075765115281463,0.7590752517223112,0.4109484300793789,0.29699920508743927,0.3648734017810251,2025,0.0,1.0,0.02670519602340949,1.0
2025-05-20,0.843988795072914,0.05342865285373174,0.4404488978648905,0.5728751650938624,0.3548812606362543,0.5975852965224836,1.0,0.48719723183391006,0.8497790345202343,0.0,0.4626297577854671,0.11385042237881446,0.3964964164222423,0.4109484300793789,0.05011352709701739,0.3648734017810251,2025,0.0,0.0,0.026870635603358752,2.0
2025-05-21,0.8026484886849172,0.36421251192042975,0.4467385756558042,0.6300372888851313,0.39017920977894793,0.6030858887994117,1.0,0.48719723183391006,0.8539559240671314,1.0,0.4626297577854671,0.3456760096089604,0.35473589491300367,0.4109484300793789,0.42584790305354536,0.3648734017810251,2025,1.0,1.0,0.025619607506863207,3.0
2025-05-22,0.2208107969590388,0.664849108466419,0.40841197708832366,0.7208611895156235,0.32845351558865243,0.6533007016449397,1.0,0.48719723183391006,0.28179080850446264,0.0,0.4626297577854671,0.7447248979164577,0.8242038216560524,0.4109484300793789,0.08870874348581193,0.3648734017810251,2025,0.0,0.0,0.02620860042735041,4.0
2025-05-23,0.6920801670474654,0.1386563011349544,0.45809851020465103,0.61765641202106,0.2790524909999311,0.5997214340052223,0.0,0.48719723183391006,0.8454189989007856,0.0,0.4626297577854671,0.1501645413643639,0.007191336712870125,0.4109484300793789,0.38373444262929796,0.3648734017810251,2025,0.0,0.0,0.025273906714226104,0.0
2025-05-26,0.6023155227048045,0.5613735685514453,0.421360531968072,0.7945728076687135,0.3072566534670201,0.7548464628260895,0.0,0.48719723183391006,0.6839952169528576,1.0,0.4626297577854671,0.5869103719833242,0.10659930533627544,0.4109484300793789,0.7131038838017062,0.3648734017810251,2025,0.0,0.0,0.02369437769152267,1.0
2025-05-27,0.21113499278831177,0.6583188104544132,0.48930338878310126,0.6565551202051408,0.27037980221705615,0.5586106620723813,0.0,0.48719723183391006,0.2375214389120625,1.0,0.4626297577854671,0.7437900856841135,0.31903844925300723,0.4109484300793789,0.3097113339965171,0.3648734017810251,2025,0.0,1.0,0.023713291068836965,2.0
2025-05-28,0.23804055846437422,0.7407219643039,0.45544446312241765,0.6751543158264057,0.33237671243652545,0.8046869717045704,1.0,0.48719723183391006,0.3266029302668725,1.0,0.4626297577854671,0.7552500286497846,0.5883195776126902,0.4109484300793789,0.5892813331108854,0.3648734017810251,2025,1.0,1.0,0.022134170474189124,3.0
2025-05-29,0.6979288029840872,0.07253798715629664,0.4128050476574299,0.7291852081009248,0.3117896118646656,0.6439429407472854,0.0,0.48719723183391006,0.7387256045768198,0.0,0.4626297577854671,0.1427873619208863,0.06770101464303076,0.4109484300793789,0.6266753239201867,0.3648734017810251,2025,0.0,0.0,0.02221618914709587,4.0
2025-05-30,0.3366867421765218,0.6131926232103984,0.4171277617931312,0.7625885912676467,0.2636706225633457,0.6321785291461086,1.0,0.48719723183391006,0.36716460740236995,0.0,0.4626297577854671,0.671417155351234,1.35533521407235,0.4109484300793789,0.0,0.3648734017810251,2025,0.0,0.0,0.02093543272481551,0.0
2025-06-02,0.8573744111148596,0.045156471056543086,0.36824216656694414,0.6370021301358723,0.35987391026295024,0.5971701247700878,1.0,0.48719723183391006,0.8737295476398566,0.0,0.4626297577854671,0.06833271555103597,0.14586516898529459,0.4109484300793789,0.6736192422949494,0.3648734017810251,2025,1.0,0.0,0.021287238091858406,1.0
2025-06-03,0.353102928108032,0.5355526678278866,0.41210104743784975,0.6633959710950973,0.3512125704654403,0.6753566832616432,0.0,0.48719723183391006,0.3245192422309222,0.0,0.4626297577854671,0.6515396105683492,0.4473767657859511,0.4109484300793789,0.13776454823497977,0.3648734017810251,2025,0.0,0.0,0.02082336657739008,2.0
2025-06-04,0.7213764985812551,0.40265960901372994,0.37930383906780246,0.6394377506636802,0.4533460195013159,0.8060087058632568,1.0,0.48719723183391006,0.7801530963745604,1.0,0.4626297577854671,0.3510468474977336,0.484085648148151,0.4109484300793789,0.5135327635327644,0.3648734017810251,2025,1.0,1.0,0.019032538065711556,3.0
2025-06-05,0.12664176636400692,0.712899980983346,0.42862864701227293,0.7038685717396843,0.3132122303946745,0.6770148335581777,0.0,0.48719723183391006,0.18309387249292816,1.0,0.4626297577854671,0.7057121550421197,0.3702444552371685,0.4109484300793789,0.7390318925044537,0.3648734017810251,2025,0.0,0.0,0.018423901858496555,4.0
2025-06-06,0.05642824331705332,0.8314743664918571,0.4053603830599528,0.6826223559063948,0.2940014225676538,0.666293227423042,0.0,0.48719723183391006,0.09357062875802763,1.0,0.4626297577854671,0.8074665925112617,0.4187622090988171,0.4109484300793789,0.2875532119104356,0.3648734017810251,2025,0.0,1.0,0.01910167081653112,0.0
2025-06-09,0.662934984717753,0.36457830971463456,0.36599906699262197,0.6568470486465119,0.3866761789013,0.8047860343489797,1.0,0.48719723183391006,0.7587237998398142,0.0,0.4626297577854671,0.3091014387357782,0.3932125025321988,0.4109484300793789,0.3950476054290495,0.3648734017810251,2025,1.0,0.0,0.018024622202251903,1.0
2025-06-10,0.31905939029711683,0.6244995661764825,0.4225187304168173,0.7260749702773991,0.31142292693313034,0.719637505234873,1.0,0.48719723183391006,0.4719589191221519,0.0,0.4626297577854671,0.566938242523687,0.6306082931897625,0.4109484300793789,0.11587324076698197,0.3648734017810251,2025,0.0,0.0,0.018208429503606603,2.0
2025-06-11,0.8323930809101123,0.22153401939148804,0.424684005880736,0.9287435005763247,0.3100804555735891,0.7685939320016559,1.0,0.48719723183391006,0.864903927007251,0.0,0.4626297577854671,0.18477157238925612,0.7440604490082638,0.4109484300793789,0.2765009324065767,0.3648734017810251,2025,0.0,0.0,0.017582122790844236,3.0
2025-06-12,0.660289827730555,0.2103943006143219,0.4224371848899354,0.8096373723564914,0.34503687089756907,0.7533790479060661,1.0,0.48719723183391006,0.7586830792974557,0.0,0.4626297577854671,0.17656398569965828,1.0401268598471198,0.4109484300793789,0.12938713314089675,0.3648734017810251,2025,0.0,0.0,0.017023664705574697,4.0
2025-06-13,0.6071783465244864,0.22640728108290417,0.4420030620518528,0.7769700013711253,0.4055051935106174,0.7640925726495444,1.0,0.48719723183391006,0.7586769139073406,0.0,0.4626297577854671,0.1545467780034551,0.2984812112280967,0.4109484300793789,0.842535592898063,0.3648734017810251,2025,1.0,0.0,0.017505201882122304,0.0
2025-06-16,0.050733044158915476,0.8660848361485375,0.3932018547175549,0.6659515335410889,0.35802203571391533,0.6559287414732141,0.0,0.48719723183391006,0.07262580501536488,1.0,0.4626297577854671,0.8216585218073894,0.2961876138864582,0.4109484300793789,0.3163972832903406,0.3648734017810251,2025,0.0,1.0,0.017832087122639558,1.0
2025-06-17,0.591632125501461,0.5052736519834301,0.39145909535463813,0.7314326137543186,0.35744553976103144,0.7481570784005431,0.0,0.48719723183391006,0.6937127138285164,1.0,0.4626297577854671,0.4532191736722678,0.19279393932117161,0.4109484300793789,0.4371900925670197,0.3648734017810251,2025,0.0,1.0,0.017557391258889273,2.0
2025-06-18,0.2640307269587875,0.7992077685164355,0.40107166507496633,0.7175305416538238,0.3761476056644145,0.7615212443887981,0.0,0.48719723183391006,0.2620305786221776,1.0,0.4626297577854671,0.8042588543487044,0.332033440383335,0.4109484300793789,0.3893051944741833,0.3648734017810251,2025,0.0,1.0,0.016635078926949647,3.0
2025-06-19,0.5547389993491242,0.48190180414791683,0.476480928294421,0.8961838896128853,0.3451252662943779,0.7405681329662902,0.0,0.48719723183391006,0.6224036822954857,1.0,0.4626297577854671,0.4550167542284503,0.07253886010362265,0.4109484300793789,0.5452172677115477,0.3648734017810251,2025,0.0,1.0,0.016401436675403593,4.0
2025-06-20,0.7293291170787937,0.2963379125732074,0.44585280252837284,0.8377826867823709,0.307555779950317,0.7631908617083772,1.0,0.48719723183391006,0.8200647990641952,0.0,0.4626297577854671,0.2643294661715813,0.5525645689341584,0.4109484300793789,0.4215239107927353,0.3648734017810251,2025,1.0,0.0,0.015156141721397065,0.0
2025-06-23,0.2603699645440597,0.6178880259654252,0.42437157031781775,0.8844552712821823,0.3589984968850394,0.7729619678193603,0.0,0.48719723183391006,0.4097838352473234,1.0,0.4626297577854671,0.4936468819649122,0.006151839882065028,0.4109484300793789,1.4641378919317294,0.3648734017810251,2025,0.0,0.0,0.014956851810392201,1.0
2025-06-24,0.16546830181741987,0.4312808616188459,0.468140155486981,0.7686730879197834,0.34773834804072956,0.5389873816541785,0.0,0.48719723183391006,0.14868722741740487,0.0,0.4626297577854671,0.49929961926299865,0.26551691462143034,0.4109484300793789,0.20998768122809416,0.3648734017810251,2025,0.0,0.0,0.015878580692921813,2.0
2025-06-25,0.7676319284632201,0.5018264155807993,0.4507814835275734,0.7631733745417694,0.3339255204038608,0.6953787905003919,1.0,0.48719723183391006,0.8624489066497678,1.0,0.4626297577854671,0.30286265814549174,0.3617188504794511,0.4109484300793789,0.4451462623433417,0.3648734017810251,2025,1.0,1.0,0.015000081455777648,3.0
2025-06-26,0.4483595591961751,0.4999641699771109,0.4590519032025514,0.8503838018363613,0.252815617400718,0.6237488762931602,0.0,0.48719723183391006,0.44852030260156855,1.0,0.4626297577854671,0.5475638688309991,0.003126954346468438,0.4109484300793789,1.497602668334379,0.3648734017810251,2025,0.0,0.0,0.014415058733025418,4.0
2025-06-27,0.08317214646101659,0.5499120357612386,0.3828865836753961,0.6942648122083752,0.2967463854416189,0.5768719217524807,0.0,0.48719723183391006,0.08874370303014176,1.0,0.4626297577854671,0.6044935520863888,0.6981069982400647,0.4109484300793789,0.5572836927127336,0.3648734017810251,2025,0.0,1.0,0.015244781603218177,0.0
2025-06-30,0.8165751299774295,0.05155497494957794,0.40664328071680483,0.6935208306526939,0.23696176937965102,0.530721661542151,1.0,0.48719723183391006,0.7713835530367068,0.0,0.4626297577854671,0.10840451817818027,1.0763954025563145,0.4109484300793789,0.01646344024302568,0.3648734017810251,2025,0.0,0.0,0.015447259258169978,1.0
2025-07-01,0.5848037873980458,0.18289073284300034,0.42387603075589275,0.7204661376924046,0.2754275696610064,0.6492636170317945,1.0,0.48719723183391006,0.6553870384579287,0.0,0.4626297577854671,0.24922834724348839,0.41000951842297734,0.4109484300793789,0.22093777158543065,0.3648734017810251,2025,1.0,0.0,0.015507562426222959,2.0
2025-07-02,0.8848543782635776,0.16806673194121619,0.521136160377982,0.7354359200787639,0.2916240946399132,0.6204238368180172,1.0,0.48719723183391006,0.8849543743124463,1.0,0.4626297577854671,0.19618815321920124,0.17646046631678527,0.4109484300793789,0.9124150391465269,0.3648734017810251,2025,1.0,0.0,0.014838371162264576,3.0
2025-07-03,0.1731613524546135,0.6006095295394263,0.433773749413054,0.7833685438465269,0.33294382824401614,0.5571610530740899,0.0,0.48719723183391006,0.17281542877890743,0.0,0.4626297577854671,0.6620445564610515,0.3898040018123663,0.4109484300793789,0.05115538081527068,0.3648734017810251,2025,0.0,0.0,0.014693716787247658,4.0
2025-07-04,0.7196846058735584,0.5701641503882486,0.4263260864542929,0.7359191351601074,0.44721831597455264,0.7895017811631035,0.0,0.48719723183391006,0.7714208833025125,1.0,0.4626297577854671,0.46608897726231796,0.1223868416096465,0.4109484300793789,0.889886370770294,0.3648734017810251,2025,0.0,1.0,0.013638957637375305,0.0
2025-07-07,0.7743093299512996,0.13964634053339522,0.35859250849274754,0.6506745753132677,0.36022784142857944,0.6853826041581136,1.0,0.48719723183391006,0.7636826968300895,1.0,0.4626297577854671,0.17205527772612184,0.20406963249515628,0.4109484300793789,1.06584139264991,0.3648734017810251,2025,1.0,1.0,0.013835983276497852,1.0
2025-07-08,0.12050352116928625,0.6568211599852712,0.4231999167508958,0.6117160093166638,0.33776260776870903,0.6600384450424476,0.0,0.48719723183391006,0.13432506412849987,1.0,0.4626297577854671,0.6500440457030069,0.31822472617210484,0.4109484300793789,0.39814800940979084,0.3648734017810251,2025,0.0,1.0,0.014438495500937194,2.0
2025-07-09,0.8221411837462911,0.21450055146547736,0.4012330828340136,0.7204631024255557,0.3455635036109689,0.6503501033282345,1.0,0.48719723183391006,0.8684453247484089,0.0,0.4626297577854671,0.18732407132117143,0.3532241230657592,0.4109484300793789,0.0756001270590309,0.3648734017810251,2025,0.0,0.0,0.014251094845195487,3.0
2025-07-10,0.7864417745306893,0.4485201335643197,0.4713414250493529,0.8513961928992533,0.3346460498413716,0.7116034563387222,1.0,0.48719723183391006,0.8192135555497134,0.0,0.4626297577854671,0.41761273645682523,0.9662706076852962,0.4109484300793789,0.0482378208000498,0.3648734017810251,2025,0.0,0.0,0.013907936555689993,4.0
2025-07-11,0.6437411392380349,0.24527072353989618,0.3792386253773803,0.6434533230136894,0.3967575663907313,0.7282420244045347,1.0,0.48719723183391006,0.7120878572694537,0.0,0.4626297577854671,0.2299562076990531,0.43496073745305486,0.4109484300793789,0.303733821658028,0.3648734017810251,2025,1.0,0.0,0.013719051337755485,0.0
2025-07-14,0.19420290404118223,0.8012126075033558,0.4185205425917576,0.6440205473877287,0.35852478654124387,0.8348993370806475,0.0,0.48719723183391006,0.1683979907849587,1.0,0.4626297577854671,0.8401336905541607,0.5305399725297469,0.4109484300793789,0.5372586010028302,0.3648734017810251,2025,0.0,0.0,0.012910082977977954,1.0
2025-07-15,0.10211203592995445,0.7859582755403748,0.4440398068792984,0.7576464889459678,0.3019421280889243,0.5835097904740869,1.0,0.48719723183391006,0.12529833122390197,1.0,0.4626297577854671,0.7865442731462846,1.1723200434998071,0.4109484300793789,0.11709766668265949,0.3648734017810251,2025,1.0,1.0,0.013433218670431684,2.0
2025-07-16,0.28639492271118,0.360008935356136,0.3879092995608162,0.7457565743427034,0.32534366092902833,0.7206772125649868,0.0,0.48719723183391006,0.400927527623788,1.0,0.4626297577854671,0.3531091124088557,0.10175083651077893,0.4109484300793789,0.8205431483931177,0.3648734017810251,2025,0.0,1.0,0.013710822107337678,3.0
2025-07-17,0.611389555317954,0.2881369954690061,0.3973252261587092,0.7450973996312222,0.2855916144118389,0.652978125589467,1.0,0.48719723183391006,0.6179297778865517,0.0,0.4626297577854671,0.2998403733496774,0.5052782717942836,0.4109484300793789,0.16675096673138115,0.3648734017810251,2025,1.0,0.0,0.013110675673941223,4.0
2025-07-18,0.554822565255549,0.48563603285818185,0.3896608383517852,0.8115094392437722,0.3339640484244666,0.7417392717643521,1.0,0.48719723183391006,0.7113393581253304,0.0,0.4626297577854671,0.38666676163028935,1.2339728107101007,0.4109484300793789,0.13356566144502882,0.3648734017810251,2025,0.0,0.0,0.012357475650247014,0.0
2025-07-21,0.8056143497033911,0.07227761955245092,0.45159352714335665,0.7500725133264954,0.38078895561896575,0.5894440815032603,1.0,0.48719723183391006,0.7991976196905286,0.0,0.4626297577854671,0.0750729208827969,0.8776227390180855,0.4109484300793789,0.3320930232558138,0.3648734017810251,2025,0.0,0.0,0.01220600455522622,1.0
2025-07-22,0.8612554058349816,0.0708021913049504,0.5354719719493415,1.0188506398679666,0.30362585421293,0.6942954555626172,1.0,0.48719723183391006,0.8434343550376769,1.0,0.4626297577854671,0.08608824801216848,0.17137410324586694,0.4109484300793789,1.1757387247278446,0.3648734017810251,2025,1.0,1.0,0.012446948677333473,2.0
2025-07-23,0.061903465372680676,0.7486650944483838,0.5004855329153703,0.8012532014509304,0.28455235060567163,0.667860461722527,0.0,0.48719723183391006,0.05999783530691163,1.0,0.4626297577854671,0.7544812284187019,0.14389063513446781,0.4109484300793789,0.8337740524538902,0.3648734017810251,2025,0.0,0.0,0.012680103483849407,3.0
2025-07-24,0.38678314023815524,0.4930197790812314,0.4473767942832747,0.8722925217260323,0.32219750555853843,0.6446414328867125,0.0,0.48719723183391006,0.3411805902286061,1.0,0.4626297577854671,0.5684922466022202,0.11101281906936734,0.4109484300793789,0.9790745178775364,0.3648734017810251,2025,0.0,0.0,0.013183619427607875,4.0
2025-07-25,0.17170086103062746,0.6204922327117287,0.4086165976295324,0.6395324960013158,0.3490450092791205,0.6111592863411507,0.0,0.48719723183391006,0.16015983778045867,1.0,0.4626297577854671,0.6918738665390654,0.19292707548833504,0.4109484300793789,0.785392664284451,0.3648734017810251,2025,0.0,0.0,0.01335935546627482,0.0
2025-07-28,0.1708998615225556,0.6452599524063611,0.44496496911020245,0.7078927256921356,0.3301169416204378,0.6318695737427218,0.0,0.48719723183391006,0.22658194180355273,0.0,0.4626297577854671,0.6592516488564818,0.44961087577578474,0.4109484300793789,0.14872097987061583,0.3648734017810251,2025,0.0,0.0,0.013125444475572689,1.0
2025-07-29,0.724784006979053,0.40823397714273363,0.43947074054423857,0.7320921470172392,0.38667719735180783,0.7502654820742183,0.0,0.48719723183391006,0.7949672536066358,1.0,0.4626297577854671,0.34914136733336265,0.1740273571404755,0.4109484300793789,1.3628648450760494,0.3648734017810251,2025,0.0,0.0,0.012903699587340983,2.0
2025-07-30,0.02906972502611167,0.8475465709321244,0.4760644909273991,0.8917163738186662,0.3973572588426354,0.8759942093205836,0.0,0.48719723183391006,0.05178878564419024,0.0,0.4626297577854671,0.7345593144329668,0.862091361766621,0.4109484300793789,0.035289023598183845,0.3648734017810251,2025,0.0,0.0,0.01410390292459799,3.0
2025-07-31,0.41068861985067145,0.5104284270228564,0.4852751289091129,0.8640573683552324,0.32112173488672846,0.5901106509075038,1.0,0.48719723183391006,0.44072209003311186,0.0,0.4626297577854671,0.5359084317288619,1.6030317680635089,0.4109484300793789,0.18362159043058923,0.3648734017810251,2025,0.0,0.0,0.013921105125717844,4.0
2025-08-01,0.8572999907743731,0.009882700677264334,0.38163987504741,0.6262214050433008,0.3362631207483735,0.7084538813094438,1.0,0.48719723183391006,0.7959774669334755,0.0,0.4626297577854671,0.03859350713310983,0.4577673284569883,0.4109484300793789,0.3608498780912531,0.3648734017810251,2025,0.0,0.0,0.014635806237422732,0.0
2025-08-04,0.5942749234888728,0.3852894826984656,0.3929931464220347,0.7790999227587732,0.3738569650349907,0.6222290608464942,1.0,0.48719723183391006,0.7266185656245461,0.0,0.4626297577854671,0.2975821830544515,0.3442421403899112,0.4109484300793789,0.4882910836602065,0.3648734017810251,2025,1.0,0.0,0.014466106575425974,1.0
2025-08-05,0.7183045441861569,0.194494402709222,0.4811398813763453,0.8248805366522806,0.2972018901163926,0.6490380037325073,0.0,0.48719723183391006,0.74989268691883,0.0,0.4626297577854671,0.2554907801294041,0.09476496367893847,0.4109484300793789,0.47550579336015164,0.3648734017810251,2025,0.0,0.0,0.014077097398352601,2.0
2025-08-06,0.6500385984354259,0.5859480045829832,0.4921309017496824,0.8872392855448256,0.3691624113884362,0.6911148312935889,1.0,0.48719723183391006,0.49972546034361365,0.0,0.4626297577854671,0.6570122479459768,0.7007633353299886,0.4109484300793789,0.08966502326867413,0.3648734017810251,2025,0.0,0.0,0.013803199101114062,3.0
2025-08-07,0.8433063266805245,0.21094384780963787,0.49143879775882665,0.8389144925499401,0.2688236044267928,0.6381137174309621,1.0,0.48719723183391006,0.8376506659645393,0.0,0.4626297577854671,0.2116442066649255,0.2836444268942721,0.4109484300793789,0.3963367404279946,0.3648734017810251,2025,1.0,0.0,0.013851629385658584,4.0
2025-08-08,0.6585857998335518,0.3754195484309095,0.4729696218279877,0.9109169961887409,0.2798107339539788,0.7547768427414808,0.0,0.48719723183391006,0.7270412224244162,1.0,0.4626297577854671,0.3605171013154519,0.1404881743164167,0.4109484300793789,1.2632891020685089,0.3648734017810251,2025,0.0,0.0,0.013321027967453982,0.0
2025-08-11,0.04236780367043743,0.8189057566840279,0.3846341712760559,0.6961181780831945,0.28403679405398985,0.6556622501471622,0.0,0.48719723183391006,0.040030466084138835,1.0,0.4626297577854671,0.803317751958163,0.3532556630303858,0.4109484300793789,0.2518001174325505,0.3648734017810251,2025,0.0,1.0,0.01382919983042041,1.0
2025-08-12,0.6223597188886058,0.4903772916574801,0.442533848956423,0.788147693642712,0.373497669848329,0.7541933853734897,1.0,0.48719723183391006,0.7001252713812216,0.0,0.4626297577854671,0.4413183339398847,0.5141108466507945,0.4109484300793789,0.12422078658052838,0.3648734017810251,2025,1.0,0.0,0.013176247808438913,2.0
2025-08-13,0.49290930777546677,0.6295632653836333,0.43225444973595645,0.8119766852139135,0.38895023269502293,0.7979979918300428,1.0,0.48719723183391006,0.589138834061991,1.0,0.4626297577854671,0.5512572535456568,0.43545662327338186,0.4109484300793789,0.6075060452482643,0.3648734017810251,2025,1.0,0.0,0.012850757704750568,3.0
2025-08-14,0.12597364549359275,0.7278103974796145,0.469378785039069,0.7509344233802056,0.2981020454703798,0.6354107995081094,0.0,0.48719723183391006,0.12839626175054697,0.0,0.4626297577854671,0.7713376643983022,0.3115515949029758,0.4109484300793789,0.07508953110686017,0.3648734017810251,2025,0.0,0.0,0.012856671720676055,4.0
2025-08-15,0.5130559753253618,0.7633732438361367,0.41647293094788235,0.8560063734251483,0.3729575734858074,0.8481944542355173,1.0,0.48719723183391006,0.3959540943111409,1.0,0.4626297577854671,0.832479247992012,0.5633503104723395,0.4109484300793789,0.28863461940975715,0.3648734017810251,2025,1.0,1.0,0.012278221255551586,0.0
2025-08-18,0.23577040237967317,0.710997934363954,0.42011168171012603,0.68535961617867,0.3433688111582206,0.6696841936249018,0.0,0.48719723183391006,0.3023064765426066,1.0,0.4626297577854671,0.6944702695208465,0.30131574427152413,0.4109484300793789,0.4299701123363922,0.3648734017810251,2025,0.0,0.0,0.012477282079418457,1.0
2025-08-19,0.17989893235891385,0.8393378751408918,0.452268714263014,0.7562885278010256,0.34940204963547217,0.800834512667918,1.0,0.48719723183391006,0.13571338818378664,1.0,0.4626297577854671,0.8691578553682444,0.8869415681826498,0.4109484300793789,0.10628956130401576,0.3648734017810251,2025,0.0,1.0,0.011775933681471177,2.0
2025-08-20,0.8610115420105107,0.09223759411651995,0.4412284687176108,0.8946250430537556,0.2977874054792078,0.669255321310324,1.0,0.48719723183391006,0.8736596474584649,0.0,0.4626297577854671,0.10691627128613426,0.09368508134939686,0.4109484300793789,0.5986579648864706,0.3648734017810251,2025,1.0,0.0,0.011603657706710254,3.0
2025-08-21,0.5710058079138203,0.5204096061612425,0.4955075296678258,1.0199103182234912,0.2748527794094118,0.7452483603622475,1.0,0.48719723183391006,0.5059615459862106,1.0,0.4626297577854671,0.5281575032243129,1.1505868880618353,0.4109484300793789,0.4906956770684171,0.3648734017810251,2025,0.0,1.0,0.010462594651586351,4.0
2025-08-22,0.7790789879464727,0.03448685642082846,0.41771862127237247,0.7442242786027761,0.32559023052262787,0.7507459108144551,0.0,0.48719723183391006,0.6917495108170398,0.0,0.4626297577854671,0.06980565456716113,0.11121210923605808,0.4109484300793789,0.34553215033789736,0.3648734017810251,2025,0.0,0.0,0.010718998549082358,0.0
2025-08-25,0.5698706698810092,0.7484812479787671,0.43966976355431076,1.048553280559289,0.4043667794897752,0.8490626290669934,1.0,0.48719723183391006,0.4992840547796282,1.0,0.4626297577854671,0.7203305252152971,0.8116363032742657,0.4109484300793789,0.4174378553346846,0.3648734017810251,2025,0.0,1.0,0.010228093661952133,1.0
2025-08-26,0.9041705182519783,0.0683401035806721,0.45922938472236124,0.8114761204014826,0.38475002937700953,0.7054289798590101,1.0,0.48719723183391006,0.8551167612642565,0.0,0.4626297577854671,0.07556989379451433,0.1461648327331991,0.4109484300793789,0.5601577115728865,0.3648734017810251,2025,0.0,0.0,0.010463244462442971,2.0
2025-08-27,0.8517597319100564,0.31106690325481523,0.5131613271704789,0.9436371860634725,0.36341437766453777,0.7356129112036832,1.0,0.48719723183391006,0.8772215957539128,0.0,0.4626297577854671,0.17108833157058145,0.7391796963516901,0.4109484300793789,0.3703108584141931,0.3648734017810251,2025,0.0,0.0,0.010205853685611872,3.0
2025-08-28,0.8099447629302033,0.16370109363834728,0.4974062164998389,0.921600006057211,0.3002999586545696,0.7762580938732485,1.0,0.48719723183391006,0.7711456642094859,0.0,0.4626297577854671,0.1486958634897754,1.0535859489347836,0.4109484300793789,0.3580256952349948,0.3648734017810251,2025,0.0,0.0,0.010283309439564674,4.0
2025-08-29,0.8018465853597609,0.060129084334645165,0.5475926436912651,1.0560250823020667,0.29343714940063276,0.8240172352413024,1.0,0.48719723183391006,0.7370496219682613,0.0,0.4626297577854671,0.07953396686676131,1.2085277318660212,0.4109484300793789,0.34328514341903665,0.3648734017810251,2025,0.0,0.0,0.009900106215337112,0.0
2025-09-01,0.5800239886109877,0.10854632993155966,0.5974293837021952,1.0972771417416471,0.24470707510682477,0.654496495277938,1.0,0.48719723183391006,0.6046156580637795,0.0,0.4626297577854671,0.12519302143449226,1.7568889419062341,0.4109484300793789,0.1859318461966758,0.3648734017810251,2025,0.0,0.0,0.010333155834294795,1.0
2025-09-02,0.7956241110417599,0.02284965472374769,0.6920163273705126,1.4305968682736572,0.3529051150953316,0.9076732783648257,1.0,0.48719723183391006,0.695351575298514,0.0,0.4626297577854671,0.04518556546297788,1.1536851382615294,0.4109484300793789,0.19562263596636484,0.3648734017810251,2025,0.0,0.0,0.011009287810542103,2.0
2025-09-03,0.5303239685194207,0.29818399675655455,0.6707933124858546,1.2508341026855707,0.32507038895323775,0.8130740100921973,0.0,0.48719723183391006,0.5278837319264358,1.0,0.4626297577854671,0.2175376469972988,0.12678173618531854,0.4109484300793789,1.2280078966910029,0.3648734017810251,2025,0.0,1.0,0.01108100676946297,3.0
2025-09-04,0.4653016744759692,0.23447016076108518,0.4782313601924533,1.0501389624643622,0.4621335580902653,0.9218455027700034,1.0,0.48719723183391006,0.4540081117912199,0.0,0.4626297577854671,0.2603900260662468,1.2892797718088944,0.4109484300793789,0.13715236510577553,0.3648734017810251,2025,0.0,0.0,0.011864707922872359,4.0
2025-09-05,0.5517151439014834,0.14999979461621601,0.5863635540447569,1.3720489598397596,0.44520628350987174,0.9261443915613382,1.0,0.48719723183391006,0.6764035659560903,0.0,0.4626297577854671,0.1267174968874961,1.362156000651359,0.4109484300793789,0.20654616511968596,0.3648734017810251,2025,0.0,0.0,0.01223001266217563,0.0
2025-09-08,0.6107996906628921,0.08835709217038862,0.6864159499468795,1.3479588776389178,0.34736117985381404,0.8668842423241889,1.0,0.48719723183391006,0.7097757518634348,0.0,0.4626297577854671,0.08713909073201051,0.8327049808429101,0.4109484300793789,0.20812260536399038,0.3648734017810251,2025,1.0,0.0,0.012818951223153883,1.0
2025-09-09,0.061136747445312604,0.8481827581844231,0.6614648064046966,1.2455355798018979,0.5218992941649803,0.8348072003247633,0.0,0.48719723183391006,0.1010694238567374,1.0,0.4626297577854671,0.8331549797377381,0.6600123824049096,0.4109484300793789,0.12832399619467894,0.3648734017810251,2025,0.0,1.0,0.0130442250501595,2.0
2025-09-10,0.6096132927981442,0.44634236840100494,0.725210232338889,1.2630344175246104,0.3898748755118492,0.9263429734387071,0.0,0.48719723183391006,0.6179547505642219,1.0,0.4626297577854671,0.44512462924159746,0.1790015164580277,0.4109484300793789,0.5790490916119084,0.3648734017810251,2025,0.0,1.0,0.01319702179190059,3.0
2025-09-11,0.5884002971020655,0.4160696070567895,0.5537340405383905,1.1114696644790176,0.4624317989656337,0.9887646904087103,1.0,0.48719723183391006,0.5940025474246761,0.0,0.4626297577854671,0.4405267830013039,0.48828466649276486,0.4109484300793789,0.07454235779718509,0.3648734017810251,2025,1.0,0.0,0.012810195792297587,4.0
2025-09-12,0.45864179527597815,0.6583891898615051,0.4679566340754375,0.9685298719431421,0.522141557149143,0.9936587600339299,1.0,0.48719723183391006,0.6499269929173923,1.0,0.4626297577854671,0.5555800829561622,0.8881765951012991,0.4109484300793789,0.35772603568188804,0.3648734017810251,2025,0.0,1.0,0.012966196924654937,0.0
2025-09-15,0.7630019471218211,0.09679359159373611,0.5939513637576918,1.0785737230106898,0.39772256278922646,0.899169559947529,1.0,0.48719723183391006,0.7831417650637013,0.0,0.4626297577854671,0.1090979595361629,0.4993288590603981,0.4109484300793789,0.08404749612803622,0.3648734017810251,2025,0.0,0.0,0.013163295540109688,1.0
2025-09-16,0.6037859693753476,0.6392010077465543,0.5704167504855436,1.0611062441017818,0.5341581028736145,0.9959238591784265,1.0,0.48719723183391006,0.667100533945818,1.0,0.4626297577854671,0.5205163548819831,0.36463471928587665,0.4109484300793789,0.896171012450078,0.3648734017810251,2025,1.0,0.0,0.01318577673772829,2.0
2025-09-17,0.08670159514901431,0.830814949322414,0.5279821868194368,1.2448199759887344,0.5283991925407623,1.1301042372644259,0.0,0.48719723183391006,0.13419858086538286,1.0,0.4626297577854671,0.663215219272933,0.2587252659838867,0.4109484300793789,0.6369692751317519,0.3648734017810251,2025,0.0,0.0,0.013739371352379308,3.0
2025-09-18,0.32507529123004303,0.6300304377037448,0.45957928113399443,0.979902486024131,0.4070705589267083,0.8116837596530934,1.0,0.48719723183391006,0.3319102235332693,0.0,0.4626297577854671,0.6130214964870971,0.8210685844187392,0.4109484300793789,0.24019558783580874,0.3648734017810251,2025,0.0,0.0,0.013708771081182495,4.0
2025-09-19,0.8557595268872207,0.08666334418103522,0.33524455400794584,0.7843184003045537,0.4688044463760713,0.9047876284780753,1.0,0.48719723183391006,0.8793337307292225,0.0,0.4626297577854671,0.08699055103017968,1.2721632092870283,0.4109484300793789,0.031023489213255956,0.3648734017810251,2025,0.0,0.0,0.013557585479445494,0.0
2025-09-22,0.8651813215080707,0.07487851801991005,0.6536674616492788,1.2495427356958975,0.43847506915385587,0.8887712542458348,1.0,0.48719723183391006,0.8468092567267465,0.0,0.4626297577854671,0.06525521234072071,0.8924551656639496,0.4109484300793789,0.20271164973085792,0.3648734017810251,2025,0.0,0.0,0.013245207338833912,1.0
2025-09-23,0.39160115169717064,0.5823477104842258,0.6713784621148462,1.2770245205889281,0.5156460841700795,1.0846146372016858,0.0,0.48719723183391006,0.4630461097180422,1.0,0.4626297577854671,0.3899877298907836,0.303456591639869,0.4109484300793789,0.9358922829582009,0.3648734017810251,2025,0.0,0.0,0.013219768016450346,2.0
2025-09-24,0.1397225622508653,0.7451906466508965,0.39212715064340836,0.8870919675094981,0.5680937818534576,1.0404515684108813,0.0,0.48719723183391006,0.17150575481056385,0.0,0.4626297577854671,0.5958048016502759,0.5092498013846296,0.4109484300793789,0.27567812961071564,0.3648734017810251,2025,0.0,0.0,0.013476562275949877,3.0
2025-09-25,0.7496048101533197,0.4443463745499763,0.426587102201053,1.0301773472404652,0.5192321128386721,1.0408111087176444,1.0,0.48719723183391006,0.7210404547797732,0.0,0.4626297577854671,0.31571149268126536,0.7049197095223483,0.4109484300793789,0.3047969724864493,0.3648734017810251,2025,1.0,0.0,0.013038433840983665,4.0
2025-09-26,0.36751805425411377,0.5490111018994441,0.413565636276151,0.881033004211943,0.4917208464716334,1.043757003909896,1.0,0.48719723183391006,0.5036608520584814,0.0,0.4626297577854671,0.3806485545432475,1.541612777092673,0.4109484300793789,0.09958793274581189,0.3648734017810251,2025,0.0,0.0,0.012628648156905665,0.0
2025-09-29,0.822610805570979,0.059365716810933555,0.6226708729532411,1.2216504558175398,0.44863793654205397,0.8465160057208638,1.0,0.48719723183391006,0.8196109993615587,0.0,0.4626297577854671,0.04226977749103448,0.7641349117197991,0.4109484300793789,0.8213946254212426,0.3648734017810251,2025,0.0,0.0,0.01293704782374108,1.0
2025-09-30,0.6993853954001906,0.08163091928605573,0.6280367129789143,1.4186150581852914,0.519188062877135,1.0432216791556568,1.0,0.48719723183391006,0.6223348359461559,0.0,0.4626297577854671,0.1043267793531437,0.7033014828809484,0.4109484300793789,0.09552417327008508,0.3648734017810251,2025,1.0,0.0,0.01362029635756625,2.0
2025-10-01,0.255945542136409,0.8003963886002672,0.5215230184567667,1.1460258364306826,0.6100039648792267,1.0520035714080804,1.0,0.48719723183391006,0.36008329139298373,1.0,0.4626297577854671,0.6757487011977444,0.5899985161003072,0.4109484300793789,0.8736661765301066,0.3648734017810251,2025,1.0,1.0,0.013697665729578236,3.0
2025-10-02,0.20992162846229054,0.4003165991145897,0.49346259539112,0.8769772975426555,0.5065771012979924,1.0079166933160435,0.0,0.48719723183391006,0.28321296262133744,0.0,0.4626297577854671,0.3667680241853971,0.6212291348616572,0.4109484300793789,0.32607022546334685,0.3648734017810251,2025,0.0,0.0,0.014680077331607613,4.0
2025-10-03,0.7743739933648405,0.1837701141581836,0.5487963113188911,1.0410736375713412,0.47374159440744606,0.9481570779566595,1.0,0.48719723183391006,0.844568118996076,0.0,0.4626297577854671,0.13767987408288773,1.4793741109530558,0.4109484300793789,0.04889758179231866,0.3648734017810251,2025,0.0,0.0,0.014469188655168148,0.0
2025-10-06,0.7414953191031123,0.06134957141037736,0.7102721130701479,1.2871714907967549,0.4036082272351539,0.9610954558136003,1.0,0.48719723183391006,0.7757488564105894,0.0,0.4626297577854671,0.0752811136147245,0.4978344732918406,0.4109484300793789,0.33282843821739977,0.3648734017810251,2025,0.0,0.0,0.015239129141097095,1.0
2025-10-07,0.8164902111820552,0.23830721360836876,0.6594539540725087,1.2325198381004574,0.4281645819581785,0.8729540978458548,1.0,0.48719723183391006,0.837366344169015,0.0,0.4626297577854671,0.18057565624748792,1.2546710478977294,0.4109484300793789,0.02367303863957735,0.3648734017810251,2025,0.0,0.0,0.014948469317328251,2.0
2025-10-08,0.5808984921659364,0.23754361296908044,0.6306071696674858,1.1956344625254562,0.344659564664412,0.8426798935768255,0.0,0.48719723183391006,0.7149046301900287,1.0,0.4626297577854671,0.14894442482579343,0.2651220865704718,0.4109484300793789,1.57001479837218,0.3648734017810251,2025,0.0,0.0,0.015286921389777958,3.0
2025-10-09,0.04877866662209705,0.5447810669538601,0.49081019783888413,1.0268620078515571,0.5711852559402648,1.0218855530646735,0.0,0.48719723183391006,0.06610719957903761,0.0,0.4626297577854671,0.5036230293438546,0.7044481908961222,0.4109484300793789,0.4405827173302196,0.3648734017810251,2025,0.0,0.0,0.016622642377139164,4.0
2025-10-10,0.6842713477384993,0.16954226125644192,0.48556087564870704,0.9906394505892081,0.5124354484608339,1.0101027063292283,1.0,0.48719723183391006,0.7542537733631247,0.0,0.4626297577854671,0.14631126047235443,1.5959781598264704,0.4109484300793789,0.14839350778403562,0.3648734017810251,2025,0.0,0.0,0.016669065204366087,0.0
2025-10-13,0.7052299255492825,0.05079950601070187,0.5492912592550894,1.2346806625551867,0.5106481868031763,0.895982357947733,1.0,0.48719723183391006,0.7665154593261594,0.0,0.4626297577854671,0.04791382069219696,0.9696137855031837,0.4109484300793789,0.28332414967690644,0.3648734017810251,2025,0.0,0.0,0.017344573059202808,1.0
2025-10-14,0.3749264735713254,0.3321815638542643,0.6307204707467584,1.259261556027373,0.4601810963453592,0.9885419265014077,1.0,0.48719723183391006,0.4939869683588482,0.0,0.4626297577854671,0.29028633829386535,1.0403680993556388,0.4109484300793789,0.021017537360719346,0.3648734017810251,2025,0.0,0.0,0.017689911192613955,2.0
2025-10-15,0.7481428623052805,0.22425368035202337,0.6707064642493328,1.2345111484141638,0.46682142210237926,0.9636684828903104,1.0,0.48719723183391006,0.8323956607115512,0.0,0.4626297577854671,0.1347473208129918,1.6112249309249491,0.4109484300793789,0.11367780012405752,0.3648734017810251,2025,0.0,0.0,0.018060953639263647,3.0
2025-10-16,0.8970606797058808,0.0222561747780683,0.6552077003987087,1.337384174382303,0.4418496679088133,0.9115194252231871,1.0,0.48719723183391006,0.7916419948548988,1.0,0.4626297577854671,0.04593106475595731,0.6601675685110809,0.4109484300793789,1.7074183976261104,0.3648734017810251,2025,1.0,1.0,0.018918654738018403,4.0
2025-10-17,0.012921507569636045,0.4114578119353735,0.495322230082051,1.0666348143518984,0.6324925244397807,1.1604678681165628,1.0,0.48719723183391006,0.04491192231628702,0.0,0.4626297577854671,0.32591409920167635,1.452687814080309,0.4109484300793789,0.350549293765161,0.3648734017810251,2025,1.0,0.0,0.021200953826143492,0.0
2025-10-20,0.550859499940163,0.03353755850436868,0.6275313559790358,1.1397268097304578,0.5170434605369192,1.049182839562401,0.0,0.48719723183391006,0.6406966256754121,1.0,0.4626297577854671,0.06855286069572564,0.1966584415970472,0.4109484300793789,2.854877069893273,0.3648734017810251,2025,0.0,0.0,0.022060709088130674,1.0
2025-10-21,0.0010939712093777003,0.6152356785895409,0.534555475229122,0.710410732144269,0.4895564357048696,0.8295686400605472,0.0,0.48719723183391006,0.006573970357216962,1.0,0.4626297577854671,0.4468464011893878,0.31800447152689104,0.4109484300793789,1.0604532900793509,0.3648734017810251,2025,0.0,1.0,0.027648758587587304,2.0
2025-10-22,0.33666381880434215,0.1036701117197013,0.43298596242526877,0.7299856868520487,0.3320315375474062,0.7457787287315975,0.0,0.48719723183391006,0.3954329685134816,0.0,0.4626297577854671,0.2883490831700446,0.4691468484750907,0.4109484300793789,0.26989722575141895,0.3648734017810251,2025,0.0,0.0,0.029217974886856984,3.0
2025-10-23,0.6209814658002839,0.24593666873158807,0.4459312115762697,0.9561143091354105,0.33766455888887226,0.7707085333455687,0.0,0.48719723183391006,0.733404175800687,1.0,0.4626297577854671,0.35048051524935897,0.15199607329842885,0.4109484300793789,0.6674574607329823,0.3648734017810251,2025,0.0,1.0,0.029627403409187285,4.0
2025-10-24,0.45501598512794167,0.26712360182544026,0.404802942918563,0.7747948469856999,0.3728962330939988,0.7526222316935637,0.0,0.48719723183391006,0.6784691758534321,1.0,0.4626297577854671,0.33811277484771013,0.0,0.4109484300793789,1.1503726283336624,0.3648734017810251,2025,0.0,0.0,0.029966695181898324,0.0
2025-10-27,0.04077675224941322,0.7621143238743581,0.47972872308928227,0.7252742042533352,0.24362121481531482,0.6707301488362157,0.0,0.48719723183391006,0.08374805217162529,1.0,0.4626297577854671,0.8224417743872552,0.29475630492563043,0.4109484300793789,0.732961705452804,0.3648734017810251,2025,0.0,0.0,0.032600989279812025,1.0
2025-10-28,0.2216233225585129,0.30248668201663353,0.4294308372426115,0.7418528542517059,0.31195665632365654,0.5725616262649847,1.0,0.48719723183391006,0.4243701752237098,0.0,0.4626297577854671,0.4596021809629647,0.5777038021008378,0.4109484300793789,0.2702174991597704,0.3648734017810251,2025,1.0,0.0,0.03387316244567523,2.0
2025-10-29,0.06406097298609947,0.7973959070227897,0.46931001154892565,0.7805786402409478,0.32232043097895036,0.8925407320276373,0.0,0.48719723183391006,0.19018055271177609,1.0,0.4626297577854671,0.7980248839766558,0.7217172363760537,0.4109484300793789,0.1115734220970431,0.3648734017810251,2025,0.0,1.0,0.03406859297496103,3.0
2025-10-30,0.8708291132348908,0.04648163276080116,0.38795347289827165,0.635050725561722,0.35159246203486505,0.5696346500730376,1.0,0.48719723183391006,0.9023689875435225,0.0,0.4626297577854671,0.12408701969271257,0.16113768882096338,0.4109484300793789,0.3799449370335083,0.3648734017810251,2025,1.0,0.0,0.033910693474693256,4.0
2025-10-31,0.2969103389096281,0.5538620711428357,0.36844332385879947,0.6532873652480241,0.3906690834359584,0.742052008169018,0.0,0.48719723183391006,0.5080167401456678,1.0,0.4626297577854671,0.6718728774473811,0.21632213816476425,0.4109484300793789,0.2922522580403352,0.3648734017810251,2025,0.0,1.0,0.033339533203338365,0.0
2025-11-03,0.4342871082171034,0.4852261108888772,0.3645263623174917,0.6810731985331606,0.38124247140027645,0.70715878393318,0.0,0.48719723183391006,0.6971336681065708,1.0,0.4626297577854671,0.5183931373608275,0.03366751702062015,0.4109484300793789,0.5502819167086441,0.3648734017810251,2025,0.0,0.0,0.03295858795169022,1.0
2025-11-04,0.11538050473521316,0.8205659285994492,0.4354621555036499,0.6310805217293064,0.28709705324088,0.6373273136569763,0.0,0.48719723183391006,0.17982517521650945,0.0,0.4626297577854671,0.8882892720356931,0.44301636928145394,0.4109484300793789,0.017144126619451704,0.3648734017810251,2025,0.0,0.0,0.033526258326929737,2.0
2025-11-05,0.6697349855161612,0.3258438372569721,0.3927080812856945,0.7637227749008864,0.2763015405914008,0.7615687496600143,1.0,0.48719723183391006,0.8799506555226182,0.0,0.4626297577854671,0.2930889269625913,0.3196570314744587,0.4109484300793789,0.11467587558940653,0.3648734017810251,2025,1.0,0.0,0.03186476811343926,3.0
2025-11-06,0.34969970944356543,0.6739552033655962,0.3968113621407102,0.7710748856521442,0.25076347185167147,0.6683643809383041,1.0,0.48719723183391006,0.4058198363424993,0.0,0.4626297577854671,0.7990403788775651,0.43059417376053355,0.4109484300793789,0.02096077340976408,0.3648734017810251,2025,1.0,0.0,0.02938943101900624,4.0
2025-11-07,0.38704392934892995,0.5904750624852083,0.39246872254083076,0.7156516797702398,0.25234722389938635,0.6991306473277826,1.0,0.48719723183391006,0.6804315474522203,0.0,0.4626297577854671,0.5704962505164982,1.0565086102432142,0.4109484300793789,0.03117897122495451,0.3648734017810251,2025,0.0,0.0,0.027252766477028276,0.0
2025-11-10,0.8587137878979457,0.04291946030844448,0.35044498607156066,0.6233013948739666,0.26150127484205876,0.6629553170156419,1.0,0.48719723183391006,0.8702088179316764,0.0,0.4626297577854671,0.0667767036873296,0.34326669181440583,0.4109484300793789,0.1949837649129806,0.3648734017810251,2025,0.0,0.0,0.023463303803109632,1.0
2025-11-11,0.6428317401335286,0.5279767067947426,0.4663766721600818,0.6774780437791732,0.36304819899471885,0.8542722099358434,1.0,0.48719723183391006,0.6881109342684342,0.0,0.4626297577854671,0.4890449708915981,0.9551400819718198,0.4109484300793789,0.31317725001402974,0.3648734017810251,2025,0.0,0.0,0.02158004037094746,2.0
2025-11-12,0.7330809870081675,0.09478879345323338,0.570914926188573,0.7900184905655523,0.19626425015251395,0.608688579782062,1.0,0.48719723183391006,0.7586880896964255,0.0,0.4626297577854671,0.11568011361730669,0.5458063907112797,0.4109484300793789,0.5538459118012614,0.3648734017810251,2025,1.0,0.0,0.02164206038979611,3.0
2025-11-13,0.0968018841480188,0.7464468557225464,0.535111760838917,0.91609517546315,0.39138202468588323,0.9313077833206368,0.0,0.48719723183391006,0.20196744017028523,1.0,0.4626297577854671,0.6446005533968904,0.4393107246832967,0.4109484300793789,1.5351640569675054,0.3648734017810251,2025,0.0,0.0,0.02176197884863737,4.0
2025-11-14,0.0179695607252768,0.5352786087790176,0.40685438646181615,0.6985419543419348,0.3279783383752284,0.6763555209450669,0.0,0.48719723183391006,0.05342708071058309,1.0,0.4626297577854671,0.42625839489088935,0.23252187870218236,0.4109484300793789,0.8348530591966979,0.3648734017810251,2025,0.0,1.0,0.022877811312044707,0.0
2025-11-17,0.1819364561681631,0.5931547029718315,0.40276690060516873,0.6812056753613858,0.36109084612653,0.6031536031966664,0.0,0.48719723183391006,0.2731725070995052,1.0,0.4626297577854671,0.5452177411164053,0.4032948929159831,0.4109484300793789,0.524217462932455,0.3648734017810251,2025,0.0,1.0,0.022505821110237734,1.0
2025-11-18,0.6645486284839075,0.15296632233210744,0.3994044445288012,0.7302848314712831,0.35331095835440596,0.6871361906590148,1.0,0.48719723183391006,0.7730352269440084,0.0,0.4626297577854671,0.19288423473208585,0.7344936658049845,0.4109484300793789,0.135097381223808,0.3648734017810251,2025,1.0,0.0,0.02187408903327773,2.0
2025-11-19,0.20757817897176578,0.5995896143257754,0.41738088163091563,0.6561623655663353,0.3556710129048397,0.6273720663799374,0.0,0.48719723183391006,0.3208182239888576,1.0,0.4626297577854671,0.6520449911187145,0.3730528887824954,0.4109484300793789,0.4514078635639454,0.3648734017810251,2025,0.0,1.0,0.02121934002336666,3.0
2025-11-20,0.5448718891091138,0.3455888538818331,0.4259064239601086,0.8152263627077276,0.3563748576525232,0.7061094544592899,0.0,0.48719723183391006,0.5563153466246509,1.0,0.4626297577854671,0.45635811471167065,0.27631502758683585,0.4109484300793789,0.6352003044064476,0.3648734017810251,2025,0.0,1.0,0.02117856170567912,4.0
2025-11-21,0.3677974803480215,0.3964849537922958,0.4054820059936551,0.7354153467609444,0.32962270156888496,0.6672506690423241,1.0,0.48719723183391006,0.5228724456361415,0.0,0.4626297577854671,0.4304280322726296,0.849455225165397,0.4109484300793789,0.29761348450937275,0.3648734017810251,2025,0.0,0.0,0.02142841332030522,0.0
2025-11-24,0.8555909449790022,0.0628478201253371,0.38580987198178496,0.7659905113783991,0.3354990967064886,0.6430417301834622,1.0,0.48719723183391006,0.8426196689027771,0.0,0.4626297577854671,0.09679616068341901,0.2764625412408462,0.4109484300793789,0.2829967007322753,0.3648734017810251,2025,1.0,0.0,0.021468235924977434,1.0
2025-11-25,0.4246834041589559,0.6111844968884651,0.3962159624372043,0.8118994704835422,0.3708169336271232,0.7438927912361205,1.0,0.48719723183391006,0.547662308434377,0.0,0.4626297577854671,0.6362432753379837,0.48591377770561023,0.4109484300793789,0.009320451408618922,0.3648734017810251,2025,0.0,0.0,0.021298862273813064,2.0
2025-11-26,0.7491039414075753,0.42680904166459804,0.43784036855226094,0.6660152243229592,0.3443241035534195,0.7037909596964745,0.0,0.48719723183391006,0.8624940457471161,0.0,0.4626297577854671,0.3135422399512411,0.053696115390922866,0.4109484300793789,0.24243566628421698,0.3648734017810251,2025,0.0,0.0,0.020931914496508712,3.0
2025-11-27,0.7856108586415884,0.5506029565543007,0.46473614271280794,1.0613487901385144,0.2546381607630802,0.7058823346828329,1.0,0.48719723183391006,0.7680402818496114,0.0,0.4626297577854671,0.5681676420257766,0.806516765418232,0.4109484300793789,0.06781592819489657,0.3648734017810251,2025,0.0,0.0,0.02049859887387666,4.0
2025-11-28,0.797913960587586,0.14197749573331034,0.5408323407038688,0.8247951541680882,0.29395325824454616,0.6450704828030329,1.0,0.48719723183391006,0.8678533227814734,0.0,0.4626297577854671,0.13619331515535335,0.5406825974206705,0.4109484300793789,0.17470456167220896,0.3648734017810251,2025,0.0,0.0,0.019450114587670552,0.0
2025-12-01,0.4448088304724775,0.5949682143216682,0.46382025955860157,0.7862749515667611,0.25743346554589086,0.7840965205595338,0.0,0.48719723183391006,0.5386649409989983,1.0,0.4626297577854671,0.5600163966647145,0.04529881994671569,0.4109484300793789,0.8273696231442658,0.3648734017810251,2025,0.0,0.0,0.01950812152053576,1.0
2025-12-02,0.5427044800425032,0.35919430063791047,0.4587339142300058,0.8161082841946716,0.3262075186621015,0.6348607665126068,1.0,0.48719723183391006,0.520634711772978,0.0,0.4626297577854671,0.4203656417670014,0.4496403522933087,0.4109484300793789,0.1381190694003481,0.3648734017810251,2025,1.0,0.0,0.0189368604873535,2.0
2025-12-03,0.2459817280950891,0.8251178985012534,0.42762355263739027,0.7455408585735745,0.42747771881379204,0.8485482774150283,0.0,0.48719723183391006,0.31206154936070735,1.0,0.4626297577854671,0.7995056705056529,0.21343955402376275,0.4109484300793789,0.37295892423300736,0.3648734017810251,2025,0.0,1.0,0.018046583208116036,3.0
2025-12-04,0.704239158267,0.4398873740836746,0.47980403030878127,0.9769061436171508,0.4450627403551848,0.8748221564988732,1.0,0.48719723183391006,0.7941612414240559,0.0,0.4626297577854671,0.3017573210089714,0.7611682736901131,0.4109484300793789,0.2539744170495578,0.3648734017810251,2025,1.0,0.0,0.015735360554917602,4.0
2025-12-05,0.07254803651106849,0.8597411100421405,0.43524502793343894,0.7437741429218027,0.40165407724773317,0.8075281683456904,0.0,0.48719723183391006,0.13619779886654418,1.0,0.4626297577854671,0.7710418676011819,0.31828851183690154,0.4109484300793789,0.35287148190374323,0.3648734017810251,2025,0.0,0.0,0.015220017080116619,0.0
2025-12-08,0.3674557384688854,0.710500334973569,0.46883164607372474,0.7738130444542647,0.4120049660253329,0.8258444320617591,1.0,0.48719723183391006,0.40064067755714267,1.0,0.4626297577854671,0.6780434915199391,0.5038096354471903,0.4109484300793789,0.33822529597937934,0.3648734017810251,2025,1.0,1.0,0.01454108235014979,1.0
2025-12-09,0.6575761868650668,0.34229172167076133,0.48186228825822774,0.8465056031353971,0.21844822427798394,0.8055838171353985,1.0,0.48719723183391006,0.7476161796768815,0.0,0.4626297577854671,0.2565351691794548,0.5147755852195764,0.4109484300793789,0.44317082607853525,0.3648734017810251,2025,0.0,0.0,0.01403776536373535,2.0
2025-12-10,0.8216600585330031,0.22626091599337952,0.5572835350080575,0.995233382097582,0.3516453952305133,0.9745509538447226,1.0,0.48719723183391006,0.7744180302109877,0.0,0.4626297577854671,0.1845327996160335,0.9870612712208634,0.4109484300793789,0.41985005355229804,0.3648734017810251,2025,0.0,0.0,0.013720924811514405,3.0
2025-12-11,0.7895072217031026,0.09617683364891778,0.4839611424290734,1.040759347655815,0.3585721334786908,0.8156827729865618,1.0,0.48719723183391006,0.7693216687802642,0.0,0.4626297577854671,0.07635992293885177,1.2677469609057936,0.4109484300793789,0.3846861544877957,0.3648734017810251,2025,0.0,0.0,0.013606213116215153,4.0
2025-12-12,0.13976425131080303,0.39485587694041135,0.5010590162580417,0.9573226747006602,0.48317627575566086,0.8086701361608122,0.0,0.48719723183391006,0.2297207916860862,0.0,0.4626297577854671,0.2813922320537283,0.848808981010255,0.4109484300793789,0.26965212140628886,0.3648734017810251,2025,0.0,0.0,0.013476954207352647,0.0
2025-12-15,0.19361348761900551,0.7605036390062595,0.46651044101599054,0.873117045753198,0.4255350704675215,0.757770715800274,0.0,0.48719723183391006,0.26113553632407055,1.0,0.4626297577854671,0.5864953510143524,0.5082379696610505,0.4109484300793789,0.5705610529117117,0.3648734017810251,2025,0.0,1.0,0.013715849333719561,1.0
2025-12-16,0.3881800485506008,0.495996307065187,0.5045196669994844,0.89773892081564,0.378973160034046,0.7323879934128472,1.0,0.48719723183391006,0.4130056667401529,0.0,0.4626297577854671,0.4424224247976372,0.7681243283458582,0.4109484300793789,0.017525006199890926,0.3648734017810251,2025,0.0,0.0,0.014058857300913205,2.0
2025-12-17,0.7066724156510292,0.36982374611531016,0.46502704002570866,0.9986632168850018,0.4033823960541286,0.7970923307999332,1.0,0.48719723183391006,0.8196437404357317,0.0,0.4626297577854671,0.24186311984345954,0.5861139896373022,0.4109484300793789,0.47472654001151265,0.3648734017810251,2025,1.0,0.0,0.014299841244594913,3.0
2025-12-18,0.2633660775938135,0.6047291874152866,0.5315370083896215,1.040109296378702,0.38947074029464535,0.7929669394305616,0.0,0.48719723183391006,0.29782804016954384,0.0,0.4626297577854671,0.5511965326095178,0.38704800009305435,0.4109484300793789,0.3829772386280306,0.3648734017810251,2025,0.0,0.0,0.014174434285450467,4.0
2025-12-19,0.5645825498847392,0.5617445046474462,0.42611775417130016,0.9776133316012887,0.3776164101797641,0.8361713517080691,1.0,0.48719723183391006,0.6736943775892907,0.0,0.4626297577854671,0.37422721732194125,1.808171059455891,0.4109484300793789,0.020958083832342586,0.3648734017810251,2025,0.0,0.0,0.013964598961395675,0.0
2025-12-22,0.7934316778597859,0.03393851602052711,0.6071272035438834,0.9755568782827758,0.44570974036953415,0.9543565054043607,1.0,0.48719723183391006,0.7629792935686912,0.0,0.4626297577854671,0.03834024772187963,0.8835709857408687,0.4109484300793789,0.21035901482274638,0.3648734017810251,2025,0.0,0.0,0.014259899712149788,1.0
2025-12-23,0.7125750073507837,0.28273508940172015,0.715321269082373,1.2930373815810745,0.4143425614726222,0.9149315093113796,1.0,0.48719723183391006,0.7472580475352754,0.0,0.4626297577854671,0.17895391439857297,0.6331596420640737,0.4109484300793789,0.5608249235978223,0.3648734017810251,2025,1.0,0.0,0.01448817864262236,2.0
2025-12-24,0.23341752356805784,0.5935051954075103,0.5452012201697992,1.0178531026438313,0.5730350224240213,0.8985422561724662,1.0,0.48719723183391006,0.3158366081906841,0.0,0.4626297577854671,0.47775039859067553,1.031333531333543,0.4109484300793789,0.0,0.3648734017810251,2025,0.0,0.0,0.015029203612900912,3.0
2025-12-26,0.6497240815654052,0.5627597385950197,0.6169257002201538,1.3114789970370113,0.48382049714465203,0.9428100570064941,0.0,0.48719723183391006,0.7593340836117394,1.0,0.4626297577854671,0.3637925197755758,0.25541281296958357,0.4109484300793789,3.3990349002095206,0.3648734017810251,2025,0.0,0.0,0.014892292563309336,0.0
2025-12-29,0.00040868705977837016,0.6226495537701572,0.5423250496391985,0.7619042913459686,0.4453842481312862,0.8418279286691948,0.0,0.48719723183391006,0.0024069960669638427,0.0,0.4626297577854671,0.37858279754086754,0.883317664264072,0.4109484300793789,0.10590549810230797,0.3648734017810251,2025,0.0,0.0,0.018941957236646812,1.0
2025-12-30,0.11978748168620318,0.7667642673375847,0.5048643719395282,0.7042314924808608,0.2748822783737841,0.7151131494678533,0.0,0.48719723183391006,0.22260962653818117,1.0,0.4626297577854671,0.7151914493228141,0.4121769527074129,0.4109484300793789,0.7632994519013693,0.3648734017810251,2025,0.0,0.0,0.019404173884525856,2.0
2025-12-31,0.2864020875038354,0.3233504136631261,0.44115638839324783,0.709932326765489,0.303997662546163,0.6745740898133263,1.0,0.48719723183391006,0.3601466271148822,0.0,0.4626297577854671,0.4337902475748934,0.9227921604599609,0.4109484300793789,0.13621733183728096,0.3648734017810251,2025,1.0,0.0,0.020179591572298875,3.0
2026-01-02,0.1104503483089864,0.7349784711314558,0.35806938945811945,0.6398385299556487,0.38256637948006744,0.8281397541547105,1.0,0.4952350698856417,0.23540258931856894,0.0,0.4552096569250318,0.6642085663229145,1.4107751761764022,0.4152478447164837,0.0,0.36086290905934393,2026,0.0,0.0,0.02031092006297817,0.0
2026-01-05,0.765127466846595,0.08198236109577517,0.47769294491899233,0.8666081469308432,0.25330311199529687,0.7729488897633905,1.0,0.4952350698856417,0.8599740594329792,0.0,0.4552096569250318,0.08333203304123438,0.5362728441911053,0.4152478447164837,0.23462631587303745,0.36086290905934393,2026,0.0,0.0,0.020223027748263588,1.0
2026-01-06,0.8393240833603236,0.17976710219595737,0.49108579323227836,0.8764776784561988,0.39975744778229516,0.7354564809978046,1.0,0.4952350698856417,0.8990809431988098,1.0,0.4552096569250318,0.13974012711978034,0.06268243483763634,0.4152478447164837,0.7891784993869424,0.36086290905934393,2026,1.0,1.0,0.020089221155126635,2.0
2026-01-07,0.387920767218296,0.4913569364444784,0.4034985787739877,0.7112842070310392,0.3834423515942127,0.7055982146803716,0.0,0.4952350698856417,0.39480108500643557,1.0,0.4552096569250318,0.5716798422809352,0.2531764484839885,0.4152478447164837,0.5350681478350116,0.36086290905934393,2026,0.0,1.0,0.02047376382780862,3.0
2026-01-08,0.85343282686667,0.14604054824575935,0.40982701751916567,0.7323385664044437,0.4240425923553838,0.7700159418019553,1.0,0.4952350698856417,0.8855214482857293,0.0,0.4552096569250318,0.14299354988946544,0.4267420512072055,0.4152478447164837,0.2631647679697669,0.36086290905934393,2026,0.0,0.0,0.02076740670404823,4.0
2026-01-09,0.8189008243500511,0.2345534883741759,0.4721700698100199,0.8443762825058485,0.3924885785429195,0.6925663718992716,1.0,0.4952350698856417,0.8693283497540422,0.0,0.4552096569250318,0.20211822031778903,1.3022128896785574,0.4152478447164837,0.0,0.36086290905934393,2026,0.0,0.0,0.020594653573377,0.0
2026-01-12,0.5189418680414349,0.22499008752996372,0.42682662335171423,0.8096596594054236,0.3855229460376378,0.8029115092517191,1.0,0.4952350698856417,0.6964785230657023,0.0,0.4552096569250318,0.18369020299122454,0.3774777070063688,0.4152478447164837,0.2821910828025435,0.36086290905934393,2026,1.0,0.0,0.02134316768497595,1.0
2026-01-13,0.2762213716402446,0.7294579117604798,0.42673530084865824,0.8399359734516461,0.4826966987263932,0.7321299271143534,1.0,0.4952350698856417,0.3444203121819428,0.0,0.4552096569250318,0.740691608451367,0.5943177367358682,0.4152478447164837,0.0,0.36086290905934393,2026,1.0,0.0,0.020676072885477386,2.0
2026-01-14,0.6777870088787196,0.49907105324830037,0.42175283695929006,0.7905542720621966,0.48867134984294447,0.7528635988446399,0.0,0.4952350698856417,0.8108455853621495,1.0,0.4552096569250318,0.3532268619349374,0.06591718136732465,0.4152478447164837,0.4842090851005594,0.36086290905934393,2026,0.0,1.0,0.020297092069640144,3.0
2026-01-15,0.6753620718177885,0.476871618220744,0.42956745773007127,0.9950256448701422,0.450029249543773,0.7537090477433898,0.0,0.4952350698856417,0.7482169535745364,1.0,0.4552096569250318,0.40740377449662923,0.05322946087712812,0.4152478447164837,0.861339582234085,0.36086290905934393,2026,0.0,1.0,0.019942868284470144,4.0
2026-01-16,0.6097526356821015,0.23825229625731334,0.4383825818888463,0.8364401262851442,0.34059064416500884,0.7463592093489474,1.0,0.4952350698856417,0.6574514236522142,0.0,0.4552096569250318,0.2911056727946696,1.0086229382431897,0.4152478447164837,0.0,0.36086290905934393,2026,0.0,0.0,0.020255522601806727,0.0
2026-01-19,0.6357747347405075,0.5442460613613237,0.5075443514165253,0.9762972905600755,0.4082014395472842,0.8699782416938191,1.0,0.4952350698856417,0.7889081884948955,0.0,0.4552096569250318,0.2617699635095497,1.1709856266402483,0.4152478447164837,0.12920381667448633,0.36086290905934393,2026,0.0,0.0,0.01760034309304993,1.0
2026-01-20,0.8501040523431395,0.08246802622662454,0.6348914098461332,0.9386745243375587,0.4025940554060593,0.806040356601248,1.0,0.4952350698856417,0.8550127221187575,0.0,0.4552096569250318,0.07316756949617019,1.4878956852878138,0.4152478447164837,0.09377443813539278,0.36086290905934393,2026,0.0,0.0,0.017640394109352336,2.0
2026-01-21,0.308387481041128,0.4843254488431269,0.6807648084818343,1.0116549371186037,0.4477566539808393,1.021424859511815,1.0,0.4952350698856417,0.41949592442222905,0.0,0.4552096569250318,0.2224495004737108,1.2647989490990548,0.4152478447164837,0.6799957038640433,0.36086290905934393,2026,0.0,0.0,0.017895139294644192,3.0
2026-01-22,0.8651705255378159,0.018342871987696154,0.678092951276559,0.9986510757037746,0.4931110954808444,1.012797303851627,1.0,0.4952350698856417,0.7166269303925161,0.0,0.4552096569250318,0.04006116404200181,0.582784546366343,0.4152478447164837,0.39915407761027,0.36086290905934393,2026,0.0,0.0,0.01861069687124055,4.0
2026-01-23,0.8475933287488734,0.190485680942421,0.6638966832415117,1.1201721251886823,0.4151584645316797,0.9796837680568902,1.0,0.4952350698856417,0.8712651130016191,0.0,0.4552096569250318,0.10325717331065568,1.3766789644323096,0.4152478447164837,0.0,0.36086290905934393,2026,0.0,0.0,0.017932178885892543,0.0
2026-01-26,0.031115464876417587,0.9564653269475831,0.6292457805849423,1.0321427207262874,0.5474620466347018,1.3196313308349046,1.0,0.4952350698856417,0.13928827667322935,0.0,0.4552096569250318,0.666935214809819,1.9538298980123057,0.4152478447164837,0.0,0.36086290905934393,2026,0.0,0.0,0.01862712854065055,1.0
2026-01-27,0.8952970525391033,0.029678234484958103,0.7580332615087632,1.074963920690102,0.39272517096599757,1.0405082069105895,1.0,0.4952350698856417,0.7766017824231496,0.0,0.4552096569250318,0.04285009612066286,2.361190032521131,0.4152478447164837,0.23568255407789696,0.36086290905934393,2026,0.0,0.0,0.01945787231883675,2.0
2026-01-28,0.9310015861463338,0.004197925718018998,0.8113456190738746,1.257267678912735,0.5746149943905378,1.1481839521645032,1.0,0.4952350698856417,0.6895687767790146,1.0,0.4552096569250318,0.018937794959583105,1.5751497249058541,0.4152478447164837,2.7769707794438148,0.36086290905934393,2026,1.0,1.0,0.02111111433386219,3.0
2026-01-29,0.005175873769201863,0.03936470775791136,0.7207649047362522,1.0257133490316273,0.5860655520057992,1.2807438320536266,0.0,0.4952350698856417,0.01882913484062044,1.0,0.4552096569250318,0.044426654263188085,0.550533195734431,0.4152478447164837,4.0,0.36086290905934393,2026,0.0,0.0,0.027062553878407482,4.0
2026-01-30,2.729555362153539e-05,0.246701388484985,0.5012345488518837,0.8082495256805025,0.4832474214943856,0.9977785895914412,0.0,0.4952350698856417,0.000848518311274211,1.0,0.4552096569250318,0.09453656021238988,0.0,0.4152478447164837,2.5457205013676045,0.36086290905934393,2026,0.0,0.0,0.03914168634069992,0.0
2026-02-02,0.017400087830763255,0.053655394472672396,0.5018439301416384,0.7169191506614029,0.27802308784088925,0.7860245729824342,1.0,0.4952350698856417,0.08062215645772791,0.0,0.4552096569250318,0.18387914836405012,1.501830817034336,0.4152478447164837,0.0,0.36086290905934393,2026,0.0,0.0,0.04754548670049244,1.0
2026-02-03,0.5557133870224459,0.02608280692347305,0.33500916565205746,0.7016994091382606,0.3542554692512707,0.7335774958064001,1.0,0.4952350698856417,0.7769792862722905,0.0,0.4552096569250318,0.09848312922345731,0.5995460047530394,0.4152478447164837,0.3804444654901487,0.36086290905934393,2026,1.0,0.0,0.04878680209788635,2.0
2026-02-04,0.15307195574171767,0.3173572453694929,0.37073941759161805,0.78524577590352,0.3565857809116363,0.7780714099750784,0.0,0.4952350698856417,0.45972242663378776,1.0,0.4552096569250318,0.4912157847701285,0.23169975447211327,0.4152478447164837,0.8041529287969125,0.36086290905934393,2026,0.0,0.0,0.05127084067058448,3.0
2026-02-05,0.015536358620882155,0.7910182719474794,0.43391837886936996,0.6908384522511649,0.33430840153774893,0.7550544707324819,0.0,0.4952350698856417,0.10743780316330265,1.0,0.4552096569250318,0.819452329824308,0.7163740502879857,0.4152478447164837,0.4669110182622547,0.36086290905934393,2026,0.0,1.0,0.05593978795950475,4.0
