timestamp,y_true,pred,p_-1,p_0,p_1,next_ret_atr,strategy_r_proxy
2016-09-15,-1,-1,0.5531897777140752,0.24519092726178845,0.2016192950241364,-0.2898407847389981,0.2898407847389981
2016-09-16,1,0,0.41623737126079524,0.4190822315535612,0.16468039718564356,0.22995698083691096,0.0
2016-09-19,0,-1,0.43352124970237577,0.2207081215547494,0.3457706287428749,0.10783419479073117,0.0
2016-09-20,1,1,0.37129545038901135,0.15058130993007135,0.4781232396809174,1.4875091460227803,0.0
2016-09-21,0,-1,0.453722286424939,0.1866764247757781,0.35960128879928294,0.11726760698984319,0.0
2016-09-22,0,-1,0.5353961474742857,0.04215635965451932,0.42244749287119504,0.032216824341603875,0.0
2016-09-23,0,-1,0.3952443550795664,0.3329093603324345,0.27184628458799903,0.024337866857546044,0.0
2016-09-26,-1,-1,0.9427615247591947,0.021802068830479075,0.03543640641032611,-0.8439156422690923,0.8439156422690923
2016-09-27,-1,0,0.10554727694013678,0.7938861826530309,0.10056654040683213,-0.396994295743736,-0.0
2016-09-28,0,-1,0.8995871984443367,0.030280664330027716,0.07013213722563573,-0.09588502778869586,0.09588502778869586
2016-09-29,-1,-1,0.8115116227422395,0.09313382641414808,0.09535455084361254,-0.37059759145649374,0.37059759145649374
2016-09-30,-1,0,0.06618491986441846,0.8403754534666337,0.09343962666894792,-0.31703949185307195,-0.0
2016-10-03,-1,-1,0.9154957645201729,0.021695752878375975,0.06280848260145123,-3.519593282303206,3.519593282303206
2016-10-04,0,-1,0.42774318036219233,0.18638121273317587,0.38587560690463185,-0.09262633042478431,-0.0
2016-10-05,-1,-1,0.6315551655177921,0.2186969583181515,0.1497478761640564,-0.8103465104929153,0.8103465104929153
2016-10-06,0,-1,0.7951885595115578,0.14391357861184434,0.06089786187659787,0.13102572543855576,-0.13102572543855576
2016-10-07,0,-1,0.44295834659826716,0.39049375801041963,0.1665478953913132,0.18454237883914043,0.0
2016-10-10,-1,0,0.19955872036305192,0.6896142776909572,0.11082700194599096,-0.4366637706342345,-0.0
2016-10-11,0,0,0.19824826744405738,0.49959404840293553,0.3021576841530071,0.17051324581772934,0.0
2016-10-12,0,1,0.3603233809499861,0.07492033406507363,0.5647562849849402,0.19197459584296517,0.19197459584296517
2016-10-13,-1,-1,0.42515133241720093,0.24133541686899546,0.3335132507138035,-0.4788544788544819,-0.0
2016-10-14,1,1,0.07618560736898988,0.3732788563476347,0.5505355362833755,0.30917919506956876,0.30917919506956876
2016-10-17,1,-1,0.6412804396075138,0.16349495371175474,0.19522460668073147,0.4798332363777342,-0.4798332363777342
2016-10-18,1,-1,0.4842775920640529,0.3952057840623534,0.1205166238735937,0.45811784039827835,0.0
2016-10-19,-1,0,0.36282593170980104,0.44898347221635493,0.18819059607384406,-0.22723594649912524,-0.0
2016-10-20,0,1,0.18328197422143339,0.13730364135760478,0.6794143844209619,0.051856906131201405,0.051856906131201405
2016-10-21,0,-1,0.4057991350411527,0.24992698203629846,0.3442738829225488,-0.15472296560609153,-0.0
2016-10-24,1,0,0.12154546446820626,0.6992528989121346,0.17920163661965927,0.7460080138747579,0.0
2016-10-25,-1,1,0.07711153656020854,0.1584324058159418,0.7644560576238496,-0.5315499040307055,-0.5315499040307055
2016-10-26,0,-1,0.8145401035852192,0.07688720123584464,0.10857269517893625,0.12773722627737658,-0.12773722627737658
2016-10-27,1,1,0.28030311106553907,0.07741621343043023,0.6422806755040308,0.7635471433578682,0.7635471433578682
2016-10-28,0,1,0.2401394167084027,0.14356202896741022,0.6162985543241871,0.07413078149919626,0.07413078149919626
2016-10-31,1,-1,0.5234432717226654,0.01724790570514373,0.45930882257219097,0.9876940918755288,0.0
2016-11-01,1,-1,0.4457772357999128,0.25412409944055353,0.3000986647595336,0.7198076567412551,0.0
2016-11-02,1,1,0.30391883339747827,0.14313404125425103,0.5529471253482707,0.45554019811104257,0.45554019811104257
2016-11-03,1,-1,0.8669936393698455,0.06865611938632353,0.06435024124383099,0.21306865177832887,-0.21306865177832887
2016-11-04,-1,1,0.1045887524527704,0.27648729236853653,0.618923955178693,-1.7242412888722387,-1.7242412888722387
2016-11-07,-1,-1,0.5588412709581292,0.4089323825790748,0.03222634646279615,-0.3984244214672558,0.3984244214672558
2016-11-08,0,-1,0.6923767149412595,0.264547180151699,0.043076104907041585,0.08687704444871802,-0.08687704444871802
2016-11-09,-1,1,0.3650309727927616,0.07513501039815655,0.559834016809082,-0.9529618680537401,-0.9529618680537401
2016-11-10,-1,1,0.09375512307068554,0.16037448600882165,0.7458703909204928,-1.473905079100747,-1.473905079100747
2016-11-11,-1,1,0.11881376389237437,0.37499075285316713,0.5061954832544584,-0.29824561403509225,-0.0
2016-11-14,1,0,0.42229365504713334,0.5193725809690014,0.058333763983865236,0.3418145493007387,0.0
2016-11-15,0,0,0.12298350169847667,0.5768124340301092,0.3002040642714142,-0.15424737011750211,-0.0
2016-11-16,-1,0,0.049883186777984846,0.7386333296804719,0.2114834835415433,-0.3517139462779924,-0.0
2016-11-17,-1,0,0.02255061815858777,0.5867215936557807,0.3907277881856314,-0.32006531945295585,-0.0
2016-11-18,1,0,0.019260735391501485,0.8514735523099474,0.12926571229855113,0.23317974987838033,0.0
2016-11-21,0,0,0.08685087751817075,0.8659164980895209,0.04723262439230837,-0.07421569479447934,-0.0
2016-11-22,-1,1,0.302474505107618,0.13075128732732771,0.5667742075650544,-1.0240683458535855,-1.0240683458535855
2016-11-23,0,0,0.023436421107695955,0.5914527948907526,0.3851107840015514,-0.19031909447699144,-0.0
2016-11-24,0,0,0.1302365800980751,0.7043820411300276,0.1653813787718974,0.05523313988392574,0.0
2016-11-25,1,-1,0.4752706589976529,0.451323711985113,0.073405629017234,0.3591508560851515,0.0
2016-11-28,0,0,0.4356095546269435,0.49376191183328033,0.07062853353977609,-0.1857630281998178,-0.0
2016-11-29,-1,0,0.03516814889455851,0.5660200136625612,0.3988118374428803,-0.7398650997844415,-0.0
2016-11-30,0,1,0.011515592479098802,0.15153743606283349,0.8369469714580677,-0.08291337134449811,-0.08291337134449811
2016-12-01,1,0,0.05908750713876679,0.6550042747218082,0.28590821813942513,0.3119228061456979,0.0
2016-12-02,-1,0,0.32349705979213883,0.5665890998126433,0.10991384039521788,-0.41626979019179217,-0.0
2016-12-05,0,0,0.3677033129570986,0.5346183194318275,0.09767836761107385,-0.019502487562184003,-0.0
2016-12-06,1,0,0.19343222776177182,0.7305543134620476,0.07601345877618053,0.2459207928769941,0.0
2016-12-07,0,0,0.2878273811230848,0.5214570858885089,0.19071553298840635,-0.19741887601532962,-0.0
2016-12-08,-1,1,0.08217324342174327,0.08048903248425443,0.8373377240940023,-0.6168050929634502,-0.6168050929634502
2016-12-09,0,1,0.0029829065652085722,0.08789452113876627,0.9091225722960251,0.12320976379259604,0.12320976379259604
2016-12-12,-1,-1,0.5669564869333662,0.2457782460141677,0.1872652670524661,-0.2449607248244064,0.2449607248244064
2016-12-13,-1,1,0.19372366497674853,0.2969165013023291,0.5093598337209223,-0.9523240859819906,-0.0
2016-12-14,-1,0,0.059699478645902686,0.7859548442894762,0.1543456770646213,-0.9124823120792427,-0.0
2016-12-15,1,0,0.13435536052838473,0.4673356579591953,0.39830898151242,0.4023057730362243,0.0
2016-12-16,1,0,0.12819295884106321,0.7788220625913796,0.09298497856755711,0.24057883629785953,0.0
2016-12-19,-1,0,0.09527033052969512,0.4757567661058118,0.4289729033644932,-0.39446153846154275,-0.0
2016-12-20,0,1,0.28436710024832323,0.04514920056797433,0.6704836991837024,-0.06636292512310547,-0.06636292512310547
2016-12-21,-1,0,0.3112072482542414,0.39284911069996814,0.2959436410457904,-0.20559674718966287,-0.0
2016-12-22,1,1,0.01394366913924581,0.17539311256803342,0.8106632182927208,0.3807330458643631,0.3807330458643631
2016-12-23,1,-1,0.5904238289784344,0.2109130472710583,0.19866312375050724,0.3711271883801806,-0.3711271883801806
2016-12-27,0,-1,0.768610644298737,0.1037413218510001,0.1276480338502628,0.1826913038939345,-0.1826913038939345
2016-12-28,1,1,0.0509625047381261,0.04225956667693126,0.9067779285849427,1.2382808271083794,1.2382808271083794
2016-12-29,-1,1,0.24904372441118167,0.10661414846679991,0.6443421271220183,-0.35691799556175247,-0.35691799556175247
2016-12-30,1,0,0.1670905885684907,0.8006148559850615,0.03229455544644775,0.4567282597348373,0.0
2017-01-03,1,-1,0.7912675488355121,0.09475049680372569,0.11398195436076235,0.3202333435677033,-0.3202333435677033
2017-01-04,1,1,0.10811749002872238,0.22897418186674953,0.6629083281045282,1.200751994309227,1.200751994309227
2017-01-05,-1,1,0.16200055938904243,0.03549564341580326,0.8025037971951543,-0.5475387727579218,-0.5475387727579218
2017-01-06,1,-1,0.47282967865072834,0.4421180865076348,0.08505223484163679,0.6173433145729701,0.0
2017-01-09,1,-1,0.3795516038808237,0.28058406767106103,0.33986432844811526,0.5398162327718372,0.0
2017-01-10,1,-1,0.8088534511956224,0.09287453640874727,0.09827201239563041,0.3074080113049598,-0.3074080113049598
2017-01-11,1,-1,0.7239393975085026,0.05123857589245649,0.22482202659904102,0.27692307692307505,-0.27692307692307505
2017-01-12,0,1,0.12591567078393706,0.06298539740064721,0.8110989318154158,0.13806567881457957,0.13806567881457957
2017-01-13,1,-1,0.9022024791077268,0.014426781153256556,0.08337073973901668,0.36758223126484074,-0.36758223126484074
2017-01-16,1,-1,0.9824766540019265,0.004441361596043241,0.01308198440203035,0.9400047653085486,-0.9400047653085486
2017-01-17,-1,0,0.1362309746254548,0.5947839125932141,0.26898511278133114,-0.871663690332551,-0.0
2017-01-18,0,1,0.1346574449869902,0.1345295637921908,0.730812991220819,0.04369700922389367,0.04369700922389367
2017-01-19,1,-1,0.78666358342931,0.04225228142770793,0.1710841351429821,0.300623881607587,-0.300623881607587
2017-01-20,1,-1,0.9621481009056552,0.005392955341284662,0.03245894375306018,0.5966687347873705,-0.5966687347873705
2017-01-23,-1,-1,0.5165030827557565,0.23305020885630445,0.2504467083879391,-0.6210823389612186,-0.0
2017-01-24,-1,-1,0.6803930957685295,0.24478924750970207,0.07481765672176847,-0.6164948453608265,0.6164948453608265
2017-01-25,-1,0,0.3689411873219646,0.5748342389624728,0.0562245737155627,-0.8099348780857215,-0.0
2017-01-26,0,0,0.282750533881725,0.49374004913235137,0.22350941698592358,0.17052291738003303,0.0
2017-01-27,1,-1,0.6581119809983385,0.1354105960670186,0.20647742293464297,0.2966131198090215,-0.2966131198090215
2017-01-30,1,-1,0.6866874771528932,0.2667578240222653,0.04655469882484148,1.0566954108434967,-1.0566954108434967
2017-01-31,0,1,0.2889874438848228,0.16668171313789884,0.5443308429772784,-0.06505511888872804,-0.0
2017-02-01,1,-1,0.9294544144872684,0.0030285401291584367,0.06751704538357309,0.42791716447631195,-0.42791716447631195
2017-02-02,1,-1,0.5974959519431153,0.18339552131135908,0.2191085267455256,0.29467207110416227,-0.29467207110416227
2017-02-03,1,-1,0.7674355253909565,0.04524483744086849,0.1873196371681751,1.022192333557502,-1.022192333557502
2017-02-06,0,0,0.19478021835258916,0.5194621390015545,0.28575764264585635,-0.11423086153108074,-0.0
2017-02-07,1,1,0.23699712765798106,0.1754658515028332,0.5875370208391858,0.5507534689411548,0.5507534689411548
2017-02-08,-1,1,0.15922581803062968,0.3191964319803075,0.5215777499890628,-0.878923766816136,-0.0
2017-02-09,1,0,0.43268191812137563,0.44002204970568803,0.12729603217293628,0.3234345670693525,0.0
2017-02-10,-1,-1,0.9097453155815864,0.016527067827548567,0.073727616590865,-0.5300183641757283,0.5300183641757283
2017-02-13,1,0,0.09078623211837374,0.7835911864976155,0.12562258138401072,0.2051282051281979,0.0
2017-02-14,1,1,0.3331847783914002,0.21696597903747447,0.44984924257112546,0.322093078873116,0.0
2017-02-15,1,1,0.1847476843317622,0.12925204689975814,0.6860002687684796,0.4074002698015004,0.4074002698015004
2017-02-16,-1,-1,0.6530404706956546,0.06006827445600301,0.2868912548483423,-0.3020803096274815,0.3020803096274815
2017-02-17,0,0,0.32640801507016654,0.5330304572498634,0.14056152767997,0.19343814080655652,0.0
2017-02-20,0,-1,0.859260571162098,0.10849191754724427,0.032247511290657824,-0.1449015155515515,0.1449015155515515
2017-02-21,0,0,0.2621260510730463,0.6264133397885828,0.11146060913837083,0.11224544336950124,0.0
2017-02-22,1,-1,0.758753911901623,0.03608905248109366,0.20515703561728338,0.9334373954732814,-0.9334373954732814
2017-02-23,1,1,0.18242819699281498,0.04684551890075931,0.7707262841064257,0.6086956521739246,0.6086956521739246
2017-02-24,-1,1,0.3246238978837577,0.19899320378874202,0.4763828983275002,-0.33659202000682137,-0.0
2017-02-27,-1,1,0.30436739435350985,0.32786550576563095,0.3677670998808592,-0.3500968188105099,-0.0
2017-02-28,0,1,0.2588562624468364,0.053689863238125114,0.6874538743150385,0.09899869887424312,0.09899869887424312
2017-03-01,-1,1,0.3393573232367639,0.2870742628262583,0.3735684139369778,-1.2557298652825621,-0.0
2017-03-02,0,0,0.25384747334173235,0.4949404989597669,0.2512120276985008,0.040816326530611395,0.0
2017-03-03,-1,-1,0.6919571856447382,0.15161250391267683,0.15643031044258512,-0.7497417058890968,0.7497417058890968
2017-03-06,-1,-1,0.5604131776059056,0.4082860870326629,0.03130073536143156,-0.7791220186657488,0.7791220186657488
2017-03-07,-1,-1,0.8769240098658726,0.0869354632597821,0.03614052687434537,-0.6237786933490216,0.6237786933490216
2017-03-08,-1,-1,0.7569881861778823,0.2017034669834807,0.041308346838637086,-0.5918022272753752,0.5918022272753752
2017-03-09,1,1,0.38487936815690965,0.07290047482437875,0.5422201570187116,0.3059220084849171,0.0
2017-03-10,0,0,0.39211194513077746,0.4140815205223523,0.19380653434687015,-0.04895933216762609,-0.0
2017-03-13,-1,-1,0.5608464746980953,0.046493120637131444,0.3926604046647732,-0.44275161588180906,0.44275161588180906
2017-03-14,1,1,0.39096315538352694,0.15705136379311174,0.45198548082336126,1.6788128795691317,0.0
2017-03-15,1,-1,0.5705777706457188,0.2543166760466682,0.17510555330761313,0.515412264459207,-0.515412264459207
2017-03-16,0,1,0.3739781750718124,0.11551052632453716,0.5105112986036504,0.1961287562827589,0.0
2017-03-17,1,-1,0.5765681770424661,0.3161349216804079,0.10729690127712595,0.40304434149569945,-0.40304434149569945
2017-03-20,1,0,0.2673285707706041,0.5267527151496889,0.2059187140797069,0.8158176792463396,0.0
2017-03-21,1,0,0.35410584901399095,0.5912479774581962,0.05464617352781281,0.3365348092680056,0.0
2017-03-22,-1,-1,0.7251266363353617,0.15723133256129013,0.11764203110334825,-0.30718462340067937,0.30718462340067937
2017-03-23,0,-1,0.5695479557135487,0.20953345699600354,0.22091858729044767,-0.029669747453945756,0.029669747453945756
2017-03-24,1,0,0.14273541152291366,0.5339392753631381,0.3233253131139483,0.7956619651534994,0.0
2017-03-27,-1,-1,0.7523607785898552,0.13973257145104753,0.1079066499590973,-0.2082147214314893,0.2082147214314893
2017-03-28,0,-1,0.6415029083797918,0.15818975022850243,0.2003073413917056,0.09664209664210144,-0.09664209664210144
2017-03-29,-1,-1,0.5861275158052689,0.26411468659270787,0.1497577976020233,-0.8184461985874423,0.8184461985874423
2017-03-30,1,1,0.4308708857318194,0.06517374662202208,0.5039553676461584,0.4558944765045309,0.0
2017-03-31,1,-1,0.800377995329292,0.14863960775822846,0.050982396912479626,0.3832384052074878,-0.3832384052074878
2017-04-03,1,1,0.13920448094873236,0.06120476726967392,0.7995907517815937,0.2187756057590879,0.2187756057590879
2017-04-04,0,-1,0.5289363999725987,0.03153717974809506,0.4395264202793062,-0.04259451061626335,-0.0
2017-04-05,-1,1,0.3129684679945803,0.06985956574805136,0.6171719662573684,-0.366655726944535,-0.366655726944535
2017-04-06,1,0,0.23915636864724124,0.4561192357258787,0.30472439562688,0.20780399274048864,0.0
2017-04-07,0,1,0.18938156273947335,0.36144798875964057,0.4491704485008861,0.043346233998212164,0.0
2017-04-10,1,1,0.4516245571671525,0.08232893327897083,0.46604650955387666,1.7843922915474086,0.0
2017-04-11,1,-1,0.9193324468094974,0.013878929117439454,0.06678862407306316,0.9684663718873523,-0.9684663718873523
2017-04-12,0,-1,0.44278391216942115,0.17973657399100312,0.3774795138395757,0.07153806847215853,0.0
2017-04-13,-1,1,0.24679698847263504,0.2089934802240475,0.5442095313033174,-0.23521888262311177,-0.0
2017-04-17,1,-1,0.6517080543681332,0.06876201795987648,0.2795299276719903,0.4008011310084936,-0.4008011310084936
2017-04-18,-1,-1,0.7704630715839987,0.04824952140436276,0.1812874070116386,-0.7714169711733665,0.7714169711733665
2017-04-19,0,-1,0.8994651492015165,0.07665516855024372,0.023879682248239668,0.14637904468411908,-0.14637904468411908
2017-04-20,0,-1,0.5138280264513417,0.005705700469636456,0.4804662730790218,0.19271899886234942,0.0
2017-04-21,-1,1,0.1260235034716665,0.017241321980772842,0.8567351745475607,-0.6903780068728446,-0.6903780068728446
2017-04-24,-1,-1,0.3793190333991781,0.3545704075390534,0.2661105590617685,-0.8903759316685752,-0.0
2017-04-25,1,0,0.052242447642236144,0.8833986826822254,0.06435886967553833,0.3721389929255025,0.0
2017-04-26,-1,-1,0.8813924280352768,0.0160350610063189,0.10257251095840426,-0.3382321843941592,0.3382321843941592
2017-04-27,1,-1,0.5183923106068314,0.2688956773306076,0.21271201206256107,0.277978339350181,0.0
2017-04-28,-1,-1,0.5731285998844536,0.05613382866805592,0.3707375714474904,-0.9480721572243662,0.9480721572243662
2017-05-01,0,-1,0.6725879591158239,0.26599807926019414,0.061413961623981946,0.047313019390573904,-0.047313019390573904
2017-05-02,-1,-1,0.5243487596259286,0.15849371805494503,0.31715752231912625,-1.6309190505173314,-0.0
2017-05-03,-1,-1,0.4456956050782482,0.2536360269807946,0.3006683679409572,-0.8314962476547912,-0.0
2017-05-04,0,-1,0.7080375697192275,0.20676326327778932,0.08519916700298312,-0.02263351544207536,0.02263351544207536
2017-05-05,0,-1,0.8108001007489953,0.0640743760365817,0.12512552321442297,-0.11456366237480776,0.11456366237480776
2017-05-08,-1,-1,0.6511324259011056,0.1534375180783916,0.19543005602050273,-0.37880585211547485,0.37880585211547485
2017-05-09,0,-1,0.7337102343801742,0.0847349142807262,0.18155485133909963,-0.1763325127382914,0.1763325127382914
2017-05-10,1,-1,0.7246909554244224,0.14395124529280573,0.13135779928277186,0.47823121518699346,-0.47823121518699346
2017-05-11,1,-1,0.5265822871158922,0.17063078905809811,0.3027869238260097,0.25801345468935344,0.0
2017-05-12,0,-1,0.5799285350535133,0.12736372952527356,0.29270773542121314,0.18096555041182,-0.18096555041182
2017-05-15,1,1,0.21736852281943045,0.28004205058396914,0.5025894265966004,0.5819861431870724,0.0
2017-05-16,1,-1,0.6495249275197492,0.0748931501544312,0.27558192232581963,2.1341624269832216,-2.1341624269832216
2017-05-17,-1,1,0.12180216860366769,0.06524320500001746,0.8129546263963148,-1.1157118547929603,-1.1157118547929603
2017-05-18,1,1,0.07471884939129322,0.3986065392977645,0.5266746113109422,0.6083429895712619,0.0
2017-05-19,1,-1,0.5533063188792322,0.35221500316417975,0.09447867795658806,0.37835772002620943,-0.37835772002620943
2017-05-22,-1,-1,0.80444283850915,0.1292892329254434,0.06626792856540674,-0.685522887979161,0.685522887979161
2017-05-23,1,1,0.19929597096236243,0.16481617180435013,0.6358878572332873,0.5821351246322096,0.5821351246322096
2017-05-24,-1,1,0.12947519661362245,0.14005219210197709,0.7304726112844006,-0.23993622957353442,-0.23993622957353442
2017-05-25,1,1,0.10914404964709495,0.12917949755301752,0.7616764527998876,0.9159639430066878,0.9159639430066878
2017-05-26,0,-1,0.5888451619294377,0.2392617505964322,0.17189308747413004,-0.0016223419665087517,0.0016223419665087517
2017-05-29,-1,-1,0.5180596528496947,0.04438307272429006,0.43755727442601533,-0.3370067105830277,-0.0
2017-05-30,1,0,0.20486056979539496,0.6018939341158511,0.1932454960887539,0.49562012928169347,0.0
2017-05-31,-1,1,0.17465026981933524,0.29882848652136523,0.5265212436592995,-0.24465698429565125,-0.0
2017-06-01,1,-1,0.7474278079983024,0.15518832512943878,0.09738386687225865,1.0530827950675237,-1.0530827950675237
2017-06-02,0,1,0.0999896211165347,0.09165835797158894,0.8083520209118763,0.06675167710815891,0.06675167710815891
2017-06-05,1,1,0.05835112971588911,0.010203484452635886,0.931445385831475,1.1568805259578476,1.1568805259578476
2017-06-06,-1,-1,0.5022709961762285,0.1154430970197486,0.3822859068040228,-0.607104669122032,-0.0
2017-06-07,-1,-1,0.676210309590081,0.04349575646249779,0.28029393394742125,-0.7709918940659521,0.7709918940659521
2017-06-08,-1,-1,0.8891694273440897,0.06349734314815803,0.04733322950775222,-0.938968803646497,0.938968803646497
2017-06-09,0,-1,0.5026816274731214,0.21065903233892086,0.28665934018795775,-0.06312064832781379,-0.0
2017-06-12,0,-1,0.49879882372887024,0.18333376420449687,0.3178674120666328,0.05966968566862269,0.0
2017-06-13,-1,-1,0.829795472485221,0.06728152840432666,0.1029229991104524,-0.4520981316779178,0.4520981316779178
2017-06-14,-1,-1,0.6281091425556591,0.15023304207855845,0.22165781536578247,-0.5433083598339775,0.5433083598339775
2017-06-15,0,-1,0.8789362872459576,0.05992086728206802,0.06114284547197436,-0.02807283763278601,0.02807283763278601
2017-06-16,-1,1,0.0419611217150099,0.012536703299727522,0.9455021749852627,-0.7395799676898207,-0.7395799676898207
2017-06-19,0,1,0.057237625469750225,0.07540362518452798,0.8673587493457218,-0.0403846153846128,-0.0403846153846128
2017-06-20,1,-1,0.5117133011395834,0.13196584620971238,0.3563208526507043,0.26840550632559174,0.0
2017-06-21,1,-1,0.7879612917466278,0.10306185484218966,0.10897685341118263,0.30673049845113176,-0.30673049845113176
2017-06-22,1,-1,0.5647371668911753,0.08207732194364678,0.35318551116517793,0.5270983213429249,-0.5270983213429249
2017-06-23,-1,-1,0.5215710473970125,0.14093445025230947,0.33749450235067807,-1.0012907768129615,-0.0
2017-06-26,1,-1,0.8504493433946892,0.10771705706176507,0.041833599543545624,0.2067628442721224,-0.2067628442721224
2017-06-27,0,-1,0.5111698443093857,0.11210666613655497,0.3767234895540592,0.16175713550305892,0.0
2017-06-28,-1,1,0.31355164434098415,0.2510821387137204,0.4353662169452955,-0.327505124804061,-0.0
2017-06-29,-1,-1,0.785210668861321,0.12409453916783465,0.09069479197084444,-0.332264825545548,0.332264825545548
2017-06-30,-1,1,0.3444434140408834,0.11229956784985407,0.5432570181092625,-1.8020307654891554,-0.0
2017-07-03,1,0,0.4296167323179937,0.4621426927014107,0.10824057498059554,0.23698324022346187,0.0
2017-07-04,1,1,0.28344637291545244,0.07335219626481554,0.6432014308197321,0.3030677882236524,0.3030677882236524
2017-07-05,0,0,0.4282278754087771,0.4810557375331975,0.09071638705802547,-0.15348542458806788,-0.0
2017-07-06,-1,1,0.21906490600156606,0.21799673923139773,0.5629383547670361,-1.0813902331720384,-1.0813902331720384
2017-07-07,0,0,0.3129367633977322,0.5133928553975973,0.17367038120467057,0.11610978520287255,0.0
2017-07-10,1,-1,0.706971280222782,0.07131434758203253,0.22171437219518558,0.2570529260900055,-0.2570529260900055
2017-07-11,1,1,0.16942164925224887,0.14098719637004875,0.6895911543777025,0.24480874316939644,0.24480874316939644
2017-07-12,-1,1,0.26525135295306634,0.3023970195624711,0.4323516274844626,-0.23414025738420954,-0.0
2017-07-13,1,1,0.21374304878786102,0.17107957229107784,0.6151773789210611,0.9049034175334303,0.9049034175334303
2017-07-14,1,-1,0.7225372187445621,0.026182328801765225,0.25128045245367264,0.4303530651677511,-0.4303530651677511
2017-07-17,1,1,0.09227358090943974,0.11803313085563467,0.7896932882349256,0.7076388056121912,0.7076388056121912
2017-07-18,0,1,0.19198579179720507,0.02186491005110899,0.786149298151686,-0.10221384832783904,-0.10221384832783904
2017-07-19,1,1,0.10163992669422697,0.029461335697992138,0.8688987376077809,0.2849677968161308,0.2849677968161308
2017-07-20,1,-1,0.7404694153937476,0.006248973266341085,0.2532816113399113,0.8661858496751609,-0.8661858496751609
2017-07-21,0,0,0.3238290747863659,0.36081675949909525,0.31535416571453884,0.026940346375877916,0.0
2017-07-24,-1,1,0.12988891926843532,0.039871926411066884,0.8302391543204978,-0.47574555228464893,-0.47574555228464893
2017-07-25,1,0,0.12622681350455697,0.5078733396463548,0.3658998468490882,1.0005863574174252,0.0
2017-07-26,0,0,0.18404225273584704,0.5461216264805662,0.2698361207835867,-0.15797371106177027,-0.0
2017-07-27,1,1,0.22461103416784092,0.05418264003575361,0.7212063257964054,0.9219249968002016,0.9219249968002016
2017-07-28,0,-1,0.5366831841565125,0.06285651829986019,0.4004602975436273,0.01497514629082626,0.0
2017-07-31,0,-1,0.7235487874305617,0.046897778594908714,0.22955343397452965,-0.05416908492937854,0.05416908492937854
2017-08-01,-1,1,0.2596916468367265,0.11190288053984848,0.628405472623425,-0.205001943760528,-0.205001943760528
2017-08-02,0,1,0.05882616367882955,0.279953944086855,0.6612198922343155,0.17362398516906968,0.17362398516906968
2017-08-03,-1,-1,0.8409526705994012,0.01742722126737095,0.14162010813322795,-0.8916611950098521,0.8916611950098521
2017-08-04,0,0,0.3124963446892761,0.4313201958081626,0.25618345950256133,-0.08808871168701629,-0.0
2017-08-07,1,1,0.026294067302476135,0.013877351896283441,0.9598285808012404,0.282819037656917,0.282819037656917
2017-08-08,1,-1,0.6273127088645207,0.04851088958233615,0.32417640155314315,1.4465400870497596,-1.4465400870497596
2017-08-09,1,-1,0.5435598790236139,0.1881966544213017,0.2682434665550844,0.7750424448217418,0.0
2017-08-10,1,0,0.4470086355260875,0.476579803456516,0.07641156101739652,0.21873680400554296,0.0
2017-08-11,-1,-1,0.8080067149837866,0.007912550235220351,0.1840807347809931,-0.5910964550700625,0.5910964550700625
2017-08-14,-1,-1,0.8939499136830404,0.03137185690232281,0.07467822941463659,-0.8465455387108025,0.8465455387108025
2017-08-15,1,1,0.39158679113702166,0.19795255758977529,0.41046065127320314,0.9775977121067725,0.0
2017-08-16,1,-1,0.504673591155059,0.4523432038102864,0.042983205034654505,0.3913821983480563,0.0
2017-08-17,-1,-1,0.7558570473030454,0.03866938082879561,0.2054735718681589,-0.2924129723296639,0.2924129723296639
2017-08-18,1,0,0.02685489911593322,0.9511049392747812,0.022040161609285715,0.583430571761961,0.0
2017-08-21,-1,1,0.34087914612993775,0.20618621472232607,0.4529346391477362,-0.5333920607829162,-0.0
2017-08-22,1,1,0.03418625285955337,0.02489683258012996,0.9409169145603166,0.43788410886743107,0.43788410886743107
2017-08-23,-1,-1,0.7379048005953178,0.15287656232963073,0.10921863707505142,-0.3480422622747124,0.3480422622747124
2017-08-24,1,1,0.47700810853693676,0.007440445418554242,0.515551446044509,0.40324408134058276,0.0
2017-08-25,1,-1,0.6945658112086363,0.22004362945434908,0.08539055933701464,1.441492864983537,-1.441492864983537
2017-08-28,0,1,0.16180473988701624,0.028617994853002957,0.8095772652599809,-0.026600517232288987,-0.026600517232288987
2017-08-29,0,1,0.384738662924696,0.049511197832814775,0.5657501392424892,-0.057661227256136385,-0.057661227256136385
2017-08-30,1,-1,0.5248393789049016,0.03200911247067199,0.4431515086244263,0.9440051293011446,0.0
2017-08-31,1,-1,0.8125032014696221,0.0755605043836467,0.1119362941467312,0.2578397212543432,-0.2578397212543432
2017-09-01,1,-1,0.7556770619103265,0.01689887555044524,0.22742406253922837,0.6558596073765653,-0.6558596073765653
2017-09-04,1,-1,0.9550969182206854,0.005245196922482962,0.0396578848568315,0.35957953193177783,-0.35957953193177783
2017-09-05,-1,-1,0.9445230889691623,0.022075228361813068,0.03340168266902474,-0.38289305705587334,0.38289305705587334
2017-09-06,1,-1,0.6590649413936688,0.1152529651563086,0.22568209345002255,1.0093639318810281,-1.0093639318810281
2017-09-07,0,1,0.2967625214246048,0.3319096371558288,0.3713278414195664,-0.180680219300364,-0.0
2017-09-08,-1,1,0.10345350511831768,0.17077420045756583,0.7257722944241165,-1.2786711603273997,-1.2786711603273997
2017-09-11,1,1,0.11239292263730172,0.2671148613927021,0.6204922159699962,0.2864648140467197,0.2864648140467197
2017-09-12,-1,1,0.3196674842342111,0.2958867000906043,0.38444581567518454,-0.567845659163983,-0.0
2017-09-13,1,-1,0.5741682074820743,0.21480693554579713,0.21102485697212847,0.40231316725978883,-0.40231316725978883
2017-09-14,-1,-1,0.5620743789473182,0.06444111069862926,0.3734845103540525,-0.5886608192422431,0.5886608192422431
2017-09-15,-1,0,0.13306554997137154,0.4955127348059076,0.3714217152227207,-0.8304698049075754,-0.0
2017-09-18,1,-1,0.6203832264741,0.3298765131710842,0.04974026035481587,0.24020263811890052,-0.24020263811890052
2017-09-19,-1,-1,0.7687597801223892,0.06344457365682081,0.16779564622078996,-0.6714919899633297,0.6714919899633297
2017-09-20,-1,-1,0.8283420278351351,0.05319244540970421,0.11846552675516082,-0.6805843450794509,0.6805843450794509
2017-09-21,1,0,0.026256623063800878,0.9551807478941035,0.018562629042095494,0.3990384615384566,0.0
2017-09-22,1,-1,0.7006202770425028,0.20572300211998157,0.09365672083751553,0.9647082719748064,-0.9647082719748064
2017-09-25,-1,1,0.10413127826908751,0.3673818912126084,0.5284868305183041,-1.1799038795025476,-0.0
2017-09-26,-1,0,0.009633949565153394,0.9640910246051505,0.0262750258296961,-0.7221385542168525,-0.0
2017-09-27,1,0,0.10507337252893237,0.8403015260887171,0.054625101382350535,0.3073918841684053,0.0
2017-09-28,-1,-1,0.7422916206387403,0.03403373263168334,0.22367464672957632,-0.571428571428574,0.571428571428574
2017-09-29,-1,0,0.17515559510530435,0.5319704520033165,0.29287395289137913,-0.5572937425269018,-0.0
2017-10-02,0,0,0.2255455719801165,0.531916292172347,0.2425381358475365,0.06660389513851264,0.0
2017-10-03,1,1,0.007824371228408905,0.46877057476891154,0.5234050540026796,0.20593529805072094,0.0
2017-10-04,-1,1,0.12230769623064595,0.04163325093556646,0.8360590528337876,-0.47565699926709204,-0.47565699926709204
2017-10-05,1,0,0.016554929620505813,0.6167871328680797,0.3666579375114144,0.6067011943769183,0.0
2017-10-06,1,1,0.1400530714703176,0.10379743808930379,0.7561494904403786,0.5594685786587882,0.5594685786587882
2017-10-09,1,1,0.41786126227226655,0.01699118357806824,0.5651475541496651,0.27338947150901294,0.27338947150901294
2017-10-10,1,0,0.2803725186021366,0.5224521838111522,0.19717529758671112,0.3001184961758072,0.0
2017-10-11,0,-1,0.9526176060936866,0.005835280205235458,0.041547113701077915,0.13614011823857636,-0.13614011823857636
2017-10-12,1,1,0.34439853592517744,0.17371950779287848,0.481881956281944,0.774425287356323,0.0
2017-10-13,-1,0,0.13033115072796503,0.6529665634023091,0.21670228586972595,-0.6880814463752951,-0.0
2017-10-16,-1,-1,0.5178114381725846,0.2740829386154753,0.20810562321194018,-0.844988486244079,-0.0
2017-10-17,-1,-1,0.6142163190500873,0.34712146062610544,0.03866222032380716,-0.3596485913359611,0.3596485913359611
2017-10-18,1,-1,0.6738287773600841,0.17626938773725587,0.1499018349026601,0.7419957793186618,-0.7419957793186618
2017-10-19,-1,-1,0.8236607766228264,0.04310966465096869,0.1332295587262049,-0.7652027027027205,0.7652027027027205
2017-10-20,0,-1,0.6140689572102918,0.09431130158861636,0.29161974120109185,0.11219280541375984,-0.11219280541375984
2017-10-23,-1,-1,0.8519347810393633,0.016542820285196113,0.13152239867544063,-0.43131804493861114,0.43131804493861114
2017-10-24,0,1,0.21359976806872005,0.01910372300571762,0.7672965089255623,0.06386338382361335,0.06386338382361335
2017-10-25,-1,1,0.06944865735378246,0.03380729805640178,0.8967440445898157,-0.8689828380075459,-0.8689828380075459
2017-10-26,1,0,0.25587602244949464,0.5200296744322599,0.22409430311824552,0.5752854424357827,0.0
2017-10-27,0,1,0.1792379394478339,0.1737514044449605,0.6470106561072057,0.19475655430710925,0.19475655430710925
2017-10-30,-1,-1,0.7924771252615509,0.03987362019494631,0.16764925454350285,-0.45803458456348,0.45803458456348
2017-10-31,1,1,0.2733798978510182,0.3142864469813473,0.41233365516763454,0.30947544509499664,0.0
2017-11-01,0,-1,0.5570098908324422,0.14543303128222906,0.29755707788532876,0.10791075050711167,-0.10791075050711167
2017-11-02,-1,1,0.06088941374703768,0.14105323912645873,0.7980573471265037,-0.5108829568788508,-0.5108829568788508
2017-11-03,1,1,0.2210782908753475,0.2779654023012505,0.500956306823402,1.003182086034163,0.0
2017-11-06,-1,1,0.05707116550169287,0.0219109356388037,0.9210178988595034,-0.5435706385703336,-0.5435706385703336
2017-11-07,1,1,0.28506318740761455,0.09652381819464244,0.618412994397743,0.5111595312407823,0.5111595312407823
2017-11-08,1,1,0.2405474746378091,0.21701271327057284,0.5424398120916181,0.30124575311439306,0.0
2017-11-09,-1,1,0.03491907843704521,0.009005882512267999,0.9560750390506867,-0.8012254901960701,-0.8012254901960701
2017-11-10,1,-1,0.6991692936563639,0.10147097414610148,0.19935973219753456,0.21986882483903053,-0.21986882483903053
2017-11-13,0,1,0.39440196390168347,0.09567797337202158,0.509920062726295,0.16322250323855,0.0
2017-11-14,0,-1,0.8184809854246828,0.09539111303455103,0.08612790154076606,-0.16543698638354207,0.16543698638354207
2017-11-15,0,1,0.24214737661139596,0.1865259708242754,0.5713266525643287,0.03356694946513094,0.03356694946513094
2017-11-16,1,1,0.186564053916677,0.29137015424073154,0.5220657918425915,1.377265861027197,0.0
2017-11-17,-1,0,0.04017905613423949,0.6189352701531109,0.34088567371264955,-1.4500894454382902,-0.0
2017-11-20,1,0,0.33165760716359843,0.40119605594245616,0.2671463368939454,0.2805358550039532,0.0
2017-11-21,1,1,0.23781131975192796,0.02151721584122689,0.7406714644068453,0.942657504186624,0.942657504186624
2017-11-22,0,-1,0.6542831744845572,0.0580347967621743,0.28768202875326854,-0.05740605515924419,0.05740605515924419
2017-11-23,-1,1,0.24456653866401712,0.05502957078539178,0.7004038905505912,-0.23833647502355154,-0.23833647502355154
2017-11-24,1,-1,0.5349653177879531,0.0922838063312179,0.372750875880829,0.5183569157888007,0.0
2017-11-27,0,-1,0.8021729997526452,0.02032787048103893,0.17749912976631577,-0.058401325072067245,0.058401325072067245
2017-11-28,-1,-1,0.6601149588910243,0.03845673843161023,0.3014283026773655,-0.8999301986166698,0.8999301986166698
2017-11-29,-1,0,0.40173604399339186,0.4369895718702388,0.16127438413636938,-0.7423788869204014,-0.0
2017-11-30,1,-1,0.652247490319094,0.20001057621503116,0.14774193346587497,0.46825012118276016,-0.46825012118276016
2017-12-01,-1,1,0.34753052891541986,0.29257234251483066,0.35989712856974954,-0.34368459754512076,-0.0
2017-12-04,-1,1,0.19671751883831787,0.023505038184827878,0.7797774429768543,-0.830357142857142,-0.830357142857142
2017-12-05,0,1,0.2824865723336841,0.31011883235795973,0.40739459530835603,-0.19993172507965312,-0.0
2017-12-06,-1,1,0.05911259480979641,0.12401752917448752,0.8168698760157161,-1.296252061650453,-1.296252061650453
2017-12-07,0,1,0.12737223690842384,0.04532787559595507,0.8272998874956211,0.09220896194551334,0.09220896194551334
2017-12-08,-1,1,0.4292612538371921,0.04838050105937372,0.5223582451034342,-0.5153270576876766,-0.0
2017-12-11,0,1,0.2932789368549673,0.2086860057064729,0.4980350574385598,0.1899095668729339,0.0
2017-12-12,1,-1,0.694207102989463,0.21415730907527064,0.0916355879352663,0.9704594511254789,-0.9704594511254789
2017-12-13,-1,1,0.43472532152138127,0.07192927179311338,0.4933454066855054,-0.2412112774103554,-0.0
2017-12-14,1,1,0.027463933793611478,0.06278403732636476,0.9097520288800237,0.20668973471741103,0.20668973471741103
2017-12-15,1,1,0.1063496583921383,0.20435575399883388,0.6892945876090278,0.5592105263157834,0.5592105263157834
2017-12-18,0,1,0.1909903065745891,0.21121965747702723,0.5977900359483838,-0.038468143568608594,-0.038468143568608594
2017-12-19,1,1,0.034375629515482634,0.06788651789195263,0.8977378525925647,0.323874932224825,0.323874932224825
2017-12-20,0,1,0.18612669821430083,0.04201207330320496,0.7718612284824943,0.10752142177086935,0.10752142177086935
2017-12-21,1,1,0.11481393555930815,0.07476842793196811,0.8104176365087237,0.8189094889512369,0.8189094889512369
2017-12-22,1,-1,0.5937233561814954,0.21994136918837415,0.18633527463013047,0.7285260525782069,-0.7285260525782069
2017-12-26,1,-1,0.5928155155810455,0.15631677371111974,0.2508677107078348,0.4288862037103014,-0.4288862037103014
2017-12-27,1,-1,0.503354009618711,0.2782653974074985,0.21838059297379042,0.7654704718847131,0.0
2017-12-28,1,-1,0.5197612124113179,0.15119412359151363,0.32904466399716836,0.8437911025145013,0.0
2017-12-29,1,-1,0.4217767588051175,0.395553659648772,0.18266958154611054,1.54272551642145,0.0
2018-01-02,-1,-1,0.5894529693215067,0.358978257687569,0.05156877299092432,-0.43874928612222613,0.43874928612222613
2018-01-03,1,-1,0.9383931315653359,0.00878033595051082,0.05282653248415325,0.9299716007480927,-0.9299716007480927
2018-01-04,-1,-1,0.5379421882499047,0.03058647002589047,0.43147134172420487,-0.3221658206429871,-0.0
2018-01-05,0,-1,0.8821320714483408,0.020988754035132826,0.09687917451652632,0.10437235543019557,-0.10437235543019557
2018-01-08,-1,-1,0.8464317348999907,0.09156147863318932,0.06200678646681995,-0.7292163137468612,0.7292163137468612
2018-01-09,1,-1,0.621483938364266,0.10742068311390934,0.2710953785218247,0.36479609147044156,-0.36479609147044156
2018-01-10,1,-1,0.5813448172038032,0.27769899902923556,0.1409561837669612,0.49953378504382606,-0.49953378504382606
2018-01-11,1,-1,0.8961373681534284,0.024978968769423397,0.07888366307714807,1.3171001660210477,-1.3171001660210477
2018-01-12,1,-1,0.4620474563273918,0.416169902617601,0.12178264105500711,0.2771402341060217,0.0
2018-01-15,-1,-1,0.605445935674873,0.020349838261513195,0.3742042260636138,-0.2197929991859373,0.2197929991859373
2018-01-16,-1,-1,0.806957201672746,0.011489774027021317,0.18155302430023257,-0.9837009733341069,0.9837009733341069
2018-01-17,0,1,0.2953693747462571,0.07785741610266046,0.6267732091510824,0.04564969295146317,0.04564969295146317
2018-01-18,1,1,0.258943716393212,0.19346296321176196,0.5475933203950261,0.35477582846004413,0.0
2018-01-19,0,1,0.19265982809175172,0.15743905488688414,0.6499011170213641,0.19234769281296132,0.19234769281296132
2018-01-22,1,-1,0.9085087702147273,0.03180547983884581,0.059685749946426905,0.593377483443701,-0.593377483443701
2018-01-23,1,-1,0.5679446252009491,0.04467751673785762,0.38737785806119324,1.403374683990844,-1.403374683990844
2018-01-24,-1,-1,0.6616068981204594,0.1555501095027193,0.18284299237682133,-0.8210953346856081,0.8210953346856081
2018-01-25,0,-1,0.4796172665002134,0.3815900263880939,0.13879270711169264,0.14644351464435482,0.0
2018-01-26,-1,-1,0.6675288170182091,0.09064221455236529,0.2418289684294255,-0.7131015066993359,0.7131015066993359
2018-01-29,0,1,0.3286079934449932,0.1140897440357542,0.5573022625192526,-0.1350366835975655,-0.1350366835975655
2018-01-30,1,-1,0.4659114535676431,0.45015200276836964,0.08393654366398734,0.4792500526648401,0.0
2018-01-31,1,-1,0.7218871094828356,0.04289711974802289,0.23521577076914138,0.26866887248663585,-0.26866887248663585
2018-02-01,-1,-1,0.8513772571323946,0.031574073831323275,0.11704866903628203,-1.1505952071528764,1.1505952071528764
2018-02-02,1,0,0.27370590298068487,0.5584358778752191,0.1678582191440961,0.44539282250242,0.0
2018-02-05,-1,-1,0.8117481056988449,0.004560203805184872,0.18369169049597012,-1.0174613834788322,1.0174613834788322
2018-02-06,-1,1,0.2855440564692456,0.2791251610944922,0.4353307824362623,-0.38626490433496663,-0.0
2018-02-07,0,0,0.2693488921240508,0.7106984125271646,0.019952695348784823,0.026965505165473407,0.0
2018-02-08,0,-1,0.7302046288180168,0.08659969523855932,0.1831956759434239,-0.1630927212322584,0.1630927212322584
2018-02-09,1,-1,0.37750170294791785,0.306159184581667,0.3163391124704151,0.3772082185977478,0.0
2018-02-12,1,-1,0.965453584374878,0.011692072975642545,0.02285434264947947,0.4019813617664418,-0.4019813617664418
2018-02-13,1,-1,0.6789643825442545,0.0551989565869121,0.2658366608688333,1.3101670814077426,-1.3101670814077426
2018-02-14,0,1,0.30606118692578116,0.31933066073565114,0.3746081523385677,0.1650225714763377,0.0
2018-02-15,-1,1,0.031462370507489054,0.047098676906581066,0.9214389525859299,-0.35784459660613177,-0.35784459660613177
2018-02-16,0,1,0.18602627124212257,0.056427267287420896,0.7575464614704565,-0.052509587424662676,-0.052509587424662676
2018-02-19,-1,1,0.04178875562077518,0.0072816356688688725,0.9509296087103559,-1.0360833771238445,-1.0360833771238445
2018-02-20,-1,0,0.36975499158260394,0.38957049270626953,0.2406745157111265,-0.2953054662379465,-0.0
2018-02-21,1,-1,0.48908382613724555,0.12576309429360807,0.38515307956914624,0.44938716036684695,0.0
2018-02-22,0,1,0.09759349706218397,0.0737982315372825,0.8286082714005335,-0.19120165870368516,-0.19120165870368516
2018-02-23,1,0,0.1864493028470164,0.6804258758351334,0.1331248213178503,0.2787394996983315,0.0
2018-02-26,-1,-1,0.4902830876764675,0.1035284129462224,0.40618849937731016,-1.0147614143494657,-0.0
2018-02-27,0,0,0.03942633962285326,0.7866018258413313,0.17397183453581536,-0.029859428017453993,-0.0
2018-02-28,0,1,0.0848942824510227,0.06692819422475257,0.8481775233242247,-0.0777581418833562,-0.0777581418833562
2018-03-01,1,-1,0.7519616422498716,0.04174872166807481,0.20628963608205342,0.3703812173573529,-0.3703812173573529
2018-03-02,0,-1,0.7646478236348176,0.07408985995129687,0.16126231641388547,-0.13901788360833842,0.13901788360833842
2018-03-05,1,-1,0.7280802703023057,0.055853525727892865,0.2160662039698014,0.9823836236590879,-0.9823836236590879
2018-03-06,-1,-1,0.7753773396576512,0.1486975640964846,0.07592509624586424,-0.6913017526724281,0.6913017526724281
2018-03-07,-1,-1,0.7288683543228153,0.16269246998557957,0.10843917569160519,-0.2575890326238162,0.2575890326238162
2018-03-08,0,1,0.15732346312351714,0.4118864077155673,0.4307901291609156,0.10403079225917544,0.0
2018-03-09,0,-1,0.5796758250982036,0.16725230946013678,0.2530718654416596,-0.022397687980607987,0.022397687980607987
2018-03-12,1,-1,0.6601905462757678,0.0851805204542594,0.2546289332699729,0.25754680932366136,-0.25754680932366136
2018-03-13,0,-1,0.39321665670106914,0.24128008806792703,0.36550325523100385,-0.11185390510354004,-0.0
2018-03-14,-1,1,0.41143984482426804,0.01255131977759414,0.5760088353981379,-0.679236961076188,-0.679236961076188
2018-03-15,0,1,0.028801445548455575,0.051531672404256115,0.9196668820472884,-0.1697420898697129,-0.1697420898697129
2018-03-16,1,1,0.18034339279854447,0.23481093121421379,0.5848456759872418,0.22906350914961973,0.22906350914961973
2018-03-19,-1,0,0.20108201570272863,0.6677784946272411,0.13113948967003017,-0.4706287287746765,-0.0
2018-03-20,1,1,0.10817013649997799,0.32343565691383364,0.5683942065861883,1.6485350960730434,1.6485350960730434
2018-03-21,-1,1,0.27423909090505993,0.08483110463559154,0.6409298044593487,-0.23519340859236046,-0.23519340859236046
2018-03-22,1,-1,0.6316241751000049,0.10196521899840119,0.26641060590159393,1.3504895404205175,-1.3504895404205175
2018-03-23,1,-1,0.7765096501950648,0.049765563678607676,0.1737247861263275,0.4629442649434531,-0.4629442649434531
2018-03-26,-1,1,0.39445737900680927,0.0872261361458641,0.5183164848473266,-0.637658475504775,-0.0
2018-03-27,-1,-1,0.7580347704307634,0.2135111009128016,0.028454128656435106,-1.4661764705882385,1.4661764705882385
2018-03-28,0,0,0.16174984836834638,0.5473480908862502,0.2909020607454034,0.021954327158690033,0.0
2018-03-29,1,1,0.25194013884240507,0.1309371673306412,0.6171226938269537,1.1380454454051754,1.1380454454051754
2018-04-02,-1,0,0.27496286443250306,0.6161056302406461,0.10893150532685072,-0.5699304032796233,-0.0
2018-04-03,0,-1,0.5960284669122471,0.2953236672180599,0.1086478658696929,0.03085621196876288,-0.03085621196876288
2018-04-04,-1,0,0.3186430565898409,0.5768853593709109,0.1044715840392483,-0.42919048497140905,-0.0
2018-04-05,1,1,0.34929175136080465,0.23235249800289254,0.4183557506363028,0.4223774929434075,0.0
2018-04-06,1,-1,0.5730739802641193,0.31340675610506885,0.11351926363081175,0.20197515132206745,-0.20197515132206745
2018-04-09,1,-1,0.813586340046773,0.1291043846600626,0.05730927529316438,0.21036766385019195,-0.21036766385019195
2018-04-10,1,-1,0.7007310102018955,0.1055406590040758,0.19372833079402854,0.869696002916922,-0.869696002916922
2018-04-11,-1,1,0.387960254230235,0.1695509871958079,0.442488758573957,-1.1633604534235358,-0.0
2018-04-12,1,-1,0.44180042551777526,0.15137409225527937,0.40682548222694537,0.6176380300837583,0.0
2018-04-13,0,-1,0.4797816347905701,0.13545968765370864,0.38475867755572124,0.04762552728262353,0.0
2018-04-16,0,-1,0.8757710012336244,0.04984974689026436,0.07437925187611125,0.08910256410257048,-0.08910256410257048
2018-04-17,0,-1,0.732965150673555,0.013089618400590636,0.2539452309258543,0.13797634691195187,-0.13797634691195187
2018-04-18,-1,-1,0.897301559237748,0.04311838286038373,0.05958005790186829,-0.2615854860974143,0.2615854860974143
2018-04-19,-1,0,0.026268676109308883,0.8418859016964247,0.13184542219426634,-0.6543492790986327,-0.0
2018-04-20,-1,0,0.1477114724917188,0.45372408972502626,0.39856443778325495,-0.766301096709872,-0.0
2018-04-23,1,1,0.2996866045420185,0.24408558222317647,0.45622781323480494,0.3937369103420839,0.0
2018-04-24,-1,0,0.19133730717610828,0.5549733756170272,0.2536893172068645,-0.5055555555555552,-0.0
2018-04-25,-1,1,0.06319872596564165,0.35103467411445943,0.5857665999198989,-0.4606017191977127,-0.4606017191977127
2018-04-26,1,1,0.23489681673822355,0.28721555897481954,0.4778876242869568,0.48078735210972334,0.0
2018-04-27,-1,-1,0.4809585195964326,0.27201368958771244,0.24702779081585502,-0.6050384737008578,-0.0
2018-04-30,-1,-1,0.7521001229249538,0.053154548104663676,0.19474532897038246,-0.8188147918923057,0.8188147918923057
2018-05-01,0,0,0.050137940438455084,0.7409222201216051,0.20893983943993968,0.062211981566816246,0.0
2018-05-02,1,1,0.41945899022413446,0.0453887304947981,0.5351522792810675,0.5986575627820954,0.0
2018-05-03,1,-1,0.4769393435783119,0.14776718424052576,0.3752934721811622,0.22787303058387,0.0
2018-05-04,0,-1,0.745359442185384,0.02074131659871885,0.23389924121589722,-0.0659949325319628,0.0659949325319628
2018-05-07,0,1,0.051375811368715676,0.010082392983193524,0.9385417956480908,0.015954894433785834,0.015954894433785834
2018-05-08,0,1,0.39222503203303244,0.13700857916206305,0.4707663888049046,-0.13906723198062676,-0.0
2018-05-09,1,1,0.29816944678845386,0.18313938453964554,0.5186911686719007,0.7282892737769661,0.0
2018-05-10,-1,1,0.3038059692786738,0.305369204689973,0.39082482603135316,-0.25632968759441566,-0.0
2018-05-11,-1,1,0.01498239298178649,0.24848434124964508,0.7365332657685685,-0.42632955536180495,-0.42632955536180495
2018-05-14,-1,1,0.03379902899423145,0.08146656399064017,0.8847344070151284,-2.0023848374545263,-2.0023848374545263
2018-05-15,0,-1,0.5712373054659223,0.11118696772603268,0.31757572680804497,0.015436397400190201,-0.015436397400190201
2018-05-16,0,-1,0.4952020608763572,0.06443277630081207,0.4403651628228306,0.007346510407568318,0.0
2018-05-17,0,1,0.36628177456209376,0.03992661634655304,0.5937916090913532,0.1816163150820858,0.1816163150820858
2018-05-18,0,-1,0.5574500871503598,0.046859437894898326,0.3956904749547418,-0.034234013938122726,0.034234013938122726
2018-05-21,0,1,0.2107364756908994,0.06490789809373165,0.724355626215369,-0.11720604773209385,-0.11720604773209385
2018-05-22,0,1,0.016804613322150115,0.11830301116335962,0.8648923755144903,0.18205921343349096,0.18205921343349096
2018-05-23,1,1,0.1913459567191113,0.1336224584449807,0.675031584835908,1.0234234234234167,1.0234234234234167
2018-05-24,-1,1,0.19535241359785802,0.28172853744331483,0.5229190489588271,-0.2863852666707825,-0.0
2018-05-25,-1,1,0.06366547878592907,0.21219587433337145,0.7241386468806995,-0.3009069449621107,-0.3009069449621107
2018-05-28,0,1,0.06667126650870032,0.43075900190180094,0.5025697315894988,0.06501128668171816,0.0
2018-05-29,1,1,0.03135703653953918,0.4259525283777163,0.5426904350827445,0.233948197184901,0.0
2018-05-30,-1,1,0.2014658134076471,0.05397281026233642,0.7445613763300164,-0.2829679373230567,-0.2829679373230567
2018-05-31,-1,0,0.01914945296683888,0.5142323821584167,0.4666181648747444,-0.48687664041994305,-0.0
2018-06-01,0,1,0.013620952163236937,0.30710589989007486,0.6792731479466882,-0.0916574836325914,-0.0916574836325914
2018-06-04,1,1,0.06107078716359572,0.2066258847728355,0.7323033280635688,0.46450378871477854,0.46450378871477854
2018-06-05,0,-1,0.492498572215085,0.3342919140430815,0.17320951374183358,0.008226825326861911,0.0
2018-06-06,0,-1,0.5769731394748308,0.2052886875687039,0.21773817295646547,0.06233766233767641,-0.06233766233767641
2018-06-07,0,1,0.07438071468383964,0.294523204815809,0.6310960805003514,0.15041493775931694,0.15041493775931694
2018-06-08,0,0,0.3483703590417503,0.48557096899931024,0.16605867195893953,0.17895771878073305,0.0
2018-06-11,-1,1,0.40084625359127696,0.16371352675012382,0.43544021965859925,-0.47423461655047255,-0.0
2018-06-12,1,0,0.09337488417070415,0.72965099352532,0.17697412230397577,0.40625486229967606,0.0
2018-06-13,1,1,0.11452449502965202,0.04164374238733995,0.843831762583008,0.2892980622336769,0.2892980622336769
2018-06-14,-1,0,0.0675009871551154,0.5524724271362212,0.38002658570866343,-2.431791591919538,-0.0
2018-06-15,0,-1,0.4755570268775668,0.38417252973825416,0.1402704433841792,-0.13713600319848898,-0.0
2018-06-18,-1,-1,0.8427801891135954,0.05527326250625502,0.10194654838014956,-0.380407932811081,0.380407932811081
2018-06-19,-1,0,0.426079145674496,0.47506592667144015,0.09885492765406392,-0.6254000680966935,-0.0
2018-06-20,0,0,0.06200760453921844,0.6730856799119198,0.2649067155488618,-0.08024564994881525,-0.0
2018-06-21,1,0,0.11875139184463684,0.8353303014868503,0.0459183066685128,0.20886822566094065,0.0
2018-06-22,-1,0,0.24251946290372,0.48324664801699657,0.2742338890792834,-0.37663259511640906,-0.0
2018-06-25,-1,-1,0.5230259390958604,0.1839740956617372,0.29299996524240257,-0.6703797468354352,-0.0
2018-06-26,-1,0,0.11923364706884519,0.724437888758941,0.15632846417221377,-0.6661077342276458,-0.0
2018-06-27,-1,0,0.016435491565927742,0.7422891378214549,0.24127537061261725,-0.37475728155339,-0.0
2018-06-28,1,1,0.3385940934973009,0.14004770806556974,0.5213581984371294,0.44068501698675505,0.0
2018-06-29,-1,0,0.12948435066609443,0.6940315229495884,0.17648412638431735,-1.03839022045189,-0.0
2018-07-02,1,-1,0.4759908235734381,0.34115542790607006,0.18285374852049177,0.9935247563607746,0.0
2018-07-03,1,0,0.07701981835546975,0.6035537513927909,0.3194264302517393,0.4119679210363954,0.0
2018-07-04,0,1,0.3713818896239811,0.01486291351670006,0.6137551968593188,0.008780181875207961,0.008780181875207961
2018-07-05,-1,1,0.16891685554895508,0.0995342938853584,0.7315488505656864,-0.27560627674750254,-0.27560627674750254
2018-07-06,1,0,0.08205957425769404,0.6152205412174162,0.30271988452488985,0.26441351888666514,0.0
2018-07-09,-1,0,0.08838337597353509,0.5782225205716826,0.3333941034547824,-0.20634347229246094,-0.0
2018-07-10,-1,0,0.0867588980549741,0.5363378900317725,0.37690321191325343,-1.31556802244038,-0.0
2018-07-11,1,0,0.04117297361447078,0.4975889490153892,0.4612380773701401,0.4692632566870019,0.0
2018-07-12,-1,-1,0.5440045181770939,0.16802952725448764,0.28796595456841845,-0.5052687038988428,-0.0
2018-07-13,0,0,0.09829668834086668,0.7695804837732719,0.13212282788586138,-0.06661522633744939,-0.0
2018-07-16,-1,0,0.31705170955843726,0.45376446719790425,0.22918382324365846,-1.2342498665242947,-0.0
2018-07-17,0,1,0.12846570536119725,0.3533745059080368,0.5181597887307658,-0.014929118052948297,-0.0
2018-07-18,-1,-1,0.38204368176829245,0.33252403088406907,0.2854322873476384,-0.4089452855078721,-0.0
2018-07-19,1,0,0.26512864069370995,0.43472090350432613,0.300150455801964,0.7378988884904943,0.0
2018-07-20,-1,-1,0.6906795163833299,0.1582475208697302,0.15107296274693974,-0.5825414625509028,0.5825414625509028
2018-07-23,0,0,0.4234187099438599,0.5169968407760198,0.05958444928012029,-0.016280066099521207,-0.0
2018-07-24,1,0,0.3443112398360765,0.4818393389219844,0.1738494212419392,0.600832981227734,0.0
2018-07-25,-1,-1,0.3528878451309595,0.33448131606917636,0.31263083879986414,-0.7462668808376509,-0.0
2018-07-26,0,1,0.05827098725664341,0.2432055568124577,0.6985234559308988,0.00960164599646602,0.00960164599646602
2018-07-27,0,1,0.19313099800961386,0.2335126175764245,0.5733563844139616,-0.08548879543752096,-0.08548879543752096
2018-07-30,0,0,0.2876164946935762,0.4211443930638924,0.2912391122425315,0.1739391393073595,0.0
2018-07-31,-1,1,0.06370986313711552,0.2724917655444202,0.6637983713184643,-0.654008438818566,-0.654008438818566
2018-08-01,-1,1,0.12877401473688577,0.08378094235858458,0.7874450429045297,-0.6803410649335246,-0.6803410649335246
2018-08-02,1,1,0.021920457662808458,0.10410970933759413,0.8739698329995974,0.4651846624323771,0.4651846624323771
2018-08-03,-1,0,0.141690786613683,0.7569985686352755,0.10131064475104148,-0.47796838210561116,-0.0
2018-08-06,1,1,0.10499540798403165,0.4217452652552287,0.4732593267607397,0.29627031450952035,0.0
2018-08-07,1,1,0.1920074548362581,0.10651518321432128,0.7014773619494207,0.2173634936326165,0.2173634936326165
2018-08-08,0,1,0.08840772612603355,0.13064193290684148,0.7809503409671249,-0.13250290040910645,-0.13250290040910645
2018-08-09,0,1,0.034373660583464284,0.032898351032208076,0.9327279883843277,-0.08378870673953315,-0.08378870673953315
2018-08-10,-1,1,0.08362653142010651,0.16138318358088483,0.7549902849990087,-1.6350499211770886,-1.6350499211770886
2018-08-13,0,-1,0.6443558204578803,0.09427251036275935,0.2613716691793604,0.033484606893157284,-0.033484606893157284
2018-08-14,-1,-1,0.627797158897269,0.0033698592293973867,0.36883298187333374,-1.6940599043543978,1.6940599043543978
2018-08-15,0,0,0.05555674251514627,0.7020383042271312,0.24240495325772252,-0.05344467640917528,-0.0
2018-08-16,1,0,0.18933266318351166,0.5167782674421134,0.2938890693743749,0.8653129346314259,0.0
2018-08-17,1,0,0.3039452054877355,0.5893114156857905,0.10674337882647397,0.393321560443089,0.0
2018-08-20,1,-1,0.7545452533648856,0.029208694947678773,0.2162460516874354,0.43871325568497727,-0.43871325568497727
2018-08-21,0,-1,0.7665545874622177,0.06379707539530907,0.16964833714247313,-0.050407134548281586,0.050407134548281586
2018-08-22,-1,1,0.04948225875328577,0.05912794857615547,0.8913897926705587,-0.8147979250983324,-0.8147979250983324
2018-08-23,1,1,0.03407675749795501,0.3178607280247558,0.6480625144772892,1.695863746958645,1.695863746958645
2018-08-24,1,1,0.16358764264862174,0.036287157707714804,0.8001251996436635,0.3847351188878836,0.3847351188878836
2018-08-27,-1,-1,0.7454734321550769,0.1531406130881007,0.10138595475682238,-0.7681097299614233,0.7681097299614233
2018-08-28,1,1,0.25250321756205185,0.13128015003092275,0.6162166324070254,0.4019173657062463,0.4019173657062463
2018-08-29,-1,-1,0.6156794168109136,0.16313732519167018,0.22118325799741612,-0.49089584850691914,0.49089584850691914
2018-08-30,0,0,0.08632578900918685,0.6010210502548425,0.31265316073597055,0.10550387194011444,0.0
2018-08-31,0,-1,0.5047692515309152,0.19007300664419663,0.3051577418248881,0.021682615188908662,0.0
2018-09-03,-1,-1,0.5516510704101066,0.23146224243469338,0.21688668715520007,-0.7811917041588976,0.7811917041588976
2018-09-04,1,0,0.061833070411581065,0.7389591263027896,0.19920780328562918,0.4303958393527821,0.0
2018-09-05,1,-1,0.6430359685301701,0.02184506988598903,0.3351189615838409,0.2989041440987615,-0.2989041440987615
2018-09-06,-1,-1,0.7282669579985059,0.08900550083671356,0.1827275411647804,-0.36339285714287134,0.36339285714287134
2018-09-07,0,-1,0.5686949198100956,0.3362256216258505,0.09507945856405385,-0.01322751322750116,0.01322751322750116
2018-09-10,1,-1,0.4771419771364178,0.09479159233292886,0.42806643053065324,0.2522683706070227,0.0
2018-09-11,1,-1,0.6539369947274302,0.15214327141725464,0.19391973385531525,0.6550273189725584,-0.6550273189725584
2018-09-12,-1,-1,0.4810298202608426,0.2550248229247154,0.2639453568144421,-0.40976030562573124,-0.0
2018-09-13,-1,0,0.08533363743105551,0.594474663586788,0.3201916989821564,-0.7277227722772259,-0.0
2018-09-14,1,-1,0.4680630366911316,0.09823049161140472,0.4337064716974636,0.7007186858316174,0.0
2018-09-17,-1,1,0.11848956929566051,0.2742795783109343,0.6072308523934052,-0.28515471993731856,-0.28515471993731856
2018-09-18,1,1,0.344514629541286,0.16418299321604626,0.49130237724266784,0.5116520610191391,0.0
2018-09-19,1,1,0.31974514907523843,0.04003408204100786,0.6402207688837537,0.31668761161453185,0.31668761161453185
2018-09-20,-1,0,0.3704654954556278,0.4338085243519778,0.19572598019239432,-0.7069654098693607,-0.0
2018-09-21,0,1,0.04240984042280898,0.46548938100033166,0.49210077857685924,-0.0961138754172632,-0.0
2018-09-24,1,1,0.3443426076301862,0.28159118219578577,0.374066210174028,0.20706876680752512,0.0
2018-09-25,-1,0,0.26026333443322686,0.42942065014498576,0.3103160154217875,-0.6057866184448508,-0.0
2018-09-26,-1,-1,0.8193227431615568,0.02384238950156262,0.15683486733688048,-1.0497301464919118,1.0497301464919118
2018-09-27,1,1,0.0523530409823606,0.06287655413443255,0.8847704048832068,0.8229205175600918,0.8229205175600918
2018-09-28,-1,-1,0.8489974610180905,0.10049713671903218,0.050505402262877266,-0.27685729556388267,0.27685729556388267
2018-10-01,1,-1,0.4645548798387213,0.21162668904118598,0.3238184311200927,1.1999270561060251,0.0
2018-10-02,-1,1,0.4152706378888834,0.06293466029852952,0.5217947018125871,-0.47359050445104234,-0.0
2018-10-03,1,0,0.07041356126205439,0.5629810264846435,0.36660541225330207,0.22618337903899194,0.0
2018-10-04,1,1,0.36621280947618445,0.0672783340324608,0.5665088564913547,0.2553740326741211,0.2553740326741211
2018-10-05,-1,-1,0.7667954674543802,0.025929600950477628,0.20727493159514232,-1.324799196787163,1.324799196787163
2018-10-08,0,1,0.15593067322693807,0.32302339008375236,0.5210459366893095,0.14781297134237803,0.0
2018-10-09,1,-1,0.7829229369026172,0.03601663209286339,0.1810604310045195,0.4030647782679389,-0.4030647782679389
2018-10-10,1,0,0.22992925999919658,0.41634922194261753,0.35372151805818586,2.368601855032648,0.0
2018-10-11,-1,-1,0.7046695226697105,0.15823290111091737,0.13709757621937205,-0.438740157480317,0.438740157480317
2018-10-12,1,-1,0.838249160206463,0.10019610275092508,0.06155473704261183,0.6354546897317833,-0.6354546897317833
2018-10-15,0,-1,0.8882053671640926,0.09516340519517184,0.01663122764073546,-0.14335190483360682,0.14335190483360682
2018-10-16,0,-1,0.8651697937311024,0.046083352640522296,0.08874685362837537,-0.18478316261530872,0.18478316261530872
2018-10-17,1,1,0.37806557327477247,0.2383574445470894,0.38357698217813807,0.26451544422037154,0.0
2018-10-18,0,-1,0.6828013172130688,0.26726208176835664,0.049936601018574577,0.05322623828648204,-0.05322623828648204
2018-10-19,-1,0,0.367802477361248,0.5370341043496066,0.09516341828914537,-0.33151183970856674,-0.0
2018-10-22,1,-1,0.6175765870196829,0.02816658975201468,0.35425682322830254,0.6666666666666572,-0.6666666666666572
2018-10-23,1,0,0.2746806066292763,0.43347326271751163,0.291846130653212,0.28039838021233016,0.0
2018-10-24,0,-1,0.55854315936085,0.26298832362446295,0.17846851701468708,-0.15449453779182687,0.15449453779182687
2018-10-25,0,-1,0.6788864920026512,0.09487632757007508,0.22623718042727362,0.12248468941383364,-0.12248468941383364
2018-10-26,-1,0,0.3883127142469741,0.5560087875546293,0.05567849819839654,-0.34934199282174866,-0.0
2018-10-29,-1,-1,0.7787564389022521,0.049882904701999534,0.1713606563957483,-0.4945801741083938,0.4945801741083938
2018-10-30,-1,-1,0.7205562786472863,0.04249914586206777,0.23694457549064596,-0.659898477157364,0.659898477157364
2018-10-31,1,0,0.38585979345016996,0.4470904840805748,0.16704972246925534,1.6681885409298414,0.0
2018-11-01,0,1,0.3546594414086329,0.2854629843424756,0.3598775742488915,0.0008220304151246123,0.0
2018-11-02,0,-1,0.9512119596333825,0.02161098649631172,0.027177053870305803,-0.13864839613826777,0.13864839613826777
2018-11-05,-1,-1,0.9179361638542675,0.02939876313755324,0.052665073008179214,-0.40815815815816614,0.40815815815816614
2018-11-06,0,1,0.4178764501681207,0.03509080546044003,0.5470327443714392,-0.005141073505105807,-0.0
2018-11-07,-1,-1,0.6251614839243571,0.2093973380820626,0.1654411779935802,-0.29113771007133843,0.29113771007133843
2018-11-08,-1,-1,0.745586367489169,0.016265341363974284,0.23814829114685665,-1.1540609445186307,1.1540609445186307
2018-11-09,-1,0,0.07956913315290884,0.5589530404821499,0.3614778263649413,-0.7610907610907732,-0.0
2018-11-12,0,0,0.02827806949744894,0.9570767210729075,0.014645209429643518,0.1354784081287163,0.0
2018-11-13,1,-1,0.8068336014617445,0.03160336790390286,0.16156303063435268,0.7671348483935095,-0.7671348483935095
2018-11-14,0,1,0.37384185755910665,0.07912033507075777,0.5470378073701356,0.16773227348656353,0.0
2018-11-15,1,-1,0.8903417297460013,0.00999286005089533,0.0996654102031034,0.6922167021528209,-0.6922167021528209
2018-11-16,1,-1,0.8338952047179646,0.03750059986555797,0.12860419541647736,0.20223135642983328,-0.20223135642983328
2018-11-19,0,1,0.3173918009989123,0.25322762738662646,0.4293805716144612,-0.1771301792888521,-0.0
2018-11-20,1,-1,0.8895596872120559,0.01982194908441594,0.09061836370352812,0.3494885533365932,-0.3494885533365932
2018-11-21,0,0,0.2271156844102644,0.6481930301350414,0.12469128545469428,0.11827602138472493,0.0
2018-11-22,-1,1,0.303297343947824,0.0733580924369261,0.6233445636152498,-0.3700771553170135,-0.3700771553170135
2018-11-23,0,-1,0.6670221989939136,0.051933149070182934,0.2810446519359035,-0.11373707533235215,0.11373707533235215
2018-11-26,-1,-1,0.8748618422873152,0.04202004278222109,0.08311811493046357,-0.7092575746973646,0.7092575746973646
2018-11-27,1,-1,0.6558698102962898,0.2267236962361666,0.1174064934675437,0.5884001120762128,-0.5884001120762128
2018-11-28,1,1,0.41784590165391083,0.10539658651420655,0.4767575118318825,0.30923880695722566,0.0
2018-11-29,0,-1,0.7564366210507628,0.16335748173781728,0.0802058972114199,-0.1780697463135251,0.1780697463135251
2018-11-30,1,1,0.24685374198332996,0.336199299611272,0.4169469584053981,0.819074733096088,0.0
2018-12-03,1,-1,0.41273504485479573,0.2325481601507493,0.3547167949944549,0.7529784450106907,0.0
2018-12-04,0,-1,0.7029515535354309,0.04184517617277286,0.2552032702917961,-0.1420907641003424,0.1420907641003424
2018-12-05,0,0,0.3469455549617225,0.5687886047820101,0.08426584025626746,0.07049763033176006,0.0
2018-12-06,1,-1,0.6294287813603044,0.19329501809039207,0.17727620054930343,1.15758446073613,-1.15758446073613
2018-12-07,-1,1,0.41790242559173163,0.08550109849874635,0.49659647590952205,-0.4404813687110253,-0.0
2018-12-10,0,1,0.275615923366387,0.22958281241031045,0.49480126422330256,-0.14092258671879354,-0.0
2018-12-11,1,0,0.20272879016884882,0.7442654787395001,0.05300573109165104,0.265178768078694,0.0
2018-12-12,-1,-1,0.9250241488780109,0.0449287668215989,0.03004708430039007,-0.36831365690133866,0.36831365690133866
2018-12-13,-1,1,0.10614572067508808,0.06465809655772893,0.829196182767183,-0.33534787735848987,-0.33534787735848987
2018-12-14,1,0,0.4284787960117083,0.4493078109213396,0.12221339306695207,0.7172275238573652,0.0
2018-12-17,1,-1,0.46060300938005205,0.3387131809473149,0.200683809672633,0.35855998845681575,0.0
2018-12-18,-1,-1,0.5284862451489836,0.10187702586672462,0.36963672898429184,-0.6984744707347276,-0.0
2018-12-19,1,0,0.27906357414531097,0.431417952226954,0.28951847362773503,1.7180183486238298,0.0
2018-12-20,-1,1,0.11283962158836972,0.05336254069216121,0.833797837719469,-0.37134541606032445,-0.37134541606032445
2018-12-21,1,-1,0.5798014839702211,0.2391863346155868,0.18101218141419198,1.230569594317725,-1.230569594317725
2018-12-24,0,-1,0.631629208678411,0.14665905845017496,0.221711732871414,-0.15619717357496285,0.15619717357496285
2018-12-26,1,0,0.39346503857556914,0.39960673516256345,0.20692822626186735,0.7804129642651686,0.0
2018-12-27,1,1,0.13157613546721117,0.024501634843033426,0.8439222296897553,0.47047021943574724,0.47047021943574724
2018-12-28,0,-1,0.7536604493639817,0.09490890098569066,0.1514306496503276,0.05434079441065286,-0.05434079441065286
2018-12-31,1,-1,0.8040741136908839,0.00987258123315759,0.18605330507595857,0.29517241379310677,-0.29517241379310677
2019-01-02,1,-1,0.5188543970684152,0.1367347679449111,0.3444108349866737,0.8464989272478994,0.0
2019-01-03,-1,1,0.3485058697382771,0.012192875419705538,0.6393012548420174,-0.7851125361498873,-0.7851125361498873
2019-01-04,1,0,0.045757686314374754,0.9274768558829516,0.02676545780267359,0.31066513761468867,0.0
2019-01-07,-1,-1,0.9433538860096267,0.023665999424391078,0.0329801145659823,-0.3025571396243448,0.3025571396243448
2019-01-08,1,1,0.11716411422855447,0.14383946185496282,0.7389964239164826,0.632655393053005,0.632655393053005
2019-01-09,-1,-1,0.6230690658731247,0.09573129444162963,0.28119963968524564,-0.5102418827631329,0.5102418827631329
2019-01-10,0,1,0.04550974230423355,0.1579143674479461,0.7965758902478203,0.1053222546597913,0.1053222546597913
2019-01-11,1,-1,0.5656230379517607,0.16801581537508398,0.2663611466731553,0.3445995591476836,-0.3445995591476836
2019-01-14,-1,1,0.34672686751305065,0.22634835067243253,0.42692478181451693,-0.20836650946285842,-0.0
2019-01-15,1,1,0.06969082892154553,0.05079210623591328,0.8795170648425413,0.36371681415930374,0.36371681415930374
2019-01-16,0,-1,0.4467571545791593,0.24486307850971395,0.3083797669111267,-0.14659685863875793,-0.0
2019-01-17,-1,1,0.22191866034116328,0.15663633222034118,0.6214450074384955,-0.9785413647967881,-0.9785413647967881
2019-01-18,0,1,0.37982220555601176,0.07162502944059788,0.5485527650033902,-0.1316584939880517,-0.0
2019-01-21,1,1,0.27801622532831055,0.04446535196509366,0.6775184227065958,0.4360316821049892,0.4360316821049892
2019-01-22,-1,-1,0.8016772460063231,0.0198217216470947,0.1785010323465822,-0.21907742550008466,0.21907742550008466
2019-01-23,0,0,0.3399264976951797,0.5202195103747759,0.13985399193004439,-0.16196744024937818,-0.0
2019-01-24,1,1,0.19039789431541973,0.2761364933039883,0.533465612380592,2.3558828041110558,0.0
2019-01-25,0,-1,0.8236014659599529,0.07384918165251834,0.10254935238752884,0.018733713641788663,-0.018733713641788663
2019-01-28,1,1,0.174595773251298,0.0683649164808734,0.7570393102678286,0.8723342521398645,0.8723342521398645
2019-01-29,1,0,0.3259012380387828,0.4580641852580874,0.21603457670312987,0.8602295746117293,0.0
2019-01-30,0,-1,0.8271003642326038,0.10484515760669613,0.06805447816070011,0.13929329138928798,-0.13929329138928798
2019-01-31,-1,-1,0.9274584887506161,0.03729139382467809,0.035250117424705775,-0.3751647386147393,0.3751647386147393
2019-02-01,-1,-1,0.4982298946401549,0.032927907090127495,0.4688421982697176,-0.5797958881822111,-0.0
2019-02-04,1,1,0.2212470728325396,0.10860321405518122,0.6701497131122791,0.3205174794679698,0.3205174794679698
2019-02-05,-1,-1,0.6033251563057772,0.25236289523658534,0.1443119484576376,-0.903457368883673,0.903457368883673
2019-02-06,1,-1,0.6030137772722005,0.03369205275526074,0.3632941699725388,0.3711060302943728,-0.3711060302943728
2019-02-07,1,-1,0.8624877089699441,0.07626210950373287,0.06125018152632302,0.400757520576887,-0.400757520576887
2019-02-08,-1,-1,0.8978230705107688,0.029464287738462203,0.07271264175076905,-0.5945828819068364,0.5945828819068364
2019-02-11,1,-1,0.819818100060732,0.10922605890985307,0.07095584102941498,0.249170139134118,-0.249170139134118
2019-02-12,-1,-1,0.46546306851761354,0.12122288433068737,0.4133140471516991,-0.45174017190361465,-0.0
2019-02-13,1,-1,0.4993015028508506,0.06913473219700246,0.431563764952147,0.5995513561280644,0.0
2019-02-14,1,-1,0.9610501940041064,0.016666153839862172,0.022283652156031356,0.918542654028451,-0.918542654028451
2019-02-15,1,-1,0.7476738491241526,0.11873755281353741,0.13358859806231002,0.5336008024072164,-0.5336008024072164
2019-02-18,1,1,0.22648847903580954,0.3590124854886609,0.41449903547552963,1.4612896269139546,0.0
2019-02-19,-1,-1,0.5972092647697586,0.12960399198671013,0.2731867432435312,-0.2600890620651341,0.2600890620651341
2019-02-20,-1,-1,0.49229458450659486,0.4203504419799919,0.0873549735134133,-1.4642610258537159,-0.0
2019-02-21,1,1,0.08846802338348783,0.22572683171827282,0.6858051448982394,0.41440070989413663,0.41440070989413663
2019-02-22,0,-1,0.7649680688490232,0.15443654752652958,0.08059538362444722,-0.05459462859298374,0.05459462859298374
2019-02-25,0,-1,0.6962021703871962,0.1279556665288743,0.1758421630839295,0.13967699694455785,-0.13967699694455785
2019-02-26,-1,1,0.08056604965273971,0.06513461388230747,0.8542993364649528,-0.820695807314882,-0.820695807314882
2019-02-27,-1,1,0.09232151040303038,0.14183972118128774,0.7658387684156819,-0.5770593720858049,-0.5770593720858049
2019-02-28,-1,1,0.01732030557148097,0.02832899939971506,0.9543506950288039,-1.6193032689095588,-1.6193032689095588
2019-03-01,-1,0,0.06686410699074247,0.8048533570158777,0.12828253599337985,-0.5492313626095193,-0.0
2019-03-04,0,-1,0.5130792941047987,0.429246477948438,0.057674227946763294,0.09038523103190962,0.0
2019-03-05,0,0,0.3305003655211224,0.5854081990431274,0.08409143543575023,-0.11879345267421773,-0.0
2019-03-06,0,-1,0.5381064057333362,0.1155136173822763,0.3463799768843875,-0.05897882379374264,-0.0
2019-03-07,1,-1,0.47647632621125474,0.17399143083620885,0.3495322429525364,1.0426042261564796,0.0
2019-03-08,-1,-1,0.49155285247868913,0.060550257063312816,0.4478968904579982,-0.4007251950335156,-0.0
2019-03-11,1,1,0.010925572685883608,0.035636515865730266,0.9534379114483861,0.6492659053833639,0.6492659053833639
2019-03-12,1,-1,0.7771628744968585,0.12061835465645007,0.10221877084669144,0.6257847012322769,-0.6257847012322769
2019-03-13,-1,1,0.060852833467529316,0.08172521358032517,0.8574219529521456,-1.1106867878041369,-1.1106867878041369
2019-03-14,1,1,0.11483892470752755,0.13894904631147353,0.7462120289809989,0.5147303397481636,0.5147303397481636
2019-03-15,0,-1,0.6348764422376393,0.24640386786221224,0.1187196899001486,0.10259665320253765,-0.10259665320253765
2019-03-18,1,-1,0.6286482867286698,0.1682931951506382,0.20305851812069206,0.22710915633745885,-0.22710915633745885
2019-03-19,1,-1,0.7437452042340665,0.13538353883254617,0.12087125693338716,0.49815346737793803,-0.49815346737793803
2019-03-20,-1,1,0.03946870633256499,0.4355097479563073,0.5250215457111277,-0.25543634172930724,-0.0
2019-03-21,1,-1,0.6290552514338468,0.1923563615861983,0.1785883869799549,0.34911669270519347,-0.34911669270519347
2019-03-22,1,-1,0.8996407700998887,0.0761890171916205,0.024170212708490763,0.7506702412868779,-0.7506702412868779
2019-03-25,-1,1,0.09191014777409372,0.36338376432565017,0.5447060879002562,-0.5534667230852911,-0.0
2019-03-26,-1,1,0.07583114353266827,0.10714482643997958,0.817024030027352,-0.5022533206831281,-0.5022533206831281
2019-03-27,-1,-1,0.5244987720676784,0.044014142791094994,0.4314870851412266,-1.5692469107017808,-0.0
2019-03-28,0,1,0.17539802386995387,0.285843743802861,0.5387582323271852,0.15204678362571705,0.0
2019-03-29,-1,-1,0.8345507412532795,0.04041441399766143,0.12503484474905882,-0.35003804761386453,0.35003804761386453
2019-04-01,1,1,0.34749192256106415,0.0649983821426239,0.5875096952963119,0.366802278275015,0.366802278275015
2019-04-02,-1,0,0.27661900464384687,0.5113149970746469,0.21206599828150613,-0.2044134727061461,-0.0
2019-04-03,0,-1,0.46640988423453816,0.17856672263901516,0.3550233931264467,0.1925278876232014,0.0
2019-04-04,0,1,0.0805988933281041,0.1039275754346581,0.8154735312372379,-0.030379449885628247,-0.030379449885628247
2019-04-05,1,-1,0.5132221258330181,0.22824404955371877,0.25853382461326313,0.48414042876334956,0.0
2019-04-08,1,-1,0.8607973551852056,0.027152715007640913,0.1120499298071534,0.5315341071530747,-0.5315341071530747
2019-04-09,1,-1,0.5785761550487079,0.046913251710220503,0.37451059324107167,0.33626294245124017,-0.33626294245124017
2019-04-10,-1,0,0.16428147582415156,0.7303887999581283,0.10532972421772019,-1.3623005612663202,-0.0
2019-04-11,0,1,0.024573000493135783,0.09938769823338701,0.8760393012734772,-0.17537050105856428,-0.17537050105856428
2019-04-12,-1,1,0.4133853988424689,0.08643693336976718,0.500177667787764,-0.22330336248307653,-0.0
2019-04-15,-1,0,0.03839464848729541,0.5915656455067412,0.3700397060059633,-0.9627333043963443,-0.0
2019-04-16,-1,0,0.10259542989636666,0.6796014216848087,0.21780314841882467,-0.23723089911354486,-0.0
2019-04-17,0,1,0.3454930200098076,0.3028767229187802,0.35163025707141227,0.15332930188804866,0.0
2019-04-18,0,1,0.10963720326957191,0.3566424900719487,0.5337203066584794,-0.07278347618378589,-0.0
2019-04-22,-1,-1,0.506366551746996,0.2895389734549042,0.20409447479809983,-0.2611599041881324,-0.0
2019-04-23,1,0,0.014490275200513937,0.815569163775989,0.169940561023497,0.32944689321768134,0.0
2019-04-24,0,0,0.11251764327038545,0.5673205016633796,0.3201618550662349,0.153344887348346,0.0
2019-04-25,1,0,0.09086631413194424,0.8806746374646559,0.028459048403399877,0.8751250178596912,0.0
2019-04-26,-1,1,0.3421654482268826,0.20338990789015315,0.4544446438829642,-0.594348725017213,-0.0
2019-04-29,1,1,0.0038837309544572083,0.06606268968998337,0.9300535793555594,0.3638932052549624,0.3638932052549624
2019-04-30,-1,-1,0.8380569167290374,0.04293854182940206,0.11900454144156056,-0.6833212996389859,0.6833212996389859
2019-05-01,-1,-1,0.6078342466910218,0.0827573923561057,0.30940836095287244,-0.6009632163048627,0.6009632163048627
2019-05-02,1,1,0.17880196554701316,0.19072951682796768,0.6304685176250191,0.8740302918359817,0.8740302918359817
2019-05-03,0,-1,0.5858974602765078,0.37729270870958187,0.036809831013910325,0.13756097560974126,-0.13756097560974126
2019-05-06,1,1,0.3882935185798858,0.21778726433755194,0.3939192170825622,0.3890249877511035,0.0
2019-05-07,-1,1,0.19950123985505339,0.17581552231323508,0.6246832378317115,-0.37038683859492305,-0.37038683859492305
2019-05-08,1,0,0.2610093427270396,0.5284284983700918,0.21056215890286864,0.30718814561515145,0.0
2019-05-09,0,-1,0.6794084463379185,0.03918514140196842,0.28140641226011304,0.18087347282686378,-0.18087347282686378
2019-05-10,1,-1,0.8875921178237077,0.0349437868444532,0.07746409533183918,1.3798808271994285,-1.3798808271994285
2019-05-13,-1,1,0.06228973523324899,0.041193578760598565,0.8965166860061524,-0.26482994990773484,-0.26482994990773484
2019-05-14,0,1,0.17282182136374957,0.09708794150895515,0.7300902371272951,-0.04157318199813538,-0.04157318199813538
2019-05-15,-1,1,0.2689804412247398,0.031193094930077814,0.6998264638451824,-0.9193473193473293,-0.9193473193473293
2019-05-16,-1,0,0.32192038445379945,0.4325203246175313,0.24555929092866935,-0.829375082924245,-0.0
2019-05-17,0,1,0.13104852018024077,0.1377318686792432,0.7312196111405161,0.005380131941346426,0.005380131941346426
2019-05-20,-1,-1,0.48278749058053116,0.06402349272852122,0.45318901669094763,-0.26930028401755857,-0.0
2019-05-21,0,1,0.011464050837515442,0.31408793943413227,0.6744480097283523,-0.13157894736842957,-0.13157894736842957
2019-05-22,1,1,0.15919084283291066,0.2087934098865289,0.6320157472805604,0.9900781085074905,0.9900781085074905
2019-05-23,0,1,0.3008774110195505,0.03872111138488268,0.6604014775955669,0.1383806519453289,0.1383806519453289
2019-05-24,0,-1,0.8730494315091616,0.03578198820123456,0.091168580289604,0.02329113924050817,-0.02329113924050817
2019-05-27,-1,-1,0.49997478697230674,0.01408854165495039,0.4859366713727428,-0.5936100328456321,-0.0
2019-05-28,0,1,0.06344823609284844,0.03522947823030953,0.901322285676842,0.04872512673072941,0.04872512673072941
2019-05-29,1,-1,0.9041418509334334,0.013246336119153164,0.08261181294741352,0.9252192645022221,-0.9252192645022221
2019-05-30,1,1,0.38586550645596035,0.06506147373667232,0.5490730198073674,1.732743619489575,0.0
2019-05-31,1,-1,0.5806965724226266,0.035073849924006924,0.38422957765336646,1.9581486594492463,-1.9581486594492463
2019-06-03,0,-1,0.9440389118609511,0.040727513854438346,0.015233574284610625,0.046493092454835225,-0.046493092454835225
2019-06-04,1,1,0.38511685426569525,0.18630978236157064,0.4285733633727341,0.46008956796628003,0.0
2019-06-05,1,0,0.1439693497611561,0.6789484312439433,0.17708221899490056,0.4707158351409955,0.0
2019-06-06,1,1,0.43029053710329457,0.028308699756975093,0.5414007631397303,0.4456759891738469,0.0
2019-06-07,-1,-1,0.8226251929512524,0.02460149205810918,0.15277331499063834,-1.0391374277714747,1.0391374277714747
2019-06-10,0,1,0.16829898629466344,0.06147011636793322,0.7702308973374034,-0.10094420600858296,-0.10094420600858296
2019-06-11,1,1,0.2901431375601772,0.14191912952803531,0.5679377329117876,0.5275384871894603,0.5275384871894603
2019-06-12,1,-1,0.46746147338456273,0.29690117173250646,0.2356373548829309,0.6668541221459927,0.0
2019-06-13,0,-1,0.4919829713158847,0.0809017664270373,0.4271152622570781,-0.038026944806605886,-0.0
2019-06-14,0,-1,0.5431981279671568,0.20261817163811902,0.2541837003947241,-0.12620778962049234,-0.0
2019-06-17,1,1,0.21248827102002874,0.3443130889854471,0.4431986399945241,0.47869798924946166,0.0
2019-06-18,1,-1,0.5452108023543485,0.1448212754367589,0.3099679222088925,0.9172367920942602,0.0
2019-06-19,1,0,0.24517276434560345,0.7143921992682362,0.04043503638616058,1.802215990069426,0.0
2019-06-20,1,-1,0.7884183236042239,0.1732371932396147,0.03834448315616131,0.6219969330380013,-0.6219969330380013
2019-06-21,1,-1,0.792885835481221,0.0730956393531844,0.13401852516559454,1.1986420468659367,-1.1986420468659367
2019-06-24,1,-1,0.5329322278471715,0.17900607713781672,0.2880616950150117,0.2084966295657731,0.0
2019-06-25,-1,-1,0.8352714881081453,0.09521353059085885,0.06951498130099591,-0.756727950972559,0.756727950972559
2019-06-26,0,-1,0.7705509481990968,0.0334249186192169,0.19602413318168632,0.043171806167396735,-0.043171806167396735
2019-06-27,0,-1,0.7368124245446842,0.14648205118987043,0.11670552426544527,-0.02090098159966446,0.02090098159966446
2019-06-28,-1,-1,0.626218319488958,0.14057703565973664,0.23320464485130532,-1.298081525941752,1.298081525941752
2019-07-01,1,1,0.08484872629474866,0.04582154254231453,0.8693297311629367,1.6348174778761075,1.6348174778761075
2019-07-02,0,0,0.41285619065438683,0.4453555336272703,0.1417882757183428,0.02001143510577677,0.0
2019-07-03,0,-1,0.6487685900084563,0.10441021573895713,0.24682119425258645,-0.13792476279972118,0.13792476279972118
2019-07-04,-1,1,0.45697484496579244,0.0610540271014289,0.48197112793277874,-0.72995701737993,-0.0
2019-07-05,0,-1,0.4374531932962527,0.3520843522976353,0.21046245440611205,-0.13429835142742852,-0.0
2019-07-08,0,1,0.41649967943646293,0.053394667237392945,0.5301056533261441,0.09050423789685397,0.0
2019-07-09,1,-1,0.9115422222684316,0.014492627631075184,0.07396515010049325,0.8738968540182454,-0.8738968540182454
2019-07-10,-1,0,0.20412538392867094,0.47968481871119517,0.31618979736013375,-0.6334082397003807,-0.0
2019-07-11,1,0,0.14087806967087327,0.5690648247229022,0.2900571056062246,0.4943765872536008,0.0
2019-07-12,0,-1,0.8122090824132671,0.007883339699937188,0.17990757788679573,-0.06700854700854547,0.06700854700854547
2019-07-15,-1,-1,0.8895702748248264,0.008765604292528895,0.10166412088264448,-0.36997161593423405,0.36997161593423405
2019-07-16,1,-1,0.7468000518535852,0.01938870618564145,0.2338112419607732,0.9466671086214381,-0.9466671086214381
2019-07-17,1,-1,0.4050616645722284,0.2685592901823175,0.326379045245454,0.8913940933629715,0.0
2019-07-18,-1,0,0.2950605616029137,0.3607690902357481,0.34417034816133807,-0.9008954317802422,-0.0
2019-07-19,0,-1,0.5605863011384907,0.14862087152154208,0.2907928273399672,-0.01171828291282919,0.01171828291282919
2019-07-22,-1,-1,0.4674557901755846,0.14295623189599774,0.38958797792841776,-0.3269824584455644,-0.0
2019-07-23,1,1,0.21533816925867924,0.02696542734322419,0.7576964033980965,0.3801636061233502,0.3801636061233502
2019-07-24,-1,-1,0.8220429160905074,0.0874363327116512,0.09052075119784155,-0.5361541316597568,0.5361541316597568
2019-07-25,1,1,0.3372696826812517,0.10168818578017771,0.5610421315385706,0.21191017623649785,0.21191017623649785
2019-07-26,1,-1,0.979018142764089,0.003272773464791886,0.017709083771119054,0.41851397212796226,-0.41851397212796226
2019-07-29,1,-1,0.8947040480994074,0.018078488815673515,0.08721746308491911,0.20486073381868086,-0.20486073381868086
2019-07-30,-1,-1,0.7006445341246336,0.021268613645947863,0.2780868522294186,-0.9833791794196353,0.9833791794196353
2019-07-31,1,-1,0.5327653609307645,0.14501884301264703,0.32221579605658845,1.7155253283302176,0.0
2019-08-01,0,-1,0.6178619025137692,0.28125317541898126,0.10088492206724964,-0.14359723236327218,0.14359723236327218
2019-08-02,1,-1,0.4770955048237081,0.25813170762990467,0.26477278754638706,1.082565062085391,0.0
2019-08-05,1,0,0.433635753406386,0.4771882514452507,0.08917599514836334,0.48182258846339726,0.0
2019-08-06,1,0,0.307560112561536,0.40241836587270075,0.2900215215657633,1.2396825923835504,0.0
2019-08-07,0,0,0.16962155896784864,0.790951144764185,0.03942729626796629,-0.0013733119707014312,-0.0
2019-08-08,0,1,0.16453607941268378,0.06049300385643722,0.774970916730879,-0.18807684419225057,-0.18807684419225057
2019-08-09,1,-1,0.894887988324016,0.026130551828647028,0.07898145984733687,0.6465430694063306,-0.6465430694063306
2019-08-12,-1,-1,0.4173003881006757,0.24503438972353575,0.33766522217578854,-0.4330079858030168,-0.0
2019-08-13,1,-1,0.888244024253015,0.0881279146655692,0.02362806108141573,0.5983608850102088,-0.5983608850102088
2019-08-14,1,-1,0.9051791744216648,0.06638194580876774,0.028438879769567466,0.25719064462175617,-0.25719064462175617
2019-08-15,-1,1,0.353730488020615,0.011391345485785477,0.6348781664935995,-0.3856521505665034,-0.3856521505665034
2019-08-16,-1,-1,0.8073934230970432,0.04980555961562144,0.14280101728733527,-0.6181249185030662,0.6181249185030662
2019-08-19,1,0,0.1294594510300254,0.545642723700834,0.3248978252691407,0.40619024551921434,0.0
2019-08-20,0,-1,0.7585398913378053,0.192523607766951,0.04893650089524373,-0.1750820697201796,0.1750820697201796
2019-08-21,0,-1,0.7689009066998147,0.014027475496685253,0.21707161780349993,-0.17883065668400405,0.17883065668400405
2019-08-22,1,-1,0.4895861386640254,0.23768170742488567,0.2727321539110889,1.14123570326824,0.0
2019-08-23,0,-1,0.5182205874264698,0.24007101279109694,0.2417083997824333,0.05078304928604294,0.0
2019-08-26,1,1,0.3882604642409438,0.1960710308212743,0.41566850493778185,0.5933888440223911,0.0
2019-08-27,0,0,0.27673429768219376,0.426566222630813,0.2966994796869931,-0.1420755382986252,-0.0
2019-08-28,-1,-1,0.9745563055967,0.006240922473394914,0.01920277192990498,-0.4865283738674331,0.4865283738674331
2019-08-29,-1,1,0.22056187197887467,0.16243128742989224,0.6170068405912331,-0.30369108461101135,-0.30369108461101135
2019-08-30,1,1,0.14035574857040428,0.0538361739437803,0.8058080774858155,0.4079492298066313,0.4079492298066313
2019-09-02,1,-1,0.7557940951407566,0.030168638825737556,0.2140372660335059,0.8543353776301968,-0.8543353776301968
2019-09-03,1,1,0.39354476907856834,0.11822864264288802,0.48822658827854365,0.23486889214717163,0.0
2019-09-04,-1,-1,0.842686473772137,0.023930389246042537,0.1333831369818205,-1.5773188941951979,1.5773188941951979
2019-09-05,-1,0,0.09960499087197337,0.6889147650281364,0.21148024409989014,-0.563537985174997,-0.0
2019-09-06,-1,1,0.07542919542033973,0.1847171614721933,0.739853643107467,-0.3102314288348668,-0.3102314288348668
2019-09-09,-1,-1,0.5502233924585367,0.07966314455942453,0.3701134629820388,-0.5832799194212928,0.5832799194212928
2019-09-10,1,-1,0.4251684387771887,0.16466771290015206,0.41016384832265923,0.4838476809240213,0.0
2019-09-11,0,1,0.13374286392723198,0.24603147523016985,0.6202256608425982,0.08979200383623513,0.08979200383623513
2019-09-12,-1,1,0.19586617399049308,0.30837114054610504,0.4957626854634019,-0.4513271670031051,-0.0
2019-09-13,1,0,0.2956710722441555,0.3607614115872837,0.34356751616856085,0.42905935567248377,0.0
2019-09-16,0,-1,0.3914059420866374,0.3085416580856479,0.30005239982771464,0.13238770685579695,0.0
2019-09-17,-1,1,0.42910670276313945,0.13459055509183152,0.436302742145029,-0.3106660172896612,-0.0
2019-09-18,1,-1,0.5138333854471345,0.03076547738604994,0.45540113716681546,0.20855172413792675,0.0
2019-09-19,1,-1,0.49241741956335516,0.02801318491938684,0.47956939551725797,0.7522490712026773,0.0
2019-09-20,1,0,0.22574932267134093,0.39636363872027414,0.37788703860838496,0.2425784563189156,0.0
2019-09-23,1,-1,0.7055294253728944,0.09798005380422084,0.19649052082288462,0.4439346323067223,-0.4439346323067223
2019-09-24,-1,1,0.33700103806353926,0.08458767862540398,0.5784112833110567,-1.2699409861031772,-1.2699409861031772
2019-09-25,0,0,0.029638735846763842,0.9297576796541874,0.04060358449904867,0.04248861911988205,0.0
2019-09-26,-1,-1,0.5797224119308814,0.1830192700776544,0.23725831799146424,-0.36811594202899184,0.36811594202899184
2019-09-27,-1,-1,0.47402719168715163,0.3201144609178448,0.20585834739500347,-1.167065581617996,-0.0
2019-09-30,1,0,0.2186512829151764,0.720390025491143,0.060958691593680676,0.29476990129470365,0.0
2019-10-01,1,-1,0.6464167618933852,0.25166587420979836,0.10191736389681662,0.8899085375179717,-0.8899085375179717
2019-10-02,1,-1,0.5723544200156911,0.32051744535125715,0.10712813463305176,0.22267005642711504,-0.22267005642711504
2019-10-03,0,0,0.15919582756565415,0.5756831574061434,0.2651210150282024,-0.022535908865784254,-0.0
2019-10-04,-1,0,0.36098561083730946,0.4328278619828674,0.20618652717982305,-0.4943975827772804,-0.0
2019-10-07,1,0,0.13746837001209644,0.5620252519779941,0.30050637800990937,0.524127871642152,0.0
2019-10-08,0,1,0.14674117461143876,0.03096789768037015,0.8222909277081911,0.0038939365844578035,0.0038939365844578035
2019-10-09,-1,1,0.31599854424140267,0.020155879615964573,0.6638455761426327,-0.5288044664857577,-0.5288044664857577
2019-10-10,-1,1,0.18700140100625537,0.05398763707500874,0.7590109619187358,-0.20180180180180307,-0.20180180180180307
2019-10-11,0,0,0.01982691058953485,0.9591362649558955,0.021036824454569746,0.17720478106369633,0.0
2019-10-14,-1,1,0.16030781332566543,0.22387622349949177,0.6158159631748429,-0.5045874301425519,-0.5045874301425519
2019-10-15,1,-1,0.4251723672487779,0.3645672797291519,0.21026035302207013,0.38759303665410066,0.0
2019-10-16,0,0,0.38651289915910636,0.4577717680445593,0.15571533279633426,0.08220024721879259,0.0
2019-10-17,0,-1,0.3608156418789005,0.34348266876236855,0.2957016893587311,-0.09229992744708014,-0.0
2019-10-18,-1,1,0.11957113785313096,0.41489248420212693,0.46553637794474195,-0.259098428453273,-0.0
2019-10-21,0,-1,0.7236997376817388,0.1542461652429949,0.12205409707526634,0.16208761296410848,-0.16208761296410848
2019-10-22,1,-1,0.6025178398900068,0.08253719040912544,0.3149449697008677,0.24064488086299735,-0.24064488086299735
2019-10-23,1,1,0.3393960241255185,0.21234009093494885,0.4482638849395326,0.6910893584842248,0.0
2019-10-24,0,-1,0.427993021152621,0.20886161299682568,0.3631453658505533,0.03627713351175306,0.0
2019-10-25,-1,0,0.3365764853234511,0.3642932217324385,0.2991302929441103,-0.7271689497716851,-0.0
2019-10-28,-1,0,0.1311320365285038,0.5542616752360625,0.31460628823543374,-0.2976719149508819,-0.0
2019-10-29,1,-1,0.7563076920644565,0.17174465280800355,0.07194765512753999,0.5043792325056301,-0.5043792325056301
2019-10-30,1,1,0.3466177394330841,0.1859323192610313,0.4674499413058845,1.1194426011944336,0.0
2019-10-31,0,-1,0.6458909744747292,0.22586771526690305,0.12824131025836777,0.08712832164378084,-0.08712832164378084
2019-11-01,-1,-1,0.5982848840666042,0.3181684562719856,0.0835466596614103,-0.29911848199611285,0.29911848199611285
2019-11-04,-1,-1,0.6789710421521685,0.1523088325649755,0.16872012528285596,-1.9193726645965945,1.9193726645965945
2019-11-05,1,0,0.20577876478714222,0.740847643620651,0.053373591592206886,0.4732260104080414,0.0
2019-11-06,-1,-1,0.8882397918807146,0.02293387324600971,0.08882633487327576,-1.5066555331794165,1.5066555331794165
2019-11-07,-1,1,0.2797919345513887,0.28344093881585664,0.43676712663275474,-0.5891150442477859,-0.0
2019-11-08,0,0,0.32050045432335544,0.5423871760468734,0.13711236962977122,-0.1905343511450448,-0.0
2019-11-11,0,-1,0.8404937808294387,0.10892748983353194,0.050578729337029386,0.017548257708696217,-0.017548257708696217
2019-11-12,1,0,0.34921536429382105,0.3567588274342629,0.29402580827191604,0.4097338279052731,0.0
2019-11-13,1,-1,0.4239006449571472,0.33542643160176705,0.24067292344108573,0.4565406795834605,0.0
2019-11-14,-1,-1,0.6995122253690158,0.163278875540089,0.13720889909089518,-0.20661157024793345,0.20661157024793345
2019-11-15,1,0,0.1539929234501688,0.4937668687226007,0.3522402078272306,0.21630162840714423,0.0
2019-11-18,0,1,0.26530256027855326,0.36334177126759337,0.3713556684538534,0.0711327441185157,0.0
2019-11-19,0,1,0.1296069086523244,0.4094379793720939,0.46095511197558175,-0.05617585484995562,-0.0
2019-11-20,-1,-1,0.3739181696324583,0.3695786178042467,0.25650321256329506,-0.4507360245642622,-0.0
2019-11-21,0,1,0.0808602180190581,0.18681782195604446,0.7323219600248974,-0.15947053261897076,-0.15947053261897076
2019-11-22,-1,-1,0.5627360470018425,0.18289243075041944,0.254371522247738,-0.4238440211072341,0.4238440211072341
2019-11-25,1,1,0.3126134998676562,0.05249071508044067,0.6348957850519031,0.43200873145805585,0.43200873145805585
2019-11-26,-1,0,0.3184056404407981,0.5836505980613286,0.09794376149787337,-0.4831876758998669,-0.0
2019-11-27,0,1,0.061943111677944945,0.3563047936690452,0.5817520946530098,0.11033411033411594,0.11033411033411594
2019-11-28,1,1,0.07119437611919369,0.08172386712069427,0.8470817567601121,0.606661095857705,0.606661095857705
2019-11-29,0,0,0.22416811492139693,0.7081001518005277,0.06773173327807552,-0.055865921787717356,-0.0
2019-12-02,1,0,0.20711958146825915,0.7133681325364494,0.07951228599529162,1.3115124153498936,0.0
2019-12-03,-1,0,0.3204672586107128,0.48770835701327,0.19182438437601715,-0.22852091926929752,-0.0
2019-12-04,0,1,0.10291309002005537,0.26887292996894135,0.6282139800110033,0.1119137849360418,0.1119137849360418
2019-12-05,-1,0,0.11442207474596514,0.5163110291150567,0.3692668961389782,-1.3679937921566199,-0.0
2019-12-06,0,1,0.08266120231249363,0.3411173859815308,0.5762214117059756,0.16792463869872673,0.16792463869872673
2019-12-09,1,1,0.25883140835724516,0.19457293979078413,0.5465956518519708,0.22576599175775355,0.0
2019-12-10,1,-1,0.8682228154418726,0.055365882372987126,0.07641130218514042,0.902839694656484,-0.902839694656484
2019-12-11,-1,-1,0.4774439068794675,0.2629379021174975,0.25961819100303496,-0.42235950338871,-0.0
2019-12-12,1,0,0.13371014038807816,0.7034374906901804,0.16285236892174143,0.4571042557982404,0.0
2019-12-13,0,-1,0.6348900057666574,0.09605368775815684,0.2690563064751857,0.045344129554649,-0.045344129554649
2019-12-16,0,-1,0.489533650917623,0.10812141108907539,0.40234493799330157,-0.003910833007427031,-0.0
2019-12-17,0,1,0.1605414540333035,0.20124042071774725,0.6382181252489493,-0.05326216569188485,-0.05326216569188485
2019-12-18,1,1,0.061656241659442536,0.21641666536907497,0.7219270929714825,0.26401946687312267,0.26401946687312267
2019-12-19,0,-1,0.7579663817812549,0.1137116258090558,0.1283219924096893,-0.07889344262295162,0.07889344262295162
2019-12-20,1,-1,0.6550985688765127,0.015146179106607692,0.32975525201687966,0.6218735252477562,-0.6218735252477562
2019-12-23,1,1,0.21145144442419408,0.01508926530855597,0.77345929026725,1.1614430088269172,1.1614430088269172
2019-12-24,1,1,0.26623922481851436,0.1214051968821834,0.6123555782993022,1.1118371450113176,1.1118371450113176
2019-12-26,0,-1,0.9163602012909667,0.009385486218798528,0.07425431249023476,0.0016875602700081077,-0.0016875602700081077
2019-12-27,1,1,0.0829870863630504,0.030642498833651395,0.8863704148032981,0.36784313725489975,0.36784313725489975
2019-12-30,1,1,0.15660586238272386,0.021105045724101754,0.8222890918931745,0.6401903125619568,0.6401903125619568
2019-12-31,1,-1,0.6604190068015944,0.008341443244068407,0.331239549954337,0.6525889121338803,-0.6525889121338803
2020-01-02,1,-1,0.9425137140519172,0.005478722551681745,0.05200756339640104,2.1468662301216153,-2.1468662301216153
2020-01-03,1,-1,0.8181475716671051,0.01350045872196781,0.16835196961092716,1.25126320624712,-1.25126320624712
2020-01-06,1,-1,0.5710921626680363,0.2754005388101953,0.15350729852176836,0.6817731694530313,-0.6817731694530313
2020-01-07,-1,-1,0.6326073999889924,0.0742946108087171,0.29309798920229047,-1.3365405174257103,1.3365405174257103
2020-01-08,-1,-1,0.5002272690900695,0.2816823138634026,0.2180904170465279,-0.2311444652907959,-0.0
2020-01-09,1,1,0.06839139638107838,0.25785348794931834,0.6737551156696032,0.5299369122723471,0.5299369122723471
2020-01-10,-1,0,0.2772881274243198,0.507259393006494,0.21545247956918623,-0.746187447313976,-0.0
2020-01-13,0,1,0.11020141299031047,0.23790867286761963,0.65188991414207,-0.07695713126245173,-0.07695713126245173
2020-01-14,1,1,0.18300931851412447,0.10571635819522218,0.7112743232906534,0.49852839649721964,0.49852839649721964
2020-01-15,0,1,0.4211631993110234,0.13438294231303535,0.44445385837594137,-0.19198529411764864,-0.0
2020-01-16,1,1,0.2681836401774556,0.10501813550641022,0.6267982243161342,0.251437532671207,0.251437532671207
2020-01-17,0,1,0.28960580114806894,0.11025441645621963,0.6001397823957115,0.18602767962308142,0.18602767962308142
2020-01-20,0,1,0.44072821392955497,0.07963946794381323,0.47963231812663176,-0.1391119422139134,-0.0
2020-01-21,0,1,0.06804960166704929,0.08009727076332283,0.8518531275696277,0.03349989443310899,0.03349989443310899
2020-01-22,0,1,0.24810305555937753,0.10998323056850275,0.6419137138721196,0.19529075990011147,0.19529075990011147
2020-01-23,1,1,0.19485026312098339,0.37991882527774073,0.4252309116012759,0.4400369344413665,0.0
2020-01-24,1,1,0.4517184141959623,0.05407021106188113,0.4942113747421566,0.5828988120907933,0.0
2020-01-27,-1,-1,0.515198990196423,0.008398753323058835,0.4764022564805182,-0.808252039021274,-0.0
2020-01-28,1,1,0.20596362714455477,0.25671673955328356,0.5373196333021617,0.624430482950471,0.0
2020-01-29,0,-1,0.4877017755663434,0.06909541003618203,0.4432028143974747,-0.18565066798614996,-0.0
2020-01-30,1,1,0.4122737034385666,0.09432337879829174,0.49340291776314155,1.0032757143577096,0.0
2020-01-31,-1,1,0.31083460199136453,0.24184068409586815,0.4473247139127673,-0.8094321937743592,-0.0
2020-02-03,-1,1,0.08796224563796289,0.18064757032474307,0.731390184037294,-1.5556284562751914,-1.5556284562751914
2020-02-04,0,-1,0.5322783889191106,0.3103060718024531,0.1574155392784362,0.19639157458563533,0.0
2020-02-05,1,0,0.3228279661870072,0.4892403844792555,0.18793164933373732,0.6260884267478184,0.0
2020-02-06,1,0,0.2939217716725117,0.5495051714066643,0.15657305692082402,0.20958083832336122,0.0
2020-02-07,0,-1,0.6429189825500622,0.15773068558965966,0.1993503318602781,0.0940471854639552,-0.0940471854639552
2020-02-10,-1,-1,0.5905489328456939,0.1608344240863494,0.2486166430679568,-0.25142173002094104,0.25142173002094104
2020-02-11,0,1,0.11769746343894176,0.08385645769254117,0.7984460788685172,-0.12179568393936578,-0.12179568393936578
2020-02-12,1,-1,0.536658433573853,0.10782802063236303,0.355513545793784,0.6302290076335985,0.0
2020-02-13,1,1,0.048121165451286474,0.040268044016731355,0.9116107905319821,0.4940732758620631,0.4940732758620631
2020-02-14,0,1,0.3774120743088159,0.13925216908311008,0.483335756608074,-0.1788520748127367,-0.0
2020-02-17,1,-1,0.904391010302008,0.016533400862733375,0.07907558883525868,1.3780119012779286,-1.3780119012779286
2020-02-18,1,0,0.20935612646225948,0.400990891323886,0.38965298221385436,0.6659826508721087,0.0
2020-02-19,1,0,0.21584934069342002,0.4935332202131482,0.2906174390934318,0.515345447750743,0.0
2020-02-20,1,-1,0.5560558501294973,0.030789118140151252,0.41315503173035145,1.570862286060715,-1.570862286060715
2020-02-21,1,1,0.15529468134411228,0.0990195955837963,0.7456857230720915,0.9546893370715477,0.9546893370715477
2020-02-24,-1,1,0.37755810114476446,0.13012551698031166,0.4923163818749238,-1.4077550847816078,-0.0
2020-02-25,1,1,0.40289161961367004,0.12311785704765978,0.4739905233386702,0.3203230148048472,0.0
2020-02-26,0,1,0.3339103796769495,0.05053493961694438,0.6155546807061062,0.17806122448979603,0.17806122448979603
2020-02-27,-1,-1,0.676008608469653,0.0955667024687756,0.22842468906157135,-2.843780538880355,2.843780538880355
2020-02-28,0,1,0.26040704152999716,0.08852457560865389,0.6510683828613489,0.13539949444993865,0.13539949444993865
2020-03-02,1,-1,0.9178831436033498,0.01552197282419634,0.06659488357245374,1.8414303774607168,-1.8414303774607168
2020-03-03,0,-1,0.8912247806924801,0.031976876240312826,0.07679834306720708,-0.12309218387176322,0.12309218387176322
2020-03-04,1,0,0.24986874601456502,0.6919322005022107,0.058199053483224225,1.1004827067003218,0.0
2020-03-05,0,1,0.20877830221857452,0.30626819510242237,0.48495350267900306,0.06426976608309289,0.0
2020-03-06,0,1,0.20522814743254011,0.1997353601771836,0.5950364923902763,0.14417575711342978,0.14417575711342978
2020-03-09,-1,-1,0.5291957610101434,0.07174553083617054,0.3990587081536861,-0.7848119805206659,-0.0
2020-03-10,-1,1,0.09934650777597875,0.2012161700311043,0.699437322192917,-0.3434290413451605,-0.3434290413451605
2020-03-11,-1,1,0.04267511908537122,0.2019805018109928,0.7553443791036359,-1.3711902905380196,-1.3711902905380196
2020-03-12,-1,1,0.40854956463628145,0.14829815482996017,0.44315228053375844,-1.0327302986408626,-0.0
2020-03-13,-1,1,0.2819270520294634,0.07536570975866358,0.642707238211873,-0.29838142153412917,-0.29838142153412917
2020-03-16,1,-1,0.5095758949642747,0.35108559951253276,0.1393385055231924,0.2448723690102973,0.0
2020-03-17,-1,-1,0.6299250530868192,0.16537606912088573,0.20469887779229498,-0.6996166027671283,0.6996166027671283
2020-03-18,-1,0,0.037408380923516636,0.9439012648702899,0.018690354206193353,-0.2122837058399393,-0.0
2020-03-19,1,0,0.153781998165687,0.4564671190475507,0.38975088278676234,0.4116320418123434,0.0
2020-03-20,1,1,0.24084325088512493,0.2097618137364622,0.549394935378413,0.9067991983225027,0.0
2020-03-23,1,-1,0.9844492086235614,0.008000325203105762,0.007550466173333017,1.1499920217009723,-1.1499920217009723
2020-03-24,0,-1,0.6876770244659142,0.27197187271178686,0.040351102822299034,-0.13122007523939783,0.13122007523939783
2020-03-25,1,-1,0.784310856556527,0.13880248698229933,0.07688665646117368,0.2006037671669716,-0.2006037671669716
2020-03-26,0,-1,0.7731018443253653,0.11845141885078073,0.10844673682385399,-0.062469455835795225,0.062469455835795225
2020-03-27,0,-1,0.6689704585001428,0.1964883274934123,0.134541214006445,-0.06630519989547809,0.06630519989547809
2020-03-30,-1,-1,0.7022961986445524,0.18857616355592893,0.10912763779951852,-0.7111312898653455,0.7111312898653455
2020-03-31,1,1,0.14906246438095297,0.04149865001131769,0.8094388856077294,0.22682777607831375,0.22682777607831375
2020-04-01,1,-1,0.5548326204038789,0.1204006147325978,0.32476676486352335,0.3598134645129013,-0.3598134645129013
2020-04-02,0,-1,0.558991528973731,0.3800098054303852,0.0609986655958839,0.056950215211603684,-0.056950215211603684
2020-04-03,1,0,0.2790611022648988,0.44562615578229814,0.2753127419528032,0.888073132409657,0.0
2020-04-06,-1,0,0.19949059918968948,0.6407013695118979,0.1598080312984127,-0.2673806336456968,-0.0
2020-04-07,0,-1,0.3963631248232011,0.37567428810632564,0.22796258707047326,-0.059660671977607695,-0.0
2020-04-08,1,-1,0.6930338087223014,0.12132276725201503,0.18564342402568368,0.8695838272092723,-0.8695838272092723
2020-04-09,1,0,0.08223601076693729,0.7094122191977761,0.20835177003528663,0.6852915901393488,0.0
2020-04-13,1,1,0.06277701774181027,0.07706001738301639,0.8601629648751733,0.3708000709597262,0.3708000709597262
2020-04-14,-1,-1,0.39515113428757237,0.29895433116307446,0.305894534549353,-0.31697810386334724,-0.0
2020-04-15,0,-1,0.49268459469885834,0.0826231377775541,0.42469226752358746,0.07915115561483256,0.0
2020-04-16,-1,-1,0.9420943456777106,0.016778148173617648,0.041127506148671916,-1.0170010975129922,1.0170010975129922
2020-04-17,1,1,0.3041099246600142,0.22469887756739543,0.47119119777259044,0.3456200866356475,0.0
2020-04-20,-1,-1,0.5556150119626249,0.03249282153042033,0.4118921665069549,-0.21172336182898266,0.21172336182898266
2020-04-21,1,-1,0.505503276990767,0.2173712069494443,0.27712551605978863,0.7634508724343095,0.0
2020-04-22,1,1,0.12423040336403543,0.22151670139283683,0.6542528952431278,0.4467398062536374,0.4467398062536374
2020-04-23,0,1,0.12712106041562024,0.19724359920020412,0.6756353403841757,-0.07391763463568903,-0.07391763463568903
2020-04-24,-1,-1,0.937718864350419,0.008047110060345232,0.05423402558923592,-0.3857028112449807,0.3857028112449807
2020-04-27,0,-1,0.7069361599442451,0.05529028728450934,0.23777355277124565,-0.15199145429574287,0.15199145429574287
2020-04-28,0,1,0.025815527356698828,0.09434892193163838,0.8798355507116628,0.08782549360568487,0.08782549360568487
2020-04-29,-1,1,0.317550416198263,0.08224572738625982,0.6002038564154772,-0.7844051692200407,-0.7844051692200407
2020-04-30,1,1,0.0296916194664554,0.20545600922609197,0.7648523713074525,0.41321803582458605,0.41321803582458605
2020-05-01,0,-1,0.8920697681740507,0.06305780524034751,0.044872426585601685,0.04416504017067174,-0.04416504017067174
2020-05-04,0,-1,0.7501748969563526,0.1317367460794441,0.11808835696420333,0.1522348012333147,-0.1522348012333147
2020-05-05,-1,-1,0.9423230911667204,0.007050717394827042,0.05062619143845253,-0.6732645203958674,0.6732645203958674
2020-05-06,1,1,0.2149519647749974,0.06394132900938057,0.721106706215622,1.026742572836429,1.026742572836429
2020-05-07,-1,1,0.21358442795604216,0.18064471238521138,0.6057708596587466,-0.48401673640167436,-0.48401673640167436
2020-05-08,0,0,0.1612081316989444,0.6330139240344675,0.20577794426658805,-0.1154653262407845,-0.0
2020-05-11,0,0,0.11704975894693065,0.5320297496632176,0.35092049138985176,0.15622685835397057,0.0
2020-05-12,1,1,0.20828493027760753,0.3299664827287431,0.46174858699364935,0.528501606675128,0.0
2020-05-13,1,1,0.1187752967154795,0.1538069589617838,0.7274177443227366,0.5471713926526054,0.5471713926526054
2020-05-14,1,1,0.06691359053547204,0.28018835704675576,0.6528980524177721,0.44006705783738465,0.44006705783738465
2020-05-15,-1,1,0.04654007949039224,0.21467686316259982,0.738783057347008,-0.34264918324258037,-0.34264918324258037
2020-05-18,1,1,0.3684172735793305,0.24278898727172768,0.38879373914894183,0.4357625845229116,0.0
2020-05-19,0,-1,0.8712473334235822,0.045691436651146354,0.08306122992527136,0.1250633316444946,-0.1250633316444946
2020-05-20,-1,-1,0.674406998910665,0.011032591543466554,0.31456040954586834,-0.8310002028809097,0.8310002028809097
2020-05-21,1,-1,0.7510205426961869,0.0882659014732101,0.16071355583060293,0.2728395061728348,-0.2728395061728348
2020-05-22,-1,-1,0.9067313704487391,0.05886474985928277,0.03440387969197812,-0.23968282573435903,0.23968282573435903
2020-05-25,-1,1,0.29965428708975334,0.16365683683484955,0.5366888760753972,-0.7298660313727979,-0.0
2020-05-26,0,1,0.09012136370252039,0.12424277266292369,0.785635863634556,-0.07646024252522371,-0.07646024252522371
2020-05-27,1,-1,0.4607592399377348,0.11222491981311335,0.42701584024915196,0.4156250000000053,0.0
2020-05-28,1,1,0.2864219360982733,0.14524055661066645,0.5683375072910601,0.48507828588238683,0.48507828588238683
2020-05-29,1,-1,0.7326572770754457,0.08701189223828275,0.18033083068627156,0.46292901026086225,-0.46292901026086225
2020-06-01,-1,-1,0.8703780673800359,0.053541288930539645,0.07608064368942427,-0.5037427313907553,0.5037427313907553
2020-06-02,-1,0,0.24633091990168687,0.6206944472703975,0.13297463282791572,-1.339761626252724,-0.0
2020-06-03,1,1,0.31108586495070367,0.244967169486237,0.4439469655630594,0.6911972148023664,0.0
2020-06-04,-1,1,0.19483285200947167,0.24726827421401706,0.5578988737765112,-1.1968348760824075,-1.1968348760824075
2020-06-05,1,0,0.21610928359120912,0.48699623319375746,0.2968944832150335,0.517882689556503,0.0
2020-06-08,1,0,0.40920615979306296,0.44095385933182385,0.1498399808751132,0.6580517477225798,0.0
2020-06-09,1,0,0.2495744258928243,0.5297984641092325,0.2206271099979432,0.9326091775659482,0.0
2020-06-10,-1,0,0.11055739776894011,0.819818425070977,0.06962417716008289,-0.4376573436246417,-0.0
2020-06-11,0,0,0.3995044330170803,0.5113440539727696,0.0891515130101502,0.11503104916343404,0.0
2020-06-12,0,-1,0.7468617417714933,0.08692873753633586,0.1662095206921707,-0.19822877446040935,0.19822877446040935
2020-06-15,0,0,0.05878575901153567,0.8880597554720587,0.0531544855164056,0.061832903938161016,0.0
2020-06-16,0,0,0.31469344480043837,0.3648856361551192,0.3204209190444423,0.007479631361027476,0.0
2020-06-17,0,1,0.4295751609876255,0.11075000755234678,0.4596748314600277,-0.16988916754307895,-0.0
2020-06-18,1,-1,0.44882064123301413,0.40825600262483797,0.14292335614214785,0.7400240516016147,0.0
2020-06-19,1,0,0.2360742375718265,0.5195888845371603,0.24433687789101324,0.49210526315789976,0.0
2020-06-22,1,-1,0.5171456404038614,0.09221132742464197,0.3906430321714967,0.49658523417464695,0.0
2020-06-23,-1,1,0.24989419394141527,0.13739651884565623,0.6127092872129285,-0.2468784663955097,-0.2468784663955097
2020-06-24,0,1,0.14145565679550212,0.2063337203414655,0.6522106228630324,0.09573759091303793,0.09573759091303793
2020-06-25,1,-1,0.5988509679998375,0.009893832470934678,0.39125519952922777,0.2998792347295488,-0.2998792347295488
2020-06-26,0,1,0.16661597277396556,0.09280506412090178,0.7405789631051327,0.07801665452933479,0.07801665452933479
2020-06-29,1,-1,0.39894578525450686,0.2104974035079912,0.3905568112375019,0.3862036444474397,0.0
2020-06-30,-1,1,0.07133038803310045,0.03370246714511973,0.8949671448217797,-0.5079342887102446,-0.5079342887102446
2020-07-01,1,1,0.11355521292619754,0.385101115766022,0.5013436713077803,0.2532768978700134,0.0
2020-07-02,0,1,0.32015345935843986,0.058259251388951536,0.6215872892526086,0.009512485136744103,0.009512485136744103
2020-07-03,1,1,0.1663411084312136,0.25589068679280774,0.5777682047759786,0.4337412132257289,0.4337412132257289
2020-07-06,1,-1,0.39825971763028944,0.297191122701384,0.3045491596683266,0.5878733970795283,0.0
2020-07-07,1,1,0.04831515151538117,0.09236169164965377,0.8593231568349652,0.6900083536120233,0.6900083536120233
2020-07-08,-1,-1,0.6128472659889204,0.19275389286093014,0.1943988411501495,-0.3005251206358184,0.3005251206358184
2020-07-09,-1,1,0.1343520118571268,0.14260662666609863,0.7230413614767747,-0.22305340766049522,-0.22305340766049522
2020-07-10,0,1,0.3353508948018122,0.10403965638464968,0.5606094488135381,0.1987017273627517,0.1987017273627517
2020-07-13,1,1,0.4285615005249826,0.09199893679171131,0.4794395626833062,0.37454655380894336,0.0
2020-07-14,0,1,0.281474345668139,0.3019840157869242,0.4165416385449368,0.03774291384281409,0.0
2020-07-15,-1,1,0.13527824949519002,0.13686168762269824,0.7278600628821118,-0.6960565616847554,-0.6960565616847554
2020-07-16,1,1,0.1199582427781336,0.20900132133569135,0.671040435886175,0.6825832914135416,0.6825832914135416
2020-07-17,1,0,0.24234961266333793,0.7298180526837664,0.027832334652895703,0.4114380689759356,0.0
2020-07-20,1,-1,0.49086751047550986,0.17485964857751807,0.3342728409469722,1.3252545588292233,0.0
2020-07-21,1,0,0.10977630577624063,0.5956502672434203,0.29457342698033906,1.6378327738308873,0.0
2020-07-22,1,1,0.10688066789242384,0.11593591650420779,0.7771834156033683,0.8179019298640922,0.8179019298640922
2020-07-23,1,-1,0.7699992630526961,0.053632620402287876,0.17636811654501602,0.6579683759819206,-0.6579683759819206
2020-07-24,1,-1,0.5007734439080412,0.039832309531064966,0.45939424656089384,1.8678613627412406,0.0
2020-07-27,1,1,0.06143852858437233,0.059760749291194036,0.8788007221244336,0.7582370560547727,0.7582370560547727
2020-07-28,1,-1,0.8845801475232978,0.039535781630178325,0.07588407084652392,0.40819484087817387,-0.40819484087817387
2020-07-29,-1,-1,0.8840192769874446,0.049935747118409285,0.06604497589414605,-0.514452480649665,0.514452480649665
2020-07-30,1,-1,0.8250490086723776,0.14007482007707672,0.03487617125054563,0.616868058098376,-0.616868058098376
2020-07-31,0,-1,0.7195607872361848,0.13270547994457932,0.1477337328192359,0.08454306486371138,-0.08454306486371138
2020-08-03,1,-1,0.8961081228132411,0.050523534925747085,0.05336834226101176,1.3826436861814737,-1.3826436861814737
2020-08-04,1,0,0.20198593257122505,0.7069712461882709,0.09104282124050389,0.5589262888794212,0.0
2020-08-05,1,-1,0.6893014571835641,0.11503097770839682,0.19566756510803912,0.7142224904445763,-0.7142224904445763
2020-08-06,-1,1,0.41387627782918013,0.1070443530756951,0.4790793690951248,-0.7712392980281211,-0.0
2020-08-07,0,-1,0.6947502781955304,0.1190268172673168,0.18622290453715262,-0.18594783476850235,0.18594783476850235
2020-08-10,-1,-1,0.4944092111238523,0.10960625992247587,0.3959845289536718,-2.870682019486271,-0.0
2020-08-11,0,0,0.2705069054809073,0.6096230796724538,0.11987001484663894,0.10720501218238655,0.0
2020-08-12,1,1,0.16619080139381745,0.00806691304956153,0.825742285556621,0.7220810579366304,0.7220810579366304
2020-08-13,0,1,0.09530511606294549,0.07306842658336091,0.8316264573536937,-0.16669591630104494,-0.16669591630104494
2020-08-14,1,-1,0.5297045247033614,0.12471172387368587,0.3455837514229527,0.785472809813577,0.0
2020-08-17,1,1,0.07664252850726194,0.2217334211817401,0.7016240503109978,0.3282709787999276,0.3282709787999276
2020-08-18,-1,1,0.1851361899504421,0.11041166418038474,0.7044521458691732,-1.4287881341648354,-1.4287881341648354
2020-08-19,1,1,0.08148540446895833,0.344619494160739,0.5738951013703025,0.3208589842878292,0.3208589842878292
2020-08-20,0,1,0.1295140144962628,0.27041936782188164,0.6000666176818555,-0.11244244453746087,-0.11244244453746087
2020-08-21,-1,1,0.09534529622767997,0.05623566846272322,0.8484190353095967,-0.20404291592427082,-0.20404291592427082
2020-08-24,0,1,0.05540736452136207,0.36983998323901396,0.5747526522396239,-0.022474256404902346,-0.022474256404902346
2020-08-25,1,1,0.4243851443364868,0.1307270859889897,0.4448877696745235,0.4897278243437775,0.0
2020-08-26,-1,0,0.3340644371510348,0.40824249924020983,0.2576930636087554,-0.4597921872944848,-0.0
2020-08-27,1,1,0.17571478435945168,0.19898438145674557,0.6253008341838027,0.6362309776943896,0.6362309776943896
2020-08-28,0,1,0.05065592104259859,0.03993494146418824,0.9094091374932132,0.06210832729537696,0.06210832729537696
2020-08-31,0,1,0.041591485327464886,0.15686743270872516,0.8015410819638099,0.0625771922601886,0.0625771922601886
2020-09-01,-1,0,0.3388354209753793,0.5463598113924133,0.1148047676322074,-0.6200654727517788,-0.0
2020-09-02,-1,0,0.009923262821954347,0.5164200375580176,0.47365669962002815,-0.2855925677114917,-0.0
2020-09-03,0,1,0.10463513060259509,0.3046456772238789,0.590719192173526,0.0555628443977975,0.0555628443977975
2020-09-04,0,1,0.018093503021573167,0.0944672889415587,0.8874392080368682,-0.071262186178933,-0.071262186178933
2020-09-07,0,1,0.03288097544190007,0.015537974748858685,0.9515810498092413,0.03997988433492377,0.03997988433492377
2020-09-08,1,1,0.10866305952385472,0.2508778574298656,0.6404590830462796,0.41285683412247776,0.41285683412247776
2020-09-09,0,1,0.1372784474050458,0.04519165090306394,0.8175299016918902,-0.007149872323708256,-0.007149872323708256
2020-09-10,0,-1,0.42971809006891165,0.4213117117907993,0.1489701981402889,-0.18543235576236283,-0.0
2020-09-11,1,1,0.0559403452843831,0.0814167115071045,0.8626429432085124,0.5021525084182308,0.5021525084182308
2020-09-14,0,-1,0.36727691168438303,0.35301702315751365,0.27970606515810326,-0.06651113467656447,-0.0
2020-09-15,0,0,0.41512627464910223,0.5071385846480027,0.07773514070289507,0.1667870036101075,0.0
2020-09-16,-1,-1,0.6260371537539765,0.04971960424694132,0.3242432419990821,-0.5367535030097209,0.5367535030097209
2020-09-17,1,1,0.37117461458360324,0.2461693445811455,0.3826560408352513,0.2008098023129674,0.0
2020-09-18,-1,1,0.23189587387557525,0.3586370921787379,0.40946703394568684,-1.3919471024621013,-0.0
2020-09-21,-1,0,0.24020683998364464,0.41672749814731586,0.34306566186903953,-0.4222104553769127,-0.0
2020-09-22,-1,0,0.29112410411050443,0.4685733679209584,0.2403025279685371,-1.2908918216356773,-0.0
2020-09-23,0,-1,0.5539910383027555,0.19388018565715887,0.2521287760400857,0.1495420482930895,-0.1495420482930895
2020-09-24,-1,1,0.03134962265604118,0.011733102491607014,0.9569172748523517,-0.22862889708347106,-0.22862889708347106
2020-09-25,1,0,0.18226222666432157,0.44353365353000623,0.3742041198056722,0.684031549615078,0.0
2020-09-28,1,0,0.14226686975348907,0.5771338113288753,0.28059931891763557,0.521617918064546,0.0
2020-09-29,-1,1,0.08414136960899295,0.31574467582243776,0.6001139545685692,-0.4001730894054895,-0.4001730894054895
2020-09-30,1,0,0.22207524639290788,0.4349675671181821,0.34295718648891,0.7001190100308508,0.0
2020-10-01,-1,1,0.31419823959524396,0.06449826521108701,0.621303495193669,-0.22806601536564963,-0.22806601536564963
2020-10-02,1,0,0.03628890411233546,0.9265422018985319,0.03716889398913262,0.473685453214654,0.0
2020-10-05,-1,1,0.3352696960100874,0.056332499480257925,0.6083978045096547,-1.1509206437549304,-1.1509206437549304
2020-10-06,1,0,0.36055637745037605,0.5400305721865197,0.09941305036310422,0.29567249399263495,0.0
2020-10-07,0,0,0.19704140239527151,0.4703848659499173,0.3325737316548113,0.1836014645512066,0.0
2020-10-08,1,0,0.19878649332585585,0.6357670777302126,0.1654464289439317,1.1326730926175046,0.0
2020-10-09,-1,1,0.2186955619738526,0.13144243664777475,0.6498620013783727,-0.25391729359336623,-0.25391729359336623
2020-10-12,-1,1,0.13758797668047085,0.07134022691664064,0.7910717964028885,-1.0866401140777877,-1.0866401140777877
2020-10-13,1,0,0.025246316351611838,0.5244630286573561,0.45029065499103216,0.3631541725601126,0.0
2020-10-14,1,-1,0.5549723140162232,0.05997808229025958,0.3850496036935172,0.24779072102831737,-0.24779072102831737
2020-10-15,-1,1,0.08799426131674523,0.24698369896398048,0.6650220397192742,-0.34497429533770685,-0.34497429533770685
2020-10-16,1,-1,0.6146891476705172,0.19783077985837735,0.18748007247110543,0.20868919420720838,-0.20868919420720838
2020-10-19,0,-1,0.6298147715529938,0.09035476466009403,0.2798304637869122,0.10682745924601426,-0.10682745924601426
2020-10-20,1,-1,0.4374062762778911,0.34472037061609584,0.21787335310601305,0.6569300032157783,0.0
2020-10-21,-1,1,0.23196657346854535,0.2897131703568106,0.478320256174644,-0.7857181440069126,-0.0
2020-10-22,0,1,0.08967509966849953,0.4133709261019972,0.4969539742295032,-0.09239072352249744,-0.0
2020-10-23,0,-1,0.5721591390984108,0.17572539465253512,0.2521154662490541,0.030116660691137664,-0.030116660691137664
2020-10-26,1,1,0.12653949264936565,0.1249315210361761,0.7485289863144582,0.23293461642233781,0.23293461642233781
2020-10-27,-1,0,0.057822110046954235,0.8652413764454389,0.07693651350760682,-1.3313456939656445,-0.0
2020-10-28,-1,0,0.10524136724269814,0.4930855428607231,0.40167308989657885,-0.38002612861082485,-0.0
2020-10-29,1,-1,0.519834706268989,0.07644417115177357,0.4037211225792376,0.46109925774558136,0.0
2020-10-30,1,-1,0.45158954515037686,0.23009245679182996,0.31831799805779326,0.6868739808991426,0.0
2020-11-02,1,1,0.04344030002381778,0.1476323780185689,0.8089273219576134,0.5974018034540736,0.5974018034540736
2020-11-03,-1,0,0.1478886915378609,0.472943127110313,0.3791681813518262,-0.27963240810202944,-0.0
2020-11-04,1,-1,0.3699828895656924,0.28767917229838835,0.34233793813591923,1.9374383794926897,0.0
2020-11-05,0,0,0.32331264846368607,0.33883417866811827,0.3378531728681957,0.06863488624052651,0.0
2020-11-06,-1,1,0.14002739952550025,0.05443213528574478,0.805540465188755,-3.3522873711340204,-3.3522873711340204
2020-11-09,1,-1,0.7961986778457799,0.1383046766925656,0.06549664546165443,0.4563787063146198,-0.4563787063146198
2020-11-10,-1,-1,0.4336222265188463,0.23955710146101533,0.3268206720201384,-0.34756380510440754,-0.0
2020-11-11,1,-1,0.532237489597146,0.37387696137908233,0.09388554902377148,0.33741028581135313,0.0
2020-11-12,1,0,0.0978304892035036,0.5323490897963621,0.36982042100013424,0.371277271764456,0.0
2020-11-13,0,0,0.10172024099686161,0.5382823537326157,0.35999740527052276,-0.023439789041897294,-0.0
2020-11-16,-1,1,0.18521392017500346,0.020043659373001243,0.7947424204519952,-0.23866348448687355,-0.23866348448687355
2020-11-17,-1,1,0.20264226345956063,0.32659184762423044,0.47076588891620896,-0.23024954608791004,-0.0
2020-11-18,0,0,0.07667381420659435,0.7381874322703966,0.185138753523009,-0.1922667461567957,-0.0
2020-11-19,0,1,0.057606971293711916,0.15210006414872393,0.7902929645575641,0.15156266781226413,0.15156266781226413
2020-11-20,-1,1,0.21389766140668084,0.10295510615822955,0.6831472324350896,-1.0101311858682933,-1.0101311858682933
2020-11-23,-1,0,0.04805589892262006,0.8138148423629403,0.13812925871443962,-0.8759770067408305,-0.0
2020-11-24,0,0,0.12668707515481342,0.7680171011081172,0.10529582373706933,0.008604088990861982,0.0
2020-11-25,0,-1,0.6458216659538236,0.3132669416629931,0.040911392383183226,0.06757024793388604,-0.06757024793388604
2020-11-26,-1,-1,0.4221130558518276,0.340119114254537,0.23776782989363549,-0.7232355273592378,-0.0
2020-11-27,-1,1,0.22488680629514302,0.15523792345495,0.619875270249907,-0.392619926199262,-0.392619926199262
2020-11-30,1,1,0.11866823105686976,0.40532468924959736,0.4760070796935329,1.487158174715318,0.0
2020-12-01,1,0,0.23837723927506405,0.4245640092089555,0.33705875151598047,0.5793438768967744,0.0
2020-12-02,1,1,0.38932606828075517,0.21680329132406087,0.39387064039518394,0.3790486766611152,0.0
2020-12-03,0,1,0.3037951598725671,0.30448973264827567,0.3917151074791572,-0.0819672131147559,-0.0
2020-12-04,1,-1,0.5281774027618306,0.04828495512066497,0.4235376421175044,0.9110081305325108,0.0
2020-12-07,1,-1,0.6544310671306072,0.0650075473403791,0.2805613855290138,0.2934604346043487,-0.2934604346043487
2020-12-08,-1,-1,0.6778768492663764,0.0540646418967646,0.268058508836859,-1.1046687138916431,1.1046687138916431
2020-12-09,0,0,0.11144279312214249,0.4722487036070644,0.41630850327079305,-0.11617546264564341,-0.0
2020-12-10,0,1,0.0342221749926899,0.07473188602140753,0.8910459389859026,0.1008837062102893,0.1008837062102893
2020-12-11,-1,1,0.3808501731430343,0.06519987177358776,0.5539499550833779,-0.45045322651054026,-0.45045322651054026
2020-12-14,1,1,0.006564677384216115,0.06559806061300565,0.9278372620027783,0.9873621077433834,0.9873621077433834
2020-12-15,1,0,0.14866376889597163,0.46179861261499827,0.38953761848903007,0.4089253893236211,0.0
2020-12-16,1,-1,0.7980037166292195,0.007526917682271943,0.19446936568850856,0.7345711759504863,-0.7345711759504863
2020-12-17,0,0,0.2244306956213362,0.540152045356567,0.23541725902209673,-0.1487455197132569,-0.0
2020-12-18,0,-1,0.5619467606416042,0.053868629597397,0.3841846097609987,-0.17845501523784943,0.17845501523784943
2020-12-21,-1,-1,0.4700079799137445,0.08601576202391276,0.44397625806234264,-0.5978210357825154,-0.0
2020-12-22,1,-1,0.7389641314064229,0.15506741434631505,0.10596845424726202,0.48045585808580643,-0.48045585808580643
2020-12-23,1,-1,0.544928827933685,0.1926552155078598,0.2624159565584552,0.2248069994853322,0.0
2020-12-24,-1,-1,0.577839800924946,0.1279967041035789,0.29416349497147504,-0.22101972733720313,0.22101972733720313
2020-12-28,0,-1,0.48903937008839143,0.24878561514585062,0.26217501476575783,0.18550661154762776,0.0
2020-12-29,1,1,0.47202759657391435,0.023139143401081887,0.5048332600250038,0.6196897440113958,0.0
2020-12-30,0,-1,0.41316467295151865,0.22446862838092446,0.362366698667557,0.04147902346527608,0.0
2020-12-31,1,-1,0.6282720734224053,0.05647817678833252,0.3152497497892621,1.9963166475454375,-1.9963166475454375
2021-01-04,1,1,0.06274894708109466,0.31311595209860266,0.6241351008203027,0.28076178722688455,0.28076178722688455
2021-01-05,-1,1,0.009156954028831342,0.0020839067173028785,0.9887591392538657,-1.2284879929687287,-1.2284879929687287
2021-01-06,0,-1,0.8049182887997766,0.109528629616086,0.08555308158413738,-0.19973773931287891,0.19973773931287891
2021-01-07,-1,1,0.1551577749770208,0.05093443801721551,0.7939077870057637,-2.3719220874678397,-2.3719220874678397
2021-01-08,0,0,0.15894233979581188,0.6425432096428569,0.1985144505613311,-0.1766500722659385,-0.0
2021-01-11,1,1,0.09558013383996533,0.127476864512394,0.7769430016476406,0.33969432691477414,0.33969432691477414
2021-01-12,-1,1,0.18126282970312332,0.08131477931406188,0.7374223909828148,-0.309441717090994,-0.309441717090994
2021-01-13,0,-1,0.49383047221907156,0.1284536340579964,0.3777158937229321,0.035205093895635205,0.0
2021-01-14,-1,1,0.03426261060194518,0.055412362705362345,0.9103250266926924,-0.5988350928285389,-0.5988350928285389
2021-01-15,1,1,0.03010888045560369,0.3153283746740196,0.6545627448703767,0.31614272105308233,0.31614272105308233
2021-01-18,0,1,0.046113652409440466,0.16896171701274232,0.7849246305778171,0.07262126765695887,0.07262126765695887
2021-01-19,1,0,0.2567585097058001,0.4172534942672577,0.32598799602694223,0.9436710770159024,0.0
2021-01-20,0,-1,0.6800777593588325,0.15506054751664863,0.16486169312451887,-0.0493791510251238,0.0493791510251238
2021-01-21,-1,1,0.20779983139739983,0.028815403049140143,0.7633847655534601,-0.3942121922144135,-0.3942121922144135
2021-01-22,0,1,0.02495181745301918,0.22312519319594779,0.751922989351033,0.0011892121469583232,0.0011892121469583232
2021-01-25,0,1,0.23505626277491265,0.2685717333343743,0.4963720038907131,-0.15934333283970803,-0.0
2021-01-26,-1,1,0.359635024205961,0.060668593569714185,0.5796963822243247,-0.20958083832335628,-0.20958083832335628
2021-01-27,0,1,0.07299747468924905,0.28544970834293243,0.6415528169678185,-0.05911444968039759,-0.05911444968039759
2021-01-28,1,1,0.08069740934057289,0.07738734840936469,0.8419152422500624,0.230856709628512,0.230856709628512
2021-01-29,1,-1,0.6083732451350501,0.3388550708932254,0.052771683971724326,0.46483030004918313,-0.46483030004918313
2021-02-01,-1,1,0.11964358400206343,0.019506657078506448,0.8608497589194302,-0.8722993827160458,-0.8722993827160458
2021-02-02,0,0,0.2869690450678877,0.46909367619726483,0.2439372787348475,-0.14612381483547365,-0.0
2021-02-03,-1,-1,0.5559197504344104,0.30999153956787995,0.13408870999770967,-1.5413407974534143,1.5413407974534143
2021-02-04,1,0,0.23622172114159598,0.5031104708037608,0.2606678080546432,0.7302396468362385,0.0
2021-02-05,1,0,0.014786959551644935,0.6441157050745193,0.34109733537383563,0.6368132166730077,0.0
2021-02-08,1,1,0.31637829432741044,0.08293464830103585,0.6006870573715537,0.286821505154109,0.286821505154109
2021-02-09,0,-1,0.8642259652560641,0.09766068853742953,0.03811334620650623,0.18107219520147794,-0.18107219520147794
2021-02-10,-1,-1,0.46232005878502264,0.33950960003629227,0.19817034117868518,-0.6641993187974383,-0.0
2021-02-11,0,1,0.08235180352633462,0.4163209947236647,0.5013272017500007,-0.043631591896993935,-0.0
2021-02-12,-1,0,0.008954893146054473,0.831850649798169,0.15919445705577656,-0.22753016498398762,-0.0
2021-02-15,-1,0,0.19249496289641213,0.42787930577470906,0.3796257313288789,-0.9280916198656607,-0.0
2021-02-16,-1,-1,0.42010700762046693,0.2443459174825272,0.33554707489700586,-0.6742398224711399,-0.0
2021-02-17,0,1,0.19604958494740632,0.33455218853247687,0.4693982265201168,-0.013097401903129293,-0.0
2021-02-18,1,-1,0.538420231609024,0.21723364307634027,0.2443461253146357,0.29630454760644637,0.0
2021-02-19,1,0,0.042485218958520934,0.5628401839870166,0.3946745970544624,1.0037073383491513,0.0
2021-02-22,0,1,0.13976663465215255,0.023979154819584764,0.8362542105282627,-0.15675942697184858,-0.15675942697184858
2021-02-23,0,1,0.24600314016924282,0.04423432502189501,0.7097625348088621,-0.030305490164243217,-0.030305490164243217
2021-02-24,-1,1,0.07142279330382599,0.11488575726970156,0.8136914494264724,-1.3909667104436687,-1.3909667104436687
2021-02-25,-1,1,0.005059498908986587,0.17888339264403053,0.8160571084469829,-1.3661234944683613,-1.3661234944683613
2021-02-26,-1,-1,0.8014373122158756,0.17084121822930062,0.027721469554823675,-0.3429179978700774,0.3429179978700774
2021-03-01,1,-1,0.7355875120609505,0.10717649808783351,0.15723598985121603,0.4593760547760222,-0.4593760547760222
2021-03-02,-1,1,0.1637250439287314,0.0730855455499589,0.7631894105213097,-0.9000188111361901,-0.9000188111361901
2021-03-03,-1,0,0.08731894926105674,0.6854333783125636,0.22724767242637953,-0.425774020335883,-0.0
2021-03-04,0,0,0.06638759014568081,0.7119302171774512,0.22168219267686806,0.10047102737291203,0.0
2021-03-05,-1,-1,0.6750552610133491,0.11551533098854017,0.20942940799811077,-0.5305038633148351,0.5305038633148351
2021-03-08,1,0,0.03017048579465112,0.9442398513881518,0.025589662817197,0.9874760827970093,0.0
2021-03-09,1,1,0.020698126452364293,0.11502543168494397,0.8642764418626918,0.3207006905844666,0.3207006905844666
2021-03-10,0,0,0.18678814793583798,0.6469131892591026,0.1662986628050595,-0.11941246190314853,-0.0
2021-03-11,0,0,0.10047968897616545,0.8053666067639983,0.09415370425983627,0.12780686193916926,0.0
2021-03-12,0,0,0.3806805767513629,0.39546880465445766,0.22385061859417954,0.145494075442982,0.0
2021-03-15,0,1,0.06085038759098597,0.15060021008182298,0.788549402327191,-0.004021477340518249,-0.004021477340518249
2021-03-16,1,1,0.10692141366036834,0.1553515576631962,0.7377270286764355,0.4350888426444665,0.4350888426444665
2021-03-17,-1,0,0.24518306037341275,0.6560439656059086,0.0987729740206787,-0.2823590322884286,-0.0
2021-03-18,1,0,0.33952521667130187,0.35133592148428355,0.30913886184441464,0.29160866971564514,0.0
2021-03-19,-1,1,0.3688884849819724,0.23093855087038015,0.4001729641476474,-0.22083760548939196,-0.0
2021-03-22,-1,1,0.060438697550675595,0.18483166037062645,0.7547296420786981,-0.45690217391304316,-0.45690217391304316
2021-03-23,1,0,0.3168893493196553,0.5552827459625544,0.12782790471779032,0.29551344813684893,0.0
2021-03-24,-1,-1,0.722366037155523,0.2322790906114271,0.04535487223305002,-0.32018490921808873,0.32018490921808873
2021-03-25,1,0,0.18829565559874945,0.6609482306253488,0.1507561137759019,0.23916842422415746,0.0
2021-03-26,-1,0,0.32750355200578496,0.5592151482658667,0.11328129972834834,-0.9239819004524821,-0.0
2021-03-29,-1,1,0.2195145255659679,0.35061211547754134,0.42987335895649076,-1.2799891961241177,-0.0
2021-03-30,1,-1,0.7697180190129301,0.16788271376812444,0.062399267218945405,1.0056186949304056,-1.0056186949304056
2021-03-31,1,1,0.33813298662999136,0.025760753123861207,0.6361062602461474,0.9472535467442689,0.9472535467442689
2021-04-01,0,1,0.03258301597361533,0.06947835834468631,0.8979386256816984,-0.06291747468217244,-0.06291747468217244
2021-04-05,1,-1,0.5121096383074947,0.05798744443147325,0.42990291726103197,0.6535032240150513,0.0
2021-04-06,-1,0,0.09394151900146665,0.8654713038931362,0.04058717710539707,-0.24585407568029838,-0.0
2021-04-07,1,-1,0.6290968938996314,0.10187496175762822,0.26902814434274047,0.797016447787843,-0.797016447787843
2021-04-08,-1,0,0.19176354575016036,0.5149328965218396,0.2933035577280001,-0.536525840176781,-0.0
2021-04-09,-1,-1,0.6383426057625352,0.1988875933777635,0.16276980085970127,-0.4977497749774954,0.4977497749774954
2021-04-12,1,0,0.1535016785390307,0.7562027871683004,0.09029553429266883,0.5606158623366487,0.0
2021-04-13,-1,-1,0.6140582432915109,0.15729037658774428,0.22865138012074476,-0.3915681688894469,0.3915681688894469
2021-04-14,1,-1,0.8040285741073865,0.05476484679206046,0.14120657910055293,1.1878096193641419,-1.1878096193641419
2021-04-15,1,1,0.10080841349919835,0.32145060384637913,0.5777409826544225,0.5737010826831169,0.5737010826831169
2021-04-16,-1,0,0.34850581531515235,0.5750323654502335,0.07646181923461401,-0.22669728552081503,-0.0
2021-04-19,1,-1,0.8186355184410169,0.15517582225571105,0.026188659303272126,0.30441128287612845,-0.30441128287612845
2021-04-20,1,0,0.18122817081719342,0.5212537140617112,0.2975181151210954,0.65845959595959,0.0
2021-04-21,-1,0,0.0936882281473578,0.6429725061460956,0.2633392657065466,-0.44539742694723955,-0.0
2021-04-22,-1,0,0.23224316540123777,0.7451974206344238,0.02255941396433834,-0.3432946573124656,-0.0
2021-04-23,1,-1,0.4583721631028291,0.33373613652309714,0.20789170037407378,0.2026173285198563,0.0
2021-04-26,-1,0,0.2969771016673987,0.5653918104222952,0.1376310879103061,-0.21730198584797977,-0.0
2021-04-27,1,1,0.33966816447812165,0.11027893880697062,0.5500528967149078,0.23238420154835096,0.23238420154835096
2021-04-28,-1,1,0.07076048225360444,0.41236662992297884,0.5168728878234168,-0.4557638958521351,-0.0
2021-04-29,0,1,0.13201192194128017,0.3988820909980019,0.469105987060718,-0.12273497588319907,-0.0
2021-04-30,1,0,0.2300353922964635,0.4271386301990161,0.3428259775045204,1.1125765741639628,0.0
2021-05-03,-1,0,0.22845144523794275,0.5139897608731424,0.2575587938889149,-0.6483689244071741,-0.0
2021-05-04,1,0,0.034710180914745634,0.9141259865592112,0.051163832526043146,0.35428499305818467,0.0
2021-05-05,1,-1,0.5010059025998357,0.3386658199005843,0.16032827749957998,1.31074578989575,0.0
2021-05-06,1,1,0.05090269246770715,0.15386158271970576,0.7952357248125871,0.7293399710936265,0.7293399710936265
2021-05-07,1,-1,0.4881878475243412,0.15856646114653128,0.35324569132912753,0.20269463898746468,0.0
2021-05-10,0,-1,0.5069541601883131,0.05577965088381768,0.43726618892786934,0.07463016118348668,0.0
2021-05-11,-1,-1,0.617253410024343,0.30463417882985744,0.07811241114579967,-0.9614674304316554,0.9614674304316554
2021-05-12,1,1,0.062401540325030216,0.21990052204816324,0.7176979376268067,0.46731807974752687,0.46731807974752687
2021-05-13,1,1,0.42352826569377194,0.1403390342860289,0.4361327000201992,0.7534834862668797,0.0
2021-05-14,1,1,0.10832943991302352,0.13875605364971272,0.7529145064372638,0.9627375518362699,0.9627375518362699
2021-05-17,0,1,0.07823544002213403,0.4489327821651459,0.47283177781272,0.09893429076195426,0.0
2021-05-18,0,-1,0.6034043814539193,0.08460865783556362,0.3119869607105172,-0.0036750765640917414,0.0036750765640917414
2021-05-19,1,-1,0.3722040400048505,0.298536945943845,0.3292590140513045,0.3119541091349348,0.0
2021-05-20,0,-1,0.7373046912235728,0.15247418318906442,0.11022112558736277,0.18523076923076104,-0.18523076923076104
2021-05-21,0,-1,0.4830012074618242,0.11156745071308415,0.40543134182509183,-0.045861719089718346,-0.0
2021-05-24,1,-1,0.43620629579105274,0.2247178482953802,0.3390758559135672,0.7874174000426332,0.0
2021-05-25,0,1,0.28264261575012783,0.19973971414695035,0.5176176701029218,-0.1125628140703529,-0.0
2021-05-26,0,-1,0.608209120190227,0.1634345304421006,0.2283563493676724,0.00345391186356734,-0.00345391186356734
2021-05-27,1,1,0.4747947536900664,0.021444620608080448,0.5037606257018532,0.3436166084594558,0.0
2021-05-28,0,-1,0.47010104034994155,0.3461395329934994,0.1837594266565592,0.10851345390382929,0.0
2021-05-31,-1,-1,0.6499974102151653,0.08409493521584825,0.2659076545689863,-0.2873411016949069,0.2873411016949069
2021-06-01,1,-1,0.5869707894772546,0.22281365071129058,0.19021555981145477,0.3701274552892225,-0.3701274552892225
2021-06-02,-1,-1,0.49946643657926193,0.18731078212651275,0.31322278129422526,-1.8108517523927532,-0.0
2021-06-03,1,0,0.14795778606834412,0.4820485161368995,0.3699936977947564,0.9477607103506329,0.0
2021-06-04,1,1,0.12567531091323825,0.4301858213467423,0.4441388677400193,0.32621951219512274,0.0
2021-06-07,-1,1,0.22508293403686008,0.07428758921124172,0.7006294767518981,-0.25894326284355906,-0.25894326284355906
2021-06-08,0,0,0.1964111850398433,0.4735347283973072,0.33005408656284957,-0.19541600851036106,-0.0
2021-06-09,1,1,0.032288635822963235,0.1778465743788817,0.789864789798155,0.45503942747332676,0.45503942747332676
2021-06-10,-1,1,0.2792178188553454,0.029575079857458362,0.6912071012871962,-0.9921013079210829,-0.9921013079210829
2021-06-11,-1,-1,0.3864178588703328,0.3115194692066482,0.3020626719230191,-0.42876221696108485,-0.0
2021-06-14,-1,1,0.20066881906251605,0.029340612042596467,0.7699905688948875,-0.3092998955067962,-0.3092998955067962
2021-06-15,-1,1,0.1472666245713661,0.33469483560544355,0.5180385398231904,-1.983601597482754,-0.0
2021-06-16,-1,-1,0.5296556532260144,0.43520777787836,0.035136568895625594,-1.4507617192710955,-0.0
2021-06-17,-1,0,0.14451883084727504,0.8129295107362551,0.04255165841646981,-0.3115442864820016,-0.0
2021-06-18,1,1,0.3239004592302147,0.2988970561353925,0.3772024846343928,0.6060231872127345,0.0
2021-06-21,0,-1,0.47471053889231757,0.3301491633856501,0.19514029772203234,-0.13365768577592405,-0.0
2021-06-22,0,0,0.36013884824918874,0.4742647394428348,0.16559641230797645,0.018506700701983236,0.0
2021-06-23,0,0,0.36948486312977635,0.4137632836624228,0.21675185320780088,-0.14800932266513195,-0.0
2021-06-24,1,1,0.16347870448794688,0.0368001463230184,0.7997211491890348,0.22242120343839653,0.22242120343839653
2021-06-25,0,0,0.11575329761514615,0.5380700882061987,0.34617661417865503,-0.10906846990460901,-0.0
2021-06-28,-1,0,0.2618076408265314,0.4864823108906494,0.2517100482828193,-0.6188852151727366,-0.0
2021-06-29,1,1,0.33506072540311,0.09944047711919814,0.5654987974776919,0.33013924240155834,0.33013924240155834
2021-06-30,1,-1,0.4915890633727782,0.3641126929980177,0.1442982436292041,0.22234705341639535,0.0
2021-07-01,1,0,0.05189896798702046,0.8096165565726458,0.13848447544033374,0.3854426884745858,0.0
2021-07-02,0,1,0.20515749377359788,0.23221499632007558,0.5626275099063266,0.1749524585710455,0.1749524585710455
2021-07-05,1,0,0.2930534470967778,0.42252247224330014,0.2844240806599221,0.2080803039125932,0.0
2021-07-06,1,1,0.2137947810464724,0.03908848406449196,0.7471167348890355,0.280154686636792,0.280154686636792
2021-07-07,0,1,0.16281139638076506,0.03750773263443136,0.7996808709848036,-0.07006908219370436,-0.07006908219370436
2021-07-08,1,1,0.13420650084374866,0.15790152565030294,0.7078919735059485,0.29869555604686904,0.29869555604686904
2021-07-09,0,1,0.44989366939312936,0.017688912876315632,0.5324174177305551,-0.10850251408265284,-0.0
2021-07-12,0,1,0.41310710731173333,0.15325882629089213,0.4336340663973746,0.08474321377547839,0.0
2021-07-13,1,1,0.23774285932289138,0.12405424278107458,0.638202897896034,1.045030642152938,1.045030642152938
2021-07-14,0,1,0.22290173758714737,0.3395108492696532,0.43758741314319943,0.1128329120416186,0.0
2021-07-15,-1,-1,0.7549781579489139,0.04601001807197854,0.1990118239791076,-0.9219044800414309,0.9219044800414309
2021-07-16,0,0,0.24448268123885342,0.5036763847191604,0.25184093404198604,0.054318149159358294,0.0
2021-07-19,0,-1,0.3693691485883002,0.28208018507173044,0.3485506663399693,-0.11876606683804339,-0.0
2021-07-20,-1,1,0.1319656331099704,0.173634931859165,0.6943994350308647,-0.36232258064516004,-0.36232258064516004
2021-07-21,0,0,0.22678339023675698,0.4663909662380492,0.3068256435251939,0.1615443789149831,0.0
2021-07-22,-1,0,0.24647594528070357,0.44207674919025913,0.31144730552903727,-0.23444099727133483,-0.0
2021-07-23,-1,0,0.17363995484420405,0.5952360149631039,0.23112403019269215,-0.22893904542841628,-0.0
2021-07-26,0,-1,0.7580593877173281,0.08511683787620775,0.15682377440646408,0.06152929345599796,-0.06152929345599796
2021-07-27,1,-1,0.678712352676361,0.18913515993688976,0.13215248738674934,0.4296851347260134,-0.4296851347260134
2021-07-28,1,1,0.16519248252713803,0.08949870014158394,0.7453088173312781,1.1557937247592425,1.1557937247592425
2021-07-29,-1,-1,0.8013237361120409,0.09792198581981691,0.10075427806814208,-0.7392359684827723,0.7392359684827723
2021-07-30,0,-1,0.4892593116708437,0.36475030051125945,0.1459903878178969,-0.017128239350457822,-0.0
2021-08-02,0,1,0.17216871445995516,0.07842320878257694,0.7494080767574679,-0.16787963347034549,-0.16787963347034549
2021-08-03,0,1,0.4423361548827053,0.04597070986077118,0.5116931352565235,0.08590343936702632,0.0
2021-08-04,-1,-1,0.4130452688827691,0.26083887821543833,0.32611585290179246,-0.42229260003089525,-0.0
2021-08-05,-1,0,0.3180132569927449,0.43285949944396634,0.24912724356328872,-2.2468384445147103,-0.0
2021-08-06,-1,0,0.27811508685190917,0.6664917229398292,0.05539319020826164,-1.713357400722016,-0.0
2021-08-09,0,-1,0.4157882658614539,0.1715682066866467,0.4126435274518995,-0.011491220355874951,-0.0
2021-08-10,1,-1,0.7889759637794661,0.014971061307503553,0.19605297491303023,0.910967290536993,-0.910967290536993
2021-08-11,0,1,0.053106771684061096,0.36725346125508945,0.5796397670608495,0.04299154127466775,0.04299154127466775
2021-08-12,1,1,0.09554449598608342,0.09020445441228915,0.8142510496016274,1.0679743365082968,1.0679743365082968
2021-08-13,1,1,0.072500853497005,0.23398523577040922,0.6935139107325857,0.2861815208503684,0.2861815208503684
2021-08-16,0,1,0.2992045552186946,0.19293046030749517,0.5078649844738102,-0.04494261790748639,-0.0
2021-08-17,0,0,0.15216199371330327,0.5799333033643109,0.26790470292238583,0.05771251515559657,0.0
2021-08-18,-1,1,0.06251645773996689,0.09030560466301209,0.8471779375970211,-0.29831688914683896,-0.29831688914683896
2021-08-19,0,1,0.11777750075922032,0.4093068210971441,0.4729156781436356,0.04177938920652388,0.0
2021-08-20,1,1,0.24090054520981122,0.010846940707102931,0.7482525140830858,0.9711917916337875,0.9711917916337875
2021-08-23,0,0,0.05462611034031717,0.8698824612394235,0.0754914284202595,-0.09176795286874484,-0.0
2021-08-24,-1,-1,0.5761937931269189,0.15466863124038138,0.26913757563269974,-0.48295942985497053,0.48295942985497053
2021-08-25,0,0,0.06043558571038364,0.8159503567156149,0.12361405757400139,0.05576003955392151,0.0
2021-08-26,1,1,0.16093991085348716,0.06349524206492059,0.7755648470815921,1.0888148104053776,1.0888148104053776
2021-08-27,-1,1,0.09523914566149362,0.05296039105149076,0.8518004632870155,-0.38180930459649576,-0.38180930459649576
2021-08-30,0,-1,0.8005608848797966,0.041561780807760414,0.15787733431244297,0.16964571266124592,-0.16964571266124592
2021-08-31,0,-1,0.8627327976978262,0.052988105673343236,0.08427909662883064,0.02245012120081192,-0.02245012120081192
2021-09-01,-1,-1,0.4572640151802161,0.35455225801527346,0.1881837268045104,-0.24787234042552436,-0.0
2021-09-02,1,-1,0.4458768938230282,0.29505969977561436,0.2590634064013575,1.0207153261045474,0.0
2021-09-03,-1,1,0.2076457857236537,0.27222463904408245,0.520129575232264,-0.23019597019045404,-0.0
2021-09-06,-1,1,0.1435634083657705,0.3041252421967326,0.5523113494374969,-1.640245378965208,-1.640245378965208
2021-09-07,-1,0,0.30516884544974476,0.6044588822868199,0.09037227226343546,-0.26053611038009167,-0.0
2021-09-08,1,-1,0.7339831182904474,0.1542457086828232,0.11177117302672952,0.2547927799992584,-0.2547927799992584
2021-09-09,-1,-1,0.7431071716722005,0.13065051737957306,0.12624231094822622,-0.3603859457491432,0.3603859457491432
2021-09-10,1,1,0.13346551274501217,0.38926854718185305,0.4772659400731347,0.3347104276642946,0.0
2021-09-13,1,-1,0.7135852215183395,0.13973977934092532,0.14667499914073526,0.5857784431137751,-0.5857784431137751
2021-09-14,-1,-1,0.722717944497172,0.0487790333828605,0.22850302211996748,-0.5589169069080047,0.5589169069080047
2021-09-15,-1,1,0.2553148833239898,0.2957524491887073,0.44893266748730276,-2.0654810024252126,-0.0
2021-09-16,0,-1,0.8659549080537655,0.10224368376178647,0.03180140818444794,0.033509088386282686,-0.033509088386282686
2021-09-17,1,1,0.04944346606288732,0.2976645107434321,0.6528920231936807,0.4765611663081714,0.4765611663081714
2021-09-20,1,-1,0.3807748924586862,0.2618154267778972,0.35740968076341656,0.4729414897157733,0.0
2021-09-21,-1,-1,0.8038116396494892,0.06287437652261392,0.13331398382789686,-0.2797940715633294,0.2797940715633294
2021-09-22,-1,1,0.13158821019103292,0.3503184067791018,0.5180933830298653,-1.1093358104969766,-0.0
2021-09-23,1,1,0.4473509171438554,0.10429159405921498,0.4483574887969297,0.3305809670904044,0.0
2021-09-24,0,0,0.18947177887365557,0.5140115957275002,0.29651662539884427,-0.00771327495214748,-0.0
2021-09-27,-1,-1,0.6927231981130605,0.19440682668356435,0.1128699752033753,-0.698432178688675,0.698432178688675
2021-09-28,-1,1,0.152577802951977,0.19500406460146583,0.6524181324465571,-0.31339202548000533,-0.31339202548000533
2021-09-29,1,0,0.09613125256025859,0.6960369390371519,0.20783180840258939,1.2582278481012645,0.0
2021-09-30,0,1,0.024186795961794638,0.037642589492885674,0.9381706145453196,0.14044897623551003,0.14044897623551003
2021-10-01,1,1,0.3309712018002161,0.11531190476463977,0.5537168934351441,0.33145867054401346,0.33145867054401346
2021-10-04,-1,1,0.13549029348690184,0.2322816642719292,0.6322280422411689,-0.3698348256492968,-0.3698348256492968
2021-10-05,0,1,0.10925243035537681,0.05202988104787004,0.8387176885967532,0.10171071389407096,0.10171071389407096
2021-10-06,-1,-1,0.6853236258224265,0.115903743833099,0.1987726303444745,-0.3048139583771288,0.3048139583771288
2021-10-07,0,0,0.09239674069859655,0.7587763141146379,0.1488269451867656,0.05852199914565962,0.0
2021-10-08,0,1,0.1747409329075848,0.13671281393846904,0.6885462531539461,-0.09690777740833509,-0.09690777740833509
2021-10-11,1,1,0.2744862096723452,0.09836144029689516,0.6271523500307596,0.25365669529111967,0.25365669529111967
2021-10-12,1,-1,0.5453824689877141,0.19601126814359687,0.2586062628686891,1.467422096317284,0.0
2021-10-13,0,-1,0.41597101990519175,0.1938205441927185,0.3902084359020897,0.13173423495263514,0.0
2021-10-14,-1,-1,0.6862822739573142,0.05969891953700615,0.25401880650567954,-1.2844160866202645,1.2844160866202645
2021-10-15,0,1,0.14062764111118556,0.2576004476694006,0.6017719112194138,-0.11601853841195986,-0.11601853841195986
2021-10-18,1,-1,0.6503331907812203,0.09443534473630501,0.25523146448247475,0.21312265150785287,-0.21312265150785287
2021-10-19,1,-1,0.9003094546797189,0.028458705435548088,0.07123183988473292,0.5629844961240328,-0.5629844961240328
2021-10-20,0,1,0.28325357933799283,0.19491694920863264,0.5218294714533744,0.04934517433221514,0.0
2021-10-21,1,-1,0.6748385074648988,0.05304945521142727,0.27211203732367395,0.45286821166741653,-0.45286821166741653
2021-10-22,1,1,0.28322635343713043,0.08523503500414047,0.6315386115587291,0.7264931294101694,0.7264931294101694
2021-10-25,-1,1,0.10850126263951022,0.31681769713501334,0.5746810402254764,-0.7146715902485635,-0.7146715902485635
2021-10-26,0,-1,0.7403896351729349,0.19121311597885077,0.06839724884821438,0.193261581656522,-0.193261581656522
2021-10-27,0,-1,0.8748972057785357,0.07143680398017585,0.05366599024128852,0.09189963679984123,-0.09189963679984123
2021-10-28,-1,-1,0.6507303940812151,0.20317417417991682,0.14609543173886808,-0.7656815752267265,0.7656815752267265
2021-10-29,1,0,0.22908041575370497,0.7388623046108275,0.03205727963546744,0.46194276815261087,0.0
2021-11-01,-1,1,0.3046096284269809,0.2009036927481994,0.4944866788248197,-0.23735789886318273,-0.0
2021-11-02,-1,-1,0.5845337094659729,0.044480455916000305,0.37098583461802676,-0.9195352685155198,0.9195352685155198
2021-11-03,1,0,0.22933843324871128,0.5412044666652578,0.22945710008603076,1.0408726776887638,0.0
2021-11-04,1,0,0.18382926581392595,0.7731174948458769,0.04305323934019723,1.2594392907267284,0.0
2021-11-05,1,1,0.45474401553380606,0.039085160508358856,0.5061708239578352,0.28852166145600855,0.0
2021-11-08,1,1,0.2638385287872747,0.06841859670679437,0.667742874505931,0.34600760456273577,0.34600760456273577
2021-11-09,1,-1,0.4967772200844469,0.28074411383903425,0.22247866607651892,0.8207855147578532,0.0
2021-11-10,1,1,0.21808259827870788,0.08895421087925653,0.6929631908420356,0.5355608014042678,0.5355608014042678
2021-11-11,0,1,0.2433136654510071,0.008678558812631682,0.7480077757363612,0.10893084100561046,0.10893084100561046
2021-11-12,0,1,0.288623279613173,0.17279207951393324,0.5385846408728937,-0.06695707801504587,-0.0
2021-11-15,-1,1,0.3085720656843446,0.1205573207758068,0.5708706135398486,-0.5425841559098963,-0.5425841559098963
2021-11-16,1,1,0.05798056098567004,0.0336167811363234,0.9084026578780064,0.7175763492693027,0.7175763492693027
2021-11-17,-1,0,0.015256187423602952,0.9697613351416752,0.014982477434721975,-0.358974358974362,-0.0
2021-11-18,-1,1,0.08496512088462398,0.42668675056327693,0.48834812855209914,-0.5853875194314831,-0.0
2021-11-19,-1,1,0.24122090248091782,0.24126268754190472,0.5175164099771775,-1.7902311382468363,-0.0
2021-11-22,-1,0,0.16277582204389265,0.7914680481112798,0.04575612984482754,-0.6128815833612913,-0.0
2021-11-23,0,0,0.1493786665987824,0.48023997014434056,0.3703813632568771,-0.019499150394161398,-0.0
2021-11-24,0,1,0.12072159855130032,0.3848444339231548,0.4944339675255448,0.0028277115734169377,0.0
2021-11-25,0,1,0.2676092795661249,0.3594583951967049,0.37293232523717024,0.09426878083594811,0.0
2021-11-26,-1,1,0.1678232207959353,0.39780627755649733,0.43437050164756735,-0.24853519895059611,-0.0
2021-11-29,-1,1,0.2155868354182253,0.2550842883548143,0.5293288762269605,-0.391996803288044,-0.0
2021-11-30,1,1,0.35511738801570114,0.1957763981330535,0.44910621385124544,0.28399055696424,0.0
2021-12-01,-1,1,0.07795412271775673,0.23233771160610947,0.6897081656761338,-0.5561531715872516,-0.5561531715872516
2021-12-02,1,0,0.058115488665489066,0.6136733311414818,0.3282111801930292,0.6213261227368879,0.0
2021-12-03,-1,-1,0.6474523350622204,0.19894449631260144,0.1536031686251781,-0.2000461867097762,0.2000461867097762
2021-12-06,1,-1,0.5372993304932947,0.10206195085000765,0.36063871865669755,0.241167759678445,0.0
2021-12-07,0,1,0.24379673154125872,0.25636936445488806,0.49983390400385314,-0.04394733634036213,-0.0
2021-12-08,-1,-1,0.4825128268870871,0.13589427295921336,0.3815929001536995,-0.3387790197764451,-0.0
2021-12-09,1,0,0.08387979407322423,0.6546273801565655,0.26149282577021016,0.3298579393328514,0.0
2021-12-10,0,-1,0.45510598264116975,0.3521884561859446,0.19270556117288573,0.19070938372935364,0.0
2021-12-13,-1,1,0.20891920385745433,0.09881789522110718,0.6922629009214386,-0.8315183051477438,-0.8315183051477438
2021-12-14,1,0,0.05457522764319124,0.8256972486041767,0.11972752375263215,0.3285834031852505,0.0
2021-12-15,1,1,0.2790625897239742,0.04066080086388146,0.6802766094121443,1.0558752426027502,1.0558752426027502
2021-12-16,0,0,0.20701090972228633,0.4708208661719061,0.3221682241058076,-0.0771622385528634,-0.0
2021-12-17,-1,0,0.3841885784694694,0.4041632221117311,0.21164819941879937,-0.3378243512974052,-0.0
2021-12-20,0,-1,0.42625260613060967,0.21542403742801552,0.35832335644137486,-0.10438024231126866,-0.0
2021-12-21,1,0,0.27190420110106517,0.523235336590602,0.20486046230833305,0.8108819657744635,0.0
2021-12-22,1,0,0.46781536294956194,0.5079623287275971,0.024222308322840936,0.2757815017724715,0.0
2021-12-23,1,-1,0.5386238546591673,0.3567537936488207,0.10462235169201209,0.20476706392199315,0.0
2021-12-27,-1,-1,0.914935484051165,0.04545969942472895,0.03960481652410613,-0.3354032055047437,0.3354032055047437
2021-12-28,0,1,0.08715334885447742,0.042939617746264286,0.8699070333992582,-0.10644822516277794,-0.10644822516277794
2021-12-29,1,1,0.26835644891609545,0.3133062456391842,0.4183373054447204,0.5903718650908061,0.0
2021-12-30,1,-1,0.609730362222034,0.13543062822947005,0.25483900954849587,0.596508089059754,-0.596508089059754
2021-12-31,-1,-1,0.8489109910999281,0.06544669841231714,0.08564231048775474,-1.3761641025641085,1.3761641025641085
2022-01-03,1,-1,0.47531251258607427,0.37377828531296,0.15090920210096576,0.6916809926003465,0.0
2022-01-04,-1,-1,0.6862765764365291,0.1534797934358956,0.16024363012757534,-0.2256429796151663,0.2256429796151663
2022-01-05,-1,1,0.3663426980695638,0.15877261409158458,0.4748846878388515,-1.0596430807764534,-0.0
2022-01-06,1,-1,0.5517734608444222,0.024359108874762614,0.4238674302808151,0.3225479494776162,-0.3225479494776162
2022-01-07,1,-1,0.8723556259990564,0.07638641251657534,0.05125796148436837,0.2648261758691181,-0.2648261758691181
2022-01-10,1,-1,0.5439016284885049,0.13777886681153234,0.31831950469996273,1.1048219703017723,0.0
2022-01-11,1,-1,0.865746654467133,0.08390778765623019,0.050345557876636825,0.25271149674620846,-0.25271149674620846
2022-01-12,0,-1,0.45261030210806447,0.391567795944237,0.15582190194769852,-0.19409015289550835,-0.0
2022-01-13,-1,-1,0.6555486096614164,0.2988595293322465,0.04559186100633717,-0.26750896895959364,0.26750896895959364
2022-01-14,0,0,0.03576773205795363,0.5838447306763073,0.380387537265739,0.07512744834987205,0.0
2022-01-17,-1,1,0.1426755304826332,0.097280606416074,0.7600438631012928,-0.2989908472189651,-0.2989908472189651
2022-01-18,1,0,0.17649847551061545,0.5540662028029589,0.26943532168642553,1.4797106008178738,0.0
2022-01-19,0,1,0.07560133073146039,0.2702843946308105,0.654114274637729,-0.05362373263236856,-0.05362373263236856
2022-01-20,-1,-1,0.8187234362448091,0.09862911378697886,0.08264744996821201,-0.2842156899739693,0.2842156899739693
2022-01-21,1,-1,0.6362556407347375,0.07315578898760437,0.29058857027765816,0.5017860042214739,-0.5017860042214739
2022-01-24,1,1,0.31088367986988547,0.04206797925172238,0.6470483408783921,0.28987774255958393,0.28987774255958393
2022-01-25,-1,-1,0.5272669258203749,0.060975065635197494,0.4117580085444277,-1.6671515856851995,-0.0
2022-01-26,-1,-1,0.7643400827562139,0.10935578972148266,0.1263041275223034,-1.2436250448940522,1.2436250448940522
2022-01-27,-1,1,0.2044536482327603,0.08951481931768988,0.7060315324495497,-0.30372666112329083,-0.30372666112329083
2022-01-28,1,1,0.3567468931485631,0.1674306154413488,0.4758224914100881,0.3066897389639589,0.0
2022-01-31,1,-1,0.5317163358181096,0.3865664236896144,0.08171724049227601,0.20128561104560413,0.0
2022-02-01,1,0,0.3161319559462222,0.3899883934212262,0.29387965063255156,0.30543710021322157,0.0
2022-02-02,0,-1,0.7542874272372674,0.13292569761694378,0.11278687514578888,-0.10472754888931246,0.10472754888931246
2022-02-03,0,0,0.17788765365247597,0.7859523539853731,0.03615999236215089,0.15671253253997744,0.0
2022-02-04,1,0,0.30372883051140326,0.4366903946047417,0.25958077488385517,0.6247424145526878,0.0
2022-02-07,1,1,0.13641840042946468,0.2522561003863495,0.6113254991841858,0.27576660988074775,0.27576660988074775
2022-02-08,1,0,0.26917175139339883,0.6450610075375287,0.08576724106907249,0.365988627256429,0.0
2022-02-09,-1,0,0.37523083017000364,0.44687893259015554,0.17789023723984096,-0.33229968224800266,-0.0
2022-02-10,1,1,0.24962754325357706,0.07621901574192326,0.6741534410044996,1.6484480431848927,1.6484480431848927
2022-02-11,1,0,0.29104314738722975,0.5099283134169942,0.19902853919577612,0.6283806569096902,0.0
2022-02-14,-1,-1,0.6901926905432066,0.019982685013910546,0.2898246244428828,-0.831521919766019,0.831521919766019
2022-02-15,1,0,0.02687734481285842,0.8344714383257402,0.1386512168614014,0.7449729118888673,0.0
2022-02-16,1,0,0.4141635885607244,0.5346998722474079,0.051136539191867676,1.3823087431693943,0.0
2022-02-17,0,1,0.024114468671621113,0.08478319795517517,0.8911023333732037,-0.0583656320229282,-0.0583656320229282
2022-02-18,1,-1,0.562046456677872,0.07402908978942781,0.36392445353270014,0.3180993128484378,-0.3180993128484378
2022-02-21,-1,-1,0.8818978195111534,0.034845297742782604,0.08325688274606384,-0.2497864667362573,0.2497864667362573
2022-02-22,1,1,0.2285403309096743,0.29376758823769944,0.47769208085262616,0.4602977667493762,0.0
2022-02-23,-1,-1,0.47647765410503773,0.17105173821437025,0.3524706076805921,-0.21935963336842546,-0.0
2022-02-24,-1,1,0.14722257097947838,0.28423086990019797,0.5685465591203237,-0.5397105541828442,-0.5397105541828442
2022-02-25,1,1,0.21635527328851636,0.07197732382472873,0.7116674028867549,0.6671134193332172,0.6671134193332172
2022-02-28,1,-1,0.9229408839152891,0.02204005061959354,0.055019065465117444,1.1412191516997392,-1.1412191516997392
2022-03-01,-1,0,0.43792895127923864,0.5053111764331135,0.05675987228764771,-0.47446355919952343,-0.0
2022-03-02,1,-1,0.8397419016923908,0.09096432373156871,0.06929377457604044,0.21519012742048993,-0.21519012742048993
2022-03-03,1,-1,0.4069032405343831,0.31848956484730406,0.2746071946183129,1.0167779562167156,0.0
2022-03-04,1,0,0.10804795059731274,0.4636998000238641,0.42825224937882317,0.7679709938280425,0.0
2022-03-07,1,-1,0.7542533545257688,0.024011384354100967,0.2217352611201303,1.4705882352941109,-1.4705882352941109
2022-03-08,-1,0,0.39610103265138236,0.5189811298110306,0.08491783753758694,-1.4394191606162494,-0.0
2022-03-09,0,0,0.18749086118557107,0.5338496023867183,0.2786595364277106,0.11278195488721902,0.0
2022-03-10,0,-1,0.7799562195783986,0.012804570478151202,0.20723920994345016,-0.18739603929322837,0.18739603929322837
2022-03-11,-1,1,0.15214137967214,0.14385677659545326,0.7040018437324067,-0.8002374682234012,-0.8002374682234012
2022-03-14,-1,0,0.1933521507288659,0.424593981696706,0.38205386757442816,-0.6818586170086561,-0.0
2022-03-15,0,1,0.17538966007263532,0.39627925052647733,0.4283310894008872,0.1695021604894258,0.0
2022-03-16,1,1,0.3544091195996926,0.09747999140984309,0.5481108889904642,0.3569808369182622,0.0
2022-03-17,-1,0,0.00864361262949512,0.9429263745081211,0.048430012862383756,-0.4926921789579361,-0.0
2022-03-18,1,0,0.07853028745528051,0.7384776420260648,0.18299207051865474,0.3509481998890205,0.0
2022-03-21,-1,0,0.24231530074566482,0.7267701439415689,0.030914555312766406,-0.34428965564222314,-0.0
2022-03-22,1,0,0.24544215138135472,0.6342550344516537,0.12030281416699166,0.5489250275633951,0.0
2022-03-23,1,0,0.045481711429732986,0.7669819982645706,0.18753629030569643,0.3184014275373292,0.0
2022-03-24,0,0,0.34826281178049046,0.5594303643239912,0.09230682389551832,0.008662472929775145,0.0
2022-03-25,-1,0,0.36182086982161066,0.5118840686109709,0.12629506156741843,-0.878117429100755,-0.0
2022-03-28,0,1,0.2763865057933077,0.26299529590066084,0.4606181983060314,-0.08937329700272391,-0.0
2022-03-29,1,1,0.2797906985202515,0.17252162009269506,0.5476876813870534,0.3881359177854834,0.0
2022-03-30,0,0,0.2989284022668116,0.6355686567753208,0.06550294095786766,0.1403052796193901,0.0
2022-03-31,-1,1,0.21136794824839603,0.1316968197538727,0.6569352319977312,-0.40172844507460637,-0.40172844507460637
2022-04-01,1,0,0.06772129090505567,0.5119440462196261,0.4203346628753183,0.2733809568568454,0.0
2022-04-04,-1,-1,0.5673086334830695,0.11598366992081924,0.3167076965961113,-0.32428507036610393,0.32428507036610393
2022-04-05,0,0,0.048190555206243116,0.6992611906005659,0.25254825419319105,0.06400694728239342,0.0
2022-04-06,1,1,0.07785215382819581,0.23177990834870243,0.6903679378231018,0.2325969588690917,0.2325969588690917
2022-04-07,1,-1,0.6530788580543981,0.05470933385277423,0.29221180809282765,0.605222981116918,-0.605222981116918
2022-04-08,1,-1,0.49843537569490687,0.1682760970494556,0.33328852725563746,0.2243686596157931,0.0
2022-04-11,1,-1,0.5294155468834554,0.07492341044282859,0.39566104267371593,0.4852210797605335,0.0
2022-04-12,1,-1,0.5816001043077256,0.1499207435111185,0.2684791521811559,0.4378203911144856,-0.4378203911144856
2022-04-13,0,1,0.16580236672696425,0.07627331385670953,0.7579243194163263,-0.18351694324362205,-0.18351694324362205
2022-04-14,1,1,0.35456926756521373,0.11634150798304206,0.5290892244517442,0.20530616814060276,0.0
2022-04-18,-1,0,0.24849000028184565,0.6036402538137976,0.14786974590435678,-1.1649331352154524,-0.0
2022-04-19,1,1,0.29880028866659863,0.09264407059710257,0.6085556407362988,0.30238199620050127,0.30238199620050127
2022-04-20,-1,-1,0.5496145917678698,0.04052664252149999,0.4098587657106303,-0.25971877584780717,-0.0
2022-04-21,-1,1,0.2929015299283546,0.05275083511893706,0.6543476349527083,-0.8363868768640873,-0.8363868768640873
2022-04-22,-1,-1,0.7100474469261506,0.20607889773671678,0.08387365533713266,-1.4040806614716583,1.4040806614716583
2022-04-25,1,0,0.36268305942014717,0.520746134089283,0.11657080649056982,0.28401374800905343,0.0
2022-04-26,-1,0,0.28616741888812774,0.4435256141985271,0.2703069669133452,-0.7778450537727416,-0.0
2022-04-27,1,-1,0.639255915171028,0.3126331040242443,0.04811098080472759,0.3427942048631736,-0.3427942048631736
2022-04-28,0,1,0.19739147823663128,0.3889549246259825,0.41365359713738614,0.07321324811155813,0.0
2022-04-29,-1,-1,0.4654296070539759,0.3167468914342919,0.21782350151173221,-1.2736604839366708,-0.0
2022-05-02,0,0,0.19243452015810755,0.6693519066710116,0.13821357317088076,0.1913564175995836,0.0
2022-05-03,1,-1,0.5009656225330296,0.044115866200422245,0.45491851126654814,0.4765661737812839,0.0
2022-05-04,0,1,0.3123188255727629,0.11322526736623931,0.5744559070609978,-0.14804433685819388,-0.14804433685819388
2022-05-05,1,0,0.02593313061536309,0.7947389028020905,0.17932796658254638,0.21930509467109394,0.0
2022-05-06,-1,-1,0.412315825220185,0.19540399829420252,0.3922801764856124,-1.0168918918918954,-0.0
2022-05-09,-1,1,0.24946497633230347,0.16360577353551004,0.5869292501321866,-0.5384881765113279,-0.5384881765113279
2022-05-10,1,1,0.04128887227184832,0.14015027462656648,0.8185608531015852,0.4813289996388582,0.4813289996388582
2022-05-11,-1,1,0.0655232146634896,0.3329964379528294,0.601480347383681,-1.0173044925124857,-1.0173044925124857
2022-05-12,-1,1,0.2745996098144164,0.173915544775014,0.5514848454105696,-0.3425535385547506,-0.3425535385547506
2022-05-13,1,-1,0.848589921196171,0.09559153309178711,0.055818545712041784,0.4215386835333519,-0.4215386835333519
2022-05-16,-1,-1,0.5116824464602102,0.08370566136272559,0.40461189217706434,-0.28260672116258273,-0.0
2022-05-17,0,0,0.1420216080102195,0.6719687486600007,0.18600964332977987,0.04667519181585798,0.0
2022-05-18,1,1,0.09470752567547422,0.2608611001713261,0.6444313741531996,0.8311778773595845,0.8311778773595845
2022-05-19,0,0,0.062490082569380316,0.8747637927595668,0.06274612467105288,0.13694411738067006,0.0
2022-05-20,1,1,0.16324918575163513,0.312842754407971,0.5239080598403939,0.24122159572151503,0.0
2022-05-23,1,-1,0.6613743412940194,0.28673297136270753,0.05189268734327301,0.4442753712111934,-0.4442753712111934
2022-05-24,-1,-1,0.7325487316418078,0.09959570871281478,0.16785555964537743,-0.46468085106382895,0.46468085106382895
2022-05-25,0,0,0.07771219972806145,0.6305971204467121,0.2916906798252264,-0.08870801566041744,-0.0
2022-05-26,0,0,0.056410792634268896,0.49178595244360457,0.45180325492212653,0.08025382605449277,0.0
2022-05-27,0,-1,0.49628282463608253,0.2342772416363931,0.26943993372752445,0.09463988958679896,0.0
2022-05-30,-1,-1,0.43385875118426925,0.25479384261093624,0.3113474062047945,-0.7337069749699276,-0.0
2022-05-31,1,1,0.02014285960694297,0.09521669790110257,0.8846404424919544,0.36787410926366343,0.36787410926366343
2022-06-01,1,0,0.0814743500100479,0.7823293027640187,0.13619634722593357,0.9729375818419881,0.0
2022-06-02,-1,1,0.18756071909976413,0.0894812987533333,0.7229579821469027,-0.7788067788067818,-0.7788067788067818
2022-06-03,-1,0,0.06086684324626257,0.6124700999695946,0.32666305678414287,-0.4328093139511873,-0.0
2022-06-06,1,-1,0.8164716992468088,0.09066384863665577,0.09286445211653549,0.5088260957111177,-0.5088260957111177
2022-06-07,0,-1,0.5236972960747485,0.35565707882164266,0.12064562510360899,0.04210385617857807,0.0
2022-06-08,-1,1,0.2586435128139542,0.2825801937531925,0.45877629343285337,-0.2622558788361934,-0.0
2022-06-09,1,0,0.1282287546507694,0.5067701162906973,0.36500112905853327,1.186959851219779,0.0
2022-06-10,-1,-1,0.5887785058444068,0.28526243283115954,0.12595906132443357,-2.402309468822171,2.402309468822171
2022-06-13,-1,0,0.18979402811365106,0.49024377956588483,0.3199621923204641,-0.4508481504189651,-0.0
2022-06-14,1,-1,0.8193723481454601,0.1021912987609803,0.07843635309355963,1.0371428571428611,-1.0371428571428611
2022-06-15,1,1,0.20846975073857332,0.17691227140936788,0.6146179778520587,0.8851126911356956,0.8851126911356956
2022-06-16,-1,1,0.1909404867945885,0.30780206969394014,0.5012574435114713,-0.5955242542550238,-0.0
2022-06-17,0,0,0.013403065026095413,0.7312199243502161,0.25537701062368845,-0.10441485634197688,-0.0
2022-06-20,0,1,0.16667899683437748,0.059145558473932644,0.77417544469169,-0.1453573539616035,-0.1453573539616035
2022-06-21,0,0,0.32210630799737344,0.4503506263410344,0.2275430656615921,0.17814124839965131,0.0
2022-06-22,-1,-1,0.6924397131246501,0.11928635285882791,0.18827393401652187,-0.5618237209790945,0.5618237209790945
2022-06-23,0,1,0.03729716034071736,0.2926941357217936,0.670008703937489,0.15681601525262256,0.15681601525262256
2022-06-24,0,-1,0.7692421848462004,0.1081734190887104,0.12258439606508902,-0.1566037233334241,0.1566037233334241
2022-06-27,0,1,0.36344880951916825,0.22418143409373806,0.4123697563870937,-0.10397602185618263,-0.0
2022-06-28,0,1,0.30106870419340254,0.12855739737384705,0.5703738984327504,-0.07468568211672032,-0.07468568211672032
2022-06-29,-1,1,0.2065996517592814,0.07485078511972654,0.718549563120992,-0.3981620850827854,-0.3981620850827854
2022-06-30,0,1,0.21839937612859192,0.14023078370118383,0.6413698401702244,0.08791961635076702,0.08791961635076702
2022-07-01,0,1,0.14106115586963056,0.2549665894573138,0.6039722546730556,-0.1012240756009377,-0.1012240756009377
2022-07-04,-1,1,0.1974318639301598,0.047178646108017495,0.7553894899618226,-1.987093754179491,-1.987093754179491
2022-07-05,-1,0,0.41349627325929345,0.5453059805596231,0.041197746181083586,-1.1496481126039728,-0.0
2022-07-06,0,0,0.281015145119827,0.434857843827635,0.28412701105253807,0.0516588590130312,0.0
2022-07-07,0,1,0.2538845013152264,0.18389642741988066,0.562219071264893,0.08844555278470934,0.08844555278470934
2022-07-08,-1,-1,0.4820164505435142,0.08189005157977372,0.43609349787671214,-0.378954184879398,-0.0
2022-07-11,-1,-1,0.5558334629057363,0.12727578209864263,0.31689075499562097,-0.34574658716971035,0.34574658716971035
2022-07-12,1,1,0.12630059481350883,0.18111231538802916,0.6925870897984621,0.4245360756781729,0.4245360756781729
2022-07-13,-1,1,0.45110737917580157,0.03892345875296911,0.5099691620712292,-1.1307489318924386,-0.0
2022-07-14,0,0,0.05529326146311487,0.5915181807148461,0.35318855782203895,-0.08802971368409121,-0.0
2022-07-15,0,1,0.06284772250179807,0.38242732536285506,0.5547249521353468,0.06845965770171496,0.06845965770171496
2022-07-18,0,-1,0.6772826683773036,0.15078318613750688,0.1719341454851895,0.10666666666666166,-0.10666666666666166
2022-07-19,-1,-1,0.776147941551201,0.09120384665680015,0.13264821179199884,-0.6239669421487575,0.6239669421487575
2022-07-20,1,0,0.09102331481467255,0.5668831338691914,0.342093551316136,0.8894730623818529,0.0
2022-07-21,1,-1,0.5532529746752723,0.3098914959964345,0.13685552932829298,0.3591980063434506,-0.3591980063434506
2022-07-22,-1,0,0.34045640762272217,0.46521614460699806,0.1943274477702798,-0.2881360522111158,-0.0
2022-07-25,0,0,0.2625944490226063,0.5035120545180568,0.23389349645933677,-0.0927612375948621,-0.0
2022-07-26,1,1,0.18526249593339375,0.09483805178532784,0.7198994522812784,0.76905581703888,0.76905581703888
2022-07-27,1,1,0.2389295312781712,0.20147236061460194,0.5595981081072268,0.8895097332372061,0.8895097332372061
2022-07-28,1,-1,0.35202348291812513,0.3005176756752226,0.3474588414066523,0.4182952182952157,0.0
2022-07-29,1,-1,0.524683031238638,0.3372033063098234,0.13811366245153864,0.26274232514289564,0.0
2022-08-01,-1,-1,0.6194634334957603,0.1286471889086563,0.2518893775955834,-0.4654977038229889,0.4654977038229889
2022-08-02,0,1,0.20951852150696545,0.13834769720073378,0.6521337812923007,0.18813376483278949,0.18813376483278949
2022-08-03,1,0,0.07779682679032454,0.577711994378544,0.34449117883113145,1.1842580729936596,0.0
2022-08-04,-1,-1,0.47438856899084325,0.062675357076815,0.46293607393234165,-0.6995163620375539,-0.0
2022-08-05,1,0,0.32878031322532175,0.3627519430359414,0.30846774373873687,0.582856450782693,0.0
2022-08-08,1,1,0.13585265133966126,0.05110177864086862,0.8130455700194701,0.22321852731591,0.22321852731591
2022-08-09,0,-1,0.5276368995659118,0.09833237004025658,0.3740307303938316,-0.09197480637675229,-0.0
2022-08-10,0,1,0.29758725646634404,0.2423078795943782,0.4601048639392778,-0.11941347474683264,-0.0
2022-08-11,1,1,0.07523264927079441,0.10344528517866118,0.8213220655505445,0.5772957243477413,0.5772957243477413
2022-08-12,-1,0,0.08401561975739412,0.6752216852047404,0.24076269503786554,-1.0582869407740279,-0.0
2022-08-15,0,-1,0.5860968257484349,0.10276952268320463,0.3111336515683604,-0.17986002364897197,0.17986002364897197
2022-08-16,-1,1,0.12711832881747723,0.02286139830230189,0.8500202728802208,-0.6357826395698823,-0.6357826395698823
2022-08-17,0,1,0.3005719487075027,0.022463701491762664,0.6769643498007346,-0.17052895870797732,-0.17052895870797732
2022-08-18,-1,1,0.26741566694599406,0.26825002009180565,0.4643343129622003,-0.5265968232510934,-0.0
2022-08-19,-1,1,0.09940224323707207,0.06838761540652946,0.8322101413563985,-0.5338476769194047,-0.5338476769194047
2022-08-22,1,-1,0.5132232186547077,0.19627457782434302,0.29050220352094935,0.5730537041560541,0.0
2022-08-23,0,-1,0.6771939638685093,0.03299285225148798,0.2898131838800026,0.16576292127119452,-0.16576292127119452
2022-08-24,1,1,0.260266843678261,0.07900498293563436,0.6607281733861048,0.3743452620783101,0.3743452620783101
2022-08-25,-1,-1,0.5591354642100654,0.1231147142559655,0.3177498215339691,-1.121191028615625,1.121191028615625
2022-08-26,0,0,0.13931330094595543,0.44972053466143347,0.4109661643926112,-0.019655460271679717,-0.0
2022-08-29,-1,0,0.361405013190686,0.4787733311497178,0.15982165565959622,-0.6817194003462388,-0.0
2022-08-30,-1,1,0.3949919954612313,0.038842754524734055,0.5661652500140347,-0.6868178622960527,-0.6868178622960527
2022-08-31,-1,1,0.03701487423170327,0.1483815325401584,0.8146035932281384,-0.6914153132250629,-0.6914153132250629
2022-09-01,1,0,0.3246879635655311,0.49748491249696103,0.17782712393750777,0.7470305787212521,0.0
2022-09-02,0,1,0.41691837947285854,0.05552199413050691,0.5275596263966346,-0.0884766058097321,-0.0
2022-09-05,-1,1,0.16894391373071024,0.10862771051721219,0.7224283757520775,-0.462103330710735,-0.462103330710735
2022-09-06,1,1,0.26162448023673857,0.13634033868429773,0.6020351810789637,0.8458107560175496,0.8458107560175496
2022-09-07,-1,1,0.43859308127820174,0.10691952301870539,0.4544873957030928,-0.4830493464168056,-0.0
2022-09-08,1,0,0.08015370626393366,0.6150971487567496,0.3047491449793168,0.40667076754835607,0.0
2022-09-09,1,0,0.3375693702325442,0.5300411674715094,0.13238946229594642,0.36732459891219155,0.0
2022-09-12,-1,1,0.30474573506055463,0.2610893712500715,0.43416489368937383,-1.0694411170813596,-0.0
2022-09-13,-1,1,0.1046712732241416,0.3094360490245198,0.5858926777513387,-0.2214426940493671,-0.2214426940493671
2022-09-14,-1,1,0.19460520607359683,0.21297369114711348,0.5924211027792897,-1.471957366207584,-1.471957366207584
2022-09-15,1,0,0.07127589143617066,0.6983872836942698,0.23033682486955953,0.4514181885374657,0.0
2022-09-16,0,-1,0.7253181561792497,0.09038266858904039,0.18429917523170994,0.02535219913447115,-0.02535219913447115
2022-09-19,-1,0,0.22771095228174287,0.42260671224754615,0.34968233547071104,-0.4641381210395884,-0.0
2022-09-20,1,-1,0.46563774808609754,0.25369145148017086,0.28067080043373166,0.3807006350074462,0.0
2022-09-21,0,1,0.21920454443464515,0.031105307782765122,0.7496901477825897,-0.1068012440584437,-0.1068012440584437
2022-09-22,-1,1,0.182935573957034,0.041242338419466326,0.7758220876234998,-1.107884654164149,-1.107884654164149
2022-09-23,-1,0,0.04365755017233594,0.6907998685899945,0.26554258123766944,-0.7941913136157738,-0.0
2022-09-26,1,1,0.02078208995712067,0.02220448946914552,0.9570134205737338,0.25063653723742874,0.25063653723742874
2022-09-27,1,1,0.4704821168343111,0.036470215872743676,0.4930476672929453,1.1629707849348767,0.0
2022-09-28,0,0,0.2793991216094468,0.46401077474877933,0.2565901036417738,0.021018881368013744,0.0
2022-09-29,0,1,0.23081705898682867,0.21111832623146498,0.5580646147817063,0.015227014038196271,0.015227014038196271
2022-09-30,1,0,0.0787445450267133,0.630707996353086,0.29054745862020054,1.3953847738745178,0.0
2022-10-03,1,-1,0.6293592477621603,0.19401787526393566,0.17662287697390391,0.9481860041491676,-0.9481860041491676
2022-10-04,-1,1,0.04619607780574463,0.3545463083617543,0.5992576138325011,-0.34111880046135684,-0.34111880046135684
2022-10-05,0,1,0.2762705213406917,0.3570454746376159,0.36668400402169243,-0.1301570861384424,-0.0
2022-10-06,-1,-1,0.45750581357026276,0.37279934163258277,0.16969484479715438,-0.6192977605750671,-0.0
2022-10-07,-1,1,0.17981345642762256,0.20743896875066453,0.6127475748217128,-0.9338209683037249,-0.9338209683037249
2022-10-10,0,1,0.19294473469216503,0.3536732084324113,0.45338205687542366,-0.06181757097261609,-0.0
2022-10-11,1,1,0.25981268852876194,0.04351477948805517,0.6966725319831828,0.23902691766795242,0.23902691766795242
2022-10-12,-1,0,0.22028052420852479,0.46809395904412543,0.31162551674734973,-0.2496502251278264,-0.0
2022-10-13,-1,1,0.2866262594365046,0.32919681711997534,0.38417692344352006,-0.7766804393832503,-0.0
2022-10-14,1,0,0.19411904999039553,0.6644087990295866,0.141472150980018,0.22652362017655842,0.0
2022-10-17,0,0,0.20322471306425965,0.6377252432498369,0.15905004368590342,0.04809688581315226,0.0
2022-10-18,-1,0,0.30183461579600185,0.4666815064176678,0.23148387778633023,-0.8623147475725579,-0.0
2022-10-19,0,1,0.18374876624594277,0.14036958936828153,0.6758816443857757,-0.03657106301311508,-0.03657106301311508
2022-10-20,1,1,0.059190871356618234,0.0732858949985715,0.8675232336448102,1.0875421756074608,1.0875421756074608
2022-10-21,-1,1,0.15489163446878504,0.3079771419250547,0.5371312236061602,-0.3080110135046497,-0.0
2022-10-24,0,0,0.09882143115064221,0.49931174025094444,0.4018668285984133,0.14047950337150797,0.0
2022-10-25,1,-1,0.48999177433919405,0.31276881425468617,0.19723941140611972,0.43522141565695976,0.0
2022-10-26,0,0,0.165896906425261,0.7124070200631333,0.12169607351160583,-0.05085240077419106,-0.0
2022-10-27,-1,1,0.1413226944048697,0.1704452051030289,0.6882321004921014,-0.7079142152210987,-0.7079142152210987
2022-10-28,-1,0,0.08950728650451022,0.4900219130520107,0.42047080044347906,-0.4262024585430304,-0.0
2022-10-31,1,1,0.3546832693676693,0.02296973386787351,0.6223469967644571,0.5575203767944311,0.5575203767944311
2022-11-01,-1,-1,0.4621519982371849,0.4236061009038298,0.11424190085898529,-0.4852666300164969,-0.0
2022-11-02,-1,1,0.38834908676963154,0.03501301000489288,0.5766379032254756,-0.21477183978578576,-0.21477183978578576
2022-11-03,1,1,0.2301401081960709,0.13402967891913894,0.6358302128847901,2.0405955532781044,2.0405955532781044
2022-11-04,-1,-1,0.4569295264549745,0.3956333702891103,0.14743710325591536,-0.20295202952029504,-0.0
2022-11-07,1,1,0.2819394762736721,0.3291277292527785,0.38893279447354934,1.3703274107660717,0.0
2022-11-08,0,1,0.24242516994939467,0.2634035455871825,0.49417128446342296,-0.19053029367451255,-0.0
2022-11-09,1,0,0.33345540548918046,0.6210926946076155,0.04545189990320406,1.6933263634779558,0.0
2022-11-10,1,1,0.10219636442789284,0.282575649144635,0.6152279864274721,0.5234118555705738,0.5234118555705738
2022-11-11,0,1,0.1393295087977005,0.3236740429814551,0.5369964482208444,0.0057639679349035374,0.0
2022-11-14,1,0,0.0927287168950834,0.503391185192769,0.4038800979121476,0.2564364876385332,0.0
2022-11-15,0,-1,0.47887999776786944,0.31318152846255226,0.20793847376957822,-0.17053765566317683,-0.0
2022-11-16,-1,0,0.33491824870267756,0.4025661724763954,0.26251557882092696,-0.4712005551700185,-0.0
2022-11-17,-1,1,0.0750518883609574,0.16588710994158598,0.7590610016974566,-0.3372511272100916,-0.3372511272100916
2022-11-18,-1,0,0.24138464804469195,0.5631269509205588,0.1954884010347492,-0.4513201525842106,-0.0
2022-11-21,0,1,0.10594741238232164,0.23985417058415803,0.6541984170335202,0.07899397803754939,0.07899397803754939
2022-11-22,1,1,0.30086478594039934,0.06649930336367425,0.6326359106959264,0.35527091484002477,0.35527091484002477
2022-11-23,1,-1,0.47446453959591695,0.16694867788495152,0.3585867825191317,0.22340820986670887,0.0
2022-11-24,0,-1,0.6973762330721568,0.1360702335383167,0.16655353338952658,0.0008402604807482679,-0.0008402604807482679
2022-11-25,-1,-1,0.5165716692392996,0.30711481957217035,0.17631351118852995,-0.5862379266902646,-0.0
2022-11-28,1,0,0.12720112733569142,0.5056157812804942,0.36718309138381433,0.3765931653615557,0.0
2022-11-29,1,1,0.1369070731995962,0.19842628604944898,0.6646666407509547,0.8651452963388565,0.8651452963388565
2022-11-30,1,1,0.31887061054545374,0.037487973924055285,0.643641415530491,1.7389164344395729,1.7389164344395729
2022-12-01,-1,0,0.2745839692168758,0.4426605086900525,0.2827555220930716,-0.24492925350247308,-0.0
2022-12-02,-1,1,0.4011659604686867,0.08500555328601228,0.513828486245301,-1.4029348087563043,-0.0
2022-12-05,0,-1,0.41170093204549285,0.3407221776064508,0.24757689034805636,0.1032834119621281,0.0
2022-12-06,1,1,0.27000183672881106,0.056850100710482784,0.673148062560706,0.6708398207873874,0.6708398207873874
2022-12-07,0,-1,0.823190174028349,0.08143070482057219,0.0953791211510787,0.12617398728773946,-0.12617398728773946
2022-12-08,1,-1,0.6745117056289126,0.05710084796264268,0.26838744640844475,0.36229121571414635,-0.36229121571414635
2022-12-09,-1,-1,0.711584813222175,0.14049171400244295,0.14792347277538204,-0.7115704365402857,0.7115704365402857
2022-12-12,1,1,0.43860968634497294,0.12010041621405168,0.4412898974409754,1.301329253131876,0.0
2022-12-13,0,1,0.20147217521683367,0.25001709432951685,0.5485107304536495,-0.13703445558956398,-0.0
2022-12-14,-1,1,0.3246696765794084,0.03932952080902364,0.636000802611568,-1.2612054729889102,-1.2612054729889102
2022-12-15,1,0,0.09486184934848806,0.5155526977655953,0.38958545288591667,0.6332775919732445,0.0
2022-12-16,-1,-1,0.6720976730292498,0.1247932621950432,0.20310906477570695,-0.2096092031805087,0.2096092031805087
2022-12-19,1,-1,0.44155477065028004,0.3182936648440895,0.24015156450563052,1.1995544512038383,0.0
2022-12-20,0,1,0.09752161264473125,0.2341712618471373,0.6683071255081315,-0.13435106059349086,-0.13435106059349086
2022-12-21,-1,1,0.18008777023297395,0.09686130241338645,0.7230509273536396,-0.9022627650752275,-0.9022627650752275
2022-12-22,1,1,0.30992450629340695,0.1688730465592713,0.5212024471473218,0.240225715437316,0.0
2022-12-23,1,-1,0.7933037559789398,0.07114993185079306,0.13554631217026727,0.6724832640629509,-0.6724832640629509
2022-12-27,-1,1,0.13042693167686187,0.03456440455866731,0.8350086637644708,-0.3851913477537435,-0.3851913477537435
2022-12-28,1,1,0.17720245650019606,0.06188692019506877,0.760910623304735,0.446324282015771,0.446324282015771
2022-12-29,1,-1,0.5621715673768322,0.12066149211545746,0.31716694050771044,0.36883876357561207,-0.36883876357561207
2022-12-30,1,-1,0.5254230945978596,0.2550154774436611,0.21956142795847924,0.6682001150086246,0.0
2023-01-03,1,-1,0.6461470507045483,0.013898545830369454,0.3399544034650822,0.6305295950155696,-0.6305295950155696
2023-01-04,-1,-1,0.6904300872971066,0.11692126233304255,0.19264865036985085,-0.9413920551604134,0.9413920551604134
2023-01-05,1,0,0.07592617374530751,0.7230360978563928,0.20103772839829961,1.3669683929366325,0.0
2023-01-06,1,1,0.03107434767112456,0.3674594953616644,0.6014661569672112,0.23794061722978643,0.23794061722978643
2023-01-09,1,-1,0.6882598458428079,0.03409352655565706,0.27764662760153513,0.21652691772095772,-0.21652691772095772
2023-01-10,0,-1,0.6228730590203886,0.15716861523393144,0.2199583257456799,-0.050071530758227976,0.050071530758227976
2023-01-11,1,-1,0.7987692455938071,0.038475868541122685,0.16275488586507003,0.9267970982633525,-0.9267970982633525
2023-01-12,1,1,0.32517797190262776,0.3245258342656071,0.3502961938317651,0.9728096676737192,0.0
2023-01-13,0,0,0.20006266253250768,0.40548984283759265,0.3944474946298996,-0.19874615709205076,-0.0
2023-01-16,-1,-1,0.8180348808961192,0.035475362730856046,0.14648975637302475,-0.29059575980101837,0.29059575980101837
2023-01-17,0,-1,0.8719458539031476,0.08122895881310516,0.04682518728374726,-0.1884039743428489,0.1884039743428489
2023-01-18,1,1,0.3291216769063684,0.09308076546437564,0.5777975576292559,1.1843477206595578,1.1843477206595578
2023-01-19,-1,-1,0.6613788030471567,0.26370445812171955,0.07491673883112371,-0.25286893497081553,0.25286893497081553
2023-01-20,1,-1,0.8792726470025425,0.043839338634513676,0.07688801436294379,0.2002673264511072,-0.2002673264511072
2023-01-23,1,-1,0.8209976105904712,0.08227960849321264,0.09672278091631605,0.2544798763382342,-0.2544798763382342
2023-01-24,1,-1,0.6093975956571098,0.2540738835651778,0.13652852077771233,0.3584447144592915,-0.3584447144592915
2023-01-25,-1,-1,0.6814073144785017,0.16695858387391155,0.15163410164758692,-0.7014209643729209,0.7014209643729209
2023-01-26,0,1,0.07473108080817022,0.32549255747567685,0.599776361716153,-0.04021042447696402,-0.04021042447696402
2023-01-27,-1,1,0.11709527912051204,0.07301877015064447,0.8098859507288434,-0.2086607089305978,-0.2086607089305978
2023-01-30,1,1,0.23010923979892375,0.14732034469794741,0.6225704155031287,0.2085739073204207,0.2085739073204207
2023-01-31,1,0,0.28561587321802256,0.3826651755533678,0.33171895122860967,0.8869696267099514,0.0
2023-02-01,-1,1,0.39005315805069,0.14866679684918765,0.4612800451001224,-1.5038661645922595,-0.0
2023-02-02,-1,1,0.2563318661648965,0.08424200582353628,0.6594261280115672,-1.7936676756933556,-1.7936676756933556
2023-02-03,0,0,0.25070396547060875,0.6779160284745406,0.07138000605485073,0.06794777038678786,0.0
2023-02-06,1,1,0.1375194387628302,0.2246141453127199,0.6378664159244499,0.20677612591856534,0.20677612591856534
2023-02-07,0,1,0.14408296240370932,0.25403215514673766,0.6018848824495531,0.06088317884744417,0.06088317884744417
2023-02-08,-1,1,0.24549117989174812,0.2496001540792322,0.5049086660290197,-0.501802526130151,-0.0
2023-02-09,0,1,0.1163394647098881,0.03985861644276202,0.8438019188473499,0.12808078788182062,0.12808078788182062
2023-02-10,-1,1,0.2237913365799217,0.17600702169660065,0.6002016417234777,-0.418322463218563,-0.418322463218563
2023-02-13,0,1,0.3329695432364567,0.1453245555220701,0.5217059012414732,0.03369129253461221,0.0
2023-02-14,-1,-1,0.37701126421744363,0.2650281479761631,0.35796058780639334,-0.6730629602738377,-0.0
2023-02-15,0,1,0.37733831577923277,0.10670677473126909,0.5159549094894982,0.01964861212184916,0.0
2023-02-16,1,1,0.17922008095776948,0.11030630535830156,0.710473613683929,0.2186873551847129,0.2186873551847129
2023-02-17,0,-1,0.5459297487132508,0.29794490479306174,0.1561253464936874,-0.042879562598087714,-0.0
2023-02-20,-1,1,0.23694469366492502,0.06413296363980267,0.6989223426952723,-0.23411121482864342,-0.23411121482864342
2023-02-21,-1,0,0.061247134621144485,0.621049626727667,0.3177032386511886,-0.3838537699923854,-0.0
2023-02-22,0,1,0.2116716864383258,0.065274305427625,0.7230540081340492,-0.12530824732852563,-0.12530824732852563
2023-02-23,-1,0,0.04395034069084854,0.5123513644543108,0.4436982948548407,-0.5620828698553935,-0.0
2023-02-24,1,1,0.22653626648627498,0.04981682781481071,0.7236469056989143,0.3195000351098943,0.3195000351098943
2023-02-27,1,1,0.33736503021780434,0.1345520642501805,0.5280829055320152,0.47768897172144315,0.0
2023-02-28,1,1,0.14043398642012156,0.13628513513559729,0.7232808784442811,0.4791890859860407,0.4791890859860407
2023-03-01,0,0,0.06008354155851074,0.6815442062376278,0.2583722522038614,-0.04880678550891458,-0.0
2023-03-02,1,1,0.2660205164999982,0.12469865598716769,0.6092808275128342,1.0271199103474098,1.0271199103474098
2023-03-03,-1,1,0.053350257025258446,0.27726294376644117,0.6693867992083005,-0.4431062970442395,-0.4431062970442395
2023-03-06,-1,-1,0.4738679574175347,0.190182333192125,0.3359497093903403,-1.8245777157911125,-0.0
2023-03-07,0,0,0.3621078683511063,0.6050855229267948,0.03280660872209882,0.03822132465686921,0.0
2023-03-08,1,1,0.07351506962956005,0.1801838161461977,0.7463011142242423,0.9026455026455008,0.9026455026455008
2023-03-09,1,-1,0.5227629867346031,0.25691079252480553,0.2203262207405914,1.9214228829307183,0.0
2023-03-10,1,-1,0.5484761576440595,0.2685542307952928,0.18296961156064773,2.1964587416368224,0.0
2023-03-13,-1,1,0.0793430725955016,0.20880350307747175,0.7118534243270266,-0.40436429762086035,-0.40436429762086035
2023-03-14,1,1,0.0455617012014329,0.09593125057401847,0.8585070482245487,0.6119984059348373,0.6119984059348373
2023-03-15,0,0,0.36290614315264047,0.3875803441212646,0.24951351272609495,0.04765067242237284,0.0
2023-03-16,1,1,0.08843255231159504,0.15155103155488128,0.7600164161335237,2.4907462686567263,2.4907462686567263
2023-03-17,-1,0,0.37032426383412403,0.44993850944289265,0.1797372267229832,-0.20683804990692492,-0.0
2023-03-20,-1,1,0.16260556075003219,0.09472686510313788,0.7426675741468299,-1.2066343847581182,-1.2066343847581182
2023-03-21,1,1,0.11365993065815877,0.2272513977244295,0.6590886716174117,0.8662924215361111,0.8662924215361111
2023-03-22,1,0,0.32190159496481696,0.35660322202581846,0.3214951830093647,0.6678528359330184,0.0
2023-03-23,-1,0,0.09717027709296532,0.4711782626455569,0.43165146026147777,-0.40303921194303227,-0.0
2023-03-24,-1,-1,0.5867312549756968,0.23366494007952698,0.17960380494477624,-0.5806463595839509,0.5806463595839509
2023-03-27,1,1,0.37436041673527864,0.044724897520449995,0.5809146857442714,0.44999158579682097,0.44999158579682097
2023-03-28,-1,0,0.3767744438336949,0.5081808299207458,0.1150447262455593,-0.234572422633214,-0.0
2023-03-29,1,-1,0.5741726041233504,0.19058901548562948,0.23523838039102016,0.4108845560491435,-0.4108845560491435
2023-03-30,-1,0,0.10169883931375288,0.8412922834914667,0.057008877194780365,-0.29274522511532264,-0.0
2023-03-31,1,0,0.15368127283383243,0.5360990329424022,0.31021969422376533,0.4269527483124419,0.0
2023-04-03,1,1,0.2473304550272655,0.2995706384643679,0.4530989065083666,0.9732994767620777,0.0
2023-04-04,0,-1,0.4720003010967687,0.28206443133255704,0.2459352675706743,0.0035250140419545023,0.0
2023-04-05,-1,-1,0.570086760430719,0.08040365417685914,0.3495095853924218,-0.3712100518983926,0.3712100518983926
2023-04-06,-1,0,0.394413030962342,0.45461480137134164,0.15097216766631655,-0.4802174569616392,-0.0
2023-04-10,1,1,0.43934140342025724,0.09138871653908562,0.46926988004065706,0.3894831460674124,0.0
2023-04-11,1,0,0.3199859436895987,0.3645495792857148,0.31546447702468644,0.38222716180628374,0.0
2023-04-12,1,1,0.1253272672186552,0.06723666807558068,0.8074360647057641,0.8873413569500138,0.8873413569500138
2023-04-13,-1,1,0.3213883533453343,0.2455323937642213,0.43307925289044436,-1.2772342810557427,-0.0
2023-04-14,-1,-1,0.5524260321932688,0.18615459277761262,0.2614193750291186,-0.30347061766037525,0.30347061766037525
2023-04-17,1,1,0.29202703024271565,0.26107076926901324,0.4469022004882711,0.3393736552713403,0.0
2023-04-18,-1,-1,0.6194308037246447,0.10082633221643815,0.2797428640589172,-0.35855685590365977,0.35855685590365977
2023-04-19,1,-1,0.4706145201472714,0.14945441766928627,0.3799310621834422,0.3234005459592121,0.0
2023-04-20,-1,1,0.09549662771507987,0.3539413421417934,0.5505620301431268,-0.7167346938775536,-0.7167346938775536
2023-04-21,0,1,0.16138175652886763,0.3975683267648873,0.44104991670624516,0.1973526417015508,0.0
2023-04-24,1,1,0.38383553835548256,0.10120022734649248,0.514964234298025,0.2696946491815821,0.0
2023-04-25,-1,1,0.2976471326019923,0.19388776626271428,0.5084651011352934,-0.27294224189977895,-0.0
2023-04-26,0,0,0.06881615853931833,0.6577540218447256,0.27342981961595597,-0.05337253631674594,-0.0
2023-04-27,0,1,0.24766378588052734,0.3244928478181231,0.4278433663013495,0.05293199336520489,0.0
2023-04-28,-1,1,0.27310938398291335,0.22959829821260336,0.4972923178044834,-0.2378472222222193,-0.0
2023-05-01,1,1,0.06195834928337777,0.26016187104735866,0.6778797796692635,1.1557178792569631,1.1557178792569631
2023-05-02,1,0,0.3696606260042489,0.45435565485390494,0.17598371914184618,0.7141687141687211,0.0
2023-05-03,1,-1,0.5680516288648674,0.20679581999100297,0.22515255114412977,0.385381435550546,-0.385381435550546
2023-05-04,-1,-1,0.9180872583051173,0.017089981580629014,0.0648227601142536,-1.118265221017522,1.118265221017522
2023-05-05,0,1,0.2442539724831037,0.3598091395525343,0.395936887964362,0.1523540661142037,0.0
2023-05-08,1,1,0.27218627876909185,0.10337650312666496,0.6244372181042432,0.4201936376210232,0.4201936376210232
2023-05-09,0,-1,0.6745991654714272,0.16262566189220998,0.1627751726363627,-0.14341761115954738,0.14341761115954738
2023-05-10,-1,1,0.2978009698902325,0.052226483031877,0.6499725470778904,-0.5087009598582977,-0.5087009598582977
2023-05-11,0,1,0.11646957942680028,0.09966698531642938,0.7838634352567703,-0.14041617323634226,-0.14041617323634226
2023-05-12,0,1,0.23765250412360842,0.04268620726502968,0.7196612886113619,0.1838893797912738,0.1838893797912738
2023-05-15,-1,1,0.10269152387151635,0.34305907462191865,0.554249401506565,-0.949175925697815,-0.949175925697815
2023-05-16,-1,0,0.12052193673008536,0.4507536310545186,0.4287244322153959,-0.24759551323981752,-0.0
2023-05-17,-1,0,0.18706740431610794,0.5174012742760279,0.2955313214078642,-0.8414919575718303,-0.0
2023-05-18,1,0,0.06739430509349989,0.710101799798531,0.2225038951079691,0.6798235096638059,0.0
2023-05-19,0,1,0.36444357044978726,0.11424373822167862,0.5213126913285341,-0.1991488954767159,-0.0
2023-05-22,0,1,0.251699486845857,0.11891376058833933,0.6293867525658037,0.11526169108435075,0.11526169108435075
2023-05-23,-1,-1,0.5688727187031383,0.11403986714927078,0.31708741414759095,-0.6508552838702923,0.6508552838702923
2023-05-24,-1,-1,0.4387825989294533,0.3461576615852467,0.2150597394852999,-0.6394855733252046,-0.0
2023-05-25,1,1,0.11504778879770623,0.29471289266607237,0.5902393185362214,0.25125296359653176,0.25125296359653176
2023-05-26,0,0,0.19486654373372644,0.4147089167308657,0.3904245395354078,-0.1451355661881975,-0.0
2023-05-29,1,1,0.2041279081980859,0.28004683676971853,0.5158252550321956,0.6830303030302997,0.0
2023-05-30,0,1,0.11716726107218,0.07199348104091989,0.8108392578869001,0.13588579620117083,0.13588579620117083
2023-05-31,1,0,0.020491098411871463,0.7265048946175465,0.2530040069705819,0.6405789990186495,0.0
2023-06-01,-1,-1,0.4970578840988394,0.19761150936692104,0.3053306065342397,-1.2335318588573345,-0.0
2023-06-02,1,-1,0.46088445903422876,0.3014478717449298,0.23766766922084157,0.5429199053734367,0.0
2023-06-05,0,-1,0.5439780079943889,0.2512536372314152,0.20476835477419586,0.059516286551388124,0.0
2023-06-06,-1,1,0.08717888849137467,0.17969284182658912,0.7331282696820361,-0.9557542813723735,-0.9557542813723735
2023-06-07,1,0,0.13340354399782736,0.4757721119396745,0.39082434406249816,1.0611762620742562,0.0
2023-06-08,-1,-1,0.6002501381086691,0.14660175864083155,0.2531481032504992,-0.20712012259813672,0.20712012259813672
2023-06-09,0,0,0.3248210078521297,0.5615752559508326,0.11360373619703784,-0.12770062856307113,-0.0
2023-06-12,-1,1,0.18421168589229092,0.2980142598256482,0.5177740542820608,-0.5805761170070475,-0.0
2023-06-13,0,-1,0.5465354201258636,0.1809903473214446,0.27247423255269165,-0.07027697395618215,-0.0
2023-06-14,1,1,0.3652819640382203,0.19243340472926096,0.44228463123251877,0.6798848161257449,0.0
2023-06-15,0,1,0.19162241024748494,0.3439704950951695,0.46440709465734553,-0.023299856527974134,-0.0
2023-06-16,-1,1,0.09868584732185569,0.41371877287519776,0.4875953798029466,-0.2834360685404094,-0.0
2023-06-19,-1,1,0.29019717596890393,0.18506606586250643,0.5247367581685897,-0.5909336535574881,-0.0
2023-06-20,0,-1,0.7384421116765736,0.07759919104780574,0.18395869727562064,-0.14541162584833206,0.14541162584833206
2023-06-21,-1,1,0.35152814192155035,0.0690530436323237,0.579418814446126,-0.8050127442650822,-0.8050127442650822
2023-06-22,1,1,0.1636472117223904,0.400250548187478,0.43610224009013165,0.32932844315164,0.0
2023-06-23,0,-1,0.7029535494517789,0.11713564675381881,0.17991080379440225,0.08418865310748049,-0.08418865310748049
2023-06-26,-1,-1,0.7380616981059294,0.05938975134463874,0.202548550549432,-0.4162995594713677,0.4162995594713677
2023-06-27,-1,1,0.14642451811974075,0.3089359339264645,0.5446395479537948,-0.2830354526809171,-0.0
2023-06-28,0,1,0.07538876585481398,0.37188452718390874,0.5527267069612772,0.0380618074196417,0.0380618074196417
2023-06-29,1,0,0.256966103882334,0.5084797589271323,0.23455413719053375,0.5295497026338092,0.0
2023-06-30,0,0,0.24702327290736728,0.48067315481885814,0.27230357227377455,0.09984932194877455,0.0
2023-07-03,1,-1,0.6285184851011099,0.053639317035464054,0.3178421978634261,0.206017797167688,-0.206017797167688
2023-07-04,-1,0,0.3859038252417419,0.48921178540289534,0.12488438935536282,-0.5296836372756341,-0.0
2023-07-05,-1,0,0.051411754025798735,0.8486594778644458,0.09992876810975551,-0.22875123208734227,-0.0
2023-07-06,1,1,0.17301127009708614,0.1208257041749752,0.7061630257279387,0.7414918840051049,0.7414918840051049
2023-07-07,0,-1,0.5867265805816562,0.223600519193238,0.18967290022510586,-0.005338510070366409,0.005338510070366409
2023-07-10,1,1,0.29320156650788787,0.2486836002924279,0.45811483319968416,0.3513396403553139,0.0
2023-07-11,1,-1,0.7218653344909165,0.08347694302241573,0.1946577224866678,1.3023496379488606,-1.3023496379488606
2023-07-12,0,1,0.38394261247183503,0.12607681269111834,0.48998057483704666,0.15187026085694644,0.0
2023-07-13,-1,-1,0.7937326302013545,0.1313637491434451,0.07490362065520038,-0.2750915045270612,0.2750915045270612
2023-07-14,0,0,0.3369596039320051,0.4692648792504946,0.19377551681750033,-0.024746387949586935,-0.0
2023-07-17,1,-1,0.6054340384350252,0.07827332612459596,0.3162926354403789,1.3196338061372839,-1.3196338061372839
2023-07-18,0,-1,0.6677221836114318,0.12664815645178923,0.20562965993677892,-0.09995930598202404,0.09995930598202404
2023-07-19,-1,-1,0.5858621311702558,0.1850235983559617,0.22911427047378252,-0.39739862280029803,0.39739862280029803
2023-07-20,-1,1,0.08450448417396486,0.36656805745038457,0.5489274583756505,-0.41097672994489065,-0.0
2023-07-21,-1,1,0.20932022317871962,0.2155338233246066,0.5751459534966737,-0.38037859058576645,-0.38037859058576645
2023-07-24,1,1,0.16380488009300134,0.1797461169127203,0.6564490029942783,0.5411042944785238,0.5411042944785238
2023-07-25,1,-1,0.6151633944639894,0.23343423956027987,0.1514023659757307,0.39759934099556776,-0.39759934099556776
2023-07-26,-1,-1,0.6041824767255141,0.14830839224975906,0.24750913102472671,-1.512407099053725,1.512407099053725
2023-07-27,1,1,0.3872517658132753,0.2195537632215247,0.39319447096519994,0.7351733138843066,0.0
2023-07-28,1,-1,0.5037030428377272,0.08821159497877715,0.4080853621834956,0.33354865676178735,0.0
2023-07-31,-1,-1,0.524773342012455,0.231939288988445,0.24328736899910008,-1.1061894550025932,-0.0
2023-08-01,-1,1,0.24602414794251545,0.16788081395077806,0.5860950381067065,-0.489162929745884,-0.489162929745884
2023-08-02,0,-1,0.7056005182018302,0.0924745116183023,0.20192497017986738,-0.03472446888817266,0.03472446888817266
2023-08-03,1,-1,0.46784230869883653,0.2577424567374605,0.274415234563703,0.42759373862395844,0.0
2023-08-04,-1,1,0.27699013357504615,0.3397885417469196,0.3832213246780344,-0.29529582757276257,-0.0
2023-08-07,-1,1,0.15723714660404556,0.18135339465117858,0.6614094587447759,-0.6005165250589525,-0.6005165250589525
2023-08-08,-1,1,0.40218612949011995,0.03682025909005383,0.5609936114198262,-0.5367939831883246,-0.5367939831883246
2023-08-09,0,-1,0.5662668862626266,0.09655699616305481,0.3371761175743186,-0.12091075634650329,0.12091075634650329
2023-08-10,0,1,0.13622384893361275,0.11427746785015297,0.7494986832162343,0.07457071553618985,0.07457071553618985
2023-08-11,-1,1,0.06558695907644661,0.023446862713178647,0.9109661782103748,-0.3375345369213945,-0.3375345369213945
2023-08-14,-1,1,0.0627418952972391,0.3662800316776732,0.5709780730250876,-0.29399255715045053,-0.29399255715045053
2023-08-15,-1,1,0.17914503326281808,0.07946257312546216,0.7413923936117198,-0.5341311887792042,-0.5341311887792042
2023-08-16,0,1,0.07586974276675973,0.3984284426074721,0.5257018146257681,-0.15044284934726623,-0.0
2023-08-17,0,1,0.0701991330909227,0.17600090043072933,0.753799966478348,0.013494258653927818,0.013494258653927818
2023-08-18,1,1,0.31171134157043384,0.23323214018229965,0.4550565182472665,0.3178738009328573,0.0
2023-08-21,0,-1,0.5415521515034103,0.31079365502673834,0.14765419346985137,0.17192188726281324,0.0
2023-08-22,1,1,0.1657843016751145,0.22378796026540249,0.610427738059483,1.2055759075122596,1.2055759075122596
2023-08-23,0,-1,0.440446006296597,0.12791873958716823,0.43163525411623477,0.08314727159060006,0.0
2023-08-24,0,1,0.08328344179432139,0.29231941659216065,0.624397141613518,-0.16285153695225701,-0.16285153695225701
2023-08-25,1,0,0.031951855154924096,0.7488129857025454,0.2192351591425305,0.3799098518995554,0.0
2023-08-28,1,1,0.3088420886193067,0.16457091342693386,0.5265869979537595,1.117920148560806,0.0
2023-08-29,1,-1,0.5444752878037925,0.25783359381185406,0.1976911183843535,0.30940627688964095,0.0
2023-08-30,0,-1,0.5254329119803581,0.40200886054678747,0.07255822747285447,-0.14003226549896786,-0.0
2023-08-31,0,-1,0.5921575635826077,0.21614530746453384,0.19169712895285834,-0.02467532467531706,0.02467532467531706
2023-09-01,0,-1,0.5240520330855803,0.17868500653457475,0.29726296037984484,-0.07553842666062481,-0.0
2023-09-04,-1,-1,0.6833677916977499,0.06435285111275646,0.25227935718949374,-0.8163949697251991,0.8163949697251991
2023-09-05,-1,-1,0.5336889282149513,0.1665900616912673,0.2997210100937814,-0.6273957158962788,-0.0
2023-09-06,1,1,0.0752733029552025,0.3177121199596008,0.6070145770851966,0.21309901085180993,0.21309901085180993
2023-09-07,0,1,0.2581594011004331,0.010292304519348188,0.7315482943802186,-0.04494600642084826,-0.04494600642084826
2023-09-08,1,1,0.4400912151028566,0.08607325426451747,0.47383553063262596,0.23066738586769328,0.0
2023-09-11,-1,1,0.4452562049902909,0.08533560453591908,0.4694081904737899,-0.6204411982431055,-0.0
2023-09-12,-1,1,0.11929849886217012,0.03599854621503323,0.8447029549227966,-0.372040930611416,-0.372040930611416
2023-09-13,0,1,0.18068884162429572,0.1286537265985531,0.6906574317771512,0.17258312020460945,0.17258312020460945
2023-09-14,1,1,0.284524858005516,0.08278927080141965,0.6326858711930643,0.9758991472005994,0.9758991472005994
2023-09-15,1,1,0.20118739249763923,0.07412873708914634,0.7246838704132144,0.7066020902370542,0.7066020902370542
2023-09-18,0,1,0.15829261636953126,0.02076446501831216,0.8209429186121565,-0.17482897165815697,-0.17482897165815697
2023-09-19,0,-1,0.831944092546143,0.021365780930586623,0.14669012652327038,-0.07565011820331252,0.07565011820331252
2023-09-20,-1,1,0.09861476699673093,0.02012864533415886,0.8812565876691101,-0.7678258561189216,-0.7678258561189216
2023-09-21,1,1,0.18451371214915627,0.028760204210034505,0.7867260836408092,0.3942820567527177,0.3942820567527177
2023-09-22,-1,1,0.39744253910060584,0.039065702831966344,0.5634917580674279,-0.7090115969783998,-0.7090115969783998
2023-09-25,-1,-1,0.5155367993180815,0.036024071799871486,0.448439128882047,-1.1424432641236126,-0.0
2023-09-26,-1,1,0.26222412303768,0.1931270377004578,0.5446488392618622,-1.8835962145110323,-0.0
2023-09-27,-1,0,0.45128701659710135,0.4938549788220341,0.054858004580864504,-0.6646748517809665,-0.0
2023-09-28,-1,-1,0.5839828331528397,0.31789625350275064,0.09812091334440974,-1.006433741399333,1.006433741399333
2023-09-29,-1,0,0.4294676429657107,0.4384474424458183,0.13208491458847108,-1.203731864699359,-0.0
2023-10-02,-1,0,0.03010371161789347,0.8770556952829364,0.09284059309917009,-0.2722362261433147,-0.0
2023-10-03,0,1,0.11276720301977237,0.3389999355523055,0.5482328614279222,-0.10169754884823717,-0.0
2023-10-04,0,0,0.15457161149182388,0.6671697460966186,0.17825864241155762,-0.05017727763219093,-0.0
2023-10-05,1,0,0.21634472423065693,0.47085429293839787,0.31280098283094515,0.6452498627127956,0.0
2023-10-06,1,-1,0.7732674121359212,0.11689379032786985,0.1098387975362089,1.5402092675635322,-1.5402092675635322
2023-10-09,0,-1,0.45028274177386896,0.1609911805701687,0.38872607765596245,-0.0441640378548931,-0.0
2023-10-10,1,1,0.10603117439936888,0.03878353705491931,0.8551852885457119,0.6814507626344348,0.6814507626344348
2023-10-11,-1,-1,0.551960253642915,0.28229110038523225,0.16574864597185276,-0.27116388217575454,0.27116388217575454
2023-10-12,1,0,0.12545023847350723,0.4487294424007174,0.4258203191257753,3.039338323250966,0.0
2023-10-13,-1,-1,0.3883944406942781,0.318369781165985,0.2932357781397369,-0.49174141484513956,-0.0
2023-10-16,0,-1,0.42899778423123935,0.3031971929762796,0.2678050227924811,0.11610476217618396,0.0
2023-10-17,1,0,0.1954690009263381,0.44734354189905673,0.3571874571746052,1.012695600826691,0.0
2023-10-18,1,1,0.036842320938618535,0.21949817698315988,0.7436595020782216,1.051512260815891,1.051512260815891
2023-10-19,1,1,0.33806593488826514,0.16067231302770824,0.5012617520840267,0.25329919243648086,0.0
2023-10-20,-1,-1,0.8070652923811528,0.06260768311627755,0.1303270245025697,-0.3141440457181274,0.3141440457181274
2023-10-23,0,1,0.28566098874901913,0.21033851881703247,0.5040004924339483,-0.06818245067208417,-0.0
2023-10-24,1,0,0.29174496286639595,0.5396894319343543,0.16856560519924965,0.31936020610809945,0.0
2023-10-25,0,-1,0.885704213492956,0.033197415265939875,0.08109837124110401,0.19742601766663612,-0.19742601766663612
2023-10-26,1,-1,0.5552711425806256,0.031143900235576893,0.41358495718379756,0.7803036303630405,-0.7803036303630405
2023-10-27,-1,1,0.11743598655236123,0.2871392566690853,0.5954247567785534,-0.36348316086052535,-0.36348316086052535
2023-10-30,-1,1,0.3139152678138588,0.14097670268918858,0.5451080294969526,-0.4446474241870601,-0.0
2023-10-31,0,0,0.24288238943595347,0.39240171227129333,0.3647158982927532,-0.04515326205652979,-0.0
2023-11-01,0,1,0.089598852787108,0.04073977319696994,0.8696613740159221,0.11020029580606705,0.11020029580606705
2023-11-02,1,-1,0.45861398532772757,0.17104730428757853,0.37033871038469385,0.2701612903225823,0.0
2023-11-03,-1,1,0.43868587956759647,0.11248215944365376,0.44883196098874967,-0.599494171342191,-0.0
2023-11-06,-1,1,0.30859716055379793,0.2836716953345306,0.4077311441116715,-0.3573085846867772,-0.0
2023-11-07,-1,0,0.1160067731141946,0.5075695787607389,0.37642364812506646,-0.8216390594949995,-0.0
2023-11-08,1,0,0.1972459418658749,0.5061365823097647,0.29661747582436054,0.37030183140833217,0.0
2023-11-09,-1,0,0.32783682680199056,0.37585684253617696,0.29630633066183254,-0.9139680692909332,-0.0
2023-11-10,1,-1,0.4779048998728423,0.3735027115526938,0.1485923885744639,0.3483202828997169,0.0
2023-11-13,1,-1,0.7391223403822926,0.17050451793888685,0.09037314167882046,0.7705836373111031,-0.7705836373111031
2023-11-14,0,0,0.24148321022516894,0.7129326777448538,0.045584112029977295,-0.17255434782608442,-0.0
2023-11-15,1,0,0.19086467859805883,0.7522815731998262,0.05685374820211506,1.001920135385817,0.0
2023-11-16,0,1,0.15334233460528385,0.35097643582300697,0.4956812295717091,-0.029723991507435148,-0.0
2023-11-17,0,-1,0.8930119427874093,0.06605211029016753,0.040935946922423194,-0.1344521288800055,0.1344521288800055
2023-11-20,1,1,0.20279677704475824,0.21659507106652648,0.5806081518887153,0.9788587085207893,0.9788587085207893
2023-11-21,-1,-1,0.6700762325495392,0.18430617195773547,0.14561759549272527,-0.39096357768557016,0.39096357768557016
2023-11-22,0,-1,0.5492989023460052,0.12749598299439907,0.3232051146595957,0.11616015436566049,0.0
2023-11-23,1,-1,0.7881084198200905,0.06623592077730053,0.14565565940260902,0.43643516820591005,-0.43643516820591005
2023-11-24,1,1,0.20614773741706363,0.30241067535235966,0.49144158723057674,0.5857740585774099,0.0
2023-11-27,1,-1,0.6403633825057926,0.15650216244778087,0.20313445504642647,1.2941055728507391,-1.2941055728507391
2023-11-28,0,0,0.12605890182804602,0.6943200266615382,0.17962107151041568,0.13994868548198985,0.0
2023-11-29,-1,-1,0.5253463074844784,0.08383501837051793,0.39081867414500354,-0.3870072745728335,-0.0
2023-11-30,1,-1,0.8419251483874416,0.05762414428608837,0.10045070732647005,1.7589477767199158,-1.7589477767199158
2023-12-01,-1,1,0.15537065685526769,0.07570808803460768,0.7689212551101247,-1.9409908591132414,-1.9409908591132414
2023-12-04,-1,-1,0.7030156576501486,0.12247822828620529,0.17450611406364613,-0.33636228949577796,0.33636228949577796
2023-12-05,1,-1,0.4986223432686112,0.10221867852492032,0.3991589782064684,0.20233836698437016,0.0
2023-12-06,0,0,0.10598512854190587,0.46437342579316815,0.4296414456649259,0.11061574280477718,0.0
2023-12-07,-1,1,0.21631322095828726,0.1039785153785279,0.6797082636631848,-0.8286476302331858,-0.8286476302331858
2023-12-08,-1,1,0.2783993298247977,0.19475147474404356,0.5268491954311587,-0.7372721118606858,-0.0
2023-12-11,0,1,0.16384009077431705,0.34273388392143533,0.4934260253042477,-0.07715202529879933,-0.0
2023-12-12,1,-1,0.4349492100778696,0.28705103804493753,0.27799975187719295,1.5592085377479166,0.0
2023-12-13,1,0,0.2755295250814991,0.6122947140472567,0.11217576087124427,0.2670428228556975,0.0
2023-12-14,-1,-1,0.7654487005909424,0.14593642481592434,0.08861487459313329,-0.48564386937769194,0.48564386937769194
2023-12-15,1,1,0.17127725835713392,0.293642610083375,0.5350801315594911,0.21647747783883614,0.0
2023-12-18,1,-1,0.846519894054239,0.10966893907859428,0.04381116686716681,0.3747113163972226,-0.3747113163972226
2023-12-19,-1,-1,0.6208702937121748,0.22025540462135354,0.1588743016664717,-0.2510027956727821,0.2510027956727821
2023-12-20,1,-1,0.43344527605831956,0.1653740039262861,0.40118072001539423,0.4094130989509514,0.0
2023-12-21,1,-1,0.46424999573695414,0.16275751705956978,0.37299248720347605,0.21939157800089717,0.0
2023-12-22,1,1,0.020307061479581116,0.038769211157230914,0.940923727363188,0.5587355133576394,0.5587355133576394
2023-12-26,1,1,0.09796822746598106,0.2084744469075789,0.69355732562644,0.39129202335733854,0.39129202335733854
2023-12-27,-1,-1,0.4159088090078372,0.1964426515632757,0.38764853942888705,-0.4795541115841373,-0.0
2023-12-28,0,1,0.015435280652751529,0.17476150968071702,0.8098032096665314,-0.09807287628752585,-0.09807287628752585
2023-12-29,0,1,0.035175721597539567,0.16103903395121213,0.8037852444512483,-0.16015844393862824,-0.16015844393862824
2024-01-02,-1,1,0.03333575209798975,0.13703272267939096,0.8296315252226193,-0.7457205293189361,-0.7457205293189361
2024-01-03,0,-1,0.4315291131163874,0.2200551471414676,0.34841573974214507,0.07744439295644463,0.0
2024-01-04,0,0,0.26340902832692575,0.44395593331755884,0.2926350383555153,0.1009141247010279,0.0
2024-01-05,-1,-1,0.6620276121382014,0.1467102638779109,0.1912621239838879,-0.7661365762394763,0.7661365762394763
2024-01-08,0,1,0.21143714456722718,0.33465981280011486,0.453903042632658,0.09676214196762287,0.0
2024-01-09,-1,-1,0.5068911414061398,0.19024790032725752,0.3028609582666027,-0.25727881785737233,-0.0
2024-01-10,0,-1,0.44194082290085024,0.21581044738733407,0.3422487297118157,0.1917563865706808,0.0
2024-01-11,1,1,0.13359251965034616,0.043076818203690186,0.8233306621459637,0.8598418542886442,0.8598418542886442
2024-01-12,1,-1,0.43744957285587616,0.2676275117841933,0.2949229153599306,0.20412588809313756,0.0
2024-01-15,-1,-1,0.829721450878994,0.029272097982634485,0.1410064511383715,-1.069375443577003,1.069375443577003
2024-01-16,-1,0,0.3874411542372925,0.4661298152695239,0.14642903049318365,-0.8752231700059504,-0.0
2024-01-17,1,-1,0.48401472055719647,0.2243852667337892,0.2916000127090143,0.6518571863834017,0.0
2024-01-18,1,-1,0.599502289246804,0.17620151588957336,0.2242961948636226,0.25559806458872564,-0.25559806458872564
2024-01-19,-1,-1,0.5561136421526105,0.09767780501163045,0.34620855283575896,-0.3058784085829212,0.3058784085829212
2024-01-22,1,1,0.3543248734753127,0.10221624221806057,0.5434588843066267,0.30116975748929975,0.0
2024-01-23,-1,1,0.2919876778067701,0.3428469496417598,0.3651653725514702,-0.6566698656429988,-0.0
2024-01-24,1,0,0.10490040213117612,0.774584239283808,0.12051535858501575,0.2936579413730003,0.0
2024-01-25,0,1,0.2366576002408687,0.37388770038447294,0.3894546993746584,-0.10297005017607944,-0.0
2024-01-26,1,-1,0.42134307144767436,0.16390706403593755,0.4147498645163882,0.6659158661808502,0.0
2024-01-29,0,1,0.3231177103893765,0.031660054917329906,0.6452222346932935,0.18767617174696466,0.18767617174696466
2024-01-30,0,1,0.2074085055786689,0.045501624080109805,0.7470898703412213,0.10378874856486757,0.10378874856486757
2024-01-31,1,-1,0.7176143802982463,0.06333107387485806,0.21905454582689562,0.7433753624165602,-0.7433753624165602
2024-02-01,-1,-1,0.6271062024886481,0.05960899803459311,0.31328479947675864,-0.7185026163960808,0.7185026163960808
2024-02-02,-1,0,0.38809089029112787,0.44321648431020516,0.16869262539866695,-0.6477943509996801,-0.0
2024-02-05,1,-1,0.5014782127792973,0.2358902660779205,0.26263152114278226,0.48649864986498415,0.0
2024-02-06,0,-1,0.4462938090365866,0.22420143290770533,0.329504758055708,-0.03453169347209171,-0.0
2024-02-07,0,-1,0.42337436118458216,0.205508608651094,0.37111703016432385,-0.03888355506788932,-0.0
2024-02-08,-1,1,0.10188204957799793,0.22436624268243113,0.673751707739571,-0.48370367826355465,-0.48370367826355465
2024-02-09,-1,-1,0.5796208742926819,0.1607637710052397,0.25961535470207847,-0.20447393624298715,0.20447393624298715
2024-02-12,-1,1,0.3308977232282276,0.08989961705909694,0.5792026597126755,-1.3035165821168513,-1.3035165821168513
2024-02-13,0,0,0.18537643086442196,0.5132318688917367,0.30139170024384127,-0.03728791266606078,-0.0
2024-02-14,1,1,0.2911533707494116,0.014467925574139642,0.6943787036764487,0.5695991462682605,0.5695991462682605
2024-02-15,1,1,0.11137266759267438,0.12722173151159558,0.7614056008957301,0.41266325766211537,0.41266325766211537
2024-02-16,1,0,0.29761862651876375,0.35630866599271677,0.34607270748851954,0.21273417968116123,0.0
2024-02-19,1,-1,0.7156465269278002,0.053644671444583326,0.23070880162761645,0.284268690499973,-0.284268690499973
2024-02-20,0,1,0.29539446404706493,0.3224022581501589,0.38220327780277613,0.08462700920456061,0.0
2024-02-21,0,1,0.3156173318282338,0.2400760462335631,0.44430662193820314,-0.08307210031348715,-0.0
2024-02-22,1,1,0.09780472531543714,0.34395359468104053,0.5582416800035224,0.6108327744684303,0.6108327744684303
2024-02-23,-1,1,0.08367508752557651,0.1027200064402284,0.8136049060341951,-0.24213748956304684,-0.24213748956304684
2024-02-26,0,1,0.26754723960436094,0.1656051597038791,0.56684760069176,-0.046972269383131114,-0.046972269383131114
2024-02-27,1,1,0.4696726611994605,0.038564427690479484,0.4917629111100601,0.23974763406940416,0.0
2024-02-28,1,-1,0.48191974253485886,0.20962724758075688,0.30845300988438434,0.5651773761713442,0.0
2024-02-29,1,-1,0.5682716900439865,0.05471739781328341,0.3770109121427301,2.2247640835001334,-2.2247640835001334
2024-03-01,1,0,0.1791481486479638,0.727077419517305,0.09377443183473122,1.5769051126360982,0.0
2024-03-04,1,-1,0.43843520887965337,0.24939321975556014,0.3121715713647865,0.677994049539365,0.0
2024-03-05,1,1,0.2565810450633024,0.025370303946097034,0.7180486509906006,0.9526682756771333,0.9526682756771333
2024-03-06,1,-1,0.8197347256167101,0.013723485840875354,0.16654178854241458,0.5333721758270209,-0.5333721758270209
2024-03-07,1,1,0.26847533702725457,0.02763704017470687,0.7038876227980385,0.8447690766297183,0.8447690766297183
2024-03-08,0,-1,0.5452047407084074,0.019934194595637608,0.43486106469595504,0.17325811501312688,0.0
2024-03-11,-1,-1,0.7820876539511583,0.05725146068802992,0.16066088536081174,-1.0176074111464117,1.0176074111464117
2024-03-12,1,-1,0.556627559978464,0.3427751239474002,0.10059731607413591,0.6227424749163895,-0.6227424749163895
2024-03-13,-1,-1,0.8832793255857927,0.06789749671437337,0.04882317769983382,-0.4605213038036553,0.4605213038036553
2024-03-14,-1,-1,0.580134057796478,0.07293008028764598,0.3469358619158761,-0.23301500682127863,0.23301500682127863
2024-03-15,0,1,0.1557668186609955,0.10633782751039651,0.7378953538286078,0.15950557570871124,0.15950557570871124
2024-03-18,0,-1,0.5380180252281639,0.050712698595743406,0.4112692761760928,-0.10049084287749287,-0.0
2024-03-19,1,1,0.10216751807954957,0.21777100275617475,0.6800614791642755,1.0511845108481725,1.0511845108481725
2024-03-20,0,-1,0.4801590582760564,0.13494807948264595,0.38489286224129754,-0.17492520803480266,-0.0
2024-03-21,-1,1,0.29561225133529107,0.2528731563386104,0.4515145923260986,-0.5556159241331513,-0.0
2024-03-22,1,1,0.15427207748308028,0.05457389545469914,0.7911540270622207,0.23022570150466928,0.23022570150466928
2024-03-25,1,1,0.3300849569140916,0.08134812052641685,0.5885669225594915,0.25827675140797657,0.25827675140797657
2024-03-26,1,1,0.2267501372818314,0.221122616313035,0.5521272464051336,0.5886061111255769,0.5886061111255769
2024-03-27,1,1,0.40491767391760525,0.14350714121081623,0.4515751848715785,1.3726977248103895,0.0
2024-03-28,1,1,0.3865005250138428,0.09003460953344807,0.5234648654527092,0.6550494448519179,0.0
2024-04-01,1,-1,0.5123719622423885,0.07392196397061272,0.4137060737869987,0.975117718765696,0.0
2024-04-02,1,1,0.022535180743819813,0.1019085061449816,0.8755563131111986,0.6428707951070264,0.6428707951070264
2024-04-03,-1,1,0.04915028895287705,0.0655970718465868,0.8852526392005362,-0.28605299860529876,-0.28605299860529876
2024-04-04,1,1,0.23470124395955555,0.34849373954412394,0.4168050164963204,1.2481185596850761,0.0
2024-04-05,1,1,0.030346272684110994,0.028649739006540997,0.9410039883093481,0.2782389937106924,0.2782389937106924
2024-04-08,1,1,0.08176380639795869,0.02652235129816743,0.891713842303874,0.3663284891691837,0.3663284891691837
2024-04-09,-1,0,0.1876788934364714,0.6181430857170103,0.1941780208465182,-0.49909252431080453,-0.0
2024-04-10,1,1,0.23427307094137567,0.32417110671654825,0.441555822342076,1.0361578907262163,0.0
2024-04-11,-1,1,0.2759592371882312,0.049820192907038104,0.6742205699047308,-0.7673480365788112,-0.7673480365788112
2024-04-12,1,1,0.34452471071362156,0.2922476055165998,0.36322768376977865,0.9321294614823241,0.0
2024-04-15,0,-1,0.40951180316144903,0.2903491375471066,0.30013905929144447,-0.010366612575421357,-0.0
2024-04-16,-1,-1,0.8871410281811235,0.013115368686778735,0.09974360313209778,-0.47167325428195006,0.47167325428195006
2024-04-17,1,1,0.19978024997294316,0.036496577915587004,0.7637231721114698,0.3765453795253426,0.3765453795253426
2024-04-18,1,-1,0.693505707544616,0.19210219100315953,0.11439210145222435,0.2750741513786656,-0.2750741513786656
2024-04-19,-1,-1,0.6124701528494912,0.2043009214867887,0.18322892566372007,-1.3916224847300984,1.3916224847300984
2024-04-22,0,1,0.2560956738355876,0.14324054474655018,0.6006637814178623,-0.1037756744385211,-0.1037756744385211
2024-04-23,0,-1,0.48394299922161915,0.043549928911948484,0.4725070718664325,-0.12596401028278253,-0.0
2024-04-24,1,-1,0.5278789525636328,0.16112189079282635,0.31099915664354083,0.3363387938215143,0.0
2024-04-25,0,-1,0.5628732568379908,0.39153498284262067,0.04559176031938844,0.1113210684645779,-0.1113210684645779
2024-04-26,0,-1,0.7339556651497541,0.17138570280262153,0.09465863204762423,-0.04858744641090543,0.04858744641090543
2024-04-29,-1,1,0.3428447358275291,0.08218504553708496,0.5749702186353858,-1.0878236914600563,-1.0878236914600563
2024-04-30,1,0,0.10557635619560858,0.5834037571788229,0.3110198866255684,0.7202502632720111,0.0
2024-05-01,-1,0,0.30100937201858996,0.4780649691244046,0.22092565885700538,-0.34453466583385833,-0.0
2024-05-02,0,0,0.3187467052531401,0.3820781908673238,0.2991751038795361,-0.0434119682719145,-0.0
2024-05-03,1,-1,0.3502695058195053,0.32746615111636446,0.32226434306413015,0.5506022600273204,0.0
2024-05-06,-1,-1,0.4618530121479754,0.296170409824628,0.2419765780273966,-0.2439556188567182,-0.0
2024-05-07,0,-1,0.5011863265478934,0.1541542033091116,0.34465947014299503,-0.13218642705821218,-0.0
2024-05-08,1,1,0.20087752988818322,0.3535588730175202,0.4455635970942965,0.974962518740626,0.0
2024-05-09,1,1,0.2363949768141175,0.1144214179278671,0.6491836052580154,0.3827969993008394,0.3827969993008394
2024-05-10,-1,1,0.2234921493771615,0.17229440732933107,0.6042134432935075,-0.6812947463950695,-0.6812947463950695
2024-05-13,1,1,0.16270145500418148,0.06692379295518538,0.7703747520406332,0.6232866830183207,0.6232866830183207
2024-05-14,1,0,0.11862272934619542,0.5915942410444548,0.2897830296093497,0.8074311074414303,0.0
2024-05-15,-1,1,0.11072352822516,0.24981467125698203,0.6394618005178581,-0.26670531961154614,-0.26670531961154614
2024-05-16,1,1,0.36558286427365005,0.06336529350961688,0.5710518422167331,1.0785730553427624,1.0785730553427624
2024-05-17,1,1,0.2848376565167108,0.20261634886540492,0.5125459946178843,0.33923759708353207,0.0
2024-05-20,0,-1,0.7516984271968951,0.01935879762300035,0.22894277518010467,-0.15009169135280473,0.15009169135280473
2024-05-21,-1,1,0.4607058974297007,0.07485200855046537,0.4644420940198339,-1.2371138339092986,-0.0
2024-05-22,-1,1,0.16101434522015143,0.1111678487595111,0.7278178060203374,-1.4341029685931461,-1.4341029685931461
2024-05-23,0,0,0.04656307103898288,0.8553170738411042,0.09811985511991282,0.14235868806698987,0.0
2024-05-24,1,0,0.17301652073390034,0.7072072920311756,0.1197761872349242,0.5417597880970073,0.0
2024-05-27,1,-1,0.5583250732226923,0.265330717913546,0.17634420886376173,0.2504799640537625,-0.2504799640537625
2024-05-28,-1,-1,0.755067637835011,0.07610863501929724,0.1688237271456919,-0.6527853439057408,0.6527853439057408
2024-05-29,0,0,0.15254897541241175,0.4279504904040124,0.41950053418357597,0.14262936657486833,0.0
2024-05-30,-1,1,0.2696768990678323,0.137887919946153,0.5924351809860147,-0.46334384331084966,-0.46334384331084966
2024-05-31,1,0,0.22277073719698454,0.6038099898642597,0.17341927293875578,0.6791862284820024,0.0
2024-06-03,-1,-1,0.584866163389268,0.2389561000959496,0.17617773651478252,-0.6661475180703635,0.6661475180703635
2024-06-04,1,0,0.09143105169833282,0.7316157907292498,0.17695315757241747,0.7938274322999012,0.0
2024-06-05,1,0,0.05907521981761758,0.5330450435247016,0.4078797366576809,0.568853141034525,0.0
2024-06-06,-1,1,0.07681539940666567,0.10450935931706483,0.8186752412762694,-2.3838207478539273,-2.3838207478539273
2024-06-07,1,1,0.33597538100955393,0.2911884474556287,0.3728361715348174,0.44433733152890215,0.0
2024-06-10,0,1,0.41965365129219645,0.07933698783169654,0.501009360876107,0.15520255942859368,0.0
2024-06-11,1,1,0.31448074779408136,0.15025072490288505,0.5352685273030336,0.2203553229582702,0.0
2024-06-12,-1,-1,0.48170165455290337,0.18427644009192948,0.33402190535516724,-0.6073079234802881,-0.0
2024-06-13,1,1,0.08515167229079494,0.1197757352621619,0.7950725924470432,0.8196094385679473,0.8196094385679473
2024-06-14,-1,1,0.1735791469836265,0.3392923547782918,0.48712849823808163,-0.37999680204668795,-0.0
2024-06-17,1,1,0.08396818890208241,0.16350341443515778,0.7525283966627597,0.28628652686815353,0.28628652686815353
2024-06-18,0,0,0.18338206305746468,0.45531566801518847,0.3613022689273469,-0.024742930591262684,-0.0
2024-06-19,1,-1,0.688814753045508,0.13230967550537776,0.1788755714491142,0.9203849518810125,-0.9203849518810125
2024-06-20,-1,-1,0.42568319614634426,0.38668440931417575,0.18763239453948005,-1.1329293773506044,-0.0
2024-06-21,1,1,0.32411699356012424,0.3242989004613619,0.3515841059785139,0.36923954915109225,0.0
2024-06-24,-1,-1,0.6007722535480741,0.13679422755540757,0.2624335188965184,-0.43798350760861,0.43798350760861
2024-06-25,-1,1,0.3147251059620004,0.19739860520019176,0.48787628883780787,-0.6485618148268641,-0.0
2024-06-26,1,1,0.2907692908759626,0.29225528224567937,0.416975426878358,0.8846186877361669,0.0
2024-06-27,0,-1,0.4286927514844269,0.23703524826823041,0.3342720002473426,-0.037881445106977385,-0.0
2024-06-28,0,0,0.25995644072934554,0.4136797048123935,0.32636385445826094,0.18524914918474217,0.0
2024-07-01,0,1,0.2698189627003074,0.0874240922498847,0.6427569450498078,-0.08582375478927508,-0.08582375478927508
2024-07-02,1,1,0.1451174919638018,0.4183712922346966,0.43651121580150165,0.9856444150694003,0.0
2024-07-03,0,-1,0.7455801285655455,0.10945050883731258,0.1449693625971421,0.018173321563944096,-0.018173321563944096
2024-07-04,1,-1,0.8483331533956221,0.059493568130854504,0.09217327847352333,1.3476928174964822,-1.3476928174964822
2024-07-05,-1,1,0.2608105175053147,0.14203681698705126,0.597152665507634,-1.1834869613172623,-1.1834869613172623
2024-07-08,0,1,0.33179727019881977,0.12807828120119882,0.5401244485999813,0.162179974651447,0.0
2024-07-09,1,1,0.3083003337214691,0.27785486180243724,0.4138448044760936,0.2610883615373208,0.0
2024-07-10,1,1,0.31804556362283726,0.2722924283306007,0.4096620080465621,1.5775051124744504,0.0
2024-07-11,0,1,0.1401860544459877,0.2901237866134771,0.5696901589405351,-0.1417162622717336,-0.1417162622717336
2024-07-12,1,1,0.11515528777856623,0.2833857593297233,0.6014589528917105,0.3769604923565578,0.3769604923565578
2024-07-15,1,-1,0.6728720556262276,0.0251317311879525,0.3019962131858198,1.5505516238949655,-1.5505516238949655
2024-07-16,-1,1,0.052758230169156796,0.039103250444359076,0.908138519386484,-0.32163023679417563,-0.32163023679417563
2024-07-17,-1,1,0.1583571364428543,0.19585192827431766,0.645790935282828,-0.43059178909790097,-0.43059178909790097
2024-07-18,-1,1,0.2756284062138217,0.22484238271273813,0.4995292110734402,-1.392081623599865,-0.0
2024-07-19,0,0,0.07871288782669066,0.5581794559061027,0.36310765626720676,-0.11427624355176369,-0.0
2024-07-22,1,0,0.0388719616148097,0.7505931515523622,0.2105348868328281,0.37159600137883897,0.0
2024-07-23,-1,1,0.2388013994717528,0.13001447152716178,0.6311841290010854,-0.3595890410958956,-0.3595890410958956
2024-07-24,-1,0,0.10517191359818208,0.5400657727636299,0.35476231363818805,-0.9116006692693824,-0.0
2024-07-25,1,1,0.08230942248952584,0.1640344255670187,0.7536561519434555,0.6233168871503573,0.6233168871503573
2024-07-26,0,1,0.29519943878136473,0.2997506561157061,0.4050499051029291,-0.099833147942162,-0.0
2024-07-29,1,0,0.18014856476644273,0.47456551926170737,0.34528591597185,0.7399191981974991,0.0
2024-07-30,1,-1,0.5187472090318068,0.059735201266726275,0.421517589701467,0.9668530275750983,0.0
2024-07-31,0,1,0.2664774701121485,0.053128885072770436,0.6803936448150811,-0.021510745769866092,-0.021510745769866092
2024-08-01,0,-1,0.6168056667981214,0.05844293701924524,0.32475139618263327,-0.1261788865226713,0.1261788865226713
2024-08-02,-1,0,0.22812288407032372,0.6176499267442914,0.15422718918538483,-0.802690906467553,-0.0
2024-08-05,-1,1,0.27126743399378755,0.05212257046037971,0.6766099955458328,-0.4691588785046713,-0.4691588785046713
2024-08-06,0,-1,0.4692615476446695,0.27891122407018293,0.2518272282851476,-0.15858242941128103,-0.0
2024-08-07,1,1,0.22321231317294818,0.37572932314466656,0.40105836368238523,1.0363946830950612,0.0
2024-08-08,0,-1,0.657557110131484,0.0727594113516989,0.269683478516817,0.08382950731188318,-0.08382950731188318
2024-08-09,1,-1,0.5719529360771194,0.10348746542191824,0.3245595985009624,0.9871395834045908,-0.9871395834045908
2024-08-12,0,1,0.16019053746374454,0.10904956993787118,0.7307598925983844,-0.16079035323415156,-0.16079035323415156
2024-08-13,-1,1,0.32304162740470244,0.3116950082990006,0.3652633642962969,-0.40137452413839536,-0.0
2024-08-14,1,-1,0.42812716054308453,0.18395211201338568,0.3879207274435297,0.20524433849820445,0.0
2024-08-15,1,1,0.313509064353157,0.11497440540590366,0.5715165302409393,1.2105236409222695,1.2105236409222695
2024-08-16,0,-1,0.7158065651173164,0.1387093357615713,0.14548409912111226,-0.07686185332575585,0.07686185332575585
2024-08-19,1,1,0.16527259794479665,0.09125049109688298,0.7434769109583202,0.22746695816356852,0.22746695816356852
2024-08-20,0,-1,0.7765491022860801,0.13571804573057242,0.08773285198334753,-0.038842178274768234,0.038842178274768234
2024-08-21,-1,-1,0.6120232653929709,0.11276291785327695,0.27521381675375206,-0.6623738193246523,0.6623738193246523
2024-08-22,1,1,0.15856584158508463,0.3123369784842184,0.5290971799306969,0.690989261076743,0.0
2024-08-23,0,1,0.1524645628219968,0.07816671644264446,0.7693687207353587,0.15452046061282138,0.15452046061282138
2024-08-26,0,1,0.41023944401909596,0.05553253927948568,0.5342280167014184,0.19551858978337802,0.0
2024-08-27,-1,1,0.1738720929232256,0.29647781097272863,0.5296500961040458,-0.5893410365904754,-0.0
2024-08-28,1,1,0.14547773735585587,0.33964899026906714,0.514873272375077,0.49779915401627434,0.0
2024-08-29,-1,1,0.05791349237814696,0.12761625356391534,0.8144702540579378,-0.5320898217586166,-0.5320898217586166
2024-08-30,0,-1,0.3464941201905742,0.34466830958626354,0.3088375702231622,-0.1301063665793204,-0.0
2024-09-02,0,1,0.13277789794003042,0.05217949293007826,0.8150426091298912,-0.1848613319201421,-0.1848613319201421
2024-09-03,0,1,0.38855951203719,0.12944405653401153,0.4819964314287984,0.08004501969611598,0.0
2024-09-04,1,-1,0.5002940382889876,0.20546904515816738,0.29423691655284506,0.6783388933624743,0.0
2024-09-05,-1,1,0.14380230567008542,0.06305559945736164,0.7931420948725529,-0.6679000468684537,-0.6679000468684537
2024-09-06,1,-1,0.5407444308102287,0.2103515562032886,0.2489040129864828,0.29876241118065605,0.0
2024-09-09,1,1,0.28986158326964356,0.04798024674225648,0.6621581699881,0.348344852673692,0.348344852673692
2024-09-10,0,1,0.28032153351032496,0.1480161640634536,0.5716623024262214,-0.18146288371632086,-0.18146288371632086
2024-09-11,1,1,0.410929215440766,0.15493547437201766,0.4341353101872163,1.7022547101822243,0.0
2024-09-12,1,1,0.07726114178858852,0.05417100992771719,0.8685678482836943,0.7070566963069334,0.7070566963069334
2024-09-13,0,1,0.08897237536767863,0.3587739310219335,0.5522536936103879,0.11234005638691384,0.11234005638691384
2024-09-16,-1,-1,0.5039988294526503,0.09388826281334249,0.4021129077340072,-0.44405680310550916,-0.0
2024-09-17,-1,-1,0.704205615965526,0.07042617343327193,0.22536821060120216,-0.36424423719865956,0.36424423719865956
2024-09-18,1,-1,0.5934901715179274,0.01696071767155916,0.38954911081051347,0.9088647405355876,-0.9088647405355876
2024-09-19,1,-1,0.5729844513227047,0.028650668031520683,0.3983648806457747,1.1337847730600326,-1.1337847730600326
2024-09-20,0,0,0.04802862960859262,0.6253105785902218,0.3266607918011855,0.18899620184482613,0.0
2024-09-23,1,-1,0.6025917081455052,0.1785842805933987,0.21882401126109605,0.8959999999999947,-0.8959999999999947
2024-09-24,0,1,0.14123020373421535,0.18027948453609072,0.678490311729694,-0.004240863751429602,-0.004240863751429602
2024-09-25,1,-1,0.7905486930596016,0.13229908179431507,0.07715222514608322,0.47381194016679645,-0.47381194016679645
2024-09-26,-1,-1,0.5134019918854872,0.1218100070014143,0.36478800111309856,-0.451561576578626,-0.0
2024-09-27,-1,1,0.20278267056641971,0.216535884277343,0.5806814451562373,-0.7357273172251245,-0.7357273172251245
2024-09-30,1,1,0.16394521956286087,0.07741655852659048,0.7586382219105486,0.8570702794242188,0.8570702794242188
2024-10-01,0,-1,0.45377358873541035,0.12010018157283994,0.42612622969174974,-0.13819395787824987,-0.0
2024-10-02,0,1,0.43034588528813067,0.0952316565471171,0.4744224581647521,-0.07880096864977862,-0.0
2024-10-03,0,1,0.3959323333160806,0.11761062738252548,0.4864570393013941,-0.07731743272679943,-0.0
2024-10-04,-1,1,0.23090066534174827,0.10458688929926342,0.6645124453589883,-0.31767609168478944,-0.31767609168478944
2024-10-07,-1,1,0.048571683819743354,0.08072511180910531,0.8707032043711513,-0.6161217468391815,-0.6161217468391815
2024-10-08,-1,0,0.2726523584173569,0.43104271853864606,0.29630492304399697,-0.4208841853716875,-0.0
2024-10-09,1,1,0.3935245118477991,0.10136198734628976,0.5051135008059112,0.7047138577960081,0.0
2024-10-10,1,-1,0.4546046901809735,0.12581595122749772,0.4195793585915288,0.8699595141700308,0.0
2024-10-11,-1,-1,0.6609238678319741,0.2555847453903924,0.0834913867776335,-0.2632833940702649,0.2632833940702649
2024-10-14,1,-1,0.4479894948981077,0.10700136871931537,0.44500913638257694,0.4632630566825255,0.0
2024-10-15,1,-1,0.5481022919206087,0.12275458649427567,0.32914312158511577,0.3528468323977551,0.0
2024-10-16,1,-1,0.6257502915396739,0.1125928946976679,0.2616568137626583,0.620056431842365,-0.620056431842365
2024-10-17,1,-1,0.5475345289586571,0.2903685297746479,0.16209694126669494,0.9425833941476967,0.0
2024-10-18,0,1,0.1845522310762051,0.4010295941753576,0.4144181747484373,-0.06598027842226781,-0.0
2024-10-21,1,-1,0.5782381998364229,0.22182442302499586,0.19993737713858137,1.0346468923015277,-1.0346468923015277
2024-10-22,-1,1,0.15017569372364456,0.2951935479692263,0.5546307583071292,-1.157269155206285,-1.157269155206285
2024-10-23,1,1,0.018074706205788795,0.0319528899731154,0.9499724038210958,0.6672848664688429,0.6672848664688429
2024-10-24,1,1,0.39303162465398594,0.17010943384722085,0.4368589414987931,0.36651819560272114,0.0
2024-10-25,0,1,0.3220033658627468,0.20642582357689454,0.4715708105603587,-0.1546386968023317,-0.0
2024-10-28,1,1,0.13700658787186368,0.05400105243937867,0.8089923596887576,1.1137227791220143,1.1137227791220143
2024-10-29,1,1,0.1685710185467945,0.19862286607029495,0.6328061153829105,0.4297151545387629,0.4297151545387629
2024-10-30,-1,1,0.4493577817430782,0.09225825477430442,0.4583839634826174,-1.4809461235216783,-0.0
2024-10-31,-1,1,0.1532378364827017,0.08667923884794211,0.7600829246693561,-0.24110254999083466,-0.24110254999083466
2024-11-01,0,1,0.1427788873278749,0.04086759196322049,0.8163535207089047,0.007292657516873348,0.007292657516873348
2024-11-04,1,1,0.053833149607588796,0.07746284221354402,0.8687040081788672,0.2375923724269829,0.2375923724269829
2024-11-05,-1,1,0.23245573712815515,0.0813635983963383,0.6861806644755065,-2.781335516313888,-2.781335516313888
2024-11-06,1,0,0.39820292144036784,0.5268274818461124,0.07496959671351981,1.32891770573566,0.0
2024-11-07,-1,0,0.13028581569952583,0.6265050531801137,0.24320913112036047,-0.5711204492209306,-0.0
2024-11-08,-1,0,0.18532270353258273,0.6716330473977632,0.14304424906965402,-1.6846129693589242,-0.0
2024-11-11,-1,0,0.012632166864403995,0.9181596212995504,0.06920821183604545,-0.5083098951674702,-0.0
2024-11-12,-1,0,0.01842665845076867,0.7535579733814666,0.2280153681677647,-0.615191768658931,-0.0
2024-11-13,0,0,0.09783262086888982,0.46714395464434383,0.43502342448676623,-0.19380683546871452,-0.0
2024-11-14,0,1,0.08481192245437104,0.3985944907624034,0.5165935867832255,-0.041153350728269734,-0.0
2024-11-15,1,-1,0.34515211733184503,0.3250749348588811,0.32977294780927385,1.1305742489128385,0.0
2024-11-18,1,0,0.17560398589538778,0.41243611834726923,0.41195989575734304,0.45947032433389245,0.0
2024-11-19,1,1,0.30955075038694885,0.2533074173611345,0.43714183225191666,0.39925302272583385,0.0
2024-11-20,1,-1,0.6780888641342235,0.22115980183151557,0.10075133403426088,0.44391251598517206,-0.44391251598517206
2024-11-21,1,0,0.13555426222111314,0.4438813371608978,0.4205644006179891,1.0622140745511923,0.0
2024-11-22,-1,1,0.28928237040740945,0.11048493931181987,0.6002326902807706,-1.984213760181498,-1.984213760181498
2024-11-25,0,-1,0.4326250407922067,0.36593206022700075,0.20144289898079254,0.14953793672320195,0.0
2024-11-26,0,-1,0.4446430306436608,0.28536024048779834,0.26999672886854087,0.059883898564002724,0.0
2024-11-27,0,-1,0.4834151999144041,0.36228472441242526,0.15430007567317047,0.03280065924478312,0.0
2024-11-28,1,1,0.11493755560760656,0.03178717630499711,0.8532752680873963,0.2690694775019809,0.2690694775019809
2024-11-29,-1,1,0.2669347110719637,0.23592584156894517,0.49713944735909105,-0.2544612545483046,-0.0
2024-12-02,0,0,0.08632702146722997,0.577151571380631,0.33652140715213913,0.11858347861306144,0.0
2024-12-03,0,1,0.24747416383101845,0.08864568383820766,0.6638801523307739,0.15900305562714154,0.15900305562714154
2024-12-04,-1,1,0.4370273355752873,0.11203436870463339,0.45093829572007926,-0.47740949469863136,-0.0
2024-12-05,0,0,0.05535880744739519,0.8042066661726506,0.1404345263799543,0.02255315163435756,0.0
2024-12-06,1,0,0.2934726899529696,0.4107962702780234,0.2957310397690071,0.749445417396374,0.0
2024-12-09,1,1,0.3929621809471659,0.10478654714106095,0.5022512719117732,0.8824763903462711,0.0
2024-12-10,1,0,0.13103589877232194,0.4479466406762888,0.42101746055138917,0.6288546049555856,0.0
2024-12-11,-1,1,0.27890772015866544,0.11579098367875859,0.605301296162576,-0.9354479087999374,-0.9354479087999374
2024-12-12,-1,1,0.09591571474086882,0.08462870119846752,0.8194555840606637,-0.815405236350641,-0.815405236350641
2024-12-13,0,1,0.25277663486359275,0.1255428824406075,0.6216804826957998,0.12282665174468306,0.12282665174468306
2024-12-16,0,1,0.16210505799931232,0.18149486793966743,0.6564000740610203,-0.17999091997193484,-0.17999091997193484
2024-12-17,-1,0,0.12660632817488396,0.5202718958822542,0.3531217759428618,-1.7754300985468567,-0.0
2024-12-18,1,-1,0.5385326987085635,0.38927410863995143,0.072193192651485,0.23471986417657184,0.0
2024-12-19,1,-1,0.4945314128048397,0.19311167578881083,0.31235691140634947,0.7429002451442549,0.0
2024-12-20,-1,-1,0.650252140348195,0.15721329698966718,0.19253456266213778,-0.2443077945820132,0.2443077945820132
2024-12-23,0,-1,0.4803418486395945,0.09753838897760886,0.42211976238279675,0.11659176373475115,0.0
2024-12-24,1,1,0.2186240475058465,0.028152268067155352,0.7532236844269982,0.4276015121024684,0.4276015121024684
2024-12-26,-1,-1,0.5732024562316871,0.19317752351324824,0.23362002025506476,-0.32580626594785705,0.32580626594785705
2024-12-27,-1,0,0.056589571753187747,0.6813861418118534,0.2620242864349588,-0.4341064225876578,-0.0
2024-12-30,1,-1,0.6540971331726214,0.21873777960573984,0.12716508722163872,0.49680226147277223,-0.49680226147277223
2024-12-31,1,-1,0.4026563618966057,0.3494710392763588,0.24787259882703547,0.9970787903723494,0.0
2025-01-02,-1,-1,0.8673881583117942,0.07339432923078253,0.05921751245742314,-0.5201592623637901,0.5201592623637901
2025-01-03,0,-1,0.462219816522096,0.3713586345707688,0.16642154890713512,-0.1332688460439227,-0.0
2025-01-06,1,1,0.14782977527469643,0.3255855094386495,0.5265847152866541,0.4023842315594602,0.0
2025-01-07,1,-1,0.48233945755283814,0.26392224378951745,0.25373829865764463,0.39834134721426084,0.0
2025-01-08,1,-1,0.40285391982539004,0.2072288166525361,0.38991726352207384,0.2690880169671212,0.0
2025-01-09,1,-1,0.6472239940550913,0.17470143389501078,0.17807457204989793,0.6487813259370214,-0.6487813259370214
2025-01-10,-1,0,0.3545387956711234,0.5828517502374626,0.06260945409141395,-0.9212148662590318,-0.0
2025-01-13,1,0,0.19360200535291386,0.5256160933153887,0.2807819013316974,0.5066401062417032,0.0
2025-01-14,1,-1,0.6015515366741999,0.19375110369571347,0.2046973596300866,0.709058780728645,-0.709058780728645
2025-01-15,1,1,0.18972754603363107,0.1610089854322395,0.6492634685341295,0.6233533381477749,0.6233533381477749
2025-01-16,-1,0,0.16144754709177825,0.6577980809854366,0.18075437192278523,-0.41379975409244063,-0.0
2025-01-17,1,-1,0.6234090859241422,0.1990413530481948,0.177549561027663,0.20491500824088943,-0.20491500824088943
2025-01-20,1,1,0.18302659360956733,0.05742970263073489,0.7595437037596977,1.2884253804306982,1.2884253804306982
2025-01-21,1,0,0.08295775421676993,0.6679214446742426,0.24912080110898754,0.3798748771542848,0.0
2025-01-22,0,1,0.43068324301357375,0.1044926457239168,0.4648241112625095,-0.054722899965134526,-0.0
2025-01-23,1,-1,0.5848626392291287,0.24343111180630272,0.17170624896456851,0.575913587724602,-0.575913587724602
2025-01-24,-1,-1,0.8413459496253483,0.03557745583123027,0.12307659454342153,-1.072660848386436,1.072660848386436
2025-01-27,1,1,0.36594766014311686,0.11904316994203355,0.5150091699148496,0.7816960537363603,0.0
2025-01-28,0,0,0.3520573131762332,0.468397763071487,0.1795449237522799,-0.1218073698576776,-0.0
2025-01-29,1,1,0.35673736783309107,0.2534769938839113,0.38978563828299756,1.1906519666560718,0.0
2025-01-30,0,-1,0.4418876152917669,0.22916018694990922,0.32895219775832396,0.13642925890279714,0.0
2025-01-31,1,-1,0.835679501021683,0.02909357081476441,0.13522692816355264,0.5437731196054247,-0.5437731196054247
2025-02-03,1,1,0.27383460288420386,0.017197250412826784,0.7089681467029694,0.8677763819095508,0.8677763819095508
2025-02-04,1,1,0.28406995101867455,0.06242465200739222,0.6535053969739332,0.7797911547911498,0.7797911547911498
2025-02-05,-1,1,0.19589448952356273,0.1772929823649666,0.6268125281114707,-0.34805295614300436,-0.34805295614300436
2025-02-06,0,-1,0.5800408754808444,0.10485662682469002,0.31510249769446563,0.14909908980207695,-0.14909908980207695
2025-02-07,1,-1,0.536970371641372,0.07451282367102639,0.3885168046876017,1.3286820764828355,0.0
2025-02-10,-1,1,0.10321956398550203,0.07543277824524776,0.8213476577692501,-0.29192436826294105,-0.29192436826294105
2025-02-11,0,-1,0.5817612220371922,0.024161749713357075,0.3940770282494507,0.17685016405395138,-0.17685016405395138
2025-02-12,1,-1,0.6603747142461516,0.15509932113599162,0.18452596461785692,0.5871141786077159,-0.5871141786077159
2025-02-13,-1,1,0.3757648892574662,0.09527563894482548,0.5289594717977083,-1.1302661731006562,-0.0
2025-02-14,1,1,0.2849984185204762,0.15137884332006504,0.5636227381594587,0.3689284074873765,0.3689284074873765
2025-02-17,1,-1,0.5635031622389604,0.24567287443224756,0.1908239633287921,0.891132677252652,-0.891132677252652
2025-02-18,0,0,0.1653298868782302,0.4369857384355131,0.3976843746862567,-0.047076191257282976,-0.0
2025-02-19,0,-1,0.5398967159046317,0.23489695643592717,0.22520632765944112,0.14135021097046888,0.0
2025-02-20,0,1,0.260188558466852,0.1984727138199376,0.5413387277132103,-0.08002791671513453,-0.0
2025-02-21,1,-1,0.5647503557987686,0.17667107157370746,0.2585785726275239,0.40706151923344014,-0.40706151923344014
2025-02-24,-1,1,0.384365713178551,0.19585489487196078,0.4197793919494883,-0.9208565295544605,-0.0
2025-02-25,0,-1,0.4933927796870888,0.287702103940355,0.2189051163725563,0.0328991540217559,0.0
2025-02-26,-1,1,0.30263557306700645,0.17223633220867346,0.5251280947243201,-0.9208208191412569,-0.0
2025-02-27,-1,0,0.10798060186092055,0.6218835595629262,0.27013583857615336,-0.4366529456746354,-0.0
2025-02-28,1,1,0.30997965942983263,0.21259120582499136,0.477429134745176,0.8162125765712505,0.0
2025-03-03,1,1,0.2925355971559343,0.2254409935979349,0.4820234092461307,0.579881656804726,0.0
2025-03-04,0,-1,0.6350395708170775,0.08944088233282368,0.27551954685009883,0.029723991507430995,-0.029723991507430995
2025-03-05,0,-1,0.6991186311789115,0.04683879789536013,0.25404257092572835,-0.1876795403766364,0.1876795403766364
2025-03-06,0,-1,0.42416737517863834,0.1708813754521013,0.40495124936926025,0.0034531360112836254,0.0
2025-03-07,-1,-1,0.6352349492614437,0.07408698249016162,0.29067806824839465,-0.5347239178206451,0.5347239178206451
2025-03-10,1,0,0.19905691006962883,0.6776489240788387,0.1232941658515325,0.6529329732210645,0.0
2025-03-11,1,-1,0.6534140006005559,0.08770398427939972,0.2588820151200444,0.4222838538526413,-0.4222838538526413
2025-03-12,1,1,0.27205426322956616,0.08541902144110729,0.6425267153293265,1.326931306595465,1.326931306595465
2025-03-13,0,-1,0.5554967832691441,0.1410615290497594,0.3034416876810964,-0.06308172997862735,0.06308172997862735
2025-03-14,1,1,0.3935232804700354,0.1501930029069989,0.4562837166229657,0.35079407446950417,0.0
2025-03-17,1,1,0.20127916106418242,0.0636714196573613,0.7350494192784562,0.8334657900440717,0.8334657900440717
2025-03-18,1,1,0.05212408537344534,0.14892676454232262,0.7989491500842321,0.33714203066242804,0.33714203066242804
2025-03-19,0,1,0.324094809665743,0.11555871604660933,0.5603464742876477,-0.07324720459353225,-0.07324720459353225
2025-03-20,-1,-1,0.5295274092110865,0.019557285663404346,0.45091530512550915,-0.5851559276071442,-0.0
2025-03-21,-1,1,0.33669707842960567,0.27170578424413794,0.39159713732625645,-0.2984889817555667,-0.0
2025-03-24,1,1,0.2437166764379275,0.17189173203379002,0.5843915915282825,0.22048123118632257,0.22048123118632257
2025-03-25,0,-1,0.5990727423205449,0.027439422189504275,0.3734878354899509,-0.02774351404363792,0.02774351404363792
2025-03-26,1,1,0.30142165924264924,0.06125567809952886,0.6373226626578219,1.1051400893565622,1.1051400893565622
2025-03-27,1,1,0.1891846922477554,0.3675399939579475,0.44327531379429713,0.814331177497176,0.0
2025-03-28,1,0,0.33060993386153853,0.382447171793712,0.2869428943447494,1.124081225862718,0.0
2025-03-31,-1,1,0.1808485765173217,0.011209397446471528,0.8079420260362068,-0.27876611718623145,-0.27876611718623145
2025-04-01,1,1,0.13595601999480328,0.07835976140050795,0.7856842186046887,0.5043367802631875,0.5043367802631875
2025-04-02,-1,1,0.1698277218977517,0.02860931996015561,0.8015629581420928,-0.5180161609498775,-0.5180161609498775
2025-04-03,-1,-1,0.3643998989566876,0.3537207548674956,0.2818793461758168,-1.8517146800370423,-0.0
2025-04-04,-1,0,0.43551594775017144,0.46266309988004495,0.10182095236978354,-1.1747002255728385,-0.0
2025-04-07,0,1,0.2327238758646606,0.15238144618812466,0.6148946779472148,0.0019064219184120807,0.0019064219184120807
2025-04-08,1,1,0.1303217439842886,0.3872530124473775,0.4824252435683338,1.875343648316618,0.0
2025-04-09,1,0,0.2930811963611064,0.6116974526281217,0.0952213510107719,1.521349238996301,0.0
2025-04-10,1,-1,0.46170103944738267,0.44058990207612714,0.09770905847649021,0.9609505770416708,0.0
2025-04-11,-1,0,0.1647042944283805,0.45117014451479204,0.3841255610568274,-0.40245769242950585,-0.0
2025-04-14,1,-1,0.4312105086894942,0.3461983191148552,0.22259117219565053,0.2722871211652985,0.0
2025-04-15,1,1,0.09233370457308264,0.1929503668761488,0.7147159285507686,1.632440308232179,1.632440308232179
2025-04-16,-1,1,0.36929345418272547,0.19863555171262795,0.4320709941046465,-0.22374093155293612,-0.0
2025-04-17,1,-1,0.5407217802402965,0.31465822832712553,0.14461999143257792,1.2621093103258005,0.0
2025-04-21,-1,-1,0.4759255578353845,0.2774038238128371,0.2466706183517784,-0.5314218071813812,-0.0
2025-04-22,-1,1,0.16861848025380347,0.11904445003702581,0.7123370697091708,-1.0590673575129492,-1.0590673575129492
2025-04-23,1,1,0.31233578828822445,0.25817634381772747,0.42948786789404814,0.6426652255653401,0.0
2025-04-24,-1,1,0.21480871774274987,0.09049092344240564,0.6947003588148445,-0.32465258781048345,-0.32465258781048345
2025-04-25,1,1,0.12247030019226422,0.03655148356901807,0.8409782162387178,0.27810168740655344,0.27810168740655344
2025-04-28,-1,0,0.13682326447486232,0.7032424093087323,0.15993432621640533,-0.3021461837619864,-0.0
2025-04-29,-1,1,0.2548366383969555,0.2461711111728445,0.4989922504302,-0.32062436028659047,-0.0
2025-04-30,-1,1,0.1619958846148856,0.09962351591185954,0.738380599473255,-0.5976346378356435,-0.5976346378356435
2025-05-01,0,1,0.13149467228129635,0.0833712896514158,0.7851340380672879,0.035700180303938525,0.035700180303938525
2025-05-02,1,0,0.1786636118683476,0.49462169514810495,0.32671469298354755,1.139362289379377,0.0
2025-05-05,1,1,0.2327382073284753,0.3187126831394714,0.4485491095320533,1.137202811312505,0.0
2025-05-06,-1,-1,0.804492041485964,0.11862644195930282,0.07688151655473313,-0.7230576637195812,0.7230576637195812
2025-05-07,-1,0,0.28116586477485894,0.5191764906159577,0.19965764460918328,-0.6607942284775667,-0.0
2025-05-08,1,1,0.3681653757589794,0.22319475659265878,0.4086398676483619,0.2249777880789557,0.0
2025-05-09,-1,1,0.4329486593361847,0.10443033178997227,0.46262100887384316,-1.0167789752076568,-0.0
2025-05-12,0,1,0.1053128703818989,0.16113884576146548,0.7335482838566355,0.17178051691134336,0.17178051691134336
2025-05-13,-1,1,0.22620192074664597,0.25732752814841175,0.5164705511049423,-0.869445013311486,-0.0
2025-05-14,1,1,0.09835088465124123,0.2944123912950756,0.6072367240536832,0.7395108741643407,0.7395108741643407
2025-05-15,-1,-1,0.5106743350390689,0.15999918192080817,0.32932648304012296,-0.44202516827626853,-0.0
2025-05-16,1,0,0.14760142467349852,0.4491908567653865,0.40320771856111504,0.3255544617522745,0.0
2025-05-19,1,-1,0.6158993418061207,0.2792565959362792,0.10484406225760007,0.6911433492315836,-0.6911433492315836
2025-05-20,1,0,0.24817739730887106,0.4842836239365389,0.26753897875458993,0.2882376231223592,0.0
2025-05-21,-1,0,0.04026791775845587,0.7362307788197942,0.22350130342174993,-0.24218112706141776,-0.0
2025-05-22,1,0,0.12190803326422632,0.6353103777986782,0.24278158893709553,0.7119861030689063,0.0
2025-05-23,0,1,0.17704038209536438,0.3291855732500583,0.4937740446545773,-0.17318153493776592,-0.0
2025-05-26,-1,0,0.1616389608639437,0.5067882170082628,0.3315728221277935,-0.5175876223555422,-0.0
2025-05-27,0,0,0.18919872887452335,0.4307101064518851,0.3800911646735915,-0.1563888914239854,-0.0
2025-05-28,1,0,0.18307167858833745,0.4600401086060205,0.35688821280564204,0.4039373092436497,0.0
2025-05-29,-1,0,0.08987313535855933,0.6646110652315573,0.24551579940988347,-0.3815135334192587,-0.0
2025-05-30,1,1,0.13014235662537701,0.2204777868477514,0.6493798565268716,1.3358778625954213,1.3358778625954213
2025-06-02,-1,-1,0.4713892984422432,0.24052006313781582,0.28809063841994104,-0.3911964912977086,-0.0
2025-06-03,1,1,0.38433968958717496,0.14529229815085526,0.4703680122619698,0.2700872536082916,0.0
2025-06-04,-1,-1,0.4819739459745274,0.33189674777990635,0.18612930624556615,-0.30475427350427287,-0.0
2025-06-05,-1,0,0.3156755393582322,0.40250389288622,0.28182056775554776,-0.664885866925695,-0.0
2025-06-06,1,-1,0.43389294223107483,0.21056400424622415,0.35554305352270116,0.2202097988956811,0.0
2025-06-09,0,-1,0.7076289348597676,0.13117724953251267,0.16119381560771961,-0.05154970864762692,0.05154970864762692
2025-06-10,1,-1,0.6241893389041198,0.15632625807944667,0.21948440301643363,0.5367195617266426,-0.5367195617266426
2025-06-11,1,-1,0.5955059645404607,0.15618412593047526,0.24830990952906404,0.5406262865999909,-0.5406262865999909
2025-06-12,1,-1,0.4452487444163883,0.1821776755420719,0.3725735800415398,0.8094500675181812,0.0
2025-06-13,-1,-1,0.43411433059807497,0.27794843239407047,0.28793723700785456,-0.8019394861312521,-0.0
2025-06-16,0,1,0.4072969738151798,0.06737916369168054,0.5253238624931397,0.05317462195612616,0.0
2025-06-17,-1,0,0.3138637835410377,0.35164222039490683,0.3344939960640554,-0.32306011453818173,-0.0
2025-06-18,0,1,0.21106778058816753,0.06352173992439296,0.7254104794874394,0.021053168170461465,0.021053168170461465
2025-06-19,0,1,0.23534488393605305,0.023284387679388036,0.7413707283845589,-0.03654077242127807,-0.03654077242127807
2025-06-20,0,1,0.33943602590763733,0.13807393428543166,0.5224900398069311,0.01292777793323161,0.0
2025-06-23,-1,1,0.06330714178004757,0.05126362801795529,0.8854292302019972,-0.9146396779497586,-0.9146396779497586
2025-06-24,0,0,0.11146289861743816,0.7389258686144835,0.1496112327680783,0.17416848289585152,0.0
2025-06-25,0,1,0.1074642875608836,0.25672337435109877,0.6358123380880176,-0.0890292524686647,-0.0890292524686647
2025-06-26,-1,1,0.07549901401302314,0.13193423610274582,0.792566749884231,-1.1081926203877395,-1.1081926203877395
2025-06-27,1,1,0.09355590287660813,0.1434628904508133,0.7629812066725786,0.5685014809197374,0.5685014809197374
2025-06-30,1,1,0.3436291677408355,0.12044527066914403,0.5359255615900205,0.7051840237431931,0.0
2025-07-01,1,1,0.295898152181818,0.07469521409265883,0.6294066337255232,0.3487881254224743,0.3487881254224743
2025-07-02,-1,1,0.22981627948537406,0.23560302029364494,0.534580700220981,-0.6237345493131479,-0.0
2025-07-03,1,1,0.060504975846776075,0.05304021110845682,0.8864548130447671,0.22324208187783826,0.22324208187783826
2025-07-04,0,-1,0.5193192153566685,0.09632782235016552,0.38435296229316596,-0.01296377675936292,-0.0
2025-07-07,-1,-1,0.5510713496911037,0.15677272928001731,0.292155921028879,-0.7504216634429476,0.7504216634429476
2025-07-08,1,1,0.19517214933884067,0.15561672366478396,0.6492111269963753,0.25046824195747736,0.25046824195747736
2025-07-09,1,1,0.15069438171694152,0.3171868128821697,0.5321188054008887,0.21960036907624822,0.0
2025-07-10,1,1,0.21544302655205724,0.05251189266396923,0.7320450807839736,0.6712195423432927,0.6712195423432927
2025-07-11,-1,-1,0.8770431459872454,0.045287153991521584,0.07766970002123302,-0.2515906763090084,0.2515906763090084
2025-07-14,-1,1,0.1851036284780648,0.40108358835744595,0.4138127831644893,-0.429528868589583,-0.0
2025-07-15,1,1,0.06827532328907948,0.12402603007107835,0.8076986466398421,0.5060052135808957,0.5060052135808957
2025-07-16,0,0,0.11570851995553452,0.5762075020107327,0.30808397803373283,-0.18214924908567698,-0.0
2025-07-17,1,0,0.1628645101735381,0.44369517534126823,0.39344031448519373,0.2588066374063845,0.0
2025-07-18,1,1,0.36410192115552975,0.11795944351446404,0.5179386353300062,1.1257677178938694,0.0
2025-07-21,1,0,0.2596784846577492,0.4700916882486739,0.27022982709357696,0.8346942291128375,0.0
2025-07-22,-1,1,0.09842006825775904,0.4176233265894265,0.4839566051528144,-1.042057559490967,-0.0
2025-07-23,-1,1,0.14161127497968096,0.07103512722189151,0.7873535977984276,-0.4335345673468687,-0.4335345673468687
2025-07-24,-1,1,0.3266090751080026,0.04038199702943979,0.6330089278625577,-0.7160664597172453,-0.7160664597172453
2025-07-25,-1,1,0.23103558801755963,0.37812078978071334,0.39084362220172697,-0.4984697229477424,-0.0
2025-07-28,1,1,0.2397448769133421,0.21335043997074213,0.5469046831159157,0.2760647555249125,0.0
2025-07-29,-1,-1,0.7634644853866694,0.10107900142006725,0.13545651319326338,-1.2004859054148564,1.2004859054148564
2025-07-30,1,-1,0.5900654339275249,0.037845468314959115,0.37208909775751603,0.32561160424334246,-0.32561160424334246
2025-07-31,1,1,0.2026634128058638,0.1504559160934647,0.6468806711006715,1.5888398496592397,1.5888398496592397
2025-08-01,1,-1,0.661961182495014,0.06650891854484303,0.2715298989601429,0.21963891791477919,-0.21963891791477919
2025-08-04,0,1,0.37962974469692595,0.09275128733966405,0.5276189679634099,0.14691762777355127,0.0
2025-08-05,-1,1,0.2997472975798916,0.1698432977192076,0.5304094047009007,-0.24206039502911675,-0.0
2025-08-06,1,-1,0.4795033347764759,0.17660176522284446,0.3438949000006796,0.5605676634566688,0.0
2025-08-07,0,0,0.24056585590085547,0.5179095732637866,0.2415245708353579,0.06633962608021879,0.0
2025-08-08,-1,1,0.032344139477668225,0.03275789564029478,0.9348979648820369,-1.230817778759531,-1.230817778759531
2025-08-11,0,0,0.16153935500827923,0.6639393646682153,0.17452128032350536,0.11573287184400786,0.0
2025-08-12,0,1,0.33551172515282907,0.2482009816942418,0.4162872931529291,0.1797574521137895,0.0
2025-08-13,-1,0,0.15031188276821844,0.5928473592159107,0.2568407580158708,-0.4776574248898579,-0.0
2025-08-14,0,0,0.14421954307434257,0.6587403373859213,0.19704011953973605,-0.0025651703173178654,-0.0
2025-08-15,0,1,0.25597207639839625,0.12333430429366646,0.6206936193079373,-0.06080373962184622,-0.06080373962184622
2025-08-18,-1,0,0.3322196018562299,0.5717567668596238,0.0960236312841462,-0.41361778144217104,-0.0
2025-08-19,1,-1,0.5317937933606591,0.2891898684918507,0.17901633814749018,0.8398155940141196,0.0
2025-08-20,-1,1,0.16833267938845914,0.3434629608611715,0.4882043597503695,-0.2530011949627697,-0.0
2025-08-21,1,1,0.10674579743555733,0.3696606267012666,0.5235935758631761,0.9645004294302872,0.0
2025-08-22,0,-1,0.6199251762816005,0.1578418128560358,0.22223301086236366,-0.18231039797652793,0.18231039797652793
2025-08-25,1,1,0.4132629569467313,0.1643223864100505,0.42241465664321814,0.8110553180893885,0.0
2025-08-26,0,-1,0.6684857049756375,0.08855636687961924,0.24295792814474323,0.10814507855404623,-0.10814507855404623
2025-08-27,1,1,0.22981764967323048,0.06984411499013658,0.7003382353366329,0.5620995818140545,0.5620995818140545
2025-08-28,1,-1,0.498042666760184,0.04624103020285578,0.45571630303696015,0.8996178240364305,0.0
2025-08-29,1,1,0.17589965697902524,0.17162150356748085,0.6524788394534939,0.830679749775093,0.830679749775093
2025-09-01,1,1,0.022238637039681486,0.11103637878636406,0.8667249841739545,1.576245576364867,1.576245576364867
2025-09-02,1,0,0.04420991319058313,0.6076784782764062,0.34811160853301065,0.6565311593404556,0.0
2025-09-03,-1,1,0.10601262146766612,0.11012016245271156,0.7838672160796223,-0.3357180374187295,-0.3357180374187295
2025-09-04,1,1,0.2675118258168977,0.14174980241938004,0.5907383717637222,0.9698122177323544,0.9698122177323544
2025-09-05,1,-1,0.8633962128255428,0.026099662367377045,0.11050412480708022,1.1214134505780822,-1.1214134505780822
2025-09-08,-1,0,0.25204010056649584,0.4152884696828062,0.33267142975069813,-0.2040459770114988,-0.0
2025-09-09,1,-1,0.552365948884839,0.3215636636752018,0.12607038743995913,0.3012548510336286,-0.3012548510336286
2025-09-10,0,-1,0.686212107771787,0.14425169528634146,0.16953619694187164,-0.13862210460586638,0.13862210460586638
2025-09-11,1,-1,0.48821462258221965,0.19378796737107556,0.3179974100467048,0.20751561277254876,0.0
2025-09-12,1,-1,0.7892299021413872,0.07617563846900939,0.13459445938960335,0.7461445418808571,-0.7461445418808571
2025-09-15,1,-1,0.6522670909767349,0.025651181907371805,0.3220817271158932,0.22509034589571636,-0.22509034589571636
2025-09-16,-1,-1,0.8002485731911999,0.0218830427173312,0.17786838409146882,-0.6119039229504326,0.6119039229504326
2025-09-17,-1,1,0.43703644996856655,0.04615212103219556,0.5168114289992379,-0.31003281296609564,-0.0
2025-09-18,1,1,0.1568880601991914,0.2140593589888759,0.6290525808119327,0.8176658135910638,0.8176658135910638
2025-09-19,1,1,0.32825108350297905,0.3209617306573186,0.35078718583970236,1.2333338098846318,0.0
2025-09-22,1,-1,0.7873810973441161,0.08996566322220242,0.12265323943368157,0.3477935461584911,-0.3477935461584911
2025-09-23,-1,-1,0.9186509737190521,0.030680864214988966,0.05066816206595904,-0.563705787781344,0.563705787781344
2025-09-24,1,-1,0.5679095463366047,0.2328516445196588,0.19923880914373643,0.2639598229485859,-0.2639598229485859
2025-09-25,1,-1,0.6471825949955291,0.10297264645033205,0.24984475855413885,0.23831441137362427,-0.23831441137362427
2025-09-26,1,-1,0.691328800212052,0.02505777338577221,0.2836134264021758,1.5346647817848273,-1.5346647817848273
2025-09-29,1,-1,0.5533131505459952,0.06252171851870128,0.3841651309353036,0.49457069616059784,-0.49457069616059784
2025-09-30,0,1,0.4147635022632649,0.0033284745235980517,0.581908023213137,0.1370067823794106,0.1370067823794106
2025-10-01,0,-1,0.6801860273017495,0.05693491383060342,0.2628790588676472,-0.1714848439881899,0.1714848439881899
2025-10-02,1,1,0.23441063492008102,0.37410120240413414,0.39148816267578485,0.5367970829811183,0.0
2025-10-03,1,1,0.22033635877878116,0.3389552225829802,0.44070841863823873,1.317034139402556,0.0
2025-10-06,1,1,0.1379279843153739,0.030830037518620384,0.8312419781660058,0.38932146829810926,0.38932146829810926
2025-10-07,1,-1,0.6905979528398438,0.04152705113217147,0.2678749960279847,0.9586741179574574,-0.9586741179574574
2025-10-08,-1,1,0.3631906286123437,0.029111297220265744,0.6076980741673905,-1.0583842027377046,-1.0583842027377046
2025-10-09,1,0,0.2512317731082425,0.48963087492942514,0.2591373519623323,0.5177452124670427,0.0
2025-10-10,1,-1,0.7811802963089248,0.09419057258483424,0.12462913110624094,1.4990436910320672,-1.4990436910320672
2025-10-13,1,1,0.1852036336826074,0.2908430261710558,0.5239533401463369,0.4409758052396884,0.0
2025-10-14,1,1,0.3018725442561836,0.010886361843824735,0.6872410938999917,0.9032081964496398,0.9032081964496398
2025-10-15,1,-1,0.6303506095430071,0.05831853344099534,0.31133085701599733,1.550307313497359,-1.550307313497359
2025-10-16,-1,-1,0.7370132524292271,0.03457331404974025,0.2284134335210327,-0.9223773782510012,0.9223773782510012
2025-10-17,1,1,0.27105139241353216,0.2268245094737128,0.502124098112755,1.1748228468159982,0.0
2025-10-20,-1,-1,0.5280539283249508,0.06910511624388935,0.4028409554311599,-2.4065166334690953,-0.0
2025-10-21,-1,0,0.3629368875271568,0.3736198041301986,0.26344330834264473,-0.2337468765069553,-0.0
2025-10-22,1,-1,0.4364347661546135,0.2222552786707164,0.34130995517467017,0.22906190910772176,0.0
2025-10-23,0,-1,0.4009832449092248,0.2601581728767044,0.33885858221407067,-0.10487565445025948,-0.0
2025-10-24,-1,-1,0.6048910483616359,0.16073596255272188,0.23437298908564227,-1.0672933158706082,1.0672933158706082
2025-10-27,-1,1,0.07846400882516298,0.19540790594602264,0.7261280852288143,-0.22179911183504553,-0.22179911183504553
2025-10-28,0,1,0.15672286969191032,0.1252919864905259,0.7179851438175637,-0.16700009069133576,-0.16700009069133576
2025-10-29,1,1,0.23976751532070678,0.044192714432992164,0.716039770246301,0.7014040029018914,0.7014040029018914
2025-10-30,0,1,0.3589056714417048,0.16867158657942322,0.4724227419788721,-0.16626712866519458,-0.0
2025-10-31,0,1,0.17468633071559078,0.3348018165904019,0.49051185269400716,-0.0022486708748915446,-0.0
2025-11-03,-1,1,0.1955611013192273,0.11363664655015493,0.6908022521306179,-0.5260170395766673,-0.5260170395766673
2025-11-04,1,1,0.07363181317337407,0.05185825121328542,0.8745099356133406,0.3574474541188738,0.3574474541188738
2025-11-05,0,1,0.09654194756396126,0.10256355868566948,0.8008944937503693,-0.015458371124844673,-0.015458371124844673
2025-11-06,1,1,0.054191141192862474,0.08480515361353703,0.8610037051936005,0.20738332549086536,0.20738332549086536
2025-11-07,1,1,0.35942546987820967,0.1991940137412438,0.44138051638054654,1.0502728159982209,0.0
2025-11-10,0,1,0.352397531924492,0.12937832332051566,0.5182241447549923,0.11235124000561558,0.0
2025-11-11,1,-1,0.5123941710457545,0.11631808642095234,0.3712877425332931,0.7733423165459637,0.0
2025-11-12,-1,1,0.06714159968282958,0.07059095646805577,0.8622674438491147,-0.26618523937634797,-0.26618523937634797
2025-11-13,-1,1,0.2009583834837072,0.034169697197194954,0.7648719193190978,-0.9531985207333411,-0.9531985207333411
2025-11-14,-1,-1,0.5800833112594017,0.13816508956131188,0.2817515991792864,-0.4203156647686038,0.4203156647686038
2025-11-17,1,1,0.09648263002911302,0.18427484627600105,0.719242523694886,0.24030752333882607,0.24030752333882607
2025-11-18,0,-1,0.4672825762838022,0.18814766029613442,0.3445697634200634,0.11632761195227974,0.0
2025-11-19,0,0,0.38176690421869786,0.4359126199388974,0.18232047584240466,-0.0067029329459051675,-0.0
2025-11-20,0,0,0.2561153511868154,0.3985708026506171,0.34531384616256744,-0.1313249125245072,-0.0
2025-11-21,1,0,0.234606576045701,0.5658627423852708,0.19953068156902817,0.789083187814101,0.0
2025-11-24,0,-1,0.531210651616643,0.05466863740568043,0.4141207109776766,-0.04517582682868195,-0.0
2025-11-25,1,1,0.37934281388456037,0.1256581843164481,0.4949990017989916,0.3770236258829269,0.0
2025-11-26,0,0,0.28523140588995854,0.5056229687703598,0.2091456253396816,-0.06838223242091503,-0.0
2025-11-27,1,1,0.36795929945648775,0.06395931566912878,0.5680813848743835,0.7300185211568629,0.7300185211568629
2025-11-28,0,1,0.06600340432313795,0.4370912958565267,0.49690529982033543,0.14778007901560206,0.0
2025-12-01,-1,1,0.24635672543162443,0.10176325569570457,0.6518800188726711,-0.32217877288299196,-0.32217877288299196
2025-12-02,0,-1,0.5152301819928529,0.3121279368289421,0.172641881178205,-0.03088844642953285,-0.0
2025-12-03,0,-1,0.42757991500829695,0.27529166704561725,0.29712841794608585,0.07435448330414586,0.0
2025-12-04,0,1,0.24411533382321765,0.2289266424382423,0.5269580237385401,-0.15265644211480875,-0.0
2025-12-05,0,1,0.21706865058153874,0.3335539825707426,0.4493773668477188,-0.12690854626338,-0.0
2025-12-08,1,1,0.14856953301208334,0.13100488603508773,0.7204255809528289,0.28964951353885265,0.28964951353885265
2025-12-09,1,1,0.2485815519626208,0.10915169846910296,0.6422667495682763,0.345158638034442,0.345158638034442
2025-12-10,1,1,0.2038465668377785,0.06565894284726531,0.7304944903149563,0.8786517130581387,0.8786517130581387
2025-12-11,1,1,0.15042508874051358,0.02811359817732306,0.8214613130821634,0.3663105212153923,0.3663105212153923
2025-12-12,0,-1,0.6865448381837492,0.026393180082115213,0.28706198173413544,0.07056155960024421,-0.07056155960024421
2025-12-15,0,1,0.17478622675331507,0.08387970910707168,0.7413340641396132,-0.046742312437991936,-0.046742312437991936
2025-12-16,1,-1,0.5346900415104322,0.15738866674124308,0.3079212917483248,0.5941969083243727,0.0
2025-12-17,0,1,0.23511833127950216,0.3109910917231778,0.45389057699732005,-0.08881980426022257,-0.0
2025-12-18,0,1,0.35571353414114093,0.06998121228404754,0.5743052535748114,0.10811942451064199,0.10811942451064199
2025-12-19,1,1,0.12527867504380952,0.042000619042007574,0.8327207059141829,1.7235136027158258,1.7235136027158258
2025-12-22,1,1,0.44522366582563083,0.023686565496981674,0.5310897686773874,0.6463844896578954,0.0
2025-12-23,0,1,0.19763044556032267,0.030089513690532466,0.7722800407491449,-0.06356221005650639,-0.06356221005650639
2025-12-24,1,-1,0.4643503168249829,0.10558813239548293,0.4300615507795341,0.7698247698247725,0.0
2025-12-26,-1,1,0.19141240313468733,0.17884936156133188,0.6297382353039809,-2.9714702956676304,-2.9714702956676304
2025-12-29,0,-1,0.664635619355042,0.11769143043678193,0.21767295020817617,0.08201887252341135,-0.08201887252341135
2025-12-30,0,1,0.3192761064921711,0.17167993270689422,0.5090439608009347,-0.19884271436086043,-0.0
2025-12-31,0,1,0.17068747693977074,0.2990081472821711,0.5303043757780582,0.11225317160664676,0.0
2026-01-02,1,1,0.30174976851389584,0.08728577222145162,0.6109644592646526,1.3340531939077047,1.3340531939077047
2026-01-05,1,-1,0.5811096479942611,0.14487487975742816,0.27401547224831063,0.5083755418300835,-0.5083755418300835
2026-01-06,-1,-1,0.4636290990954562,0.24710170773348608,0.2892691931710577,-0.42415852549143906,-0.0
2026-01-07,1,1,0.24671186038109302,0.32255909118228077,0.43072904843662624,0.22917400596538043,0.0
2026-01-08,1,-1,0.7554579854684976,0.19310190304499628,0.05144011148650612,0.34199589789287077,-0.34199589789287077
2026-01-09,1,-1,0.7543591339397331,0.17165708013995334,0.07398378592031347,0.9509503042050222,-0.9509503042050222
2026-01-12,0,-1,0.7706946776093198,0.031915130537147327,0.19739019185353282,-0.11169426751592386,0.11169426751592386
2026-01-13,1,-1,0.42959656470062413,0.40700981497281213,0.1633936203265638,0.4221174414751055,0.0
2026-01-14,0,-1,0.6517452933311351,0.2577319291852891,0.09052277748357584,-0.11351811847750834,0.11351811847750834
2026-01-15,-1,1,0.21245601290770919,0.11834131728191101,0.6692026698103799,-0.20933300226573864,-0.20933300226573864
2026-01-16,1,-1,0.628461096363582,0.14041237952958885,0.23112652410682916,0.7893057153816624,-0.7893057153816624
2026-01-19,1,1,0.28565543726204595,0.04049753173747368,0.6738470310004804,1.1370422510732223,1.1370422510732223
2026-01-20,1,-1,0.5554769131110241,0.18161212720634512,0.26291095968263084,0.8056509469246176,-0.8056509469246176
2026-01-21,1,0,0.18674174287691006,0.4907328301178567,0.32252542700523323,1.2155255744016407,0.0
2026-01-22,1,-1,0.5702121038884002,0.025295347979594214,0.4044925481320056,0.5628649400934561,-0.5628649400934561
2026-01-23,1,1,0.14522656943565812,0.12339179827808135,0.7313816322862606,0.22504911120693902,0.22504911120693902
2026-01-26,1,1,0.4212433286006689,0.02313428466580715,0.5556223867335239,1.853496064439065,1.853496064439065
2026-01-27,1,1,0.30964078704991227,0.00687176860475624,0.6834874443453316,2.3479973643004413,2.3479973643004413
2026-01-28,-1,1,0.39927417373944085,0.015100979574456767,0.5856248466861024,-0.4103992455988023,-0.4103992455988023
2026-01-29,-1,1,0.3322297312563672,0.03205101896415239,0.6357192497794805,-3.3056071551427615,-3.3056071551427615
2026-01-30,-1,0,0.1949703818920004,0.5862011552567306,0.218828462851269,-1.1992522025322145,-0.0
2026-02-02,1,0,0.36185642455914196,0.4190798894132865,0.21906368602757162,1.2913190907801635,0.0
2026-02-03,0,0,0.2362041994384982,0.6327730541419155,0.13102274641958606,0.074000633344085,0.0
2026-02-04,-1,1,0.24406672389731165,0.041609393855910316,0.7143238822467781,-0.7275482286916862,-0.7275482286916862
2026-02-05,1,1,0.2305578642756904,0.06456162751664174,0.7048805082076678,0.7022365651147109,0.7022365651147109
